        0.0000000000         3.0000000000         0.3418549787
        0.0050000000         2.9997532802        17.4260575384
        0.0100000000         2.9990133642        57.2891968443
        0.0150000000         2.9977809823        57.2891968443
        0.0200000000         2.9960573507        99.0505808791
        0.0250000000         2.9938441703        89.5593572348
        0.0300000000         2.9911436254       106.6435597945
        0.0350000000         2.9879583810       114.2365387099
        0.0400000000         2.9842915806       131.3207412696
        0.0450000000         2.9801468428       123.7277623542
        0.0500000000         2.9755282581       138.9137201850
        0.0550000000         2.9704403845       152.2014332870
        0.0600000000         2.9648882429       146.5066991004
        0.0650000000         2.9588773128       165.4891463890
        0.0700000000         2.9524135262       167.3873911178
        0.0750000000         2.9455032621       173.0821253044
        0.0800000000         2.9381533400       174.9803700332
        0.0850000000         2.9303710135       169.2856358467
        0.0900000000         2.9221639628       171.1838805755
        0.0950000000         2.9135402871       180.6751042198
        0.1000000000         2.9045084972       173.0821253044
        0.1050000000         2.8950775062       192.0645725929
        0.1100000000         2.8852566214       176.8786147621
        0.1150000000         2.8750555348       192.0645725929
        0.1200000000         2.8644843137       190.1663278641
        0.1250000000         2.8535533906       192.0645725929
        0.1300000000         2.8422735530       199.6575515084
        0.1350000000         2.8306559327       174.9803700332
        0.1400000000         2.8187119949       192.0645725929
        0.1450000000         2.8064535268       188.2680831352
        0.1500000000         2.7938926261       193.9628173218
        0.1550000000         2.7810416889       193.9628173218
        0.1600000000         2.7679133975       182.5733489487
        0.1650000000         2.7545207079       190.1663278641
        0.1700000000         2.7408768371       188.2680831352
        0.1750000000         2.7269952499       192.0645725929
        0.1800000000         2.7128896458       178.7768594910
        0.1850000000         2.6985739453       182.5733489487
        0.1900000000         2.6840622763       178.7768594910
        0.1950000000         2.6693689601       165.4891463890
        0.2000000000         2.6545084972       174.9803700332
        0.2050000000         2.6394955530       161.6926569313
        0.2100000000         2.6243449436       159.7944122024
        0.2150000000         2.6090716207       165.4891463890
        0.2200000000         2.5936906573       161.6926569313
        0.2250000000         2.5782172325       159.7944122024
        0.2300000000         2.5626666168       148.4049438293
        0.2350000000         2.5470541567       142.7102096427
        0.2400000000         2.5313952598       146.5066991004
        0.2450000000         2.5157053795       135.1172307273
        0.2500000000         2.5000000000       129.4224965408
        0.2550000000         2.4842946205       137.0154754562
        0.2600000000         2.4686047402       112.3382939811
        0.2650000000         2.4529458433        61.0856863020
        0.2700000000         2.4373333832         9.8330786230
        0.2750000000         2.4217827675       -26.2335712253
        0.2800000000         2.4063093427        -1.5563897502
        0.2850000000         2.3909283793         2.2400997075
        0.2900000000         2.3756550564        13.6295680807
        0.2950000000         2.3605044470        -5.3528792079
        0.3000000000         2.3454915028        -7.2511239367
        0.3050000000         2.3306310399       -18.6405923099
        0.3100000000         2.3159377237      -149.6194786008
        0.3150000000         2.3014260547       -85.0791578197
        0.3200000000         2.2871103542       -85.0791578197
        0.3250000000         2.2730047501      -104.0616051083
        0.3300000000         2.2591231629      -119.2475629391
        0.3350000000         2.2454792921      -113.5528287526
        0.3400000000         2.2320866025      -117.3493182103
        0.3450000000         2.2189583111      -136.3317654988
        0.3500000000         2.2061073739      -134.4335207699
        0.3550000000         2.1935464732      -121.1458076680
        0.3600000000         2.1812880051      -134.4335207699
        0.3650000000         2.1693440673      -145.8229891431
        0.3700000000         2.1577264470      -151.5177233296
        0.3750000000         2.1464466094      -145.8229891431
        0.3800000000         2.1355156863      -155.3142127873
        0.3850000000         2.1249444652      -143.9247444142
        0.3900000000         2.1147433786      -168.6019258893
        0.3950000000         2.1049224938      -159.1107022450
        0.4000000000         2.0954915028      -170.5001706182
        0.4050000000         2.0864597129      -162.9071917028
        0.4100000000         2.0778360372      -172.3984153470
        0.4150000000         2.0696289865      -185.6861284490
        0.4200000000         2.0618466600      -191.3808626356
        0.4250000000         2.0544967379      -202.7703310087
        0.4300000000         2.0475864738      -176.1949048047
        0.4350000000         2.0411226872      -178.0931495336
        0.4400000000         2.0351117571      -189.4826179067
        0.4450000000         2.0295596155      -212.2615546530
        0.4500000000         2.0244717419      -189.4826179067
        0.4550000000         2.0198531572      -212.2615546530
        0.4600000000         2.0157084194      -204.6685757375
        0.4650000000         2.0120416190      -221.7527782972
        0.4700000000         2.0088563746      -219.8545335684
        0.4750000000         2.0061558297      -210.3633099241
        0.4800000000         2.0039426493      -219.8545335684
        0.4850000000         2.0022190177      -221.7527782972
        0.4900000000         2.0009866358      -231.2440019415
        0.4950000000         2.0002467198      -223.6510230261
        0.5000000000         2.0000000000      -231.2440019415
        0.5050000000         2.0002467198      -227.4475124838
        0.5100000000         2.0009866358      -236.9387361281
        0.5150000000         2.0022190177      -231.2440019415
        0.5200000000         2.0039426493      -244.5317150435
        0.5250000000         2.0061558297      -235.0404913992
        0.5300000000         2.0088563746      -240.7352255858
        0.5350000000         2.0120416190      -248.3282045012
        0.5400000000         2.0157084194      -246.4299597723
        0.5450000000         2.0198531572      -246.4299597723
        0.5500000000         2.0244717419      -248.3282045012
        0.5550000000         2.0295596155      -254.0229386877
        0.5600000000         2.0351117571      -244.5317150435
        0.5650000000         2.0411226872      -267.3106517897
        0.5700000000         2.0475864738      -233.1422466704
        0.5750000000         2.0544967379      -250.2264492300
        0.5800000000         2.0618466600      -244.5317150435
        0.5850000000         2.0696289865      -261.6159176032
        0.5900000000         2.0778360372      -265.4124070609
        0.5950000000         2.0864597129      -236.9387361281
        0.6000000000         2.0954915028      -278.7001201629
        0.6050000000         2.1049224938      -242.6334703146
        0.6100000000         2.1147433786      -265.4124070609
        0.6150000000         2.1249444652      -255.9211834166
        0.6200000000         2.1355156863      -242.6334703146
        0.6250000000         2.1464466094      -255.9211834166
        0.6300000000         2.1577264470      -236.9387361281
        0.6350000000         2.1693440673      -261.6159176032
        0.6400000000         2.1812880051      -227.4475124838
        0.6450000000         2.1935464732      -252.1246939589
        0.6500000000         2.2061073739      -235.0404913992
        0.6550000000         2.2189583111      -246.4299597723
        0.6600000000         2.2320866025      -233.1422466704
        0.6650000000         2.2454792921      -236.9387361281
        0.6700000000         2.2591231629      -248.3282045012
        0.6750000000         2.2730047501      -240.7352255858
        0.6800000000         2.2871103542      -227.4475124838
        0.6850000000         2.3014260547      -236.9387361281
        0.6900000000         2.3159377237      -227.4475124838
        0.6950000000         2.3306310399      -231.2440019415
        0.7000000000         2.3454915028      -225.5492677549
        0.7050000000         2.3605044470      -217.9562888395
        0.7100000000         2.3756550564      -219.8545335684
        0.7150000000         2.3909283793      -210.3633099241
        0.7200000000         2.4063093427      -219.8545335684
        0.7250000000         2.4217827675      -206.5668204664
        0.7300000000         2.4373333832      -206.5668204664
        0.7350000000         2.4529458433      -197.0755968221
        0.7400000000         2.4686047402      -195.1773520933
        0.7450000000         2.4842946205      -195.1773520933
        0.7500000000         2.5000000000      -176.1949048047
        0.7550000000         2.5157053795      -187.5843731779
        0.7600000000         2.5313952598      -142.0264996854
        0.7650000000         2.5470541567       -98.3668709217
        0.7700000000         2.5626666168       -85.0791578197
        0.7750000000         2.5782172325       -16.7423475810
        0.7800000000         2.5936906573        19.3243022672
        0.7850000000         2.6090716207         4.1383444364
        0.7900000000         2.6243449436        -1.5563897502
        0.7950000000         2.6394955530       -11.0476133944
        0.8000000000         2.6545084972         2.2400997075
        0.8050000000         2.6693689601        -1.5563897502
        0.8100000000         2.6840622763        -3.4546344790
        0.8150000000         2.6985739453        -3.4546344790
        0.8200000000         2.7128896458        38.3067495558
        0.8250000000         2.7269952499        81.9663783194
        0.8300000000         2.7408768371        57.2891968443
        0.8350000000         2.7545207079        70.5769099463
        0.8400000000         2.7679133975        40.2049942846
        0.8450000000         2.7810416889        89.5593572348
        0.8500000000         2.7938926261        85.7628677771
        0.8550000000         2.8064535268        97.1523361502
        0.8600000000         2.8187119949        97.1523361502
        0.8650000000         2.8306559327       100.9488256079
        0.8700000000         2.8422735530       102.8470703368
        0.8750000000         2.8535533906       100.9488256079
        0.8800000000         2.8644843137       116.1347834388
        0.8850000000         2.8750555348       116.1347834388
        0.8900000000         2.8852566214       123.7277623542
        0.8950000000         2.8950775062       121.8295176253
        0.9000000000         2.9045084972       133.2189859985
        0.9050000000         2.9135402871       127.5242518119
        0.9100000000         2.9221639628       135.1172307273
        0.9150000000         2.9303710135       144.6084543716
        0.9200000000         2.9381533400       152.2014332870
        0.9250000000         2.9455032621       150.3031885581
        0.9300000000         2.9524135262       155.9979227447
        0.9350000000         2.9588773128       159.7944122024
        0.9400000000         2.9648882429       171.1838805755
        0.9450000000         2.9704403845       152.2014332870
        0.9500000000         2.9755282581       182.5733489487
        0.9550000000         2.9801468428       174.9803700332
        0.9600000000         2.9842915806       190.1663278641
        0.9650000000         2.9879583810       174.9803700332
        0.9700000000         2.9911436254       174.9803700332
        0.9750000000         2.9938441703       197.7593067795
        0.9800000000         2.9960573507       184.4715936775
        0.9850000000         2.9977809823       192.0645725929
        0.9900000000         2.9990133642       199.6575515084
        0.9950000000         2.9997532802       190.1663278641
        1.0000000000         3.0000000000       216.7417540680
        1.0050000000         2.9997532802       203.4540409661
        1.0100000000         2.9990133642       211.0470198815
        1.0150000000         2.9977809823       199.6575515084
        1.0200000000         2.9960573507       205.3522856949
        1.0250000000         2.9938441703       214.8435093392
        1.0300000000         2.9911436254       212.9452646103
        1.0350000000         2.9879583810       224.3347329835
        1.0400000000         2.9842915806       199.6575515084
        1.0450000000         2.9801468428       230.0294671700
        1.0500000000         2.9755282581       212.9452646103
        1.0550000000         2.9704403845       235.7242013566
        1.0600000000         2.9648882429       216.7417540680
        1.0650000000         2.9588773128       237.6224460854
        1.0700000000         2.9524135262       218.6399987969
        1.0750000000         2.9455032621       239.5206908143
        1.0800000000         2.9381533400       220.5382435257
        1.0850000000         2.9303710135       230.0294671700
        1.0900000000         2.9221639628       224.3347329835
        1.0950000000         2.9135402871       230.0294671700
        1.1000000000         2.9045084972       233.8259566277
        1.1050000000         2.8950775062       226.2329777123
        1.1100000000         2.8852566214       220.5382435257
        1.1150000000         2.8750555348       243.3171802720
        1.1200000000         2.8644843137       214.8435093392
        1.1250000000         2.8535533906       226.2329777123
        1.1300000000         2.8422735530       222.4364882546
        1.1350000000         2.8306559327       218.6399987969
        1.1400000000         2.8187119949       230.0294671700
        1.1450000000         2.8064535268       220.5382435257
        1.1500000000         2.7938926261       220.5382435257
        1.1550000000         2.7810416889       226.2329777123
        1.1600000000         2.7679133975       212.9452646103
        1.1650000000         2.7545207079       230.0294671700
        1.1700000000         2.7408768371       216.7417540680
        1.1750000000         2.7269952499       207.2505304238
        1.1800000000         2.7128896458       197.7593067795
        1.1850000000         2.6985739453       205.3522856949
        1.1900000000         2.6840622763       192.0645725929
        1.1950000000         2.6693689601       214.8435093392
        1.2000000000         2.6545084972       192.0645725929
        1.2050000000         2.6394955530       203.4540409661
        1.2100000000         2.6243449436       205.3522856949
        1.2150000000         2.6090716207       186.3698384064
        1.2200000000         2.5936906573       188.2680831352
        1.2250000000         2.5782172325       167.3873911178
        1.2300000000         2.5626666168       176.8786147621
        1.2350000000         2.5470541567       167.3873911178
        1.2400000000         2.5313952598       173.0821253044
        1.2450000000         2.5157053795       161.6926569313
        1.2500000000         2.5000000000       163.5909016601
        1.2550000000         2.4842946205       152.2014332870
        1.2600000000         2.4686047402       129.4224965408
        1.2650000000         2.4529458433        95.2540914214
        1.2700000000         2.4373333832        59.1874415732
        1.2750000000         2.4217827675        17.4260575384
        1.2800000000         2.4063093427       -16.7423475810
        1.2850000000         2.3909283793         0.3418549787
        1.2900000000         2.3756550564         0.3418549787
        1.2950000000         2.3605044470         9.8330786230
        1.3000000000         2.3454915028        -9.1493686656
        1.3050000000         2.3306310399       -45.2160185138
        1.3100000000         2.3159377237      -134.4335207699
        1.3150000000         2.3014260547       -69.8931999889
        1.3200000000         2.2871103542      -104.0616051083
        1.3250000000         2.2730047501       -85.0791578197
        1.3300000000         2.2591231629      -111.6545840237
        1.3350000000         2.2454792921      -104.0616051083
        1.3400000000         2.2320866025      -126.8405418545
        1.3450000000         2.2189583111      -128.7387865834
        1.3500000000         2.2061073739      -102.1633603794
        1.3550000000         2.1935464732      -123.0440523968
        1.3600000000         2.1812880051      -143.9247444142
        1.3650000000         2.1693440673      -143.9247444142
        1.3700000000         2.1577264470      -143.9247444142
        1.3750000000         2.1464466094      -157.2124575162
        1.3800000000         2.1355156863      -161.0089469739
        1.3850000000         2.1249444652      -161.0089469739
        1.3900000000         2.1147433786      -161.0089469739
        1.3950000000         2.1049224938      -172.3984153470
        1.4000000000         2.0954915028      -162.9071917028
        1.4050000000         2.0864597129      -161.0089469739
        1.4100000000         2.0778360372      -174.2966600759
        1.4150000000         2.0696289865      -183.7878837202
        1.4200000000         2.0618466600      -174.2966600759
        1.4250000000         2.0544967379      -193.2791073644
        1.4300000000         2.0475864738      -185.6861284490
        1.4350000000         2.0411226872      -198.9738415510
        1.4400000000         2.0351117571      -187.5843731779
        1.4450000000         2.0295596155      -200.8720862798
        1.4500000000         2.0244717419      -193.2791073644
        1.4550000000         2.0198531572      -206.5668204664
        1.4600000000         2.0157084194      -206.5668204664
        1.4650000000         2.0120416190      -221.7527782972
        1.4700000000         2.0088563746      -210.3633099241
        1.4750000000         2.0061558297      -204.6685757375
        1.4800000000         2.0039426493      -221.7527782972
        1.4850000000         2.0022190177      -208.4650651953
        1.4900000000         2.0009866358      -231.2440019415
        1.4950000000         2.0002467198      -225.5492677549
        1.5000000000         2.0000000000      -219.8545335684
        1.5050000000         2.0002467198      -242.6334703146
        1.5100000000         2.0009866358      -210.3633099241
        1.5150000000         2.0022190177      -246.4299597723
        1.5200000000         2.0039426493      -240.7352255858
        1.5250000000         2.0061558297      -235.0404913992
        1.5300000000         2.0088563746      -263.5141623320
        1.5350000000         2.0120416190      -227.4475124838
        1.5400000000         2.0157084194      -236.9387361281
        1.5450000000         2.0198531572      -259.7176728743
        1.5500000000         2.0244717419      -229.3457572126
        1.5550000000         2.0295596155      -269.2088965186
        1.5600000000         2.0351117571      -236.9387361281
        1.5650000000         2.0411226872      -252.1246939589
        1.5700000000         2.0475864738      -240.7352255858
        1.5750000000         2.0544967379      -227.4475124838
        1.5800000000         2.0618466600      -257.8194281455
        1.5850000000         2.0696289865      -227.4475124838
        1.5900000000         2.0778360372      -261.6159176032
        1.5950000000         2.0864597129      -233.1422466704
        1.6000000000         2.0954915028      -261.6159176032
        1.6050000000         2.1049224938      -236.9387361281
        1.6100000000         2.1147433786      -248.3282045012
        1.6150000000         2.1249444652      -233.1422466704
        1.6200000000         2.1355156863      -244.5317150435
        1.6250000000         2.1464466094      -265.4124070609
        1.6300000000         2.1577264470      -248.3282045012
        1.6350000000         2.1693440673      -231.2440019415
        1.6400000000         2.1812880051      -255.9211834166
        1.6450000000         2.1935464732      -250.2264492300
        1.6500000000         2.2061073739      -225.5492677549
        1.6550000000         2.2189583111      -236.9387361281
        1.6600000000         2.2320866025      -229.3457572126
        1.6650000000         2.2454792921      -242.6334703146
        1.6700000000         2.2591231629      -235.0404913992
        1.6750000000         2.2730047501      -235.0404913992
        1.6800000000         2.2871103542      -233.1422466704
        1.6850000000         2.3014260547      -229.3457572126
        1.6900000000         2.3159377237      -219.8545335684
        1.6950000000         2.3306310399      -229.3457572126
        1.7000000000         2.3454915028      -210.3633099241
        1.7050000000         2.3605044470      -210.3633099241
        1.7100000000         2.3756550564      -202.7703310087
        1.7150000000         2.3909283793      -212.2615546530
        1.7200000000         2.4063093427      -214.1597993818
        1.7250000000         2.4217827675      -210.3633099241
        1.7300000000         2.4373333832      -183.7878837202
        1.7350000000         2.4529458433      -200.8720862798
        1.7400000000         2.4686047402      -178.0931495336
        1.7450000000         2.4842946205      -195.1773520933
        1.7500000000         2.5000000000      -168.6019258893
        1.7550000000         2.5157053795      -168.6019258893
        1.7600000000         2.5313952598      -149.6194786008
        1.7650000000         2.5470541567       -94.5703814640
        1.7700000000         2.5626666168       -50.9107527004
        1.7750000000         2.5782172325         2.2400997075
        1.7800000000         2.5936906573        17.4260575384
        1.7850000000         2.6090716207        -3.4546344790
        1.7900000000         2.6243449436        -9.1493686656
        1.7950000000         2.6394955530        -5.3528792079
        1.8000000000         2.6545084972         9.8330786230
        1.8050000000         2.6693689601         6.0365891652
        1.8100000000         2.6840622763        -3.4546344790
        1.8150000000         2.6985739453         2.2400997075
        1.8200000000         2.7128896458        25.0190364538
        1.8250000000         2.7269952499        95.2540914214
        1.8300000000         2.7408768371        55.3909521154
        1.8350000000         2.7545207079        85.7628677771
        1.8400000000         2.7679133975        38.3067495558
        1.8450000000         2.7810416889        89.5593572348
        1.8500000000         2.7938926261        76.2716441328
        1.8550000000         2.8064535268        97.1523361502
        1.8600000000         2.8187119949       100.9488256079
        1.8650000000         2.8306559327       102.8470703368
        1.8700000000         2.8422735530       110.4400492522
        1.8750000000         2.8535533906        99.0505808791
        1.8800000000         2.8644843137       121.8295176253
        1.8850000000         2.8750555348       112.3382939811
        1.8900000000         2.8852566214       123.7277623542
        1.8950000000         2.8950775062       131.3207412696
        1.9000000000         2.9045084972       138.9137201850
        1.9050000000         2.9135402871       133.2189859985
        1.9100000000         2.9221639628       148.4049438293
        1.9150000000         2.9303710135       133.2189859985
        1.9200000000         2.9381533400       137.0154754562
        1.9250000000         2.9455032621       144.6084543716
        1.9300000000         2.9524135262       148.4049438293
        1.9350000000         2.9588773128       154.0996780159
        1.9400000000         2.9648882429       161.6926569313
        1.9450000000         2.9704403845       159.7944122024
        1.9500000000         2.9755282581       171.1838805755
        1.9550000000         2.9801468428       163.5909016601
        1.9600000000         2.9842915806       173.0821253044
        1.9650000000         2.9879583810       169.2856358467
        1.9700000000         2.9911436254       165.4891463890
        1.9750000000         2.9938441703       174.9803700332
        1.9800000000         2.9960573507       174.9803700332
        1.9850000000         2.9977809823       188.2680831352
        1.9900000000         2.9990133642       178.7768594910
        1.9950000000         2.9997532802       195.8610620506
        2.0000000000         3.0000000000       201.5557962372
        2.0050000000         2.9997532802       182.5733489487
        2.0100000000         2.9990133642       207.2505304238
        2.0150000000         2.9977809823       195.8610620506
        2.0200000000         2.9960573507       203.4540409661
        2.0250000000         2.9938441703       199.6575515084
        2.0300000000         2.9911436254       212.9452646103
        2.0350000000         2.9879583810       212.9452646103
        2.0400000000         2.9842915806       211.0470198815
        2.0450000000         2.9801468428       218.6399987969
        2.0500000000         2.9755282581       211.0470198815
        2.0550000000         2.9704403845       226.2329777123
        2.0600000000         2.9648882429       214.8435093392
        2.0650000000         2.9588773128       230.0294671700
        2.0700000000         2.9524135262       216.7417540680
        2.0750000000         2.9455032621       220.5382435257
        2.0800000000         2.9381533400       218.6399987969
        2.0850000000         2.9303710135       224.3347329835
        2.0900000000         2.9221639628       224.3347329835
        2.0950000000         2.9135402871       220.5382435257
        2.1000000000         2.9045084972       212.9452646103
        2.1050000000         2.8950775062       241.4189355431
        2.1100000000         2.8852566214       212.9452646103
        2.1150000000         2.8750555348       233.8259566277
        2.1200000000         2.8644843137       220.5382435257
        2.1250000000         2.8535533906       224.3347329835
        2.1300000000         2.8422735530       214.8435093392
        2.1350000000         2.8306559327       218.6399987969
        2.1400000000         2.8187119949       220.5382435257
        2.1450000000         2.8064535268       212.9452646103
        2.1500000000         2.7938926261       218.6399987969
        2.1550000000         2.7810416889       209.1487751526
        2.1600000000         2.7679133975       212.9452646103
        2.1650000000         2.7545207079       218.6399987969
        2.1700000000         2.7408768371       199.6575515084
        2.1750000000         2.7269952499       205.3522856949
        2.1800000000         2.7128896458       212.9452646103
        2.1850000000         2.6985739453       195.8610620506
        2.1900000000         2.6840622763       195.8610620506
        2.1950000000         2.6693689601       188.2680831352
        2.2000000000         2.6545084972       190.1663278641
        2.2050000000         2.6394955530       184.4715936775
        2.2100000000         2.6243449436       190.1663278641
        2.2150000000         2.6090716207       186.3698384064
        2.2200000000         2.5936906573       182.5733489487
        2.2250000000         2.5782172325       178.7768594910
        2.2300000000         2.5626666168       165.4891463890
        2.2350000000         2.5470541567       171.1838805755
        2.2400000000         2.5313952598       163.5909016601
        2.2450000000         2.5157053795       167.3873911178
        2.2500000000         2.5000000000       161.6926569313
        2.2550000000         2.4842946205       142.7102096427
        2.2600000000         2.4686047402       121.8295176253
        2.2650000000         2.4529458433        91.4576019637
        2.2700000000         2.4373333832        62.9839310309
        2.2750000000         2.4217827675        32.6120153692
        2.2800000000         2.4063093427       -11.0476133944
        2.2850000000         2.3909283793        -9.1493686656
        2.2900000000         2.3756550564         4.1383444364
        2.2950000000         2.3605044470         2.2400997075
        2.3000000000         2.3454915028       -20.5388370387
        2.3050000000         2.3306310399      -104.0616051083
        2.3100000000         2.3159377237       -94.5703814640
        2.3150000000         2.3014260547      -100.2651156506
        2.3200000000         2.2871103542       -75.5879341755
        2.3250000000         2.2730047501       -94.5703814640
        2.3300000000         2.2591231629      -104.0616051083
        2.3350000000         2.2454792921      -100.2651156506
        2.3400000000         2.2320866025      -126.8405418545
        2.3450000000         2.2189583111      -105.9598498371
        2.3500000000         2.2061073739      -121.1458076680
        2.3550000000         2.1935464732      -117.3493182103
        2.3600000000         2.1812880051      -134.4335207699
        2.3650000000         2.1693440673      -140.1282549565
        2.3700000000         2.1577264470      -151.5177233296
        2.3750000000         2.1464466094      -134.4335207699
        2.3800000000         2.1355156863      -143.9247444142
        2.3850000000         2.1249444652      -153.4159680585
        2.3900000000         2.1147433786      -151.5177233296
        2.3950000000         2.1049224938      -161.0089469739
        2.4000000000         2.0954915028      -157.2124575162
        2.4050000000         2.0864597129      -168.6019258893
        2.4100000000         2.0778360372      -164.8054364316
        2.4150000000         2.0696289865      -181.8896389913
        2.4200000000         2.0618466600      -164.8054364316
        2.4250000000         2.0544967379      -174.2966600759
        2.4300000000         2.0475864738      -176.1949048047
        2.4350000000         2.0411226872      -183.7878837202
        2.4400000000         2.0351117571      -198.9738415510
        2.4450000000         2.0295596155      -176.1949048047
        2.4500000000         2.0244717419      -202.7703310087
        2.4550000000         2.0198531572      -176.1949048047
        2.4600000000         2.0157084194      -202.7703310087
        2.4650000000         2.0120416190      -198.9738415510
        2.4700000000         2.0088563746      -208.4650651953
        2.4750000000         2.0061558297      -204.6685757375
        2.4800000000         2.0039426493      -202.7703310087
        2.4850000000         2.0022190177      -221.7527782972
        2.4900000000         2.0009866358      -206.5668204664
        2.4950000000         2.0002467198      -229.3457572126
        2.5000000000         2.0000000000      -216.0580441107
        2.5050000000         2.0002467198      -219.8545335684
        2.5100000000         2.0009866358      -233.1422466704
        2.5150000000         2.0022190177      -216.0580441107
        2.5200000000         2.0039426493      -223.6510230261
        2.5250000000         2.0061558297      -221.7527782972
        2.5300000000         2.0088563746      -227.4475124838
        2.5350000000         2.0120416190      -244.5317150435
        2.5400000000         2.0157084194      -223.6510230261
        2.5450000000         2.0198531572      -238.8369808569
        2.5500000000         2.0244717419      -217.9562888395
        2.5550000000         2.0295596155      -233.1422466704
        2.5600000000         2.0351117571      -221.7527782972
        2.5650000000         2.0411226872      -233.1422466704
        2.5700000000         2.0475864738      -223.6510230261
        2.5750000000         2.0544967379      -236.9387361281
        2.5800000000         2.0618466600      -244.5317150435
        2.5850000000         2.0696289865      -225.5492677549
        2.5900000000         2.0778360372      -246.4299597723
        2.5950000000         2.0864597129      -229.3457572126
        2.6000000000         2.0954915028      -233.1422466704
        2.6050000000         2.1049224938      -240.7352255858
        2.6100000000         2.1147433786      -221.7527782972
        2.6150000000         2.1249444652      -242.6334703146
        2.6200000000         2.1355156863      -235.0404913992
        2.6250000000         2.1464466094      -236.9387361281
        2.6300000000         2.1577264470      -229.3457572126
        2.6350000000         2.1693440673      -233.1422466704
        2.6400000000         2.1812880051      -223.6510230261
        2.6450000000         2.1935464732      -227.4475124838
        2.6500000000         2.2061073739      -219.8545335684
        2.6550000000         2.2189583111      -225.5492677549
        2.6600000000         2.2320866025      -217.9562888395
        2.6650000000         2.2454792921      -231.2440019415
        2.6700000000         2.2591231629      -225.5492677549
        2.6750000000         2.2730047501      -206.5668204664
        2.6800000000         2.2871103542      -206.5668204664
        2.6850000000         2.3014260547      -216.0580441107
        2.6900000000         2.3159377237      -223.6510230261
        2.6950000000         2.3306310399      -221.7527782972
        2.7000000000         2.3454915028      -191.3808626356
        2.7050000000         2.3605044470      -202.7703310087
        2.7100000000         2.3756550564      -197.0755968221
        2.7150000000         2.3909283793      -206.5668204664
        2.7200000000         2.4063093427      -193.2791073644
        2.7250000000         2.4217827675      -189.4826179067
        2.7300000000         2.4373333832      -185.6861284490
        2.7350000000         2.4529458433      -161.0089469739
        2.7400000000         2.4686047402      -189.4826179067
        2.7450000000         2.4842946205      -166.7036811605
        2.7500000000         2.5000000000      -174.2966600759
        2.7550000000         2.5157053795      -159.1107022450
        2.7600000000         2.5313952598      -138.2300102277
        2.7650000000         2.5470541567       -92.6721367352
        2.7700000000         2.5626666168       -41.4195290561
        2.7750000000         2.5782172325         2.2400997075
        2.7800000000         2.5936906573         9.8330786230
        2.7850000000         2.6090716207         2.2400997075
        2.7900000000         2.6243449436        -5.3528792079
        2.7950000000         2.6394955530        -7.2511239367
        2.8000000000         2.6545084972         6.0365891652
        2.8050000000         2.6693689601        -3.4546344790
        2.8100000000         2.6840622763        -7.2511239367
        2.8150000000         2.6985739453         0.3418549787
        2.8200000000         2.7128896458        40.2049942846
        2.8250000000         2.7269952499       102.8470703368
        2.8300000000         2.7408768371        57.2891968443
        2.8350000000         2.7545207079        89.5593572348
        2.8400000000         2.7679133975        70.5769099463
        2.8450000000         2.7810416889        83.8646230483
        2.8500000000         2.7938926261        68.6786652174
        2.8550000000         2.8064535268        93.3558466925
        2.8600000000         2.8187119949        97.1523361502
        2.8650000000         2.8306559327        95.2540914214
        2.8700000000         2.8422735530        99.0505808791
        2.8750000000         2.8535533906       102.8470703368
        2.8800000000         2.8644843137       110.4400492522
        2.8850000000         2.8750555348       106.6435597945
        2.8900000000         2.8852566214       116.1347834388
        2.8950000000         2.8950775062       129.4224965408
        2.9000000000         2.9045084972       121.8295176253
        2.9050000000         2.9135402871       137.0154754562
        2.9100000000         2.9221639628       131.3207412696
        2.9150000000         2.9303710135       129.4224965408
        2.9200000000         2.9381533400       146.5066991004
        2.9250000000         2.9455032621       146.5066991004
        2.9300000000         2.9524135262       155.9979227447
        2.9350000000         2.9588773128       144.6084543716
        2.9400000000         2.9648882429       159.7944122024
        2.9450000000         2.9704403845       167.3873911178
        2.9500000000         2.9755282581       140.8119649139
        2.9550000000         2.9801468428       169.2856358467
        2.9600000000         2.9842915806       169.2856358467
        2.9650000000         2.9879583810       182.5733489487
        2.9700000000         2.9911436254       182.5733489487
        2.9750000000         2.9938441703       174.9803700332
        2.9800000000         2.9960573507       188.2680831352
        2.9850000000         2.9977809823       174.9803700332
        2.9900000000         2.9990133642       188.2680831352
        2.9950000000         2.9997532802       182.5733489487
        3.0000000000         3.0000000000       193.9628173218
        3.0050000000         2.9997532802       199.6575515084
        3.0100000000         2.9990133642       199.6575515084
        3.0150000000         2.9977809823       211.0470198815
        3.0200000000         2.9960573507       190.1663278641
        3.0250000000         2.9938441703       201.5557962372
        3.0300000000         2.9911436254       209.1487751526
        3.0350000000         2.9879583810       207.2505304238
        3.0400000000         2.9842915806       214.8435093392
        3.0450000000         2.9801468428       214.8435093392
        3.0500000000         2.9755282581       228.1312224412
        3.0550000000         2.9704403845       212.9452646103
        3.0600000000         2.9648882429       224.3347329835
        3.0650000000         2.9588773128       203.4540409661
        3.0700000000         2.9524135262       233.8259566277
        3.0750000000         2.9455032621       226.2329777123
        3.0800000000         2.9381533400       222.4364882546
        3.0850000000         2.9303710135       222.4364882546
        3.0900000000         2.9221639628       224.3347329835
        3.0950000000         2.9135402871       220.5382435257
        3.1000000000         2.9045084972       241.4189355431
        3.1050000000         2.8950775062       214.8435093392
        3.1100000000         2.8852566214       231.9277118989
        3.1150000000         2.8750555348       222.4364882546
        3.1200000000         2.8644843137       209.1487751526
        3.1250000000         2.8535533906       222.4364882546
        3.1300000000         2.8422735530       226.2329777123
        3.1350000000         2.8306559327       216.7417540680
        3.1400000000         2.8187119949       216.7417540680
        3.1450000000         2.8064535268       212.9452646103
        3.1500000000         2.7938926261       230.0294671700
        3.1550000000         2.7810416889       205.3522856949
        3.1600000000         2.7679133975       222.4364882546
        3.1650000000         2.7545207079       184.4715936775
        3.1700000000         2.7408768371       211.0470198815
        3.1750000000         2.7269952499       205.3522856949
        3.1800000000         2.7128896458       205.3522856949
        3.1850000000         2.6985739453       205.3522856949
        3.1900000000         2.6840622763       190.1663278641
        3.1950000000         2.6693689601       199.6575515084
        3.2000000000         2.6545084972       190.1663278641
        3.2050000000         2.6394955530       186.3698384064
        3.2100000000         2.6243449436       188.2680831352
        3.2150000000         2.6090716207       193.9628173218
        3.2200000000         2.5936906573       163.5909016601
        3.2250000000         2.5782172325       174.9803700332
        3.2300000000         2.5626666168       184.4715936775
        3.2350000000         2.5470541567       163.5909016601
        3.2400000000         2.5313952598       167.3873911178
        3.2450000000         2.5157053795       161.6926569313
        3.2500000000         2.5000000000       154.0996780159
        3.2550000000         2.4842946205       157.8961674736
        3.2600000000         2.4686047402       121.8295176253
        3.2650000000         2.4529458433        93.3558466925
        3.2700000000         2.4373333832        53.4927073866
        3.2750000000         2.4217827675        13.6295680807
        3.2800000000         2.4063093427       -14.8441028521
        3.2850000000         2.3909283793        -5.3528792079
        3.2900000000         2.3756550564         4.1383444364
        3.2950000000         2.3605044470         2.2400997075
        3.3000000000         2.3454915028       -12.9458581233
        3.3050000000         2.3306310399      -109.7563392948
        3.3100000000         2.3159377237       -86.9774025486
        3.3150000000         2.3014260547       -79.3844236332
        3.3200000000         2.2871103542       -92.6721367352
        3.3250000000         2.2730047501       -92.6721367352
        3.3300000000         2.2591231629      -111.6545840237
        3.3350000000         2.2454792921      -105.9598498371
        3.3400000000         2.2320866025      -142.0264996854
        3.3450000000         2.2189583111      -119.2475629391
        3.3500000000         2.2061073739      -123.0440523968
        3.3550000000         2.1935464732      -130.6370313122
        3.3600000000         2.1812880051      -142.0264996854
        3.3650000000         2.1693440673      -143.9247444142
        3.3700000000         2.1577264470      -128.7387865834
        3.3750000000         2.1464466094      -161.0089469739
        3.3800000000         2.1355156863      -124.9422971257
        3.3850000000         2.1249444652      -155.3142127873
        3.3900000000         2.1147433786      -151.5177233296
        3.3950000000         2.1049224938      -157.2124575162
        3.4000000000         2.0954915028      -159.1107022450
        3.4050000000         2.0864597129      -149.6194786008
        3.4100000000         2.0778360372      -174.2966600759
        3.4150000000         2.0696289865      -178.0931495336
        3.4200000000         2.0618466600      -176.1949048047
        3.4250000000         2.0544967379      -181.8896389913
        3.4300000000         2.0475864738      -174.2966600759
        3.4350000000         2.0411226872      -195.1773520933
        3.4400000000         2.0351117571      -168.6019258893
        3.4450000000         2.0295596155      -212.2615546530
        3.4500000000         2.0244717419      -191.3808626356
        3.4550000000         2.0198531572      -195.1773520933
        3.4600000000         2.0157084194      -195.1773520933
        3.4650000000         2.0120416190      -191.3808626356
        3.4700000000         2.0088563746      -204.6685757375
        3.4750000000         2.0061558297      -202.7703310087
        3.4800000000         2.0039426493      -216.0580441107
        3.4850000000         2.0022190177      -198.9738415510
        3.4900000000         2.0009866358      -227.4475124838
        3.4950000000         2.0002467198      -204.6685757375
        3.5000000000         2.0000000000      -231.2440019415
        3.5050000000         2.0002467198      -210.3633099241
        3.5100000000         2.0009866358      -233.1422466704
        3.5150000000         2.0022190177      -219.8545335684
        3.5200000000         2.0039426493      -219.8545335684
        3.5250000000         2.0061558297      -233.1422466704
        3.5300000000         2.0088563746      -214.1597993818
        3.5350000000         2.0120416190      -248.3282045012
        3.5400000000         2.0157084194      -221.7527782972
        3.5450000000         2.0198531572      -248.3282045012
        3.5500000000         2.0244717419      -236.9387361281
        3.5550000000         2.0295596155      -223.6510230261
        3.5600000000         2.0351117571      -242.6334703146
        3.5650000000         2.0411226872      -227.4475124838
        3.5700000000         2.0475864738      -248.3282045012
        3.5750000000         2.0544967379      -242.6334703146
        3.5800000000         2.0618466600      -242.6334703146
        3.5850000000         2.0696289865      -240.7352255858
        3.5900000000         2.0778360372      -238.8369808569
        3.5950000000         2.0864597129      -233.1422466704
        3.6000000000         2.0954915028      -255.9211834166
        3.6050000000         2.1049224938      -233.1422466704
        3.6100000000         2.1147433786      -236.9387361281
        3.6150000000         2.1249444652      -233.1422466704
        3.6200000000         2.1355156863      -240.7352255858
        3.6250000000         2.1464466094      -244.5317150435
        3.6300000000         2.1577264470      -219.8545335684
        3.6350000000         2.1693440673      -236.9387361281
        3.6400000000         2.1812880051      -217.9562888395
        3.6450000000         2.1935464732      -236.9387361281
        3.6500000000         2.2061073739      -227.4475124838
        3.6550000000         2.2189583111      -221.7527782972
        3.6600000000         2.2320866025      -229.3457572126
        3.6650000000         2.2454792921      -219.8545335684
        3.6700000000         2.2591231629      -223.6510230261
        3.6750000000         2.2730047501      -227.4475124838
        3.6800000000         2.2871103542      -206.5668204664
        3.6850000000         2.3014260547      -223.6510230261
        3.6900000000         2.3159377237      -214.1597993818
        3.6950000000         2.3306310399      -223.6510230261
        3.7000000000         2.3454915028      -212.2615546530
        3.7050000000         2.3605044470      -208.4650651953
        3.7100000000         2.3756550564      -202.7703310087
        3.7150000000         2.3909283793      -198.9738415510
        3.7200000000         2.4063093427      -216.0580441107
        3.7250000000         2.4217827675      -195.1773520933
        3.7300000000         2.4373333832      -202.7703310087
        3.7350000000         2.4529458433      -193.2791073644
        3.7400000000         2.4686047402      -185.6861284490
        3.7450000000         2.4842946205      -187.5843731779
        3.7500000000         2.5000000000      -189.4826179067
        3.7550000000         2.5157053795      -157.2124575162
        3.7600000000         2.5313952598      -149.6194786008
        3.7650000000         2.5470541567       -79.3844236332
        3.7700000000         2.5626666168       -45.2160185138
        3.7750000000         2.5782172325       -14.8441028521
        3.7800000000         2.5936906573        11.7313233518
        3.7850000000         2.6090716207         2.2400997075
        3.7900000000         2.6243449436        -3.4546344790
        3.7950000000         2.6394955530        -5.3528792079
        3.8000000000         2.6545084972        -1.5563897502
        3.8050000000         2.6693689601         4.1383444364
        3.8100000000         2.6840622763        -3.4546344790
        3.8150000000         2.6985739453         6.0365891652
        3.8200000000         2.7128896458        36.4085048269
        3.8250000000         2.7269952499        81.9663783194
        3.8300000000         2.7408768371        47.7979732000
        3.8350000000         2.7545207079        61.0856863020
        3.8400000000         2.7679133975        59.1874415732
        3.8450000000         2.7810416889        72.4751546751
        3.8500000000         2.7938926261        74.3733994040
        3.8550000000         2.8064535268        91.4576019637
        3.8600000000         2.8187119949        97.1523361502
        3.8650000000         2.8306559327        91.4576019637
        3.8700000000         2.8422735530        91.4576019637
        3.8750000000         2.8535533906       104.7453150657
        3.8800000000         2.8644843137       114.2365387099
        3.8850000000         2.8750555348       112.3382939811
        3.8900000000         2.8852566214       104.7453150657
        3.8950000000         2.8950775062       116.1347834388
        3.9000000000         2.9045084972       127.5242518119
        3.9050000000         2.9135402871       119.9312728965
        3.9100000000         2.9221639628       142.7102096427
        3.9150000000         2.9303710135       146.5066991004
        3.9200000000         2.9381533400       152.2014332870
        3.9250000000         2.9455032621       133.2189859985
        3.9300000000         2.9524135262       157.8961674736
        3.9350000000         2.9588773128       144.6084543716
        3.9400000000         2.9648882429       146.5066991004
        3.9450000000         2.9704403845       152.2014332870
        3.9500000000         2.9755282581       154.0996780159
        3.9550000000         2.9801468428       163.5909016601
        3.9600000000         2.9842915806       144.6084543716
        3.9650000000         2.9879583810       165.4891463890
        3.9700000000         2.9911436254       182.5733489487
        3.9750000000         2.9938441703       174.9803700332
        3.9800000000         2.9960573507       176.8786147621
        3.9850000000         2.9977809823       195.8610620506
        3.9900000000         2.9990133642       167.3873911178
        3.9950000000         2.9997532802       184.4715936775
        4.0000000000         3.0000000000       192.0645725929
        4.0050000000         2.9997532802       193.9628173218
        4.0100000000         2.9990133642       193.9628173218
        4.0150000000         2.9977809823       201.5557962372
        4.0200000000         2.9960573507       195.8610620506
        4.0250000000         2.9938441703       205.3522856949
        4.0300000000         2.9911436254       220.5382435257
        4.0350000000         2.9879583810       209.1487751526
        4.0400000000         2.9842915806       209.1487751526
        4.0450000000         2.9801468428       222.4364882546
        4.0500000000         2.9755282581       218.6399987969
        4.0550000000         2.9704403845       224.3347329835
        4.0600000000         2.9648882429       211.0470198815
        4.0650000000         2.9588773128       224.3347329835
        4.0700000000         2.9524135262       216.7417540680
        4.0750000000         2.9455032621       216.7417540680
        4.0800000000         2.9381533400       218.6399987969
        4.0850000000         2.9303710135       228.1312224412
        4.0900000000         2.9221639628       220.5382435257
        4.0950000000         2.9135402871       224.3347329835
        4.1000000000         2.9045084972       226.2329777123
        4.1050000000         2.8950775062       231.9277118989
        4.1100000000         2.8852566214       211.0470198815
        4.1150000000         2.8750555348       233.8259566277
        4.1200000000         2.8644843137       199.6575515084
        4.1250000000         2.8535533906       230.0294671700
        4.1300000000         2.8422735530       233.8259566277
        4.1350000000         2.8306559327       212.9452646103
        4.1400000000         2.8187119949       220.5382435257
        4.1450000000         2.8064535268       233.8259566277
        4.1500000000         2.7938926261       203.4540409661
        4.1550000000         2.7810416889       231.9277118989
        4.1600000000         2.7679133975       205.3522856949
        4.1650000000         2.7545207079       216.7417540680
        4.1700000000         2.7408768371       218.6399987969
        4.1750000000         2.7269952499       205.3522856949
        4.1800000000         2.7128896458       203.4540409661
        4.1850000000         2.6985739453       188.2680831352
        4.1900000000         2.6840622763       205.3522856949
        4.1950000000         2.6693689601       195.8610620506
        4.2000000000         2.6545084972       188.2680831352
        4.2050000000         2.6394955530       176.8786147621
        4.2100000000         2.6243449436       192.0645725929
        4.2150000000         2.6090716207       176.8786147621
        4.2200000000         2.5936906573       184.4715936775
        4.2250000000         2.5782172325       167.3873911178
        4.2300000000         2.5626666168       155.9979227447
        4.2350000000         2.5470541567       165.4891463890
        4.2400000000         2.5313952598       159.7944122024
        4.2450000000         2.5157053795       154.0996780159
        4.2500000000         2.5000000000       167.3873911178
        4.2550000000         2.4842946205       144.6084543716
        4.2600000000         2.4686047402       121.8295176253
        4.2650000000         2.4529458433        89.5593572348
        4.2700000000         2.4373333832        62.9839310309
        4.2750000000         2.4217827675        32.6120153692
        4.2800000000         2.4063093427         0.3418549787
        4.2850000000         2.3909283793       -11.0476133944
        4.2900000000         2.3756550564         4.1383444364
        4.2950000000         2.3605044470         2.2400997075
        4.3000000000         2.3454915028       -12.9458581233
        4.3050000000         2.3306310399      -132.5352760411
        4.3100000000         2.3159377237       -67.9949552601
        4.3150000000         2.3014260547      -107.8580945660
        4.3200000000         2.2871103542       -71.7914447178
        4.3250000000         2.2730047501      -109.7563392948
        4.3300000000         2.2591231629       -90.7738920063
        4.3350000000         2.2454792921      -104.0616051083
        4.3400000000         2.2320866025      -124.9422971257
        4.3450000000         2.2189583111      -100.2651156506
        4.3500000000         2.2061073739      -130.6370313122
        4.3550000000         2.1935464732      -109.7563392948
        4.3600000000         2.1812880051      -138.2300102277
        4.3650000000         2.1693440673      -134.4335207699
        4.3700000000         2.1577264470      -134.4335207699
        4.3750000000         2.1464466094      -134.4335207699
        4.3800000000         2.1355156863      -138.2300102277
        4.3850000000         2.1249444652      -136.3317654988
        4.3900000000         2.1147433786      -155.3142127873
        4.3950000000         2.1049224938      -151.5177233296
        4.4000000000         2.0954915028      -147.7212338719
        4.4050000000         2.0864597129      -151.5177233296
        4.4100000000         2.0778360372      -153.4159680585
        4.4150000000         2.0696289865      -168.6019258893
        4.4200000000         2.0618466600      -162.9071917028
        4.4250000000         2.0544967379      -176.1949048047
        4.4300000000         2.0475864738      -197.0755968221
        4.4350000000         2.0411226872      -174.2966600759
        4.4400000000         2.0351117571      -181.8896389913
        4.4450000000         2.0295596155      -183.7878837202
        4.4500000000         2.0244717419      -189.4826179067
        4.4550000000         2.0198531572      -187.5843731779
        4.4600000000         2.0157084194      -176.1949048047
        4.4650000000         2.0120416190      -189.4826179067
        4.4700000000         2.0088563746      -200.8720862798
        4.4750000000         2.0061558297      -200.8720862798
        4.4800000000         2.0039426493      -219.8545335684
        4.4850000000         2.0022190177      -191.3808626356
        4.4900000000         2.0009866358      -227.4475124838
        4.4950000000         2.0002467198      -208.4650651953
        4.5000000000         2.0000000000      -219.8545335684
        4.5050000000         2.0002467198      -219.8545335684
        4.5100000000         2.0009866358      -225.5492677549
        4.5150000000         2.0022190177      -216.0580441107
        4.5200000000         2.0039426493      -235.0404913992
        4.5250000000         2.0061558297      -210.3633099241
        4.5300000000         2.0088563746      -235.0404913992
        4.5350000000         2.0120416190      -221.7527782972
        4.5400000000         2.0157084194      -227.4475124838
        4.5450000000         2.0198531572      -217.9562888395
        4.5500000000         2.0244717419      -235.0404913992
        4.5550000000         2.0295596155      -221.7527782972
        4.5600000000         2.0351117571      -229.3457572126
        4.5650000000         2.0411226872      -233.1422466704
        4.5700000000         2.0475864738      -225.5492677549
        4.5750000000         2.0544967379      -242.6334703146
        4.5800000000         2.0618466600      -240.7352255858
        4.5850000000         2.0696289865      -223.6510230261
        4.5900000000         2.0778360372      -240.7352255858
        4.5950000000         2.0864597129      -210.3633099241
        4.6000000000         2.0954915028      -242.6334703146
        4.6050000000         2.1049224938      -223.6510230261
        4.6100000000         2.1147433786      -225.5492677549
        4.6150000000         2.1249444652      -233.1422466704
        4.6200000000         2.1355156863      -219.8545335684
        4.6250000000         2.1464466094      -240.7352255858
        4.6300000000         2.1577264470      -225.5492677549
        4.6350000000         2.1693440673      -217.9562888395
        4.6400000000         2.1812880051      -242.6334703146
        4.6450000000         2.1935464732      -221.7527782972
        4.6500000000         2.2061073739      -233.1422466704
        4.6550000000         2.2189583111      -223.6510230261
        4.6600000000         2.2320866025      -225.5492677549
        4.6650000000         2.2454792921      -223.6510230261
        4.6700000000         2.2591231629      -227.4475124838
        4.6750000000         2.2730047501      -216.0580441107
        4.6800000000         2.2871103542      -231.2440019415
        4.6850000000         2.3014260547      -214.1597993818
        4.6900000000         2.3159377237      -212.2615546530
        4.6950000000         2.3306310399      -225.5492677549
        4.7000000000         2.3454915028      -208.4650651953
        4.7050000000         2.3605044470      -200.8720862798
        4.7100000000         2.3756550564      -212.2615546530
        4.7150000000         2.3909283793      -189.4826179067
        4.7200000000         2.4063093427      -219.8545335684
        4.7250000000         2.4217827675      -185.6861284490
        4.7300000000         2.4373333832      -195.1773520933
        4.7350000000         2.4529458433      -181.8896389913
        4.7400000000         2.4686047402      -168.6019258893
        4.7450000000         2.4842946205      -189.4826179067
        4.7500000000         2.5000000000      -153.4159680585
        4.7550000000         2.5157053795      -178.0931495336
        4.7600000000         2.5313952598      -132.5352760411
        4.7650000000         2.5470541567       -69.8931999889
        4.7700000000         2.5626666168       -30.0300606830
        4.7750000000         2.5782172325        -5.3528792079
        4.7800000000         2.5936906573        11.7313233518
        4.7850000000         2.6090716207        -5.3528792079
        4.7900000000         2.6243449436        -3.4546344790
        4.7950000000         2.6394955530        -7.2511239367
        4.8000000000         2.6545084972         4.1383444364
        4.8050000000         2.6693689601        -1.5563897502
        4.8100000000         2.6840622763         0.3418549787
        4.8150000000         2.6985739453         2.2400997075
        4.8200000000         2.7128896458        47.7979732000
        4.8250000000         2.7269952499        87.6611125060
        4.8300000000         2.7408768371        45.8997284712
        4.8350000000         2.7545207079        76.2716441328
        4.8400000000         2.7679133975        64.8821757597
        4.8450000000         2.7810416889        76.2716441328
        4.8500000000         2.7938926261        66.7804204886
        4.8550000000         2.8064535268        99.0505808791
        4.8600000000         2.8187119949        89.5593572348
        4.8650000000         2.8306559327        85.7628677771
        4.8700000000         2.8422735530        85.7628677771
        4.8750000000         2.8535533906        91.4576019637
        4.8800000000         2.8644843137       108.5418045234
        4.8850000000         2.8750555348        97.1523361502
        4.8900000000         2.8852566214       127.5242518119
        4.8950000000         2.8950775062       106.6435597945
        4.9000000000         2.9045084972       112.3382939811
        4.9050000000         2.9135402871       119.9312728965
        4.9100000000         2.9221639628       125.6260070830
        4.9150000000         2.9303710135       142.7102096427
        4.9200000000         2.9381533400       129.4224965408
        4.9250000000         2.9455032621       146.5066991004
        4.9300000000         2.9524135262       137.0154754562
        4.9350000000         2.9588773128       144.6084543716
        4.9400000000         2.9648882429       165.4891463890
        4.9450000000         2.9704403845       146.5066991004
        4.9500000000         2.9755282581       182.5733489487
        4.9550000000         2.9801468428       159.7944122024
        4.9600000000         2.9842915806       169.2856358467
        4.9650000000         2.9879583810       171.1838805755
        4.9700000000         2.9911436254       180.6751042198
        4.9750000000         2.9938441703       188.2680831352
        4.9800000000         2.9960573507       180.6751042198
        4.9850000000         2.9977809823       184.4715936775
        4.9900000000         2.9990133642       184.4715936775
        4.9950000000         2.9997532802       193.9628173218
        5.0000000000         3.0000000000       176.8786147621
        5.0050000000         2.9997532802       199.6575515084
        5.0100000000         2.9990133642       190.1663278641
        5.0150000000         2.9977809823       192.0645725929
        5.0200000000         2.9960573507       195.8610620506
        5.0250000000         2.9938441703       199.6575515084
        5.0300000000         2.9911436254       209.1487751526
        5.0350000000         2.9879583810       197.7593067795
        5.0400000000         2.9842915806       212.9452646103
        5.0450000000         2.9801468428       199.6575515084
        5.0500000000         2.9755282581       222.4364882546
        5.0550000000         2.9704403845       209.1487751526
        5.0600000000         2.9648882429       218.6399987969
        5.0650000000         2.9588773128       220.5382435257
        5.0700000000         2.9524135262       207.2505304238
        5.0750000000         2.9455032621       220.5382435257
        5.0800000000         2.9381533400       220.5382435257
        5.0850000000         2.9303710135       199.6575515084
        5.0900000000         2.9221639628       233.8259566277
        5.0950000000         2.9135402871       216.7417540680
        5.1000000000         2.9045084972       218.6399987969
        5.1050000000         2.8950775062       235.7242013566
        5.1100000000         2.8852566214       226.2329777123
        5.1150000000         2.8750555348       222.4364882546
        5.1200000000         2.8644843137       231.9277118989
        5.1250000000         2.8535533906       214.8435093392
        5.1300000000         2.8422735530       226.2329777123
        5.1350000000         2.8306559327       214.8435093392
        5.1400000000         2.8187119949       214.8435093392
        5.1450000000         2.8064535268       220.5382435257
        5.1500000000         2.7938926261       228.1312224412
        5.1550000000         2.7810416889       218.6399987969
        5.1600000000         2.7679133975       220.5382435257
        5.1650000000         2.7545207079       211.0470198815
        5.1700000000         2.7408768371       207.2505304238
        5.1750000000         2.7269952499       220.5382435257
        5.1800000000         2.7128896458       216.7417540680
        5.1850000000         2.6985739453       199.6575515084
        5.1900000000         2.6840622763       199.6575515084
        5.1950000000         2.6693689601       199.6575515084
        5.2000000000         2.6545084972       193.9628173218
        5.2050000000         2.6394955530       201.5557962372
        5.2100000000         2.6243449436       192.0645725929
        5.2150000000         2.6090716207       192.0645725929
        5.2200000000         2.5936906573       178.7768594910
        5.2250000000         2.5782172325       176.8786147621
        5.2300000000         2.5626666168       173.0821253044
        5.2350000000         2.5470541567       171.1838805755
        5.2400000000         2.5313952598       169.2856358467
        5.2450000000         2.5157053795       161.6926569313
        5.2500000000         2.5000000000       161.6926569313
        5.2550000000         2.4842946205       152.2014332870
        5.2600000000         2.4686047402       121.8295176253
        5.2650000000         2.4529458433        87.6611125060
        5.2700000000         2.4373333832        51.5944626577
        5.2750000000         2.4217827675         7.9348338941
        5.2800000000         2.4063093427        -1.5563897502
        5.2850000000         2.3909283793        -3.4546344790
        5.2900000000         2.3756550564         0.3418549787
        5.2950000000         2.3605044470        -1.5563897502
        5.3000000000         2.3454915028         4.1383444364
        5.3050000000         2.3306310399       -47.1142632427
        5.3100000000         2.3159377237      -136.3317654988
        5.3150000000         2.3014260547       -67.9949552601
        5.3200000000         2.2871103542       -94.5703814640
        5.3250000000         2.2730047501       -96.4686261929
        5.3300000000         2.2591231629      -107.8580945660
        5.3350000000         2.2454792921       -88.8756472775
        5.3400000000         2.2320866025      -126.8405418545
        5.3450000000         2.2189583111      -134.4335207699
        5.3500000000         2.2061073739      -117.3493182103
        5.3550000000         2.1935464732      -124.9422971257
        5.3600000000         2.1812880051      -134.4335207699
        5.3650000000         2.1693440673      -134.4335207699
        5.3700000000         2.1577264470      -138.2300102277
        5.3750000000         2.1464466094      -161.0089469739
        5.3800000000         2.1355156863      -142.0264996854
        5.3850000000         2.1249444652      -157.2124575162
        5.3900000000         2.1147433786      -145.8229891431
        5.3950000000         2.1049224938      -164.8054364316
        5.4000000000         2.0954915028      -161.0089469739
        5.4050000000         2.0864597129      -157.2124575162
        5.4100000000         2.0778360372      -176.1949048047
        5.4150000000         2.0696289865      -140.1282549565
        5.4200000000         2.0618466600      -189.4826179067
        5.4250000000         2.0544967379      -166.7036811605
        5.4300000000         2.0475864738      -191.3808626356
        5.4350000000         2.0411226872      -179.9913942624
        5.4400000000         2.0351117571      -202.7703310087
        5.4450000000         2.0295596155      -195.1773520933
        5.4500000000         2.0244717419      -191.3808626356
        5.4550000000         2.0198531572      -195.1773520933
        5.4600000000         2.0157084194      -204.6685757375
        5.4650000000         2.0120416190      -195.1773520933
        5.4700000000         2.0088563746      -208.4650651953
        5.4750000000         2.0061558297      -202.7703310087
        5.4800000000         2.0039426493      -221.7527782972
        5.4850000000         2.0022190177      -204.6685757375
        5.4900000000         2.0009866358      -217.9562888395
        5.4950000000         2.0002467198      -206.5668204664
        5.5000000000         2.0000000000      -219.8545335684
        5.5050000000         2.0002467198      -225.5492677549
        5.5100000000         2.0009866358      -217.9562888395
        5.5150000000         2.0022190177      -235.0404913992
        5.5200000000         2.0039426493      -198.9738415510
        5.5250000000         2.0061558297      -231.2440019415
        5.5300000000         2.0088563746      -242.6334703146
        5.5350000000         2.0120416190      -221.7527782972
        5.5400000000         2.0157084194      -240.7352255858
        5.5450000000         2.0198531572      -236.9387361281
        5.5500000000         2.0244717419      -240.7352255858
        5.5550000000         2.0295596155      -238.8369808569
        5.5600000000         2.0351117571      -236.9387361281
        5.5650000000         2.0411226872      -254.0229386877
        5.5700000000         2.0475864738      -235.0404913992
        5.5750000000         2.0544967379      -246.4299597723
        5.5800000000         2.0618466600      -278.7001201629
        5.5850000000         2.0696289865      -219.8545335684
        5.5900000000         2.0778360372      -240.7352255858
        5.5950000000         2.0864597129      -242.6334703146
        5.6000000000         2.0954915028      -250.2264492300
        5.6050000000         2.1049224938      -250.2264492300
        5.6100000000         2.1147433786      -225.5492677549
        5.6150000000         2.1249444652      -250.2264492300
        5.6200000000         2.1355156863      -250.2264492300
        5.6250000000         2.1464466094      -240.7352255858
        5.6300000000         2.1577264470      -248.3282045012
        5.6350000000         2.1693440673      -238.8369808569
        5.6400000000         2.1812880051      -238.8369808569
        5.6450000000         2.1935464732      -238.8369808569
        5.6500000000         2.2061073739      -219.8545335684
        5.6550000000         2.2189583111      -248.3282045012
        5.6600000000         2.2320866025      -217.9562888395
        5.6650000000         2.2454792921      -242.6334703146
        5.6700000000         2.2591231629      -221.7527782972
        5.6750000000         2.2730047501      -223.6510230261
        5.6800000000         2.2871103542      -221.7527782972
        5.6850000000         2.3014260547      -206.5668204664
        5.6900000000         2.3159377237      -217.9562888395
        5.6950000000         2.3306310399      -212.2615546530
        5.7000000000         2.3454915028      -202.7703310087
        5.7050000000         2.3605044470      -210.3633099241
        5.7100000000         2.3756550564      -191.3808626356
        5.7150000000         2.3909283793      -214.1597993818
        5.7200000000         2.4063093427      -204.6685757375
        5.7250000000         2.4217827675      -191.3808626356
        5.7300000000         2.4373333832      -191.3808626356
        5.7350000000         2.4529458433      -176.1949048047
        5.7400000000         2.4686047402      -181.8896389913
        5.7450000000         2.4842946205      -176.1949048047
        5.7500000000         2.5000000000      -179.9913942624
        5.7550000000         2.5157053795      -159.1107022450
        5.7600000000         2.5313952598      -143.9247444142
        5.7650000000         2.5470541567       -92.6721367352
        5.7700000000         2.5626666168       -47.1142632427
        5.7750000000         2.5782172325        -5.3528792079
        5.7800000000         2.5936906573         7.9348338941
        5.7850000000         2.6090716207         7.9348338941
        5.7900000000         2.6243449436        -5.3528792079
        5.7950000000         2.6394955530        -3.4546344790
        5.8000000000         2.6545084972         2.2400997075
        5.8050000000         2.6693689601         2.2400997075
        5.8100000000         2.6840622763        -1.5563897502
        5.8150000000         2.6985739453         2.2400997075
        5.8200000000         2.7128896458        64.8821757597
        5.8250000000         2.7269952499        80.0681335906
        5.8300000000         2.7408768371        61.0856863020
        5.8350000000         2.7545207079        70.5769099463
        5.8400000000         2.7679133975        68.6786652174
        5.8450000000         2.7810416889        70.5769099463
        5.8500000000         2.7938926261        61.0856863020
        5.8550000000         2.8064535268        87.6611125060
        5.8600000000         2.8187119949        91.4576019637
        5.8650000000         2.8306559327        83.8646230483
        5.8700000000         2.8422735530        93.3558466925
        5.8750000000         2.8535533906       100.9488256079
        5.8800000000         2.8644843137       112.3382939811
        5.8850000000         2.8750555348       110.4400492522
        5.8900000000         2.8852566214       112.3382939811
        5.8950000000         2.8950775062       125.6260070830
        5.9000000000         2.9045084972       121.8295176253
        5.9050000000         2.9135402871       146.5066991004
        5.9100000000         2.9221639628       121.8295176253
        5.9150000000         2.9303710135       135.1172307273
        5.9200000000         2.9381533400       129.4224965408
        5.9250000000         2.9455032621       138.9137201850
        5.9300000000         2.9524135262       142.7102096427
        5.9350000000         2.9588773128       138.9137201850
        5.9400000000         2.9648882429       155.9979227447
        5.9450000000         2.9704403845       146.5066991004
        5.9500000000         2.9755282581       154.0996780159
        5.9550000000         2.9801468428       148.4049438293
        5.9600000000         2.9842915806       161.6926569313
        5.9650000000         2.9879583810       167.3873911178
        5.9700000000         2.9911436254       167.3873911178
        5.9750000000         2.9938441703       184.4715936775
        5.9800000000         2.9960573507       176.8786147621
        5.9850000000         2.9977809823       174.9803700332
        5.9900000000         2.9990133642       182.5733489487
        5.9950000000         2.9997532802       178.7768594910
        6.0000000000         3.0000000000       182.5733489487
        6.0050000000         2.9997532802       188.2680831352
        6.0100000000         2.9990133642       193.9628173218
        6.0150000000         2.9977809823       205.3522856949
        6.0200000000         2.9960573507       190.1663278641
        6.0250000000         2.9938441703       205.3522856949
        6.0300000000         2.9911436254       203.4540409661
        6.0350000000         2.9879583810       218.6399987969
        6.0400000000         2.9842915806       214.8435093392
        6.0450000000         2.9801468428       207.2505304238
        6.0500000000         2.9755282581       218.6399987969
        6.0550000000         2.9704403845       205.3522856949
        6.0600000000         2.9648882429       224.3347329835
        6.0650000000         2.9588773128       205.3522856949
        6.0700000000         2.9524135262       220.5382435257
        6.0750000000         2.9455032621       211.0470198815
        6.0800000000         2.9381533400       212.9452646103
        6.0850000000         2.9303710135       222.4364882546
        6.0900000000         2.9221639628       212.9452646103
        6.0950000000         2.9135402871       224.3347329835
        6.1000000000         2.9045084972       216.7417540680
        6.1050000000         2.8950775062       211.0470198815
        6.1100000000         2.8852566214       230.0294671700
        6.1150000000         2.8750555348       207.2505304238
        6.1200000000         2.8644843137       231.9277118989
        6.1250000000         2.8535533906       222.4364882546
        6.1300000000         2.8422735530       216.7417540680
        6.1350000000         2.8306559327       228.1312224412
        6.1400000000         2.8187119949       222.4364882546
        6.1450000000         2.8064535268       211.0470198815
        6.1500000000         2.7938926261       218.6399987969
        6.1550000000         2.7810416889       203.4540409661
        6.1600000000         2.7679133975       218.6399987969
        6.1650000000         2.7545207079       216.7417540680
        6.1700000000         2.7408768371       214.8435093392
        6.1750000000         2.7269952499       205.3522856949
        6.1800000000         2.7128896458       205.3522856949
        6.1850000000         2.6985739453       195.8610620506
        6.1900000000         2.6840622763       207.2505304238
        6.1950000000         2.6693689601       193.9628173218
        6.2000000000         2.6545084972       182.5733489487
        6.2050000000         2.6394955530       178.7768594910
        6.2100000000         2.6243449436       188.2680831352
        6.2150000000         2.6090716207       195.8610620506
        6.2200000000         2.5936906573       176.8786147621
        6.2250000000         2.5782172325       184.4715936775
        6.2300000000         2.5626666168       176.8786147621
        6.2350000000         2.5470541567       154.0996780159
        6.2400000000         2.5313952598       173.0821253044
        6.2450000000         2.5157053795       157.8961674736
        6.2500000000         2.5000000000       169.2856358467
        6.2550000000         2.4842946205       146.5066991004
        6.2600000000         2.4686047402       125.6260070830
        6.2650000000         2.4529458433        87.6611125060
        6.2700000000         2.4373333832        57.2891968443
        6.2750000000         2.4217827675        19.3243022672
        6.2800000000         2.4063093427       -14.8441028521
        6.2850000000         2.3909283793        -3.4546344790
        6.2900000000         2.3756550564        -3.4546344790
        6.2950000000         2.3605044470         0.3418549787
        6.3000000000         2.3454915028        -5.3528792079
        6.3050000000         2.3306310399       -69.8931999889
        6.3100000000         2.3159377237      -104.0616051083
        6.3150000000         2.3014260547       -69.8931999889
        6.3200000000         2.2871103542      -109.7563392948
        6.3250000000         2.2730047501       -83.1809130909
        6.3300000000         2.2591231629      -117.3493182103
        6.3350000000         2.2454792921       -96.4686261929
        6.3400000000         2.2320866025      -130.6370313122
        6.3450000000         2.2189583111      -105.9598498371
        6.3500000000         2.2061073739      -130.6370313122
        6.3550000000         2.1935464732      -119.2475629391
        6.3600000000         2.1812880051      -126.8405418545
        6.3650000000         2.1693440673      -138.2300102277
        6.3700000000         2.1577264470      -128.7387865834
        6.3750000000         2.1464466094      -145.8229891431
        6.3800000000         2.1355156863      -147.7212338719
        6.3850000000         2.1249444652      -142.0264996854
        6.3900000000         2.1147433786      -174.2966600759
        6.3950000000         2.1049224938      -147.7212338719
        6.4000000000         2.0954915028      -162.9071917028
        6.4050000000         2.0864597129      -168.6019258893
        6.4100000000         2.0778360372      -159.1107022450
        6.4150000000         2.0696289865      -176.1949048047
        6.4200000000         2.0618466600      -170.5001706182
        6.4250000000         2.0544967379      -176.1949048047
        6.4300000000         2.0475864738      -176.1949048047
        6.4350000000         2.0411226872      -193.2791073644
        6.4400000000         2.0351117571      -174.2966600759
        6.4450000000         2.0295596155      -189.4826179067
        6.4500000000         2.0244717419      -189.4826179067
        6.4550000000         2.0198531572      -189.4826179067
        6.4600000000         2.0157084194      -197.0755968221
        6.4650000000         2.0120416190      -204.6685757375
        6.4700000000         2.0088563746      -219.8545335684
        6.4750000000         2.0061558297      -200.8720862798
        6.4800000000         2.0039426493      -219.8545335684
        6.4850000000         2.0022190177      -202.7703310087
        6.4900000000         2.0009866358      -229.3457572126
        6.4950000000         2.0002467198      -214.1597993818
        6.5000000000         2.0000000000      -214.1597993818
        6.5050000000         2.0002467198      -229.3457572126
        6.5100000000         2.0009866358      -221.7527782972
        6.5150000000         2.0022190177      -233.1422466704
        6.5200000000         2.0039426493      -235.0404913992
        6.5250000000         2.0061558297      -233.1422466704
        6.5300000000         2.0088563746      -229.3457572126
        6.5350000000         2.0120416190      -240.7352255858
        6.5400000000         2.0157084194      -233.1422466704
        6.5450000000         2.0198531572      -248.3282045012
        6.5500000000         2.0244717419      -236.9387361281
        6.5550000000         2.0295596155      -242.6334703146
        6.5600000000         2.0351117571      -252.1246939589
        6.5650000000         2.0411226872      -236.9387361281
        6.5700000000         2.0475864738      -259.7176728743
        6.5750000000         2.0544967379      -254.0229386877
        6.5800000000         2.0618466600      -233.1422466704
        6.5850000000         2.0696289865      -263.5141623320
        6.5900000000         2.0778360372      -236.9387361281
        6.5950000000         2.0864597129      -252.1246939589
        6.6000000000         2.0954915028      -248.3282045012
        6.6050000000         2.1049224938      -261.6159176032
        6.6100000000         2.1147433786      -252.1246939589
        6.6150000000         2.1249444652      -227.4475124838
        6.6200000000         2.1355156863      -252.1246939589
        6.6250000000         2.1464466094      -227.4475124838
        6.6300000000         2.1577264470      -242.6334703146
        6.6350000000         2.1693440673      -233.1422466704
        6.6400000000         2.1812880051      -223.6510230261
        6.6450000000         2.1935464732      -244.5317150435
        6.6500000000         2.2061073739      -227.4475124838
        6.6550000000         2.2189583111      -240.7352255858
        6.6600000000         2.2320866025      -221.7527782972
        6.6650000000         2.2454792921      -229.3457572126
        6.6700000000         2.2591231629      -235.0404913992
        6.6750000000         2.2730047501      -214.1597993818
        6.6800000000         2.2871103542      -225.5492677549
        6.6850000000         2.3014260547      -216.0580441107
        6.6900000000         2.3159377237      -221.7527782972
        6.6950000000         2.3306310399      -210.3633099241
        6.7000000000         2.3454915028      -217.9562888395
        6.7050000000         2.3605044470      -208.4650651953
        6.7100000000         2.3756550564      -212.2615546530
        6.7150000000         2.3909283793      -219.8545335684
        6.7200000000         2.4063093427      -189.4826179067
        6.7250000000         2.4217827675      -210.3633099241
        6.7300000000         2.4373333832      -176.1949048047
        6.7350000000         2.4529458433      -189.4826179067
        6.7400000000         2.4686047402      -185.6861284490
        6.7450000000         2.4842946205      -172.3984153470
        6.7500000000         2.5000000000      -187.5843731779
        6.7550000000         2.5157053795      -162.9071917028
        6.7600000000         2.5313952598      -172.3984153470
        6.7650000000         2.5470541567      -121.1458076680
        6.7700000000         2.5626666168       -79.3844236332
        6.7750000000         2.5782172325       -69.8931999889
        6.7800000000         2.5936906573         0.3418549787
        6.7850000000         2.6090716207        13.6295680807
        6.7900000000         2.6243449436         0.3418549787
        6.7950000000         2.6394955530        -3.4546344790
        6.8000000000         2.6545084972        -7.2511239367
        6.8050000000         2.6693689601         6.0365891652
        6.8100000000         2.6840622763         6.0365891652
        6.8150000000         2.6985739453        40.2049942846
        6.8200000000         2.7128896458        74.3733994040
        6.8250000000         2.7269952499        57.2891968443
        6.8300000000         2.7408768371        70.5769099463
        6.8350000000         2.7545207079        64.8821757597
        6.8400000000         2.7679133975        72.4751546751
        6.8450000000         2.7810416889        64.8821757597
        6.8500000000         2.7938926261        95.2540914214
        6.8550000000         2.8064535268        91.4576019637
        6.8600000000         2.8187119949        87.6611125060
        6.8650000000         2.8306559327        85.7628677771
        6.8700000000         2.8422735530        97.1523361502
        6.8750000000         2.8535533906       116.1347834388
        6.8800000000         2.8644843137       102.8470703368
        6.8850000000         2.8750555348       118.0330281676
        6.8900000000         2.8852566214       104.7453150657
        6.8950000000         2.8950775062       104.7453150657
        6.9000000000         2.9045084972       119.9312728965
        6.9050000000         2.9135402871       123.7277623542
        6.9100000000         2.9221639628       131.3207412696
        6.9150000000         2.9303710135       104.7453150657
        6.9200000000         2.9381533400       138.9137201850
        6.9250000000         2.9455032621       138.9137201850
        6.9300000000         2.9524135262       144.6084543716
        6.9350000000         2.9588773128       137.0154754562
        6.9400000000         2.9648882429       159.7944122024
        6.9450000000         2.9704403845       138.9137201850
        6.9500000000         2.9755282581       142.7102096427
        6.9550000000         2.9801468428       159.7944122024
        6.9600000000         2.9842915806       150.3031885581
        6.9650000000         2.9879583810       173.0821253044
        6.9700000000         2.9911436254       157.8961674736
        6.9750000000         2.9938441703       169.2856358467
        6.9800000000         2.9960573507       163.5909016601
        6.9850000000         2.9977809823       176.8786147621
        6.9900000000         2.9990133642       176.8786147621
        6.9950000000         2.9997532802       186.3698384064
        7.0000000000         3.0000000000       176.8786147621
        7.0050000000         2.9997532802       190.1663278641
        7.0100000000         2.9990133642       178.7768594910
        7.0150000000         2.9977809823       199.6575515084
        7.0200000000         2.9960573507       207.2505304238
        7.0250000000         2.9938441703       192.0645725929
        7.0300000000         2.9911436254       197.7593067795
        7.0350000000         2.9879583810       192.0645725929
        7.0400000000         2.9842915806       207.2505304238
        7.0450000000         2.9801468428       192.0645725929
        7.0500000000         2.9755282581       203.4540409661
        7.0550000000         2.9704403845       220.5382435257
        7.0600000000         2.9648882429       197.7593067795
        7.0650000000         2.9588773128       218.6399987969
        7.0700000000         2.9524135262       197.7593067795
        7.0750000000         2.9455032621       214.8435093392
        7.0800000000         2.9381533400       203.4540409661
        7.0850000000         2.9303710135       209.1487751526
        7.0900000000         2.9221639628       216.7417540680
        7.0950000000         2.9135402871       214.8435093392
        7.1000000000         2.9045084972       218.6399987969
        7.1050000000         2.8950775062       218.6399987969
        7.1100000000         2.8852566214       224.3347329835
        7.1150000000         2.8750555348       220.5382435257
        7.1200000000         2.8644843137       220.5382435257
        7.1250000000         2.8535533906       216.7417540680
        7.1300000000         2.8422735530       230.0294671700
        7.1350000000         2.8306559327       211.0470198815
        7.1400000000         2.8187119949       218.6399987969
        7.1450000000         2.8064535268       201.5557962372
        7.1500000000         2.7938926261       214.8435093392
        7.1550000000         2.7810416889       212.9452646103
        7.1600000000         2.7679133975       207.2505304238
        7.1650000000         2.7545207079       205.3522856949
        7.1700000000         2.7408768371       199.6575515084
        7.1750000000         2.7269952499       186.3698384064
        7.1800000000         2.7128896458       209.1487751526
        7.1850000000         2.6985739453       188.2680831352
        7.1900000000         2.6840622763       192.0645725929
        7.1950000000         2.6693689601       199.6575515084
        7.2000000000         2.6545084972       173.0821253044
        7.2050000000         2.6394955530       192.0645725929
        7.2100000000         2.6243449436       174.9803700332
        7.2150000000         2.6090716207       192.0645725929
        7.2200000000         2.5936906573       167.3873911178
        7.2250000000         2.5782172325       178.7768594910
        7.2300000000         2.5626666168       165.4891463890
        7.2350000000         2.5470541567       157.8961674736
        7.2400000000         2.5313952598       161.6926569313
        7.2450000000         2.5157053795       157.8961674736
        7.2500000000         2.5000000000       154.0996780159
        7.2550000000         2.4842946205       146.5066991004
        7.2600000000         2.4686047402       125.6260070830
        7.2650000000         2.4529458433        89.5593572348
        7.2700000000         2.4373333832        53.4927073866
        7.2750000000         2.4217827675        21.2225469961
        7.2800000000         2.4063093427       -18.6405923099
        7.2850000000         2.3909283793        -3.4546344790
        7.2900000000         2.3756550564         0.3418549787
        7.2950000000         2.3605044470         7.9348338941
        7.3000000000         2.3454915028       -11.0476133944
        7.3050000000         2.3306310399      -117.3493182103
        7.3100000000         2.3159377237       -81.2826683620
        7.3150000000         2.3014260547       -90.7738920063
        7.3200000000         2.2871103542       -90.7738920063
        7.3250000000         2.2730047501      -104.0616051083
        7.3300000000         2.2591231629      -100.2651156506
        7.3350000000         2.2454792921      -109.7563392948
        7.3400000000         2.2320866025      -134.4335207699
        7.3450000000         2.2189583111      -104.0616051083
        7.3500000000         2.2061073739      -117.3493182103
        7.3550000000         2.1935464732      -124.9422971257
        7.3600000000         2.1812880051      -136.3317654988
        7.3650000000         2.1693440673      -124.9422971257
        7.3700000000         2.1577264470      -126.8405418545
        7.3750000000         2.1464466094      -143.9247444142
        7.3800000000         2.1355156863      -145.8229891431
        7.3850000000         2.1249444652      -145.8229891431
        7.3900000000         2.1147433786      -162.9071917028
        7.3950000000         2.1049224938      -130.6370313122
        7.4000000000         2.0954915028      -140.1282549565
        7.4050000000         2.0864597129      -168.6019258893
        7.4100000000         2.0778360372      -157.2124575162
        7.4150000000         2.0696289865      -172.3984153470
        7.4200000000         2.0618466600      -164.8054364316
        7.4250000000         2.0544967379      -181.8896389913
        7.4300000000         2.0475864738      -181.8896389913
        7.4350000000         2.0411226872      -179.9913942624
        7.4400000000         2.0351117571      -189.4826179067
        7.4450000000         2.0295596155      -191.3808626356
        7.4500000000         2.0244717419      -185.6861284490
        7.4550000000         2.0198531572      -193.2791073644
        7.4600000000         2.0157084194      -206.5668204664
        7.4650000000         2.0120416190      -200.8720862798
        7.4700000000         2.0088563746      -214.1597993818
        7.4750000000         2.0061558297      -210.3633099241
        7.4800000000         2.0039426493      -217.9562888395
        7.4850000000         2.0022190177      -206.5668204664
        7.4900000000         2.0009866358      -225.5492677549
        7.4950000000         2.0002467198      -219.8545335684
        7.5000000000         2.0000000000      -225.5492677549
        7.5050000000         2.0002467198      -227.4475124838
        7.5100000000         2.0009866358      -221.7527782972
        7.5150000000         2.0022190177      -236.9387361281
        7.5200000000         2.0039426493      -238.8369808569
        7.5250000000         2.0061558297      -216.0580441107
        7.5300000000         2.0088563746      -242.6334703146
        7.5350000000         2.0120416190      -229.3457572126
        7.5400000000         2.0157084194      -248.3282045012
        7.5450000000         2.0198531572      -233.1422466704
        7.5500000000         2.0244717419      -233.1422466704
        7.5550000000         2.0295596155      -265.4124070609
        7.5600000000         2.0351117571      -229.3457572126
        7.5650000000         2.0411226872      -246.4299597723
        7.5700000000         2.0475864738      -238.8369808569
        7.5750000000         2.0544967379      -233.1422466704
        7.5800000000         2.0618466600      -248.3282045012
        7.5850000000         2.0696289865      -238.8369808569
        7.5900000000         2.0778360372      -263.5141623320
        7.5950000000         2.0864597129      -246.4299597723
        7.6000000000         2.0954915028      -263.5141623320
        7.6050000000         2.1049224938      -257.8194281455
        7.6100000000         2.1147433786      -242.6334703146
        7.6150000000         2.1249444652      -254.0229386877
        7.6200000000         2.1355156863      -236.9387361281
        7.6250000000         2.1464466094      -233.1422466704
        7.6300000000         2.1577264470      -250.2264492300
        7.6350000000         2.1693440673      -235.0404913992
        7.6400000000         2.1812880051      -254.0229386877
        7.6450000000         2.1935464732      -236.9387361281
        7.6500000000         2.2061073739      -227.4475124838
        7.6550000000         2.2189583111      -255.9211834166
        7.6600000000         2.2320866025      -214.1597993818
        7.6650000000         2.2454792921      -252.1246939589
        7.6700000000         2.2591231629      -219.8545335684
        7.6750000000         2.2730047501      -231.2440019415
        7.6800000000         2.2871103542      -259.7176728743
        7.6850000000         2.3014260547      -217.9562888395
        7.6900000000         2.3159377237      -240.7352255858
        7.6950000000         2.3306310399      -219.8545335684
        7.7000000000         2.3454915028      -212.2615546530
        7.7050000000         2.3605044470      -225.5492677549
        7.7100000000         2.3756550564      -212.2615546530
        7.7150000000         2.3909283793      -217.9562888395
        7.7200000000         2.4063093427      -217.9562888395
        7.7250000000         2.4217827675      -183.7878837202
        7.7300000000         2.4373333832      -214.1597993818
        7.7350000000         2.4529458433      -195.1773520933
        7.7400000000         2.4686047402      -191.3808626356
        7.7450000000         2.4842946205      -193.2791073644
        7.7500000000         2.5000000000      -185.6861284490
        7.7550000000         2.5157053795      -176.1949048047
        7.7600000000         2.5313952598      -142.0264996854
        7.7650000000         2.5470541567      -104.0616051083
        7.7700000000         2.5626666168       -83.1809130909
        7.7750000000         2.5782172325       -31.9283054118
        7.7800000000         2.5936906573         2.2400997075
        7.7850000000         2.6090716207        13.6295680807
        7.7900000000         2.6243449436        -3.4546344790
        7.7950000000         2.6394955530        -1.5563897502
        7.8000000000         2.6545084972         2.2400997075
        7.8050000000         2.6693689601         6.0365891652
        7.8100000000         2.6840622763        -5.3528792079
        7.8150000000         2.6985739453         4.1383444364
        7.8200000000         2.7128896458        38.3067495558
        7.8250000000         2.7269952499        93.3558466925
        7.8300000000         2.7408768371        66.7804204886
        7.8350000000         2.7545207079        76.2716441328
        7.8400000000         2.7679133975        72.4751546751
        7.8450000000         2.7810416889        81.9663783194
        7.8500000000         2.7938926261        78.1698888617
        7.8550000000         2.8064535268        99.0505808791
        7.8600000000         2.8187119949        99.0505808791
        7.8650000000         2.8306559327        91.4576019637
        7.8700000000         2.8422735530        83.8646230483
        7.8750000000         2.8535533906       110.4400492522
        7.8800000000         2.8644843137       112.3382939811
        7.8850000000         2.8750555348       114.2365387099
        7.8900000000         2.8852566214       108.5418045234
        7.8950000000         2.8950775062       112.3382939811
        7.9000000000         2.9045084972       127.5242518119
        7.9050000000         2.9135402871       118.0330281676
        7.9100000000         2.9221639628       125.6260070830
        7.9150000000         2.9303710135       131.3207412696
        7.9200000000         2.9381533400       129.4224965408
        7.9250000000         2.9455032621       125.6260070830
        7.9300000000         2.9524135262       154.0996780159
        7.9350000000         2.9588773128       135.1172307273
        7.9400000000         2.9648882429       150.3031885581
        7.9450000000         2.9704403845       146.5066991004
        7.9500000000         2.9755282581       154.0996780159
        7.9550000000         2.9801468428       150.3031885581
        7.9600000000         2.9842915806       163.5909016601
        7.9650000000         2.9879583810       146.5066991004
        7.9700000000         2.9911436254       159.7944122024
        7.9750000000         2.9938441703       157.8961674736
        7.9800000000         2.9960573507       174.9803700332
        7.9850000000         2.9977809823       163.5909016601
        7.9900000000         2.9990133642       173.0821253044
        7.9950000000         2.9997532802       180.6751042198
        8.0000000000         3.0000000000       169.2856358467
        8.0050000000         2.9997532802       188.2680831352
        8.0100000000         2.9990133642       176.8786147621
        8.0150000000         2.9977809823       190.1663278641
        8.0200000000         2.9960573507       192.0645725929
        8.0250000000         2.9938441703       195.8610620506
        8.0300000000         2.9911436254       195.8610620506
        8.0350000000         2.9879583810       197.7593067795
        8.0400000000         2.9842915806       199.6575515084
        8.0450000000         2.9801468428       180.6751042198
        8.0500000000         2.9755282581       212.9452646103
        8.0550000000         2.9704403845       192.0645725929
        8.0600000000         2.9648882429       195.8610620506
        8.0650000000         2.9588773128       205.3522856949
        8.0700000000         2.9524135262       197.7593067795
        8.0750000000         2.9455032621       203.4540409661
        8.0800000000         2.9381533400       205.3522856949
        8.0850000000         2.9303710135       209.1487751526
        8.0900000000         2.9221639628       205.3522856949
        8.0950000000         2.9135402871       212.9452646103
        8.1000000000         2.9045084972       192.0645725929
        8.1050000000         2.8950775062       211.0470198815
        8.1100000000         2.8852566214       205.3522856949
        8.1150000000         2.8750555348       203.4540409661
        8.1200000000         2.8644843137       199.6575515084
        8.1250000000         2.8535533906       197.7593067795
        8.1300000000         2.8422735530       203.4540409661
        8.1350000000         2.8306559327       197.7593067795
        8.1400000000         2.8187119949       209.1487751526
        8.1450000000         2.8064535268       192.0645725929
        8.1500000000         2.7938926261       195.8610620506
        8.1550000000         2.7810416889       190.1663278641
        8.1600000000         2.7679133975       186.3698384064
        8.1650000000         2.7545207079       195.8610620506
        8.1700000000         2.7408768371       188.2680831352
        8.1750000000         2.7269952499       192.0645725929
        8.1800000000         2.7128896458       180.6751042198
        8.1850000000         2.6985739453       182.5733489487
        8.1900000000         2.6840622763       176.8786147621
        8.1950000000         2.6693689601       184.4715936775
        8.2000000000         2.6545084972       182.5733489487
        8.2050000000         2.6394955530       171.1838805755
        8.2100000000         2.6243449436       176.8786147621
        8.2150000000         2.6090716207       165.4891463890
        8.2200000000         2.5936906573       163.5909016601
        8.2250000000         2.5782172325       157.8961674736
        8.2300000000         2.5626666168       144.6084543716
        8.2350000000         2.5470541567       159.7944122024
        8.2400000000         2.5313952598       150.3031885581
        8.2450000000         2.5157053795       144.6084543716
        8.2500000000         2.5000000000       138.9137201850
        8.2550000000         2.4842946205       123.7277623542
        8.2600000000         2.4686047402       123.7277623542
        8.2650000000         2.4529458433        78.1698888617
        8.2700000000         2.4373333832        51.5944626577
        8.2750000000         2.4217827675        23.1207917249
        8.2800000000         2.4063093427        -7.2511239367
        8.2850000000         2.3909283793         0.3418549787
        8.2900000000         2.3756550564         2.2400997075
        8.2950000000         2.3605044470         6.0365891652
        8.3000000000         2.3454915028       -43.3177737850
        8.3050000000         2.3306310399      -117.3493182103
        8.3100000000         2.3159377237       -66.0967105312
        8.3150000000         2.3014260547      -105.9598498371
        8.3200000000         2.2871103542       -75.5879341755
        8.3250000000         2.2730047501      -109.7563392948
        8.3300000000         2.2591231629       -94.5703814640
        8.3350000000         2.2454792921      -134.4335207699
        8.3400000000         2.2320866025      -121.1458076680
        8.3450000000         2.2189583111      -113.5528287526
        8.3500000000         2.2061073739      -115.4510734814
        8.3550000000         2.1935464732      -134.4335207699
        8.3600000000         2.1812880051      -140.1282549565
        8.3650000000         2.1693440673      -134.4335207699
        8.3700000000         2.1577264470      -142.0264996854
        8.3750000000         2.1464466094      -142.0264996854
        8.3800000000         2.1355156863      -145.8229891431
        8.3850000000         2.1249444652      -126.8405418545
        8.3900000000         2.1147433786      -161.0089469739
        8.3950000000         2.1049224938      -162.9071917028
        8.4000000000         2.0954915028      -145.8229891431
        8.4050000000         2.0864597129      -172.3984153470
        8.4100000000         2.0778360372      -155.3142127873
        8.4150000000         2.0696289865      -178.0931495336
        8.4200000000         2.0618466600      -176.1949048047
        8.4250000000         2.0544967379      -164.8054364316
        8.4300000000         2.0475864738      -185.6861284490
        8.4350000000         2.0411226872      -187.5843731779
        8.4400000000         2.0351117571      -174.2966600759
        8.4450000000         2.0295596155      -195.1773520933
        8.4500000000         2.0244717419      -185.6861284490
        8.4550000000         2.0198531572      -189.4826179067
        8.4600000000         2.0157084194      -198.9738415510
        8.4650000000         2.0120416190      -189.4826179067
        8.4700000000         2.0088563746      -212.2615546530
        8.4750000000         2.0061558297      -181.8896389913
        8.4800000000         2.0039426493      -212.2615546530
        8.4850000000         2.0022190177      -204.6685757375
        8.4900000000         2.0009866358      -216.0580441107
        8.4950000000         2.0002467198      -223.6510230261
        8.5000000000         2.0000000000      -221.7527782972
        8.5050000000         2.0002467198      -235.0404913992
        8.5100000000         2.0009866358      -225.5492677549
        8.5150000000         2.0022190177      -250.2264492300
        8.5200000000         2.0039426493      -242.6334703146
        8.5250000000         2.0061558297      -219.8545335684
        8.5300000000         2.0088563746      -248.3282045012
        8.5350000000         2.0120416190      -238.8369808569
        8.5400000000         2.0157084194      -233.1422466704
        8.5450000000         2.0198531572      -244.5317150435
        8.5500000000         2.0244717419      -238.8369808569
        8.5550000000         2.0295596155      -233.1422466704
        8.5600000000         2.0351117571      -263.5141623320
        8.5650000000         2.0411226872      -225.5492677549
        8.5700000000         2.0475864738      -263.5141623320
        8.5750000000         2.0544967379      -235.0404913992
        8.5800000000         2.0618466600      -246.4299597723
        8.5850000000         2.0696289865      -254.0229386877
        8.5900000000         2.0778360372      -233.1422466704
        8.5950000000         2.0864597129      -274.9036307051
        8.6000000000         2.0954915028      -238.8369808569
        8.6050000000         2.1049224938      -244.5317150435
        8.6100000000         2.1147433786      -257.8194281455
        8.6150000000         2.1249444652      -229.3457572126
        8.6200000000         2.1355156863      -261.6159176032
        8.6250000000         2.1464466094      -240.7352255858
        8.6300000000         2.1577264470      -252.1246939589
        8.6350000000         2.1693440673      -252.1246939589
        8.6400000000         2.1812880051      -235.0404913992
        8.6450000000         2.1935464732      -246.4299597723
        8.6500000000         2.2061073739      -223.6510230261
        8.6550000000         2.2189583111      -252.1246939589
        8.6600000000         2.2320866025      -242.6334703146
        8.6650000000         2.2454792921      -233.1422466704
        8.6700000000         2.2591231629      -250.2264492300
        8.6750000000         2.2730047501      -210.3633099241
        8.6800000000         2.2871103542      -242.6334703146
        8.6850000000         2.3014260547      -229.3457572126
        8.6900000000         2.3159377237      -227.4475124838
        8.6950000000         2.3306310399      -231.2440019415
        8.7000000000         2.3454915028      -216.0580441107
        8.7050000000         2.3605044470      -225.5492677549
        8.7100000000         2.3756550564      -233.1422466704
        8.7150000000         2.3909283793      -187.5843731779
        8.7200000000         2.4063093427      -233.1422466704
        8.7250000000         2.4217827675      -200.8720862798
        8.7300000000         2.4373333832      -195.1773520933
        8.7350000000         2.4529458433      -214.1597993818
        8.7400000000         2.4686047402      -193.2791073644
        8.7450000000         2.4842946205      -195.1773520933
        8.7500000000         2.5000000000      -195.1773520933
        8.7550000000         2.5157053795      -185.6861284490
        8.7600000000         2.5313952598      -179.9913942624
        8.7650000000         2.5470541567      -126.8405418545
        8.7700000000         2.5626666168       -88.8756472775
        8.7750000000         2.5782172325       -52.8089974292
        8.7800000000         2.5936906573        -5.3528792079
        8.7850000000         2.6090716207        17.4260575384
        8.7900000000         2.6243449436         4.1383444364
        8.7950000000         2.6394955530         0.3418549787
        8.8000000000         2.6545084972        -5.3528792079
        8.8050000000         2.6693689601         4.1383444364
        8.8100000000         2.6840622763         6.0365891652
        8.8150000000         2.6985739453        11.7313233518
        8.8200000000         2.7128896458        78.1698888617
        8.8250000000         2.7269952499        61.0856863020
        8.8300000000         2.7408768371        64.8821757597
        8.8350000000         2.7545207079        70.5769099463
        8.8400000000         2.7679133975        78.1698888617
        8.8450000000         2.7810416889        78.1698888617
        8.8500000000         2.7938926261        72.4751546751
        8.8550000000         2.8064535268       108.5418045234
        8.8600000000         2.8187119949        99.0505808791
        8.8650000000         2.8306559327       104.7453150657
        8.8700000000         2.8422735530        95.2540914214
        8.8750000000         2.8535533906       116.1347834388
        8.8800000000         2.8644843137       118.0330281676
        8.8850000000         2.8750555348       114.2365387099
        8.8900000000         2.8852566214       121.8295176253
        8.8950000000         2.8950775062       116.1347834388
        8.9000000000         2.9045084972       138.9137201850
        8.9050000000         2.9135402871       131.3207412696
        8.9100000000         2.9221639628       138.9137201850
        8.9150000000         2.9303710135       125.6260070830
        8.9200000000         2.9381533400       131.3207412696
        8.9250000000         2.9455032621       144.6084543716
        8.9300000000         2.9524135262       142.7102096427
        8.9350000000         2.9588773128       154.0996780159
        8.9400000000         2.9648882429       150.3031885581
        8.9450000000         2.9704403845       129.4224965408
        8.9500000000         2.9755282581       157.8961674736
        8.9550000000         2.9801468428       165.4891463890
        8.9600000000         2.9842915806       173.0821253044
        8.9650000000         2.9879583810       171.1838805755
        8.9700000000         2.9911436254       174.9803700332
        8.9750000000         2.9938441703       171.1838805755
        8.9800000000         2.9960573507       188.2680831352
        8.9850000000         2.9977809823       176.8786147621
        8.9900000000         2.9990133642       180.6751042198
        8.9950000000         2.9997532802       192.0645725929
        9.0000000000         3.0000000000       182.5733489487
        9.0050000000         2.9997532802       184.4715936775
        9.0100000000         2.9990133642       182.5733489487
        9.0150000000         2.9977809823       209.1487751526
        9.0200000000         2.9960573507       190.1663278641
        9.0250000000         2.9938441703       199.6575515084
        9.0300000000         2.9911436254       195.8610620506
        9.0350000000         2.9879583810       192.0645725929
        9.0400000000         2.9842915806       207.2505304238
        9.0450000000         2.9801468428       188.2680831352
        9.0500000000         2.9755282581       199.6575515084
        9.0550000000         2.9704403845       188.2680831352
        9.0600000000         2.9648882429       207.2505304238
        9.0650000000         2.9588773128       190.1663278641
        9.0700000000         2.9524135262       195.8610620506
        9.0750000000         2.9455032621       195.8610620506
        9.0800000000         2.9381533400       197.7593067795
        9.0850000000         2.9303710135       199.6575515084
        9.0900000000         2.9221639628       195.8610620506
        9.0950000000         2.9135402871       212.9452646103
        9.1000000000         2.9045084972       190.1663278641
        9.1050000000         2.8950775062       199.6575515084
        9.1100000000         2.8852566214       197.7593067795
        9.1150000000         2.8750555348       201.5557962372
        9.1200000000         2.8644843137       205.3522856949
        9.1250000000         2.8535533906       192.0645725929
        9.1300000000         2.8422735530       199.6575515084
        9.1350000000         2.8306559327       195.8610620506
        9.1400000000         2.8187119949       186.3698384064
        9.1450000000         2.8064535268       182.5733489487
        9.1500000000         2.7938926261       197.7593067795
        9.1550000000         2.7810416889       176.8786147621
        9.1600000000         2.7679133975       190.1663278641
        9.1650000000         2.7545207079       188.2680831352
        9.1700000000         2.7408768371       173.0821253044
        9.1750000000         2.7269952499       178.7768594910
        9.1800000000         2.7128896458       176.8786147621
        9.1850000000         2.6985739453       186.3698384064
        9.1900000000         2.6840622763       159.7944122024
        9.1950000000         2.6693689601       173.0821253044
        9.2000000000         2.6545084972       169.2856358467
        9.2050000000         2.6394955530       144.6084543716
        9.2100000000         2.6243449436       173.0821253044
        9.2150000000         2.6090716207       146.5066991004
        9.2200000000         2.5936906573       142.7102096427
        9.2250000000         2.5782172325       140.8119649139
        9.2300000000         2.5626666168       127.5242518119
        9.2350000000         2.5470541567       121.8295176253
        9.2400000000         2.5313952598       123.7277623542
        9.2450000000         2.5157053795       123.7277623542
        9.2500000000         2.5000000000       121.8295176253
        9.2550000000         2.4842946205        99.0505808791
        9.2600000000         2.4686047402        99.0505808791
        9.2650000000         2.4529458433        55.3909521154
        9.2700000000         2.4373333832        13.6295680807
        9.2750000000         2.4217827675       -22.4370817676
        9.2800000000         2.4063093427         2.2400997075
        9.2850000000         2.3909283793        -7.2511239367
        9.2900000000         2.3756550564         9.8330786230
        9.2950000000         2.3605044470        -5.3528792079
        9.3000000000         2.3454915028         2.2400997075
        9.3050000000         2.3306310399      -121.1458076680
        9.3100000000         2.3159377237       -96.4686261929
        9.3150000000         2.3014260547       -60.4019763446
        9.3200000000         2.2871103542      -107.8580945660
        9.3250000000         2.2730047501       -85.0791578197
        9.3300000000         2.2591231629      -124.9422971257
        9.3350000000         2.2454792921       -96.4686261929
        9.3400000000         2.2320866025      -124.9422971257
        9.3450000000         2.2189583111      -113.5528287526
        9.3500000000         2.2061073739      -105.9598498371
        9.3550000000         2.1935464732      -130.6370313122
        9.3600000000         2.1812880051      -121.1458076680
        9.3650000000         2.1693440673      -140.1282549565
        9.3700000000         2.1577264470      -119.2475629391
        9.3750000000         2.1464466094      -142.0264996854
        9.3800000000         2.1355156863      -143.9247444142
        9.3850000000         2.1249444652      -151.5177233296
        9.3900000000         2.1147433786      -159.1107022450
        9.3950000000         2.1049224938      -155.3142127873
        9.4000000000         2.0954915028      -172.3984153470
        9.4050000000         2.0864597129      -149.6194786008
        9.4100000000         2.0778360372      -187.5843731779
        9.4150000000         2.0696289865      -162.9071917028
        9.4200000000         2.0618466600      -176.1949048047
        9.4250000000         2.0544967379      -193.2791073644
        9.4300000000         2.0475864738      -183.7878837202
        9.4350000000         2.0411226872      -189.4826179067
        9.4400000000         2.0351117571      -164.8054364316
        9.4450000000         2.0295596155      -206.5668204664
        9.4500000000         2.0244717419      -198.9738415510
        9.4550000000         2.0198531572      -193.2791073644
        9.4600000000         2.0157084194      -231.2440019415
        9.4650000000         2.0120416190      -191.3808626356
        9.4700000000         2.0088563746      -216.0580441107
        9.4750000000         2.0061558297      -223.6510230261
        9.4800000000         2.0039426493      -202.7703310087
        9.4850000000         2.0022190177      -231.2440019415
        9.4900000000         2.0009866358      -208.4650651953
        9.4950000000         2.0002467198      -233.1422466704
        9.5000000000         2.0000000000      -235.0404913992
        9.5050000000         2.0002467198      -236.9387361281
        9.5100000000         2.0009866358      -229.3457572126
        9.5150000000         2.0022190177      -252.1246939589
        9.5200000000         2.0039426493      -231.2440019415
        9.5250000000         2.0061558297      -248.3282045012
        9.5300000000         2.0088563746      -269.2088965186
        9.5350000000         2.0120416190      -240.7352255858
        9.5400000000         2.0157084194      -261.6159176032
        9.5450000000         2.0198531572      -244.5317150435
        9.5500000000         2.0244717419      -261.6159176032
        9.5550000000         2.0295596155      -248.3282045012
        9.5600000000         2.0351117571      -248.3282045012
        9.5650000000         2.0411226872      -280.5983648917
        9.5700000000         2.0475864738      -244.5317150435
        9.5750000000         2.0544967379      -305.2755463668
        9.5800000000         2.0618466600      -248.3282045012
        9.5850000000         2.0696289865      -265.4124070609
        9.5900000000         2.0778360372      -257.8194281455
        9.5950000000         2.0864597129      -250.2264492300
        9.6000000000         2.0954915028      -267.3106517897
        9.6050000000         2.1049224938      -257.8194281455
        9.6100000000         2.1147433786      -278.7001201629
        9.6150000000         2.1249444652      -254.0229386877
        9.6200000000         2.1355156863      -273.0053859763
        9.6250000000         2.1464466094      -246.4299597723
        9.6300000000         2.1577264470      -261.6159176032
        9.6350000000         2.1693440673      -257.8194281455
        9.6400000000         2.1812880051      -257.8194281455
        9.6450000000         2.1935464732      -282.4966096206
        9.6500000000         2.2061073739      -259.7176728743
        9.6550000000         2.2189583111      -269.2088965186
        9.6600000000         2.2320866025      -252.1246939589
        9.6650000000         2.2454792921      -244.5317150435
        9.6700000000         2.2591231629      -255.9211834166
        9.6750000000         2.2730047501      -261.6159176032
        9.6800000000         2.2871103542      -259.7176728743
        9.6850000000         2.3014260547      -242.6334703146
        9.6900000000         2.3159377237      -257.8194281455
        9.6950000000         2.3306310399      -240.7352255858
        9.7000000000         2.3454915028      -248.3282045012
        9.7050000000         2.3605044470      -236.9387361281
        9.7100000000         2.3756550564      -235.0404913992
        9.7150000000         2.3909283793      -246.4299597723
        9.7200000000         2.4063093427      -231.2440019415
        9.7250000000         2.4217827675      -219.8545335684
        9.7300000000         2.4373333832      -225.5492677549
        9.7350000000         2.4529458433      -227.4475124838
        9.7400000000         2.4686047402      -221.7527782972
        9.7450000000         2.4842946205      -210.3633099241
        9.7500000000         2.5000000000      -219.8545335684
        9.7550000000         2.5157053795      -204.6685757375
        9.7600000000         2.5313952598      -183.7878837202
        9.7650000000         2.5470541567      -149.6194786008
        9.7700000000         2.5626666168      -121.1458076680
        9.7750000000         2.5782172325       -92.6721367352
        9.7800000000         2.5936906573       -43.3177737850
        9.7850000000         2.6090716207        -5.3528792079
        9.7900000000         2.6243449436        13.6295680807
        9.7950000000         2.6394955530         9.8330786230
        9.8000000000         2.6545084972        -7.2511239367
        9.8050000000         2.6693689601         0.3418549787
        9.8100000000         2.6840622763         9.8330786230
        9.8150000000         2.6985739453        61.0856863020
        9.8200000000         2.7128896458        61.0856863020
        9.8250000000         2.7269952499        62.9839310309
        9.8300000000         2.7408768371        62.9839310309
        9.8350000000         2.7545207079        57.2891968443
        9.8400000000         2.7679133975        87.6611125060
        9.8450000000         2.7810416889        70.5769099463
        9.8500000000         2.7938926261        83.8646230483
        9.8550000000         2.8064535268        85.7628677771
        9.8600000000         2.8187119949        97.1523361502
        9.8650000000         2.8306559327       100.9488256079
        9.8700000000         2.8422735530       108.5418045234
        9.8750000000         2.8535533906       114.2365387099
        9.8800000000         2.8644843137       102.8470703368
        9.8850000000         2.8750555348       119.9312728965
        9.8900000000         2.8852566214       116.1347834388
        9.8950000000         2.8950775062       138.9137201850
        9.9000000000         2.9045084972       116.1347834388
        9.9050000000         2.9135402871       144.6084543716
        9.9100000000         2.9221639628       127.5242518119
        9.9150000000         2.9303710135       129.4224965408
        9.9200000000         2.9381533400       146.5066991004
        9.9250000000         2.9455032621       137.0154754562
        9.9300000000         2.9524135262       150.3031885581
        9.9350000000         2.9588773128       144.6084543716
        9.9400000000         2.9648882429       146.5066991004
        9.9450000000         2.9704403845       150.3031885581
        9.9500000000         2.9755282581       152.2014332870
        9.9550000000         2.9801468428       165.4891463890
        9.9600000000         2.9842915806       161.6926569313
        9.9650000000         2.9879583810       163.5909016601
        9.9700000000         2.9911436254       161.6926569313
        9.9750000000         2.9938441703       165.4891463890
        9.9800000000         2.9960573507       178.7768594910
        9.9850000000         2.9977809823       169.2856358467
        9.9900000000         2.9990133642       178.7768594910
        9.9950000000         2.9997532802       167.3873911178
       10.0000000000         3.0000000000       193.9628173218
       10.0050000000         2.9997532802       173.0821253044
       10.0100000000         2.9990133642       182.5733489487
       10.0150000000         2.9977809823       182.5733489487
       10.0200000000         2.9960573507       199.6575515084
       10.0250000000         2.9938441703       182.5733489487
       10.0300000000         2.9911436254       193.9628173218
       10.0350000000         2.9879583810       193.9628173218
       10.0400000000         2.9842915806       184.4715936775
       10.0450000000         2.9801468428       207.2505304238
       10.0500000000         2.9755282581       188.2680831352
       10.0550000000         2.9704403845       209.1487751526
       10.0600000000         2.9648882429       192.0645725929
       10.0650000000         2.9588773128       199.6575515084
       10.0700000000         2.9524135262       205.3522856949
       10.0750000000         2.9455032621       192.0645725929
       10.0800000000         2.9381533400       205.3522856949
       10.0850000000         2.9303710135       192.0645725929
       10.0900000000         2.9221639628       199.6575515084
       10.0950000000         2.9135402871       199.6575515084
       10.1000000000         2.9045084972       211.0470198815
       10.1050000000         2.8950775062       209.1487751526
       10.1100000000         2.8852566214       203.4540409661
       10.1150000000         2.8750555348       203.4540409661
       10.1200000000         2.8644843137       199.6575515084
       10.1250000000         2.8535533906       212.9452646103
       10.1300000000         2.8422735530       199.6575515084
       10.1350000000         2.8306559327       203.4540409661
       10.1400000000         2.8187119949       199.6575515084
       10.1450000000         2.8064535268       192.0645725929
       10.1500000000         2.7938926261       197.7593067795
       10.1550000000         2.7810416889       201.5557962372
       10.1600000000         2.7679133975       190.1663278641
       10.1650000000         2.7545207079       192.0645725929
       10.1700000000         2.7408768371       174.9803700332
       10.1750000000         2.7269952499       173.0821253044
       10.1800000000         2.7128896458       188.2680831352
       10.1850000000         2.6985739453       167.3873911178
       10.1900000000         2.6840622763       165.4891463890
       10.1950000000         2.6693689601       152.2014332870
       10.2000000000         2.6545084972       169.2856358467
       10.2050000000         2.6394955530       167.3873911178
       10.2100000000         2.6243449436       146.5066991004
       10.2150000000         2.6090716207       148.4049438293
       10.2200000000         2.5936906573       138.9137201850
       10.2250000000         2.5782172325       148.4049438293
       10.2300000000         2.5626666168       133.2189859985
       10.2350000000         2.5470541567       138.9137201850
       10.2400000000         2.5313952598       121.8295176253
       10.2450000000         2.5157053795       112.3382939811
       10.2500000000         2.5000000000       118.0330281676
       10.2550000000         2.4842946205       108.5418045234
       10.2600000000         2.4686047402        89.5593572348
       10.2650000000         2.4529458433        42.1032390135
       10.2700000000         2.4373333832       -11.0476133944
       10.2750000000         2.4217827675        -7.2511239367
       10.2800000000         2.4063093427        -7.2511239367
       10.2850000000         2.3909283793        13.6295680807
       10.2900000000         2.3756550564         2.2400997075
       10.2950000000         2.3605044470         0.3418549787
       10.3000000000         2.3454915028       -11.0476133944
       10.3050000000         2.3306310399       -94.5703814640
       10.3100000000         2.3159377237      -100.2651156506
       10.3150000000         2.3014260547       -73.6896894466
       10.3200000000         2.2871103542      -107.8580945660
       10.3250000000         2.2730047501      -107.8580945660
       10.3300000000         2.2591231629      -109.7563392948
       10.3350000000         2.2454792921       -83.1809130909
       10.3400000000         2.2320866025      -134.4335207699
       10.3450000000         2.2189583111      -126.8405418545
       10.3500000000         2.2061073739      -126.8405418545
       10.3550000000         2.1935464732      -124.9422971257
       10.3600000000         2.1812880051      -143.9247444142
       10.3650000000         2.1693440673      -140.1282549565
       10.3700000000         2.1577264470      -149.6194786008
       10.3750000000         2.1464466094      -143.9247444142
       10.3800000000         2.1355156863      -149.6194786008
       10.3850000000         2.1249444652      -157.2124575162
       10.3900000000         2.1147433786      -159.1107022450
       10.3950000000         2.1049224938      -170.5001706182
       10.4000000000         2.0954915028      -187.5843731779
       10.4050000000         2.0864597129      -185.6861284490
       10.4100000000         2.0778360372      -172.3984153470
       10.4150000000         2.0696289865      -197.0755968221
       10.4200000000         2.0618466600      -170.5001706182
       10.4250000000         2.0544967379      -191.3808626356
       10.4300000000         2.0475864738      -185.6861284490
       10.4350000000         2.0411226872      -202.7703310087
       10.4400000000         2.0351117571      -204.6685757375
       10.4450000000         2.0295596155      -202.7703310087
       10.4500000000         2.0244717419      -227.4475124838
       10.4550000000         2.0198531572      -202.7703310087
       10.4600000000         2.0157084194      -216.0580441107
       10.4650000000         2.0120416190      -217.9562888395
       10.4700000000         2.0088563746      -210.3633099241
       10.4750000000         2.0061558297      -221.7527782972
       10.4800000000         2.0039426493      -219.8545335684
       10.4850000000         2.0022190177      -221.7527782972
       10.4900000000         2.0009866358      -238.8369808569
       10.4950000000         2.0002467198      -236.9387361281
       10.5000000000         2.0000000000      -235.0404913992
       10.5050000000         2.0002467198      -242.6334703146
       10.5100000000         2.0009866358      -227.4475124838
       10.5150000000         2.0022190177      -248.3282045012
       10.5200000000         2.0039426493      -233.1422466704
       10.5250000000         2.0061558297      -259.7176728743
       10.5300000000         2.0088563746      -261.6159176032
       10.5350000000         2.0120416190      -238.8369808569
       10.5400000000         2.0157084194      -269.2088965186
       10.5450000000         2.0198531572      -254.0229386877
       10.5500000000         2.0244717419      -250.2264492300
       10.5550000000         2.0295596155      -261.6159176032
       10.5600000000         2.0351117571      -255.9211834166
       10.5650000000         2.0411226872      -282.4966096206
       10.5700000000         2.0475864738      -246.4299597723
       10.5750000000         2.0544967379      -265.4124070609
       10.5800000000         2.0618466600      -257.8194281455
       10.5850000000         2.0696289865      -261.6159176032
       10.5900000000         2.0778360372      -263.5141623320
       10.5950000000         2.0864597129      -257.8194281455
       10.6000000000         2.0954915028      -280.5983648917
       10.6050000000         2.1049224938      -269.2088965186
       10.6100000000         2.1147433786      -252.1246939589
       10.6150000000         2.1249444652      -267.3106517897
       10.6200000000         2.1355156863      -273.0053859763
       10.6250000000         2.1464466094      -254.0229386877
       10.6300000000         2.1577264470      -284.3948543494
       10.6350000000         2.1693440673      -259.7176728743
       10.6400000000         2.1812880051      -265.4124070609
       10.6450000000         2.1935464732      -263.5141623320
       10.6500000000         2.2061073739      -255.9211834166
       10.6550000000         2.2189583111      -282.4966096206
       10.6600000000         2.2320866025      -252.1246939589
       10.6650000000         2.2454792921      -265.4124070609
       10.6700000000         2.2591231629      -242.6334703146
       10.6750000000         2.2730047501      -242.6334703146
       10.6800000000         2.2871103542      -252.1246939589
       10.6850000000         2.3014260547      -238.8369808569
       10.6900000000         2.3159377237      -240.7352255858
       10.6950000000         2.3306310399      -227.4475124838
       10.7000000000         2.3454915028      -248.3282045012
       10.7050000000         2.3605044470      -236.9387361281
       10.7100000000         2.3756550564      -238.8369808569
       10.7150000000         2.3909283793      -236.9387361281
       10.7200000000         2.4063093427      -216.0580441107
       10.7250000000         2.4217827675      -231.2440019415
       10.7300000000         2.4373333832      -217.9562888395
       10.7350000000         2.4529458433      -219.8545335684
       10.7400000000         2.4686047402      -217.9562888395
       10.7450000000         2.4842946205      -202.7703310087
       10.7500000000         2.5000000000      -212.2615546530
       10.7550000000         2.5157053795      -191.3808626356
       10.7600000000         2.5313952598      -176.1949048047
       10.7650000000         2.5470541567      -128.7387865834
       10.7700000000         2.5626666168       -90.7738920063
       10.7750000000         2.5782172325       -39.5212843272
       10.7800000000         2.5936906573        -1.5563897502
       10.7850000000         2.6090716207        21.2225469961
       10.7900000000         2.6243449436         9.8330786230
       10.7950000000         2.6394955530        -9.1493686656
       10.8000000000         2.6545084972         0.3418549787
       10.8050000000         2.6693689601         6.0365891652
       10.8100000000         2.6840622763         0.3418549787
       10.8150000000         2.6985739453         6.0365891652
       10.8200000000         2.7128896458        17.4260575384
       10.8250000000         2.7269952499       100.9488256079
       10.8300000000         2.7408768371        51.5944626577
       10.8350000000         2.7545207079        81.9663783194
       10.8400000000         2.7679133975        70.5769099463
       10.8450000000         2.7810416889        74.3733994040
       10.8500000000         2.7938926261        70.5769099463
       10.8550000000         2.8064535268        81.9663783194
       10.8600000000         2.8187119949        99.0505808791
       10.8650000000         2.8306559327        89.5593572348
       10.8700000000         2.8422735530        97.1523361502
       10.8750000000         2.8535533906        99.0505808791
       10.8800000000         2.8644843137       119.9312728965
       10.8850000000         2.8750555348       116.1347834388
       10.8900000000         2.8852566214       114.2365387099
       10.8950000000         2.8950775062       125.6260070830
       10.9000000000         2.9045084972       119.9312728965
       10.9050000000         2.9135402871       133.2189859985
       10.9100000000         2.9221639628       102.8470703368
       10.9150000000         2.9303710135       133.2189859985
       10.9200000000         2.9381533400       129.4224965408
       10.9250000000         2.9455032621       154.0996780159
       10.9300000000         2.9524135262       133.2189859985
       10.9350000000         2.9588773128       163.5909016601
       10.9400000000         2.9648882429       154.0996780159
       10.9450000000         2.9704403845       157.8961674736
       10.9500000000         2.9755282581       167.3873911178
       10.9550000000         2.9801468428       163.5909016601
       10.9600000000         2.9842915806       176.8786147621
       10.9650000000         2.9879583810       174.9803700332
       10.9700000000         2.9911436254       174.9803700332
       10.9750000000         2.9938441703       169.2856358467
       10.9800000000         2.9960573507       182.5733489487
       10.9850000000         2.9977809823       173.0821253044
       10.9900000000         2.9990133642       192.0645725929
       10.9950000000         2.9997532802       176.8786147621
       11.0000000000         3.0000000000       184.4715936775
       11.0050000000         2.9997532802       192.0645725929
       11.0100000000         2.9990133642       186.3698384064
       11.0150000000         2.9977809823       195.8610620506
       11.0200000000         2.9960573507       197.7593067795
       11.0250000000         2.9938441703       192.0645725929
       11.0300000000         2.9911436254       207.2505304238
       11.0350000000         2.9879583810       193.9628173218
       11.0400000000         2.9842915806       214.8435093392
       11.0450000000         2.9801468428       211.0470198815
       11.0500000000         2.9755282581       207.2505304238
       11.0550000000         2.9704403845       205.3522856949
       11.0600000000         2.9648882429       203.4540409661
       11.0650000000         2.9588773128       212.9452646103
       11.0700000000         2.9524135262       218.6399987969
       11.0750000000         2.9455032621       212.9452646103
       11.0800000000         2.9381533400       207.2505304238
       11.0850000000         2.9303710135       218.6399987969
       11.0900000000         2.9221639628       195.8610620506
       11.0950000000         2.9135402871       211.0470198815
       11.1000000000         2.9045084972       207.2505304238
       11.1050000000         2.8950775062       212.9452646103
       11.1100000000         2.8852566214       216.7417540680
       11.1150000000         2.8750555348       207.2505304238
       11.1200000000         2.8644843137       190.1663278641
       11.1250000000         2.8535533906       199.6575515084
       11.1300000000         2.8422735530       203.4540409661
       11.1350000000         2.8306559327       201.5557962372
       11.1400000000         2.8187119949       197.7593067795
       11.1450000000         2.8064535268       190.1663278641
       11.1500000000         2.7938926261       195.8610620506
       11.1550000000         2.7810416889       203.4540409661
       11.1600000000         2.7679133975       199.6575515084
       11.1650000000         2.7545207079       192.0645725929
       11.1700000000         2.7408768371       205.3522856949
       11.1750000000         2.7269952499       173.0821253044
       11.1800000000         2.7128896458       193.9628173218
       11.1850000000         2.6985739453       178.7768594910
       11.1900000000         2.6840622763       180.6751042198
       11.1950000000         2.6693689601       174.9803700332
       11.2000000000         2.6545084972       159.7944122024
       11.2050000000         2.6394955530       184.4715936775
       11.2100000000         2.6243449436       163.5909016601
       11.2150000000         2.6090716207       167.3873911178
       11.2200000000         2.5936906573       155.9979227447
       11.2250000000         2.5782172325       150.3031885581
       11.2300000000         2.5626666168       148.4049438293
       11.2350000000         2.5470541567       146.5066991004
       11.2400000000         2.5313952598       133.2189859985
       11.2450000000         2.5157053795       144.6084543716
       11.2500000000         2.5000000000       133.2189859985
       11.2550000000         2.4842946205       142.7102096427
       11.2600000000         2.4686047402       106.6435597945
       11.2650000000         2.4529458433        59.1874415732
       11.2700000000         2.4373333832        15.5278128095
       11.2750000000         2.4217827675       -22.4370817676
       11.2800000000         2.4063093427        -7.2511239367
       11.2850000000         2.3909283793         6.0365891652
       11.2900000000         2.3756550564         6.0365891652
       11.2950000000         2.3605044470        -7.2511239367
       11.3000000000         2.3454915028         2.2400997075
       11.3050000000         2.3306310399       -39.5212843272
       11.3100000000         2.3159377237      -136.3317654988
       11.3150000000         2.3014260547       -73.6896894466
       11.3200000000         2.2871103542       -81.2826683620
       11.3250000000         2.2730047501      -111.6545840237
       11.3300000000         2.2591231629       -94.5703814640
       11.3350000000         2.2454792921      -111.6545840237
       11.3400000000         2.2320866025      -126.8405418545
       11.3450000000         2.2189583111      -138.2300102277
       11.3500000000         2.2061073739      -128.7387865834
       11.3550000000         2.1935464732      -119.2475629391
       11.3600000000         2.1812880051      -130.6370313122
       11.3650000000         2.1693440673      -161.0089469739
       11.3700000000         2.1577264470      -143.9247444142
       11.3750000000         2.1464466094      -145.8229891431
       11.3800000000         2.1355156863      -145.8229891431
       11.3850000000         2.1249444652      -151.5177233296
       11.3900000000         2.1147433786      -157.2124575162
       11.3950000000         2.1049224938      -166.7036811605
       11.4000000000         2.0954915028      -170.5001706182
       11.4050000000         2.0864597129      -176.1949048047
       11.4100000000         2.0778360372      -178.0931495336
       11.4150000000         2.0696289865      -183.7878837202
       11.4200000000         2.0618466600      -172.3984153470
       11.4250000000         2.0544967379      -185.6861284490
       11.4300000000         2.0475864738      -183.7878837202
       11.4350000000         2.0411226872      -195.1773520933
       11.4400000000         2.0351117571      -183.7878837202
       11.4450000000         2.0295596155      -217.9562888395
       11.4500000000         2.0244717419      -200.8720862798
       11.4550000000         2.0198531572      -221.7527782972
       11.4600000000         2.0157084194      -214.1597993818
       11.4650000000         2.0120416190      -212.2615546530
       11.4700000000         2.0088563746      -233.1422466704
       11.4750000000         2.0061558297      -202.7703310087
       11.4800000000         2.0039426493      -238.8369808569
       11.4850000000         2.0022190177      -225.5492677549
       11.4900000000         2.0009866358      -217.9562888395
       11.4950000000         2.0002467198      -240.7352255858
       11.5000000000         2.0000000000      -229.3457572126
       11.5050000000         2.0002467198      -254.0229386877
       11.5100000000         2.0009866358      -225.5492677549
       11.5150000000         2.0022190177      -233.1422466704
       11.5200000000         2.0039426493      -248.3282045012
       11.5250000000         2.0061558297      -242.6334703146
       11.5300000000         2.0088563746      -252.1246939589
       11.5350000000         2.0120416190      -255.9211834166
       11.5400000000         2.0157084194      -236.9387361281
       11.5450000000         2.0198531572      -255.9211834166
       11.5500000000         2.0244717419      -238.8369808569
       11.5550000000         2.0295596155      -252.1246939589
       11.5600000000         2.0351117571      -267.3106517897
       11.5650000000         2.0411226872      -238.8369808569
       11.5700000000         2.0475864738      -274.9036307051
       11.5750000000         2.0544967379      -240.7352255858
       11.5800000000         2.0618466600      -252.1246939589
       11.5850000000         2.0696289865      -242.6334703146
       11.5900000000         2.0778360372      -252.1246939589
       11.5950000000         2.0864597129      -263.5141623320
       11.6000000000         2.0954915028      -231.2440019415
       11.6050000000         2.1049224938      -263.5141623320
       11.6100000000         2.1147433786      -250.2264492300
       11.6150000000         2.1249444652      -257.8194281455
       11.6200000000         2.1355156863      -240.7352255858
       11.6250000000         2.1464466094      -238.8369808569
       11.6300000000         2.1577264470      -263.5141623320
       11.6350000000         2.1693440673      -223.6510230261
       11.6400000000         2.1812880051      -255.9211834166
       11.6450000000         2.1935464732      -238.8369808569
       11.6500000000         2.2061073739      -252.1246939589
       11.6550000000         2.2189583111      -233.1422466704
       11.6600000000         2.2320866025      -233.1422466704
       11.6650000000         2.2454792921      -242.6334703146
       11.6700000000         2.2591231629      -229.3457572126
       11.6750000000         2.2730047501      -238.8369808569
       11.6800000000         2.2871103542      -217.9562888395
       11.6850000000         2.3014260547      -208.4650651953
       11.6900000000         2.3159377237      -219.8545335684
       11.6950000000         2.3306310399      -217.9562888395
       11.7000000000         2.3454915028      -214.1597993818
       11.7050000000         2.3605044470      -210.3633099241
       11.7100000000         2.3756550564      -195.1773520933
       11.7150000000         2.3909283793      -206.5668204664
       11.7200000000         2.4063093427      -195.1773520933
       11.7250000000         2.4217827675      -195.1773520933
       11.7300000000         2.4373333832      -187.5843731779
       11.7350000000         2.4529458433      -183.7878837202
       11.7400000000         2.4686047402      -179.9913942624
       11.7450000000         2.4842946205      -166.7036811605
       11.7500000000         2.5000000000      -183.7878837202
       11.7550000000         2.5157053795      -151.5177233296
       11.7600000000         2.5313952598      -140.1282549565
       11.7650000000         2.5470541567       -79.3844236332
       11.7700000000         2.5626666168       -35.7247948695
       11.7750000000         2.5782172325         7.9348338941
       11.7800000000         2.5936906573         9.8330786230
       11.7850000000         2.6090716207        -1.5563897502
       11.7900000000         2.6243449436        -9.1493686656
       11.7950000000         2.6394955530         0.3418549787
       11.8000000000         2.6545084972         6.0365891652
       11.8050000000         2.6693689601        -5.3528792079
       11.8100000000         2.6840622763         6.0365891652
       11.8150000000         2.6985739453       -16.7423475810
       11.8200000000         2.7128896458        25.0190364538
       11.8250000000         2.7269952499       114.2365387099
       11.8300000000         2.7408768371        53.4927073866
       11.8350000000         2.7545207079        87.6611125060
       11.8400000000         2.7679133975        61.0856863020
       11.8450000000         2.7810416889        85.7628677771
       11.8500000000         2.7938926261        72.4751546751
       11.8550000000         2.8064535268        72.4751546751
       11.8600000000         2.8187119949       114.2365387099
       11.8650000000         2.8306559327        85.7628677771
       11.8700000000         2.8422735530        99.0505808791
       11.8750000000         2.8535533906        97.1523361502
       11.8800000000         2.8644843137       114.2365387099
       11.8850000000         2.8750555348       114.2365387099
       11.8900000000         2.8852566214       114.2365387099
       11.8950000000         2.8950775062       133.2189859985
       11.9000000000         2.9045084972       110.4400492522
       11.9050000000         2.9135402871       121.8295176253
       11.9100000000         2.9221639628       121.8295176253
       11.9150000000         2.9303710135       138.9137201850
       11.9200000000         2.9381533400       137.0154754562
       11.9250000000         2.9455032621       146.5066991004
       11.9300000000         2.9524135262       138.9137201850
       11.9350000000         2.9588773128       148.4049438293
       11.9400000000         2.9648882429       169.2856358467
       11.9450000000         2.9704403845       150.3031885581
       11.9500000000         2.9755282581       152.2014332870
       11.9550000000         2.9801468428       154.0996780159
       11.9600000000         2.9842915806       152.2014332870
       11.9650000000         2.9879583810       159.7944122024
       11.9700000000         2.9911436254       167.3873911178
       11.9750000000         2.9938441703       165.4891463890
       11.9800000000         2.9960573507       173.0821253044
       11.9850000000         2.9977809823       171.1838805755
       11.9900000000         2.9990133642       180.6751042198
       11.9950000000         2.9997532802       176.8786147621
       12.0000000000         3.0000000000       171.1838805755
       12.0050000000         2.9997532802       180.6751042198
       12.0100000000         2.9990133642       188.2680831352
       12.0150000000         2.9977809823       192.0645725929
       12.0200000000         2.9960573507       197.7593067795
       12.0250000000         2.9938441703       197.7593067795
       12.0300000000         2.9911436254       190.1663278641
       12.0350000000         2.9879583810       182.5733489487
       12.0400000000         2.9842915806       205.3522856949
       12.0450000000         2.9801468428       190.1663278641
       12.0500000000         2.9755282581       203.4540409661
       12.0550000000         2.9704403845       212.9452646103
       12.0600000000         2.9648882429       195.8610620506
       12.0650000000         2.9588773128       220.5382435257
       12.0700000000         2.9524135262       197.7593067795
       12.0750000000         2.9455032621       214.8435093392
       12.0800000000         2.9381533400       192.0645725929
       12.0850000000         2.9303710135       199.6575515084
       12.0900000000         2.9221639628       195.8610620506
       12.0950000000         2.9135402871       197.7593067795
       12.1000000000         2.9045084972       205.3522856949
       12.1050000000         2.8950775062       190.1663278641
       12.1100000000         2.8852566214       207.2505304238
       12.1150000000         2.8750555348       192.0645725929
       12.1200000000         2.8644843137       199.6575515084
       12.1250000000         2.8535533906       192.0645725929
       12.1300000000         2.8422735530       205.3522856949
       12.1350000000         2.8306559327       192.0645725929
       12.1400000000         2.8187119949       190.1663278641
       12.1450000000         2.8064535268       205.3522856949
       12.1500000000         2.7938926261       193.9628173218
       12.1550000000         2.7810416889       193.9628173218
       12.1600000000         2.7679133975       184.4715936775
       12.1650000000         2.7545207079       188.2680831352
       12.1700000000         2.7408768371       176.8786147621
       12.1750000000         2.7269952499       199.6575515084
       12.1800000000         2.7128896458       186.3698384064
       12.1850000000         2.6985739453       163.5909016601
       12.1900000000         2.6840622763       182.5733489487
       12.1950000000         2.6693689601       159.7944122024
       12.2000000000         2.6545084972       174.9803700332
       12.2050000000         2.6394955530       157.8961674736
       12.2100000000         2.6243449436       163.5909016601
       12.2150000000         2.6090716207       148.4049438293
       12.2200000000         2.5936906573       135.1172307273
       12.2250000000         2.5782172325       146.5066991004
       12.2300000000         2.5626666168       135.1172307273
       12.2350000000         2.5470541567       135.1172307273
       12.2400000000         2.5313952598       123.7277623542
       12.2450000000         2.5157053795       131.3207412696
       12.2500000000         2.5000000000       125.6260070830
       12.2550000000         2.4842946205       112.3382939811
       12.2600000000         2.4686047402        89.5593572348
       12.2650000000         2.4529458433        32.6120153692
       12.2700000000         2.4373333832         2.2400997075
       12.2750000000         2.4217827675        -7.2511239367
       12.2800000000         2.4063093427        -5.3528792079
       12.2850000000         2.3909283793         6.0365891652
       12.2900000000         2.3756550564         4.1383444364
       12.2950000000         2.3605044470         9.8330786230
       12.3000000000         2.3454915028        -5.3528792079
       12.3050000000         2.3306310399       -64.1984658024
       12.3100000000         2.3159377237      -124.9422971257
       12.3150000000         2.3014260547       -64.1984658024
       12.3200000000         2.2871103542      -100.2651156506
       12.3250000000         2.2730047501      -105.9598498371
       12.3300000000         2.2591231629      -107.8580945660
       12.3350000000         2.2454792921      -100.2651156506
       12.3400000000         2.2320866025      -117.3493182103
       12.3450000000         2.2189583111      -136.3317654988
       12.3500000000         2.2061073739      -121.1458076680
       12.3550000000         2.1935464732      -130.6370313122
       12.3600000000         2.1812880051      -136.3317654988
       12.3650000000         2.1693440673      -123.0440523968
       12.3700000000         2.1577264470      -126.8405418545
       12.3750000000         2.1464466094      -151.5177233296
       12.3800000000         2.1355156863      -149.6194786008
       12.3850000000         2.1249444652      -161.0089469739
       12.3900000000         2.1147433786      -157.2124575162
       12.3950000000         2.1049224938      -155.3142127873
       12.4000000000         2.0954915028      -161.0089469739
       12.4050000000         2.0864597129      -168.6019258893
       12.4100000000         2.0778360372      -161.0089469739
       12.4150000000         2.0696289865      -187.5843731779
       12.4200000000         2.0618466600      -179.9913942624
       12.4250000000         2.0544967379      -183.7878837202
       12.4300000000         2.0475864738      -181.8896389913
       12.4350000000         2.0411226872      -193.2791073644
       12.4400000000         2.0351117571      -185.6861284490
       12.4450000000         2.0295596155      -204.6685757375
       12.4500000000         2.0244717419      -189.4826179067
       12.4550000000         2.0198531572      -217.9562888395
       12.4600000000         2.0157084194      -195.1773520933
       12.4650000000         2.0120416190      -206.5668204664
       12.4700000000         2.0088563746      -212.2615546530
       12.4750000000         2.0061558297      -195.1773520933
       12.4800000000         2.0039426493      -219.8545335684
       12.4850000000         2.0022190177      -193.2791073644
       12.4900000000         2.0009866358      -231.2440019415
       12.4950000000         2.0002467198      -206.5668204664
       12.5000000000         2.0000000000      -217.9562888395
       12.5050000000         2.0002467198      -198.9738415510
       12.5100000000         2.0009866358      -198.9738415510
       12.5150000000         2.0022190177      -219.8545335684
       12.5200000000         2.0039426493      -240.7352255858
       12.5250000000         2.0061558297      -229.3457572126
       12.5300000000         2.0088563746      -244.5317150435
       12.5350000000         2.0120416190      -227.4475124838
       12.5400000000         2.0157084194      -221.7527782972
       12.5450000000         2.0198531572      -240.7352255858
       12.5500000000         2.0244717419      -229.3457572126
       12.5550000000         2.0295596155      -238.8369808569
       12.5600000000         2.0351117571      -240.7352255858
       12.5650000000         2.0411226872      -236.9387361281
       12.5700000000         2.0475864738      -254.0229386877
       12.5750000000         2.0544967379      -233.1422466704
       12.5800000000         2.0618466600      -244.5317150435
       12.5850000000         2.0696289865      -233.1422466704
       12.5900000000         2.0778360372      -236.9387361281
       12.5950000000         2.0864597129      -255.9211834166
       12.6000000000         2.0954915028      -227.4475124838
       12.6050000000         2.1049224938      -254.0229386877
       12.6100000000         2.1147433786      -242.6334703146
       12.6150000000         2.1249444652      -236.9387361281
       12.6200000000         2.1355156863      -254.0229386877
       12.6250000000         2.1464466094      -208.4650651953
       12.6300000000         2.1577264470      -235.0404913992
       12.6350000000         2.1693440673      -225.5492677549
       12.6400000000         2.1812880051      -229.3457572126
       12.6450000000         2.1935464732      -236.9387361281
       12.6500000000         2.2061073739      -210.3633099241
       12.6550000000         2.2189583111      -221.7527782972
       12.6600000000         2.2320866025      -223.6510230261
       12.6650000000         2.2454792921      -212.2615546530
       12.6700000000         2.2591231629      -227.4475124838
       12.6750000000         2.2730047501      -216.0580441107
       12.6800000000         2.2871103542      -202.7703310087
       12.6850000000         2.3014260547      -229.3457572126
       12.6900000000         2.3159377237      -195.1773520933
       12.6950000000         2.3306310399      -212.2615546530
       12.7000000000         2.3454915028      -210.3633099241
       12.7050000000         2.3605044470      -187.5843731779
       12.7100000000         2.3756550564      -191.3808626356
       12.7150000000         2.3909283793      -195.1773520933
       12.7200000000         2.4063093427      -179.9913942624
       12.7250000000         2.4217827675      -185.6861284490
       12.7300000000         2.4373333832      -172.3984153470
       12.7350000000         2.4529458433      -193.2791073644
       12.7400000000         2.4686047402      -162.9071917028
       12.7450000000         2.4842946205      -176.1949048047
       12.7500000000         2.5000000000      -157.2124575162
       12.7550000000         2.5157053795      -147.7212338719
       12.7600000000         2.5313952598      -128.7387865834
       12.7650000000         2.5470541567       -71.7914447178
       12.7700000000         2.5626666168       -33.8265501407
       12.7750000000         2.5782172325        -5.3528792079
       12.7800000000         2.5936906573        13.6295680807
       12.7850000000         2.6090716207        -5.3528792079
       12.7900000000         2.6243449436        -1.5563897502
       12.7950000000         2.6394955530        -9.1493686656
       12.8000000000         2.6545084972        -1.5563897502
       12.8050000000         2.6693689601         7.9348338941
       12.8100000000         2.6840622763         2.2400997075
       12.8150000000         2.6985739453        -1.5563897502
       12.8200000000         2.7128896458        23.1207917249
       12.8250000000         2.7269952499        97.1523361502
       12.8300000000         2.7408768371        53.4927073866
       12.8350000000         2.7545207079        93.3558466925
       12.8400000000         2.7679133975        59.1874415732
       12.8450000000         2.7810416889        91.4576019637
       12.8500000000         2.7938926261        76.2716441328
       12.8550000000         2.8064535268        81.9663783194
       12.8600000000         2.8187119949       100.9488256079
       12.8650000000         2.8306559327       102.8470703368
       12.8700000000         2.8422735530       106.6435597945
       12.8750000000         2.8535533906       102.8470703368
       12.8800000000         2.8644843137       116.1347834388
       12.8850000000         2.8750555348       108.5418045234
       12.8900000000         2.8852566214       123.7277623542
       12.8950000000         2.8950775062       125.6260070830
       12.9000000000         2.9045084972       125.6260070830
       12.9050000000         2.9135402871       131.3207412696
       12.9100000000         2.9221639628       131.3207412696
       12.9150000000         2.9303710135       140.8119649139
       12.9200000000         2.9381533400       146.5066991004
       12.9250000000         2.9455032621       146.5066991004
       12.9300000000         2.9524135262       140.8119649139
       12.9350000000         2.9588773128       161.6926569313
       12.9400000000         2.9648882429       138.9137201850
       12.9450000000         2.9704403845       159.7944122024
       12.9500000000         2.9755282581       157.8961674736
       12.9550000000         2.9801468428       157.8961674736
       12.9600000000         2.9842915806       169.2856358467
       12.9650000000         2.9879583810       159.7944122024
       12.9700000000         2.9911436254       174.9803700332
       12.9750000000         2.9938441703       161.6926569313
       12.9800000000         2.9960573507       186.3698384064
       12.9850000000         2.9977809823       167.3873911178
       12.9900000000         2.9990133642       174.9803700332
       12.9950000000         2.9997532802       174.9803700332
       13.0000000000         3.0000000000       171.1838805755
       13.0050000000         2.9997532802       184.4715936775
       13.0100000000         2.9990133642       173.0821253044
       13.0150000000         2.9977809823       174.9803700332
       13.0200000000         2.9960573507       182.5733489487
       13.0250000000         2.9938441703       193.9628173218
       13.0300000000         2.9911436254       186.3698384064
       13.0350000000         2.9879583810       186.3698384064
       13.0400000000         2.9842915806       203.4540409661
       13.0450000000         2.9801468428       180.6751042198
       13.0500000000         2.9755282581       199.6575515084
       13.0550000000         2.9704403845       195.8610620506
       13.0600000000         2.9648882429       186.3698384064
       13.0650000000         2.9588773128       205.3522856949
       13.0700000000         2.9524135262       192.0645725929
       13.0750000000         2.9455032621       201.5557962372
       13.0800000000         2.9381533400       195.8610620506
       13.0850000000         2.9303710135       203.4540409661
       13.0900000000         2.9221639628       193.9628173218
       13.0950000000         2.9135402871       201.5557962372
       13.1000000000         2.9045084972       209.1487751526
       13.1050000000         2.8950775062       192.0645725929
       13.1100000000         2.8852566214       201.5557962372
       13.1150000000         2.8750555348       199.6575515084
       13.1200000000         2.8644843137       199.6575515084
       13.1250000000         2.8535533906       199.6575515084
       13.1300000000         2.8422735530       205.3522856949
       13.1350000000         2.8306559327       182.5733489487
       13.1400000000         2.8187119949       197.7593067795
       13.1450000000         2.8064535268       193.9628173218
       13.1500000000         2.7938926261       192.0645725929
       13.1550000000         2.7810416889       199.6575515084
       13.1600000000         2.7679133975       173.0821253044
       13.1650000000         2.7545207079       193.9628173218
       13.1700000000         2.7408768371       178.7768594910
       13.1750000000         2.7269952499       186.3698384064
       13.1800000000         2.7128896458       180.6751042198
       13.1850000000         2.6985739453       161.6926569313
       13.1900000000         2.6840622763       184.4715936775
       13.1950000000         2.6693689601       176.8786147621
       13.2000000000         2.6545084972       178.7768594910
       13.2050000000         2.6394955530       159.7944122024
       13.2100000000         2.6243449436       163.5909016601
       13.2150000000         2.6090716207       155.9979227447
       13.2200000000         2.5936906573       150.3031885581
       13.2250000000         2.5782172325       144.6084543716
       13.2300000000         2.5626666168       142.7102096427
       13.2350000000         2.5470541567       133.2189859985
       13.2400000000         2.5313952598       129.4224965408
       13.2450000000         2.5157053795       125.6260070830
       13.2500000000         2.5000000000       127.5242518119
       13.2550000000         2.4842946205       118.0330281676
       13.2600000000         2.4686047402        91.4576019637
       13.2650000000         2.4529458433        51.5944626577
       13.2700000000         2.4373333832         6.0365891652
       13.2750000000         2.4217827675       -22.4370817676
       13.2800000000         2.4063093427         2.2400997075
       13.2850000000         2.3909283793         4.1383444364
       13.2900000000         2.3756550564         9.8330786230
       13.2950000000         2.3605044470        -7.2511239367
       13.3000000000         2.3454915028         2.2400997075
       13.3050000000         2.3306310399       -83.1809130909
       13.3100000000         2.3159377237      -117.3493182103
       13.3150000000         2.3014260547       -67.9949552601
       13.3200000000         2.2871103542       -88.8756472775
       13.3250000000         2.2730047501       -94.5703814640
       13.3300000000         2.2591231629      -107.8580945660
       13.3350000000         2.2454792921      -102.1633603794
       13.3400000000         2.2320866025      -119.2475629391
       13.3450000000         2.2189583111      -126.8405418545
       13.3500000000         2.2061073739      -107.8580945660
       13.3550000000         2.1935464732      -132.5352760411
       13.3600000000         2.1812880051      -123.0440523968
       13.3650000000         2.1693440673      -149.6194786008
       13.3700000000         2.1577264470      -128.7387865834
       13.3750000000         2.1464466094      -138.2300102277
       13.3800000000         2.1355156863      -153.4159680585
       13.3850000000         2.1249444652      -136.3317654988
       13.3900000000         2.1147433786      -149.6194786008
       13.3950000000         2.1049224938      -157.2124575162
       13.4000000000         2.0954915028      -164.8054364316
       13.4050000000         2.0864597129      -153.4159680585
       13.4100000000         2.0778360372      -164.8054364316
       13.4150000000         2.0696289865      -162.9071917028
       13.4200000000         2.0618466600      -155.3142127873
       13.4250000000         2.0544967379      -179.9913942624
       13.4300000000         2.0475864738      -172.3984153470
       13.4350000000         2.0411226872      -189.4826179067
       13.4400000000         2.0351117571      -189.4826179067
       13.4450000000         2.0295596155      -198.9738415510
       13.4500000000         2.0244717419      -202.7703310087
       13.4550000000         2.0198531572      -187.5843731779
       13.4600000000         2.0157084194      -198.9738415510
       13.4650000000         2.0120416190      -195.1773520933
       13.4700000000         2.0088563746      -221.7527782972
       13.4750000000         2.0061558297      -195.1773520933
       13.4800000000         2.0039426493      -225.5492677549
       13.4850000000         2.0022190177      -202.7703310087
       13.4900000000         2.0009866358      -216.0580441107
       13.4950000000         2.0002467198      -219.8545335684
       13.5000000000         2.0000000000      -217.9562888395
       13.5050000000         2.0002467198      -236.9387361281
       13.5100000000         2.0009866358      -227.4475124838
       13.5150000000         2.0022190177      -233.1422466704
       13.5200000000         2.0039426493      -231.2440019415
       13.5250000000         2.0061558297      -238.8369808569
       13.5300000000         2.0088563746      -221.7527782972
       13.5350000000         2.0120416190      -240.7352255858
       13.5400000000         2.0157084194      -236.9387361281
       13.5450000000         2.0198531572      -236.9387361281
       13.5500000000         2.0244717419      -248.3282045012
       13.5550000000         2.0295596155      -216.0580441107
       13.5600000000         2.0351117571      -250.2264492300
       13.5650000000         2.0411226872      -235.0404913992
       13.5700000000         2.0475864738      -257.8194281455
       13.5750000000         2.0544967379      -244.5317150435
       13.5800000000         2.0618466600      -219.8545335684
       13.5850000000         2.0696289865      -248.3282045012
       13.5900000000         2.0778360372      -231.2440019415
       13.5950000000         2.0864597129      -242.6334703146
       13.6000000000         2.0954915028      -238.8369808569
       13.6050000000         2.1049224938      -225.5492677549
       13.6100000000         2.1147433786      -252.1246939589
       13.6150000000         2.1249444652      -227.4475124838
       13.6200000000         2.1355156863      -242.6334703146
       13.6250000000         2.1464466094      -227.4475124838
       13.6300000000         2.1577264470      -216.0580441107
       13.6350000000         2.1693440673      -244.5317150435
       13.6400000000         2.1812880051      -231.2440019415
       13.6450000000         2.1935464732      -236.9387361281
       13.6500000000         2.2061073739      -210.3633099241
       13.6550000000         2.2189583111      -225.5492677549
       13.6600000000         2.2320866025      -233.1422466704
       13.6650000000         2.2454792921      -221.7527782972
       13.6700000000         2.2591231629      -221.7527782972
       13.6750000000         2.2730047501      -217.9562888395
       13.6800000000         2.2871103542      -221.7527782972
       13.6850000000         2.3014260547      -216.0580441107
       13.6900000000         2.3159377237      -217.9562888395
       13.6950000000         2.3306310399      -206.5668204664
       13.7000000000         2.3454915028      -200.8720862798
       13.7050000000         2.3605044470      -212.2615546530
       13.7100000000         2.3756550564      -174.2966600759
       13.7150000000         2.3909283793      -197.0755968221
       13.7200000000         2.4063093427      -202.7703310087
       13.7250000000         2.4217827675      -183.7878837202
       13.7300000000         2.4373333832      -179.9913942624
       13.7350000000         2.4529458433      -189.4826179067
       13.7400000000         2.4686047402      -174.2966600759
       13.7450000000         2.4842946205      -174.2966600759
       13.7500000000         2.5000000000      -170.5001706182
       13.7550000000         2.5157053795      -157.2124575162
       13.7600000000         2.5313952598      -136.3317654988
       13.7650000000         2.5470541567       -73.6896894466
       13.7700000000         2.5626666168       -33.8265501407
       13.7750000000         2.5782172325        -5.3528792079
       13.7800000000         2.5936906573        19.3243022672
       13.7850000000         2.6090716207        -3.4546344790
       13.7900000000         2.6243449436        -9.1493686656
       13.7950000000         2.6394955530         0.3418549787
       13.8000000000         2.6545084972         4.1383444364
       13.8050000000         2.6693689601        -5.3528792079
       13.8100000000         2.6840622763        -5.3528792079
       13.8150000000         2.6985739453         2.2400997075
       13.8200000000         2.7128896458        11.7313233518
       13.8250000000         2.7269952499       118.0330281676
       13.8300000000         2.7408768371        64.8821757597
       13.8350000000         2.7545207079        74.3733994040
       13.8400000000         2.7679133975        83.8646230483
       13.8450000000         2.7810416889        78.1698888617
       13.8500000000         2.7938926261       100.9488256079
       13.8550000000         2.8064535268        81.9663783194
       13.8600000000         2.8187119949       118.0330281676
       13.8650000000         2.8306559327        93.3558466925
       13.8700000000         2.8422735530       118.0330281676
       13.8750000000         2.8535533906       100.9488256079
       13.8800000000         2.8644843137       116.1347834388
       13.8850000000         2.8750555348       118.0330281676
       13.8900000000         2.8852566214       129.4224965408
       13.8950000000         2.8950775062       129.4224965408
       13.9000000000         2.9045084972       131.3207412696
       13.9050000000         2.9135402871       133.2189859985
       13.9100000000         2.9221639628       138.9137201850
       13.9150000000         2.9303710135       146.5066991004
       13.9200000000         2.9381533400       144.6084543716
       13.9250000000         2.9455032621       148.4049438293
       13.9300000000         2.9524135262       154.0996780159
       13.9350000000         2.9588773128       148.4049438293
       13.9400000000         2.9648882429       159.7944122024
       13.9450000000         2.9704403845       163.5909016601
       13.9500000000         2.9755282581       161.6926569313
       13.9550000000         2.9801468428       174.9803700332
       13.9600000000         2.9842915806       171.1838805755
       13.9650000000         2.9879583810       180.6751042198
       13.9700000000         2.9911436254       178.7768594910
       13.9750000000         2.9938441703       173.0821253044
       13.9800000000         2.9960573507       188.2680831352
       13.9850000000         2.9977809823       182.5733489487
       13.9900000000         2.9990133642       203.4540409661
       13.9950000000         2.9997532802       180.6751042198
       14.0000000000         3.0000000000       205.3522856949
       14.0050000000         2.9997532802       178.7768594910
       14.0100000000         2.9990133642       207.2505304238
       14.0150000000         2.9977809823       211.0470198815
       14.0200000000         2.9960573507       205.3522856949
       14.0250000000         2.9938441703       207.2505304238
       14.0300000000         2.9911436254       222.4364882546
       14.0350000000         2.9879583810       205.3522856949
       14.0400000000         2.9842915806       212.9452646103
       14.0450000000         2.9801468428       220.5382435257
       14.0500000000         2.9755282581       195.8610620506
       14.0550000000         2.9704403845       226.2329777123
       14.0600000000         2.9648882429       205.3522856949
       14.0650000000         2.9588773128       205.3522856949
       14.0700000000         2.9524135262       216.7417540680
       14.0750000000         2.9455032621       211.0470198815
       14.0800000000         2.9381533400       205.3522856949
       14.0850000000         2.9303710135       216.7417540680
       14.0900000000         2.9221639628       199.6575515084
       14.0950000000         2.9135402871       212.9452646103
       14.1000000000         2.9045084972       203.4540409661
       14.1050000000         2.8950775062       207.2505304238
       14.1100000000         2.8852566214       203.4540409661
       14.1150000000         2.8750555348       212.9452646103
       14.1200000000         2.8644843137       203.4540409661
       14.1250000000         2.8535533906       199.6575515084
       14.1300000000         2.8422735530       218.6399987969
       14.1350000000         2.8306559327       190.1663278641
       14.1400000000         2.8187119949       211.0470198815
       14.1450000000         2.8064535268       192.0645725929
       14.1500000000         2.7938926261       201.5557962372
       14.1550000000         2.7810416889       186.3698384064
       14.1600000000         2.7679133975       184.4715936775
       14.1650000000         2.7545207079       182.5733489487
       14.1700000000         2.7408768371       171.1838805755
       14.1750000000         2.7269952499       186.3698384064
       14.1800000000         2.7128896458       174.9803700332
       14.1850000000         2.6985739453       184.4715936775
       14.1900000000         2.6840622763       171.1838805755
       14.1950000000         2.6693689601       154.0996780159
       14.2000000000         2.6545084972       167.3873911178
       14.2050000000         2.6394955530       154.0996780159
       14.2100000000         2.6243449436       167.3873911178
       14.2150000000         2.6090716207       146.5066991004
       14.2200000000         2.5936906573       140.8119649139
       14.2250000000         2.5782172325       154.0996780159
       14.2300000000         2.5626666168       146.5066991004
       14.2350000000         2.5470541567       146.5066991004
       14.2400000000         2.5313952598       133.2189859985
       14.2450000000         2.5157053795       146.5066991004
       14.2500000000         2.5000000000       123.7277623542
       14.2550000000         2.4842946205       131.3207412696
       14.2600000000         2.4686047402       102.8470703368
       14.2650000000         2.4529458433        55.3909521154
       14.2700000000         2.4373333832         2.2400997075
       14.2750000000         2.4217827675       -24.3353264964
       14.2800000000         2.4063093427         0.3418549787
       14.2850000000         2.3909283793         0.3418549787
       14.2900000000         2.3756550564         6.0365891652
       14.2950000000         2.3605044470        -3.4546344790
       14.3000000000         2.3454915028        -3.4546344790
       14.3050000000         2.3306310399       -30.0300606830
       14.3100000000         2.3159377237      -145.8229891431
       14.3150000000         2.3014260547       -71.7914447178
       14.3200000000         2.2871103542       -92.6721367352
       14.3250000000         2.2730047501       -96.4686261929
       14.3300000000         2.2591231629      -102.1633603794
       14.3350000000         2.2454792921      -105.9598498371
       14.3400000000         2.2320866025      -111.6545840237
       14.3450000000         2.2189583111      -121.1458076680
       14.3500000000         2.2061073739       -96.4686261929
       14.3550000000         2.1935464732      -109.7563392948
       14.3600000000         2.1812880051      -126.8405418545
       14.3650000000         2.1693440673      -121.1458076680
       14.3700000000         2.1577264470      -140.1282549565
       14.3750000000         2.1464466094      -121.1458076680
       14.3800000000         2.1355156863      -142.0264996854
       14.3850000000         2.1249444652      -143.9247444142
       14.3900000000         2.1147433786      -140.1282549565
       14.3950000000         2.1049224938      -155.3142127873
       14.4000000000         2.0954915028      -142.0264996854
       14.4050000000         2.0864597129      -166.7036811605
       14.4100000000         2.0778360372      -136.3317654988
       14.4150000000         2.0696289865      -178.0931495336
       14.4200000000         2.0618466600      -162.9071917028
       14.4250000000         2.0544967379      -176.1949048047
       14.4300000000         2.0475864738      -172.3984153470
       14.4350000000         2.0411226872      -168.6019258893
       14.4400000000         2.0351117571      -197.0755968221
       14.4450000000         2.0295596155      -172.3984153470
       14.4500000000         2.0244717419      -189.4826179067
       14.4550000000         2.0198531572      -187.5843731779
       14.4600000000         2.0157084194      -195.1773520933
       14.4650000000         2.0120416190      -193.2791073644
       14.4700000000         2.0088563746      -210.3633099241
       14.4750000000         2.0061558297      -202.7703310087
       14.4800000000         2.0039426493      -216.0580441107
       14.4850000000         2.0022190177      -198.9738415510
       14.4900000000         2.0009866358      -217.9562888395
       14.4950000000         2.0002467198      -197.0755968221
       14.5000000000         2.0000000000      -227.4475124838
       14.5050000000         2.0002467198      -206.5668204664
       14.5100000000         2.0009866358      -236.9387361281
       14.5150000000         2.0022190177      -217.9562888395
       14.5200000000         2.0039426493      -212.2615546530
       14.5250000000         2.0061558297      -225.5492677549
       14.5300000000         2.0088563746      -227.4475124838
       14.5350000000         2.0120416190      -229.3457572126
       14.5400000000         2.0157084194      -233.1422466704
       14.5450000000         2.0198531572      -233.1422466704
       14.5500000000         2.0244717419      -212.2615546530
       14.5550000000         2.0295596155      -248.3282045012
       14.5600000000         2.0351117571      -217.9562888395
       14.5650000000         2.0411226872      -248.3282045012
       14.5700000000         2.0475864738      -219.8545335684
       14.5750000000         2.0544967379      -217.9562888395
       14.5800000000         2.0618466600      -248.3282045012
       14.5850000000         2.0696289865      -221.7527782972
       14.5900000000         2.0778360372      -229.3457572126
       14.5950000000         2.0864597129      -225.5492677549
       14.6000000000         2.0954915028      -221.7527782972
       14.6050000000         2.1049224938      -242.6334703146
       14.6100000000         2.1147433786      -229.3457572126
       14.6150000000         2.1249444652      -231.2440019415
       14.6200000000         2.1355156863      -227.4475124838
       14.6250000000         2.1464466094      -223.6510230261
       14.6300000000         2.1577264470      -235.0404913992
       14.6350000000         2.1693440673      -233.1422466704
       14.6400000000         2.1812880051      -217.9562888395
       14.6450000000         2.1935464732      -219.8545335684
       14.6500000000         2.2061073739      -235.0404913992
       14.6550000000         2.2189583111      -216.0580441107
       14.6600000000         2.2320866025      -225.5492677549
       14.6650000000         2.2454792921      -202.7703310087
       14.6700000000         2.2591231629      -206.5668204664
       14.6750000000         2.2730047501      -212.2615546530
       14.6800000000         2.2871103542      -198.9738415510
       14.6850000000         2.3014260547      -229.3457572126
       14.6900000000         2.3159377237      -197.0755968221
       14.6950000000         2.3306310399      -202.7703310087
       14.7000000000         2.3454915028      -216.0580441107
       14.7050000000         2.3605044470      -187.5843731779
       14.7100000000         2.3756550564      -212.2615546530
       14.7150000000         2.3909283793      -187.5843731779
       14.7200000000         2.4063093427      -202.7703310087
       14.7250000000         2.4217827675      -187.5843731779
       14.7300000000         2.4373333832      -191.3808626356
       14.7350000000         2.4529458433      -191.3808626356
       14.7400000000         2.4686047402      -174.2966600759
       14.7450000000         2.4842946205      -170.5001706182
       14.7500000000         2.5000000000      -172.3984153470
       14.7550000000         2.5157053795      -161.0089469739
       14.7600000000         2.5313952598      -132.5352760411
       14.7650000000         2.5470541567       -86.9774025486
       14.7700000000         2.5626666168       -37.6230395984
       14.7750000000         2.5782172325        -9.1493686656
       14.7800000000         2.5936906573        15.5278128095
       14.7850000000         2.6090716207         4.1383444364
       14.7900000000         2.6243449436        -3.4546344790
       14.7950000000         2.6394955530         0.3418549787
       14.8000000000         2.6545084972        -5.3528792079
       14.8050000000         2.6693689601        -1.5563897502
       14.8100000000         2.6840622763         2.2400997075
       14.8150000000         2.6985739453        -3.4546344790
       14.8200000000         2.7128896458         0.3418549787
       14.8250000000         2.7269952499       100.9488256079
       14.8300000000         2.7408768371        70.5769099463
       14.8350000000         2.7545207079        76.2716441328
       14.8400000000         2.7679133975        76.2716441328
       14.8450000000         2.7810416889        80.0681335906
       14.8500000000         2.7938926261        93.3558466925
       14.8550000000         2.8064535268        85.7628677771
       14.8600000000         2.8187119949       116.1347834388
       14.8650000000         2.8306559327       106.6435597945
       14.8700000000         2.8422735530       116.1347834388
       14.8750000000         2.8535533906       119.9312728965
       14.8800000000         2.8644843137       114.2365387099
       14.8850000000         2.8750555348       119.9312728965
       14.8900000000         2.8852566214       121.8295176253
       14.8950000000         2.8950775062       140.8119649139
       14.9000000000         2.9045084972       127.5242518119
       14.9050000000         2.9135402871       146.5066991004
       14.9100000000         2.9221639628       138.9137201850
       14.9150000000         2.9303710135       152.2014332870
       14.9200000000         2.9381533400       140.8119649139
       14.9250000000         2.9455032621       144.6084543716
       14.9300000000         2.9524135262       154.0996780159
       14.9350000000         2.9588773128       152.2014332870
       14.9400000000         2.9648882429       174.9803700332
       14.9450000000         2.9704403845       152.2014332870
       14.9500000000         2.9755282581       152.2014332870
       14.9550000000         2.9801468428       173.0821253044
       14.9600000000         2.9842915806       169.2856358467
       14.9650000000         2.9879583810       182.5733489487
       14.9700000000         2.9911436254       180.6751042198
       14.9750000000         2.9938441703       193.9628173218
       14.9800000000         2.9960573507       184.4715936775
       14.9850000000         2.9977809823       184.4715936775
       14.9900000000         2.9990133642       192.0645725929
       14.9950000000         2.9997532802       192.0645725929
       15.0000000000         3.0000000000       203.4540409661
       15.0050000000         2.9997532802       203.4540409661
       15.0100000000         2.9990133642       192.0645725929
       15.0150000000         2.9977809823       199.6575515084
       15.0200000000         2.9960573507       197.7593067795
       15.0250000000         2.9938441703       220.5382435257
       15.0300000000         2.9911436254       207.2505304238
       15.0350000000         2.9879583810       212.9452646103
       15.0400000000         2.9842915806       203.4540409661
       15.0450000000         2.9801468428       224.3347329835
       15.0500000000         2.9755282581       218.6399987969
       15.0550000000         2.9704403845       216.7417540680
       15.0600000000         2.9648882429       222.4364882546
       15.0650000000         2.9588773128       212.9452646103
       15.0700000000         2.9524135262       220.5382435257
       15.0750000000         2.9455032621       231.9277118989
       15.0800000000         2.9381533400       214.8435093392
       15.0850000000         2.9303710135       214.8435093392
       15.0900000000         2.9221639628       220.5382435257
       15.0950000000         2.9135402871       197.7593067795
       15.1000000000         2.9045084972       235.7242013566
       15.1050000000         2.8950775062       209.1487751526
       15.1100000000         2.8852566214       220.5382435257
       15.1150000000         2.8750555348       220.5382435257
       15.1200000000         2.8644843137       192.0645725929
       15.1250000000         2.8535533906       201.5557962372
       15.1300000000         2.8422735530       212.9452646103
       15.1350000000         2.8306559327       182.5733489487
       15.1400000000         2.8187119949       203.4540409661
       15.1450000000         2.8064535268       192.0645725929
       15.1500000000         2.7938926261       190.1663278641
       15.1550000000         2.7810416889       193.9628173218
       15.1600000000         2.7679133975       182.5733489487
       15.1650000000         2.7545207079       193.9628173218
       15.1700000000         2.7408768371       173.0821253044
       15.1750000000         2.7269952499       184.4715936775
       15.1800000000         2.7128896458       174.9803700332
       15.1850000000         2.6985739453       174.9803700332
       15.1900000000         2.6840622763       171.1838805755
       15.1950000000         2.6693689601       157.8961674736
       15.2000000000         2.6545084972       167.3873911178
       15.2050000000         2.6394955530       146.5066991004
       15.2100000000         2.6243449436       163.5909016601
       15.2150000000         2.6090716207       144.6084543716
       15.2200000000         2.5936906573       135.1172307273
       15.2250000000         2.5782172325       146.5066991004
       15.2300000000         2.5626666168       133.2189859985
       15.2350000000         2.5470541567       118.0330281676
       15.2400000000         2.5313952598       125.6260070830
       15.2450000000         2.5157053795       116.1347834388
       15.2500000000         2.5000000000       116.1347834388
       15.2550000000         2.4842946205       110.4400492522
       15.2600000000         2.4686047402        85.7628677771
       15.2650000000         2.4529458433        47.7979732000
       15.2700000000         2.4373333832        13.6295680807
       15.2750000000         2.4217827675       -16.7423475810
       15.2800000000         2.4063093427        -5.3528792079
       15.2850000000         2.3909283793        -9.1493686656
       15.2900000000         2.3756550564         9.8330786230
       15.2950000000         2.3605044470        -5.3528792079
       15.3000000000         2.3454915028        -3.4546344790
       15.3050000000         2.3306310399       -96.4686261929
       15.3100000000         2.3159377237      -111.6545840237
       15.3150000000         2.3014260547       -75.5879341755
       15.3200000000         2.2871103542      -107.8580945660
       15.3250000000         2.2730047501       -83.1809130909
       15.3300000000         2.2591231629      -126.8405418545
       15.3350000000         2.2454792921       -92.6721367352
       15.3400000000         2.2320866025      -149.6194786008
       15.3450000000         2.2189583111      -111.6545840237
       15.3500000000         2.2061073739      -126.8405418545
       15.3550000000         2.1935464732      -121.1458076680
       15.3600000000         2.1812880051      -145.8229891431
       15.3650000000         2.1693440673      -138.2300102277
       15.3700000000         2.1577264470      -126.8405418545
       15.3750000000         2.1464466094      -151.5177233296
       15.3800000000         2.1355156863      -124.9422971257
       15.3850000000         2.1249444652      -164.8054364316
       15.3900000000         2.1147433786      -138.2300102277
       15.3950000000         2.1049224938      -166.7036811605
       15.4000000000         2.0954915028      -161.0089469739
       15.4050000000         2.0864597129      -157.2124575162
       15.4100000000         2.0778360372      -162.9071917028
       15.4150000000         2.0696289865      -202.7703310087
       15.4200000000         2.0618466600      -161.0089469739
       15.4250000000         2.0544967379      -170.5001706182
       15.4300000000         2.0475864738      -172.3984153470
       15.4350000000         2.0411226872      -183.7878837202
       15.4400000000         2.0351117571      -191.3808626356
       15.4450000000         2.0295596155      -174.2966600759
       15.4500000000         2.0244717419      -214.1597993818
       15.4550000000         2.0198531572      -166.7036811605
       15.4600000000         2.0157084194      -210.3633099241
       15.4650000000         2.0120416190      -204.6685757375
       15.4700000000         2.0088563746      -212.2615546530
       15.4750000000         2.0061558297      -204.6685757375
       15.4800000000         2.0039426493      -206.5668204664
       15.4850000000         2.0022190177      -202.7703310087
       15.4900000000         2.0009866358      -217.9562888395
       15.4950000000         2.0002467198      -216.0580441107
       15.5000000000         2.0000000000      -210.3633099241
       15.5050000000         2.0002467198      -223.6510230261
       15.5100000000         2.0009866358      -206.5668204664
       15.5150000000         2.0022190177      -217.9562888395
       15.5200000000         2.0039426493      -235.0404913992
       15.5250000000         2.0061558297      -217.9562888395
       15.5300000000         2.0088563746      -231.2440019415
       15.5350000000         2.0120416190      -229.3457572126
       15.5400000000         2.0157084194      -231.2440019415
       15.5450000000         2.0198531572      -233.1422466704
       15.5500000000         2.0244717419      -235.0404913992
       15.5550000000         2.0295596155      -231.2440019415
       15.5600000000         2.0351117571      -231.2440019415
       15.5650000000         2.0411226872      -233.1422466704
       15.5700000000         2.0475864738      -244.5317150435
       15.5750000000         2.0544967379      -231.2440019415
       15.5800000000         2.0618466600      -233.1422466704
       15.5850000000         2.0696289865      -244.5317150435
       15.5900000000         2.0778360372      -244.5317150435
       15.5950000000         2.0864597129      -240.7352255858
       15.6000000000         2.0954915028      -248.3282045012
       15.6050000000         2.1049224938      -210.3633099241
       15.6100000000         2.1147433786      -250.2264492300
       15.6150000000         2.1249444652      -233.1422466704
       15.6200000000         2.1355156863      -235.0404913992
       15.6250000000         2.1464466094      -240.7352255858
       15.6300000000         2.1577264470      -216.0580441107
       15.6350000000         2.1693440673      -252.1246939589
       15.6400000000         2.1812880051      -214.1597993818
       15.6450000000         2.1935464732      -238.8369808569
       15.6500000000         2.2061073739      -231.2440019415
       15.6550000000         2.2189583111      -217.9562888395
       15.6600000000         2.2320866025      -235.0404913992
       15.6650000000         2.2454792921      -221.7527782972
       15.6700000000         2.2591231629      -225.5492677549
       15.6750000000         2.2730047501      -214.1597993818
       15.6800000000         2.2871103542      -221.7527782972
       15.6850000000         2.3014260547      -212.2615546530
       15.6900000000         2.3159377237      -216.0580441107
       15.6950000000         2.3306310399      -208.4650651953
       15.7000000000         2.3454915028      -204.6685757375
       15.7050000000         2.3605044470      -198.9738415510
       15.7100000000         2.3756550564      -206.5668204664
       15.7150000000         2.3909283793      -204.6685757375
       15.7200000000         2.4063093427      -200.8720862798
       15.7250000000         2.4217827675      -176.1949048047
       15.7300000000         2.4373333832      -202.7703310087
       15.7350000000         2.4529458433      -174.2966600759
       15.7400000000         2.4686047402      -197.0755968221
       15.7450000000         2.4842946205      -176.1949048047
       15.7500000000         2.5000000000      -157.2124575162
       15.7550000000         2.5157053795      -162.9071917028
       15.7600000000         2.5313952598      -134.4335207699
       15.7650000000         2.5470541567       -90.7738920063
       15.7700000000         2.5626666168       -30.0300606830
       15.7750000000         2.5782172325        -7.2511239367
       15.7800000000         2.5936906573        11.7313233518
       15.7850000000         2.6090716207         2.2400997075
       15.7900000000         2.6243449436        -1.5563897502
       15.7950000000         2.6394955530        -5.3528792079
       15.8000000000         2.6545084972         7.9348338941
       15.8050000000         2.6693689601        -1.5563897502
       15.8100000000         2.6840622763        -3.4546344790
       15.8150000000         2.6985739453        -1.5563897502
       15.8200000000         2.7128896458        11.7313233518
       15.8250000000         2.7269952499       112.3382939811
       15.8300000000         2.7408768371        78.1698888617
       15.8350000000         2.7545207079        70.5769099463
       15.8400000000         2.7679133975        81.9663783194
       15.8450000000         2.7810416889        85.7628677771
       15.8500000000         2.7938926261        93.3558466925
       15.8550000000         2.8064535268        89.5593572348
       15.8600000000         2.8187119949       108.5418045234
       15.8650000000         2.8306559327       108.5418045234
       15.8700000000         2.8422735530        99.0505808791
       15.8750000000         2.8535533906       104.7453150657
       15.8800000000         2.8644843137       118.0330281676
       15.8850000000         2.8750555348       114.2365387099
       15.8900000000         2.8852566214       131.3207412696
       15.8950000000         2.8950775062       123.7277623542
       15.9000000000         2.9045084972       131.3207412696
       15.9050000000         2.9135402871       127.5242518119
       15.9100000000         2.9221639628       108.5418045234
       15.9150000000         2.9303710135       150.3031885581
       15.9200000000         2.9381533400       142.7102096427
       15.9250000000         2.9455032621       152.2014332870
       15.9300000000         2.9524135262       154.0996780159
       15.9350000000         2.9588773128       159.7944122024
       15.9400000000         2.9648882429       155.9979227447
       15.9450000000         2.9704403845       167.3873911178
       15.9500000000         2.9755282581       169.2856358467
       15.9550000000         2.9801468428       174.9803700332
       15.9600000000         2.9842915806       176.8786147621
       15.9650000000         2.9879583810       178.7768594910
       15.9700000000         2.9911436254       182.5733489487
       15.9750000000         2.9938441703       178.7768594910
       15.9800000000         2.9960573507       188.2680831352
       15.9850000000         2.9977809823       192.0645725929
       15.9900000000         2.9990133642       205.3522856949
       15.9950000000         2.9997532802       190.1663278641
       16.0000000000         3.0000000000       199.6575515084
       16.0050000000         2.9997532802       180.6751042198
       16.0100000000         2.9990133642       188.2680831352
       16.0150000000         2.9977809823       207.2505304238
       16.0200000000         2.9960573507       211.0470198815
       16.0250000000         2.9938441703       203.4540409661
       16.0300000000         2.9911436254       220.5382435257
       16.0350000000         2.9879583810       201.5557962372
       16.0400000000         2.9842915806       216.7417540680
       16.0450000000         2.9801468428       224.3347329835
       16.0500000000         2.9755282581       211.0470198815
       16.0550000000         2.9704403845       220.5382435257
       16.0600000000         2.9648882429       211.0470198815
       16.0650000000         2.9588773128       220.5382435257
       16.0700000000         2.9524135262       216.7417540680
       16.0750000000         2.9455032621       228.1312224412
       16.0800000000         2.9381533400       207.2505304238
       16.0850000000         2.9303710135       222.4364882546
       16.0900000000         2.9221639628       218.6399987969
       16.0950000000         2.9135402871       224.3347329835
       16.1000000000         2.9045084972       233.8259566277
       16.1050000000         2.8950775062       205.3522856949
       16.1100000000         2.8852566214       222.4364882546
       16.1150000000         2.8750555348       220.5382435257
       16.1200000000         2.8644843137       224.3347329835
       16.1250000000         2.8535533906       220.5382435257
       16.1300000000         2.8422735530       211.0470198815
       16.1350000000         2.8306559327       207.2505304238
       16.1400000000         2.8187119949       220.5382435257
       16.1450000000         2.8064535268       207.2505304238
       16.1500000000         2.7938926261       197.7593067795
       16.1550000000         2.7810416889       222.4364882546
       16.1600000000         2.7679133975       192.0645725929
       16.1650000000         2.7545207079       197.7593067795
       16.1700000000         2.7408768371       214.8435093392
       16.1750000000         2.7269952499       190.1663278641
       16.1800000000         2.7128896458       201.5557962372
       16.1850000000         2.6985739453       180.6751042198
       16.1900000000         2.6840622763       182.5733489487
       16.1950000000         2.6693689601       176.8786147621
       16.2000000000         2.6545084972       174.9803700332
       16.2050000000         2.6394955530       163.5909016601
       16.2100000000         2.6243449436       169.2856358467
       16.2150000000         2.6090716207       163.5909016601
       16.2200000000         2.5936906573       155.9979227447
       16.2250000000         2.5782172325       148.4049438293
       16.2300000000         2.5626666168       142.7102096427
       16.2350000000         2.5470541567       144.6084543716
       16.2400000000         2.5313952598       152.2014332870
       16.2450000000         2.5157053795       138.9137201850
       16.2500000000         2.5000000000       131.3207412696
       16.2550000000         2.4842946205       119.9312728965
       16.2600000000         2.4686047402       100.9488256079
       16.2650000000         2.4529458433        57.2891968443
       16.2700000000         2.4373333832         6.0365891652
       16.2750000000         2.4217827675       -20.5388370387
       16.2800000000         2.4063093427         4.1383444364
       16.2850000000         2.3909283793        -5.3528792079
       16.2900000000         2.3756550564         7.9348338941
       16.2950000000         2.3605044470        -1.5563897502
       16.3000000000         2.3454915028         7.9348338941
       16.3050000000         2.3306310399       -45.2160185138
       16.3100000000         2.3159377237      -143.9247444142
       16.3150000000         2.3014260547       -64.1984658024
       16.3200000000         2.2871103542      -102.1633603794
       16.3250000000         2.2730047501      -104.0616051083
       16.3300000000         2.2591231629      -105.9598498371
       16.3350000000         2.2454792921      -109.7563392948
       16.3400000000         2.2320866025      -136.3317654988
       16.3450000000         2.2189583111      -136.3317654988
       16.3500000000         2.2061073739      -111.6545840237
       16.3550000000         2.1935464732      -126.8405418545
       16.3600000000         2.1812880051      -140.1282549565
       16.3650000000         2.1693440673      -140.1282549565
       16.3700000000         2.1577264470      -145.8229891431
       16.3750000000         2.1464466094      -149.6194786008
       16.3800000000         2.1355156863      -140.1282549565
       16.3850000000         2.1249444652      -149.6194786008
       16.3900000000         2.1147433786      -161.0089469739
       16.3950000000         2.1049224938      -157.2124575162
       16.4000000000         2.0954915028      -164.8054364316
       16.4050000000         2.0864597129      -153.4159680585
       16.4100000000         2.0778360372      -172.3984153470
       16.4150000000         2.0696289865      -170.5001706182
       16.4200000000         2.0618466600      -168.6019258893
       16.4250000000         2.0544967379      -178.0931495336
       16.4300000000         2.0475864738      -149.6194786008
       16.4350000000         2.0411226872      -185.6861284490
       16.4400000000         2.0351117571      -170.5001706182
       16.4450000000         2.0295596155      -202.7703310087
       16.4500000000         2.0244717419      -178.0931495336
       16.4550000000         2.0198531572      -187.5843731779
       16.4600000000         2.0157084194      -204.6685757375
       16.4650000000         2.0120416190      -198.9738415510
       16.4700000000         2.0088563746      -195.1773520933
       16.4750000000         2.0061558297      -189.4826179067
       16.4800000000         2.0039426493      -235.0404913992
       16.4850000000         2.0022190177      -193.2791073644
       16.4900000000         2.0009866358      -219.8545335684
       16.4950000000         2.0002467198      -204.6685757375
       16.5000000000         2.0000000000      -217.9562888395
       16.5050000000         2.0002467198      -217.9562888395
       16.5100000000         2.0009866358      -221.7527782972
       16.5150000000         2.0022190177      -225.5492677549
       16.5200000000         2.0039426493      -229.3457572126
       16.5250000000         2.0061558297      -225.5492677549
       16.5300000000         2.0088563746      -214.1597993818
       16.5350000000         2.0120416190      -238.8369808569
       16.5400000000         2.0157084194      -221.7527782972
       16.5450000000         2.0198531572      -240.7352255858
       16.5500000000         2.0244717419      -229.3457572126
       16.5550000000         2.0295596155      -206.5668204664
       16.5600000000         2.0351117571      -255.9211834166
       16.5650000000         2.0411226872      -223.6510230261
       16.5700000000         2.0475864738      -261.6159176032
       16.5750000000         2.0544967379      -227.4475124838
       16.5800000000         2.0618466600      -252.1246939589
       16.5850000000         2.0696289865      -240.7352255858
       16.5900000000         2.0778360372      -227.4475124838
       16.5950000000         2.0864597129      -255.9211834166
       16.6000000000         2.0954915028      -231.2440019415
       16.6050000000         2.1049224938      -250.2264492300
       16.6100000000         2.1147433786      -248.3282045012
       16.6150000000         2.1249444652      -244.5317150435
       16.6200000000         2.1355156863      -244.5317150435
       16.6250000000         2.1464466094      -225.5492677549
       16.6300000000         2.1577264470      -252.1246939589
       16.6350000000         2.1693440673      -225.5492677549
       16.6400000000         2.1812880051      -233.1422466704
       16.6450000000         2.1935464732      -235.0404913992
       16.6500000000         2.2061073739      -227.4475124838
       16.6550000000         2.2189583111      -236.9387361281
       16.6600000000         2.2320866025      -233.1422466704
       16.6650000000         2.2454792921      -217.9562888395
       16.6700000000         2.2591231629      -225.5492677549
       16.6750000000         2.2730047501      -221.7527782972
       16.6800000000         2.2871103542      -236.9387361281
       16.6850000000         2.3014260547      -210.3633099241
       16.6900000000         2.3159377237      -206.5668204664
       16.6950000000         2.3306310399      -216.0580441107
       16.7000000000         2.3454915028      -216.0580441107
       16.7050000000         2.3605044470      -208.4650651953
       16.7100000000         2.3756550564      -204.6685757375
       16.7150000000         2.3909283793      -200.8720862798
       16.7200000000         2.4063093427      -181.8896389913
       16.7250000000         2.4217827675      -206.5668204664
       16.7300000000         2.4373333832      -179.9913942624
       16.7350000000         2.4529458433      -193.2791073644
       16.7400000000         2.4686047402      -174.2966600759
       16.7450000000         2.4842946205      -176.1949048047
       16.7500000000         2.5000000000      -172.3984153470
       16.7550000000         2.5157053795      -170.5001706182
       16.7600000000         2.5313952598      -143.9247444142
       16.7650000000         2.5470541567       -94.5703814640
       16.7700000000         2.5626666168       -58.5037316158
       16.7750000000         2.5782172325       -20.5388370387
       16.7800000000         2.5936906573         9.8330786230
       16.7850000000         2.6090716207         7.9348338941
       16.7900000000         2.6243449436        -5.3528792079
       16.7950000000         2.6394955530       -12.9458581233
       16.8000000000         2.6545084972         6.0365891652
       16.8050000000         2.6693689601        -1.5563897502
       16.8100000000         2.6840622763        -5.3528792079
       16.8150000000         2.6985739453        -5.3528792079
       16.8200000000         2.7128896458        34.5102600981
       16.8250000000         2.7269952499       108.5418045234
       16.8300000000         2.7408768371        66.7804204886
       16.8350000000         2.7545207079        78.1698888617
       16.8400000000         2.7679133975        72.4751546751
       16.8450000000         2.7810416889        83.8646230483
       16.8500000000         2.7938926261        85.7628677771
       16.8550000000         2.8064535268       104.7453150657
       16.8600000000         2.8187119949       114.2365387099
       16.8650000000         2.8306559327       108.5418045234
       16.8700000000         2.8422735530        93.3558466925
       16.8750000000         2.8535533906       110.4400492522
       16.8800000000         2.8644843137       118.0330281676
       16.8850000000         2.8750555348       114.2365387099
       16.8900000000         2.8852566214       123.7277623542
       16.8950000000         2.8950775062       116.1347834388
       16.9000000000         2.9045084972       121.8295176253
       16.9050000000         2.9135402871       138.9137201850
       16.9100000000         2.9221639628       137.0154754562
       16.9150000000         2.9303710135       142.7102096427
       16.9200000000         2.9381533400       138.9137201850
       16.9250000000         2.9455032621       157.8961674736
       16.9300000000         2.9524135262       150.3031885581
       16.9350000000         2.9588773128       165.4891463890
       16.9400000000         2.9648882429       159.7944122024
       16.9450000000         2.9704403845       161.6926569313
       16.9500000000         2.9755282581       167.3873911178
       16.9550000000         2.9801468428       178.7768594910
       16.9600000000         2.9842915806       171.1838805755
       16.9650000000         2.9879583810       173.0821253044
       16.9700000000         2.9911436254       188.2680831352
       16.9750000000         2.9938441703       176.8786147621
       16.9800000000         2.9960573507       193.9628173218
       16.9850000000         2.9977809823       180.6751042198
       16.9900000000         2.9990133642       184.4715936775
       16.9950000000         2.9997532802       193.9628173218
       17.0000000000         3.0000000000       184.4715936775
       17.0050000000         2.9997532802       192.0645725929
       17.0100000000         2.9990133642       195.8610620506
       17.0150000000         2.9977809823       193.9628173218
       17.0200000000         2.9960573507       180.6751042198
       17.0250000000         2.9938441703       212.9452646103
       17.0300000000         2.9911436254       209.1487751526
       17.0350000000         2.9879583810       195.8610620506
       17.0400000000         2.9842915806       212.9452646103
       17.0450000000         2.9801468428       192.0645725929
       17.0500000000         2.9755282581       209.1487751526
       17.0550000000         2.9704403845       218.6399987969
       17.0600000000         2.9648882429       211.0470198815
       17.0650000000         2.9588773128       212.9452646103
       17.0700000000         2.9524135262       211.0470198815
       17.0750000000         2.9455032621       199.6575515084
       17.0800000000         2.9381533400       212.9452646103
       17.0850000000         2.9303710135       226.2329777123
       17.0900000000         2.9221639628       203.4540409661
       17.0950000000         2.9135402871       220.5382435257
       17.1000000000         2.9045084972       203.4540409661
       17.1050000000         2.8950775062       209.1487751526
       17.1100000000         2.8852566214       212.9452646103
       17.1150000000         2.8750555348       205.3522856949
       17.1200000000         2.8644843137       222.4364882546
       17.1250000000         2.8535533906       203.4540409661
       17.1300000000         2.8422735530       211.0470198815
       17.1350000000         2.8306559327       193.9628173218
       17.1400000000         2.8187119949       220.5382435257
       17.1450000000         2.8064535268       192.0645725929
       17.1500000000         2.7938926261       199.6575515084
       17.1550000000         2.7810416889       199.6575515084
       17.1600000000         2.7679133975       197.7593067795
       17.1650000000         2.7545207079       197.7593067795
       17.1700000000         2.7408768371       192.0645725929
       17.1750000000         2.7269952499       184.4715936775
       17.1800000000         2.7128896458       186.3698384064
       17.1850000000         2.6985739453       182.5733489487
       17.1900000000         2.6840622763       186.3698384064
       17.1950000000         2.6693689601       174.9803700332
       17.2000000000         2.6545084972       182.5733489487
       17.2050000000         2.6394955530       163.5909016601
       17.2100000000         2.6243449436       176.8786147621
       17.2150000000         2.6090716207       171.1838805755
       17.2200000000         2.5936906573       159.7944122024
       17.2250000000         2.5782172325       154.0996780159
       17.2300000000         2.5626666168       140.8119649139
       17.2350000000         2.5470541567       155.9979227447
       17.2400000000         2.5313952598       131.3207412696
       17.2450000000         2.5157053795       129.4224965408
       17.2500000000         2.5000000000       129.4224965408
       17.2550000000         2.4842946205       112.3382939811
       17.2600000000         2.4686047402       102.8470703368
       17.2650000000         2.4529458433        51.5944626577
       17.2700000000         2.4373333832        21.2225469961
       17.2750000000         2.4217827675       -12.9458581233
       17.2800000000         2.4063093427       -14.8441028521
       17.2850000000         2.3909283793         0.3418549787
       17.2900000000         2.3756550564         6.0365891652
       17.2950000000         2.3605044470         0.3418549787
       17.3000000000         2.3454915028        -7.2511239367
       17.3050000000         2.3306310399       -73.6896894466
       17.3100000000         2.3159377237      -124.9422971257
       17.3150000000         2.3014260547       -64.1984658024
       17.3200000000         2.2871103542       -96.4686261929
       17.3250000000         2.2730047501       -81.2826683620
       17.3300000000         2.2591231629      -124.9422971257
       17.3350000000         2.2454792921       -96.4686261929
       17.3400000000         2.2320866025      -126.8405418545
       17.3450000000         2.2189583111      -119.2475629391
       17.3500000000         2.2061073739      -113.5528287526
       17.3550000000         2.1935464732      -130.6370313122
       17.3600000000         2.1812880051      -134.4335207699
       17.3650000000         2.1693440673      -140.1282549565
       17.3700000000         2.1577264470      -143.9247444142
       17.3750000000         2.1464466094      -123.0440523968
       17.3800000000         2.1355156863      -149.6194786008
       17.3850000000         2.1249444652      -151.5177233296
       17.3900000000         2.1147433786      -151.5177233296
       17.3950000000         2.1049224938      -172.3984153470
       17.4000000000         2.0954915028      -143.9247444142
       17.4050000000         2.0864597129      -172.3984153470
       17.4100000000         2.0778360372      -166.7036811605
       17.4150000000         2.0696289865      -174.2966600759
       17.4200000000         2.0618466600      -176.1949048047
       17.4250000000         2.0544967379      -179.9913942624
       17.4300000000         2.0475864738      -172.3984153470
       17.4350000000         2.0411226872      -187.5843731779
       17.4400000000         2.0351117571      -185.6861284490
       17.4450000000         2.0295596155      -189.4826179067
       17.4500000000         2.0244717419      -195.1773520933
       17.4550000000         2.0198531572      -191.3808626356
       17.4600000000         2.0157084194      -210.3633099241
       17.4650000000         2.0120416190      -210.3633099241
       17.4700000000         2.0088563746      -206.5668204664
       17.4750000000         2.0061558297      -208.4650651953
       17.4800000000         2.0039426493      -204.6685757375
       17.4850000000         2.0022190177      -204.6685757375
       17.4900000000         2.0009866358      -231.2440019415
       17.4950000000         2.0002467198      -212.2615546530
       17.5000000000         2.0000000000      -231.2440019415
       17.5050000000         2.0002467198      -231.2440019415
       17.5100000000         2.0009866358      -221.7527782972
       17.5150000000         2.0022190177      -240.7352255858
       17.5200000000         2.0039426493      -214.1597993818
       17.5250000000         2.0061558297      -248.3282045012
       17.5300000000         2.0088563746      -233.1422466704
       17.5350000000         2.0120416190      -233.1422466704
       17.5400000000         2.0157084194      -238.8369808569
       17.5450000000         2.0198531572      -240.7352255858
       17.5500000000         2.0244717419      -252.1246939589
       17.5550000000         2.0295596155      -221.7527782972
       17.5600000000         2.0351117571      -229.3457572126
       17.5650000000         2.0411226872      -248.3282045012
       17.5700000000         2.0475864738      -229.3457572126
       17.5750000000         2.0544967379      -242.6334703146
       17.5800000000         2.0618466600      -240.7352255858
       17.5850000000         2.0696289865      -242.6334703146
       17.5900000000         2.0778360372      -254.0229386877
       17.5950000000         2.0864597129      -242.6334703146
       17.6000000000         2.0954915028      -242.6334703146
       17.6050000000         2.1049224938      -248.3282045012
       17.6100000000         2.1147433786      -240.7352255858
       17.6150000000         2.1249444652      -254.0229386877
       17.6200000000         2.1355156863      -236.9387361281
       17.6250000000         2.1464466094      -248.3282045012
       17.6300000000         2.1577264470      -242.6334703146
       17.6350000000         2.1693440673      -238.8369808569
       17.6400000000         2.1812880051      -242.6334703146
       17.6450000000         2.1935464732      -233.1422466704
       17.6500000000         2.2061073739      -225.5492677549
       17.6550000000         2.2189583111      -240.7352255858
       17.6600000000         2.2320866025      -225.5492677549
       17.6650000000         2.2454792921      -248.3282045012
       17.6700000000         2.2591231629      -219.8545335684
       17.6750000000         2.2730047501      -193.2791073644
       17.6800000000         2.2871103542      -233.1422466704
       17.6850000000         2.3014260547      -204.6685757375
       17.6900000000         2.3159377237      -227.4475124838
       17.6950000000         2.3306310399      -219.8545335684
       17.7000000000         2.3454915028      -204.6685757375
       17.7050000000         2.3605044470      -214.1597993818
       17.7100000000         2.3756550564      -206.5668204664
       17.7150000000         2.3909283793      -200.8720862798
       17.7200000000         2.4063093427      -214.1597993818
       17.7250000000         2.4217827675      -200.8720862798
       17.7300000000         2.4373333832      -202.7703310087
       17.7350000000         2.4529458433      -189.4826179067
       17.7400000000         2.4686047402      -191.3808626356
       17.7450000000         2.4842946205      -166.7036811605
       17.7500000000         2.5000000000      -172.3984153470
       17.7550000000         2.5157053795      -181.8896389913
       17.7600000000         2.5313952598      -143.9247444142
       17.7650000000         2.5470541567       -86.9774025486
       17.7700000000         2.5626666168       -54.7072421581
       17.7750000000         2.5782172325       -16.7423475810
       17.7800000000         2.5936906573        11.7313233518
       17.7850000000         2.6090716207        -3.4546344790
       17.7900000000         2.6243449436         0.3418549787
       17.7950000000         2.6394955530        -3.4546344790
       17.8000000000         2.6545084972         6.0365891652
       17.8050000000         2.6693689601         6.0365891652
       17.8100000000         2.6840622763        -1.5563897502
       17.8150000000         2.6985739453         9.8330786230
       17.8200000000         2.7128896458        -1.5563897502
       17.8250000000         2.7269952499        97.1523361502
       17.8300000000         2.7408768371        70.5769099463
       17.8350000000         2.7545207079        70.5769099463
       17.8400000000         2.7679133975        68.6786652174
       17.8450000000         2.7810416889        87.6611125060
       17.8500000000         2.7938926261        85.7628677771
       17.8550000000         2.8064535268        91.4576019637
       17.8600000000         2.8187119949        97.1523361502
       17.8650000000         2.8306559327        91.4576019637
       17.8700000000         2.8422735530       116.1347834388
       17.8750000000         2.8535533906       102.8470703368
       17.8800000000         2.8644843137       123.7277623542
       17.8850000000         2.8750555348       116.1347834388
       17.8900000000         2.8852566214       131.3207412696
       17.8950000000         2.8950775062       127.5242518119
       17.9000000000         2.9045084972       127.5242518119
       17.9050000000         2.9135402871       127.5242518119
       17.9100000000         2.9221639628       138.9137201850
       17.9150000000         2.9303710135       146.5066991004
       17.9200000000         2.9381533400       138.9137201850
       17.9250000000         2.9455032621       146.5066991004
       17.9300000000         2.9524135262       148.4049438293
       17.9350000000         2.9588773128       159.7944122024
       17.9400000000         2.9648882429       161.6926569313
       17.9450000000         2.9704403845       165.4891463890
       17.9500000000         2.9755282581       163.5909016601
       17.9550000000         2.9801468428       152.2014332870
       17.9600000000         2.9842915806       173.0821253044
       17.9650000000         2.9879583810       173.0821253044
       17.9700000000         2.9911436254       180.6751042198
       17.9750000000         2.9938441703       169.2856358467
       17.9800000000         2.9960573507       178.7768594910
       17.9850000000         2.9977809823       190.1663278641
       17.9900000000         2.9990133642       184.4715936775
       17.9950000000         2.9997532802       186.3698384064
       18.0000000000         3.0000000000       193.9628173218
       18.0050000000         2.9997532802       197.7593067795
       18.0100000000         2.9990133642       203.4540409661
       18.0150000000         2.9977809823       190.1663278641
       18.0200000000         2.9960573507       211.0470198815
       18.0250000000         2.9938441703       197.7593067795
       18.0300000000         2.9911436254       211.0470198815
       18.0350000000         2.9879583810       203.4540409661
       18.0400000000         2.9842915806       207.2505304238
       18.0450000000         2.9801468428       205.3522856949
       18.0500000000         2.9755282581       205.3522856949
       18.0550000000         2.9704403845       211.0470198815
       18.0600000000         2.9648882429       197.7593067795
       18.0650000000         2.9588773128       211.0470198815
       18.0700000000         2.9524135262       176.8786147621
       18.0750000000         2.9455032621       224.3347329835
       18.0800000000         2.9381533400       199.6575515084
       18.0850000000         2.9303710135       209.1487751526
       18.0900000000         2.9221639628       214.8435093392
       18.0950000000         2.9135402871       201.5557962372
       18.1000000000         2.9045084972       203.4540409661
       18.1050000000         2.8950775062       214.8435093392
       18.1100000000         2.8852566214       216.7417540680
       18.1150000000         2.8750555348       209.1487751526
       18.1200000000         2.8644843137       214.8435093392
       18.1250000000         2.8535533906       192.0645725929
       18.1300000000         2.8422735530       209.1487751526
       18.1350000000         2.8306559327       211.0470198815
       18.1400000000         2.8187119949       203.4540409661
       18.1450000000         2.8064535268       203.4540409661
       18.1500000000         2.7938926261       197.7593067795
       18.1550000000         2.7810416889       188.2680831352
       18.1600000000         2.7679133975       207.2505304238
       18.1650000000         2.7545207079       211.0470198815
       18.1700000000         2.7408768371       180.6751042198
       18.1750000000         2.7269952499       201.5557962372
       18.1800000000         2.7128896458       176.8786147621
       18.1850000000         2.6985739453       184.4715936775
       18.1900000000         2.6840622763       184.4715936775
       18.1950000000         2.6693689601       182.5733489487
       18.2000000000         2.6545084972       182.5733489487
       18.2050000000         2.6394955530       169.2856358467
       18.2100000000         2.6243449436       169.2856358467
       18.2150000000         2.6090716207       174.9803700332
       18.2200000000         2.5936906573       152.2014332870
       18.2250000000         2.5782172325       173.0821253044
       18.2300000000         2.5626666168       154.0996780159
       18.2350000000         2.5470541567       154.0996780159
       18.2400000000         2.5313952598       142.7102096427
       18.2450000000         2.5157053795       137.0154754562
       18.2500000000         2.5000000000       140.8119649139
       18.2550000000         2.4842946205       125.6260070830
       18.2600000000         2.4686047402       108.5418045234
       18.2650000000         2.4529458433        74.3733994040
       18.2700000000         2.4373333832        23.1207917249
       18.2750000000         2.4217827675       -14.8441028521
       18.2800000000         2.4063093427        -3.4546344790
       18.2850000000         2.3909283793         0.3418549787
       18.2900000000         2.3756550564         6.0365891652
       18.2950000000         2.3605044470        -3.4546344790
       18.3000000000         2.3454915028         0.3418549787
       18.3050000000         2.3306310399       -37.6230395984
       18.3100000000         2.3159377237      -140.1282549565
       18.3150000000         2.3014260547       -60.4019763446
       18.3200000000         2.2871103542      -121.1458076680
       18.3250000000         2.2730047501       -83.1809130909
       18.3300000000         2.2591231629      -115.4510734814
       18.3350000000         2.2454792921      -105.9598498371
       18.3400000000         2.2320866025      -132.5352760411
       18.3450000000         2.2189583111      -134.4335207699
       18.3500000000         2.2061073739      -130.6370313122
       18.3550000000         2.1935464732      -130.6370313122
       18.3600000000         2.1812880051      -128.7387865834
       18.3650000000         2.1693440673      -143.9247444142
       18.3700000000         2.1577264470      -138.2300102277
       18.3750000000         2.1464466094      -140.1282549565
       18.3800000000         2.1355156863      -134.4335207699
       18.3850000000         2.1249444652      -155.3142127873
       18.3900000000         2.1147433786      -157.2124575162
       18.3950000000         2.1049224938      -168.6019258893
       18.4000000000         2.0954915028      -145.8229891431
       18.4050000000         2.0864597129      -155.3142127873
       18.4100000000         2.0778360372      -157.2124575162
       18.4150000000         2.0696289865      -176.1949048047
       18.4200000000         2.0618466600      -176.1949048047
       18.4250000000         2.0544967379      -179.9913942624
       18.4300000000         2.0475864738      -178.0931495336
       18.4350000000         2.0411226872      -183.7878837202
       18.4400000000         2.0351117571      -187.5843731779
       18.4450000000         2.0295596155      -193.2791073644
       18.4500000000         2.0244717419      -187.5843731779
       18.4550000000         2.0198531572      -202.7703310087
       18.4600000000         2.0157084194      -204.6685757375
       18.4650000000         2.0120416190      -202.7703310087
       18.4700000000         2.0088563746      -214.1597993818
       18.4750000000         2.0061558297      -204.6685757375
       18.4800000000         2.0039426493      -219.8545335684
       18.4850000000         2.0022190177      -206.5668204664
       18.4900000000         2.0009866358      -200.8720862798
       18.4950000000         2.0002467198      -223.6510230261
       18.5000000000         2.0000000000      -225.5492677549
       18.5050000000         2.0002467198      -219.8545335684
       18.5100000000         2.0009866358      -229.3457572126
       18.5150000000         2.0022190177      -229.3457572126
       18.5200000000         2.0039426493      -236.9387361281
       18.5250000000         2.0061558297      -244.5317150435
       18.5300000000         2.0088563746      -225.5492677549
       18.5350000000         2.0120416190      -242.6334703146
       18.5400000000         2.0157084194      -229.3457572126
       18.5450000000         2.0198531572      -246.4299597723
       18.5500000000         2.0244717419      -238.8369808569
       18.5550000000         2.0295596155      -233.1422466704
       18.5600000000         2.0351117571      -248.3282045012
       18.5650000000         2.0411226872      -242.6334703146
       18.5700000000         2.0475864738      -233.1422466704
       18.5750000000         2.0544967379      -250.2264492300
       18.5800000000         2.0618466600      -229.3457572126
       18.5850000000         2.0696289865      -244.5317150435
       18.5900000000         2.0778360372      -246.4299597723
       18.5950000000         2.0864597129      -242.6334703146
       18.6000000000         2.0954915028      -267.3106517897
       18.6050000000         2.1049224938      -219.8545335684
       18.6100000000         2.1147433786      -248.3282045012
       18.6150000000         2.1249444652      -238.8369808569
       18.6200000000         2.1355156863      -231.2440019415
       18.6250000000         2.1464466094      -263.5141623320
       18.6300000000         2.1577264470      -235.0404913992
       18.6350000000         2.1693440673      -233.1422466704
       18.6400000000         2.1812880051      -231.2440019415
       18.6450000000         2.1935464732      -233.1422466704
       18.6500000000         2.2061073739      -255.9211834166
       18.6550000000         2.2189583111      -229.3457572126
       18.6600000000         2.2320866025      -248.3282045012
       18.6650000000         2.2454792921      -231.2440019415
       18.6700000000         2.2591231629      -229.3457572126
       18.6750000000         2.2730047501      -233.1422466704
       18.6800000000         2.2871103542      -229.3457572126
       18.6850000000         2.3014260547      -225.5492677549
       18.6900000000         2.3159377237      -227.4475124838
       18.6950000000         2.3306310399      -204.6685757375
       18.7000000000         2.3454915028      -225.5492677549
       18.7050000000         2.3605044470      -212.2615546530
       18.7100000000         2.3756550564      -214.1597993818
       18.7150000000         2.3909283793      -200.8720862798
       18.7200000000         2.4063093427      -195.1773520933
       18.7250000000         2.4217827675      -204.6685757375
       18.7300000000         2.4373333832      -202.7703310087
       18.7350000000         2.4529458433      -193.2791073644
       18.7400000000         2.4686047402      -189.4826179067
       18.7450000000         2.4842946205      -193.2791073644
       18.7500000000         2.5000000000      -179.9913942624
       18.7550000000         2.5157053795      -191.3808626356
       18.7600000000         2.5313952598      -143.9247444142
       18.7650000000         2.5470541567       -96.4686261929
       18.7700000000         2.5626666168       -43.3177737850
       18.7750000000         2.5782172325       -12.9458581233
       18.7800000000         2.5936906573        13.6295680807
       18.7850000000         2.6090716207         2.2400997075
       18.7900000000         2.6243449436        -3.4546344790
       18.7950000000         2.6394955530        -7.2511239367
       18.8000000000         2.6545084972         6.0365891652
       18.8050000000         2.6693689601        -7.2511239367
       18.8100000000         2.6840622763         4.1383444364
       18.8150000000         2.6985739453         0.3418549787
       18.8200000000         2.7128896458         9.8330786230
       18.8250000000         2.7269952499       106.6435597945
       18.8300000000         2.7408768371        62.9839310309
       18.8350000000         2.7545207079        70.5769099463
       18.8400000000         2.7679133975        72.4751546751
       18.8450000000         2.7810416889        87.6611125060
       18.8500000000         2.7938926261        89.5593572348
       18.8550000000         2.8064535268        95.2540914214
       18.8600000000         2.8187119949       114.2365387099
       18.8650000000         2.8306559327       104.7453150657
       18.8700000000         2.8422735530       100.9488256079
       18.8750000000         2.8535533906       100.9488256079
       18.8800000000         2.8644843137       129.4224965408
       18.8850000000         2.8750555348       112.3382939811
       18.8900000000         2.8852566214       129.4224965408
       18.8950000000         2.8950775062       127.5242518119
       18.9000000000         2.9045084972       129.4224965408
       18.9050000000         2.9135402871       135.1172307273
       18.9100000000         2.9221639628       133.2189859985
       18.9150000000         2.9303710135       138.9137201850
       18.9200000000         2.9381533400       131.3207412696
       18.9250000000         2.9455032621       148.4049438293
       18.9300000000         2.9524135262       142.7102096427
       18.9350000000         2.9588773128       161.6926569313
       18.9400000000         2.9648882429       154.0996780159
       18.9450000000         2.9704403845       159.7944122024
       18.9500000000         2.9755282581       165.4891463890
       18.9550000000         2.9801468428       152.2014332870
       18.9600000000         2.9842915806       163.5909016601
       18.9650000000         2.9879583810       169.2856358467
       18.9700000000         2.9911436254       167.3873911178
       18.9750000000         2.9938441703       176.8786147621
       18.9800000000         2.9960573507       184.4715936775
       18.9850000000         2.9977809823       178.7768594910
       18.9900000000         2.9990133642       192.0645725929
       18.9950000000         2.9997532802       182.5733489487
       19.0000000000         3.0000000000       195.8610620506
       19.0050000000         2.9997532802       197.7593067795
       19.0100000000         2.9990133642       195.8610620506
       19.0150000000         2.9977809823       203.4540409661
       19.0200000000         2.9960573507       195.8610620506
       19.0250000000         2.9938441703       201.5557962372
       19.0300000000         2.9911436254       211.0470198815
       19.0350000000         2.9879583810       212.9452646103
       19.0400000000         2.9842915806       209.1487751526
       19.0450000000         2.9801468428       207.2505304238
       19.0500000000         2.9755282581       216.7417540680
       19.0550000000         2.9704403845       201.5557962372
       19.0600000000         2.9648882429       214.8435093392
       19.0650000000         2.9588773128       212.9452646103
       19.0700000000         2.9524135262       214.8435093392
       19.0750000000         2.9455032621       212.9452646103
       19.0800000000         2.9381533400       207.2505304238
       19.0850000000         2.9303710135       224.3347329835
       19.0900000000         2.9221639628       212.9452646103
       19.0950000000         2.9135402871       222.4364882546
       19.1000000000         2.9045084972       212.9452646103
       19.1050000000         2.8950775062       211.0470198815
       19.1100000000         2.8852566214       209.1487751526
       19.1150000000         2.8750555348       212.9452646103
       19.1200000000         2.8644843137       205.3522856949
       19.1250000000         2.8535533906       214.8435093392
       19.1300000000         2.8422735530       207.2505304238
       19.1350000000         2.8306559327       212.9452646103
       19.1400000000         2.8187119949       205.3522856949
       19.1450000000         2.8064535268       207.2505304238
       19.1500000000         2.7938926261       184.4715936775
       19.1550000000         2.7810416889       218.6399987969
       19.1600000000         2.7679133975       192.0645725929
       19.1650000000         2.7545207079       188.2680831352
       19.1700000000         2.7408768371       201.5557962372
       19.1750000000         2.7269952499       176.8786147621
       19.1800000000         2.7128896458       190.1663278641
       19.1850000000         2.6985739453       182.5733489487
       19.1900000000         2.6840622763       190.1663278641
       19.1950000000         2.6693689601       176.8786147621
       19.2000000000         2.6545084972       176.8786147621
       19.2050000000         2.6394955530       163.5909016601
       19.2100000000         2.6243449436       159.7944122024
       19.2150000000         2.6090716207       161.6926569313
       19.2200000000         2.5936906573       161.6926569313
       19.2250000000         2.5782172325       165.4891463890
       19.2300000000         2.5626666168       148.4049438293
       19.2350000000         2.5470541567       154.0996780159
       19.2400000000         2.5313952598       148.4049438293
       19.2450000000         2.5157053795       131.3207412696
       19.2500000000         2.5000000000       142.7102096427
       19.2550000000         2.4842946205       129.4224965408
       19.2600000000         2.4686047402       108.5418045234
       19.2650000000         2.4529458433        62.9839310309
       19.2700000000         2.4373333832        40.2049942846
       19.2750000000         2.4217827675        17.4260575384
       19.2800000000         2.4063093427       -14.8441028521
       19.2850000000         2.3909283793         0.3418549787
       19.2900000000         2.3756550564        -1.5563897502
       19.2950000000         2.3605044470         0.3418549787
       19.3000000000         2.3454915028        -5.3528792079
       19.3050000000         2.3306310399      -119.2475629391
       19.3100000000         2.3159377237       -73.6896894466
       19.3150000000         2.3014260547       -90.7738920063
       19.3200000000         2.2871103542       -83.1809130909
       19.3250000000         2.2730047501       -98.3668709217
       19.3300000000         2.2591231629      -115.4510734814
       19.3350000000         2.2454792921      -111.6545840237
       19.3400000000         2.2320866025      -142.0264996854
       19.3450000000         2.2189583111      -104.0616051083
       19.3500000000         2.2061073739      -143.9247444142
       19.3550000000         2.1935464732      -121.1458076680
       19.3600000000         2.1812880051      -157.2124575162
       19.3650000000         2.1693440673      -136.3317654988
       19.3700000000         2.1577264470      -155.3142127873
       19.3750000000         2.1464466094      -142.0264996854
       19.3800000000         2.1355156863      -155.3142127873
       19.3850000000         2.1249444652      -164.8054364316
       19.3900000000         2.1147433786      -138.2300102277
       19.3950000000         2.1049224938      -164.8054364316
       19.4000000000         2.0954915028      -157.2124575162
       19.4050000000         2.0864597129      -172.3984153470
       19.4100000000         2.0778360372      -172.3984153470
       19.4150000000         2.0696289865      -159.1107022450
       19.4200000000         2.0618466600      -187.5843731779
       19.4250000000         2.0544967379      -164.8054364316
       19.4300000000         2.0475864738      -191.3808626356
       19.4350000000         2.0411226872      -189.4826179067
       19.4400000000         2.0351117571      -197.0755968221
       19.4450000000         2.0295596155      -198.9738415510
       19.4500000000         2.0244717419      -189.4826179067
       19.4550000000         2.0198531572      -212.2615546530
       19.4600000000         2.0157084194      -227.4475124838
       19.4650000000         2.0120416190      -219.8545335684
       19.4700000000         2.0088563746      -206.5668204664
       19.4750000000         2.0061558297      -204.6685757375
       19.4800000000         2.0039426493      -204.6685757375
       19.4850000000         2.0022190177      -217.9562888395
       19.4900000000         2.0009866358      -236.9387361281
       19.4950000000         2.0002467198      -219.8545335684
       19.5000000000         2.0000000000      -233.1422466704
       19.5050000000         2.0002467198      -217.9562888395
       19.5100000000         2.0009866358      -236.9387361281
       19.5150000000         2.0022190177      -236.9387361281
       19.5200000000         2.0039426493      -236.9387361281
       19.5250000000         2.0061558297      -248.3282045012
       19.5300000000         2.0088563746      -225.5492677549
       19.5350000000         2.0120416190      -236.9387361281
       19.5400000000         2.0157084194      -244.5317150435
       19.5450000000         2.0198531572      -236.9387361281
       19.5500000000         2.0244717419      -261.6159176032
       19.5550000000         2.0295596155      -248.3282045012
       19.5600000000         2.0351117571      -242.6334703146
       19.5650000000         2.0411226872      -242.6334703146
       19.5700000000         2.0475864738      -238.8369808569
       19.5750000000         2.0544967379      -265.4124070609
       19.5800000000         2.0618466600      -242.6334703146
       19.5850000000         2.0696289865      -244.5317150435
       19.5900000000         2.0778360372      -250.2264492300
       19.5950000000         2.0864597129      -242.6334703146
       19.6000000000         2.0954915028      -255.9211834166
       19.6050000000         2.1049224938      -248.3282045012
       19.6100000000         2.1147433786      -250.2264492300
       19.6150000000         2.1249444652      -252.1246939589
       19.6200000000         2.1355156863      -240.7352255858
       19.6250000000         2.1464466094      -261.6159176032
       19.6300000000         2.1577264470      -229.3457572126
       19.6350000000         2.1693440673      -242.6334703146
       19.6400000000         2.1812880051      -242.6334703146
       19.6450000000         2.1935464732      -238.8369808569
       19.6500000000         2.2061073739      -252.1246939589
       19.6550000000         2.2189583111      -227.4475124838
       19.6600000000         2.2320866025      -252.1246939589
       19.6650000000         2.2454792921      -231.2440019415
       19.6700000000         2.2591231629      -240.7352255858
       19.6750000000         2.2730047501      -242.6334703146
       19.6800000000         2.2871103542      -223.6510230261
       19.6850000000         2.3014260547      -236.9387361281
       19.6900000000         2.3159377237      -225.5492677549
       19.6950000000         2.3306310399      -227.4475124838
       19.7000000000         2.3454915028      -231.2440019415
       19.7050000000         2.3605044470      -223.6510230261
       19.7100000000         2.3756550564      -221.7527782972
       19.7150000000         2.3909283793      -214.1597993818
       19.7200000000         2.4063093427      -206.5668204664
       19.7250000000         2.4217827675      -219.8545335684
       19.7300000000         2.4373333832      -204.6685757375
       19.7350000000         2.4529458433      -206.5668204664
       19.7400000000         2.4686047402      -200.8720862798
       19.7450000000         2.4842946205      -191.3808626356
       19.7500000000         2.5000000000      -195.1773520933
       19.7550000000         2.5157053795      -189.4826179067
       19.7600000000         2.5313952598      -161.0089469739
       19.7650000000         2.5470541567      -149.6194786008
       19.7700000000         2.5626666168       -86.9774025486
       19.7750000000         2.5782172325       -39.5212843272
       19.7800000000         2.5936906573        -1.5563897502
       19.7850000000         2.6090716207        17.4260575384
       19.7900000000         2.6243449436         0.3418549787
       19.7950000000         2.6394955530        -5.3528792079
       19.8000000000         2.6545084972        -1.5563897502
       19.8050000000         2.6693689601        -5.3528792079
       19.8100000000         2.6840622763         4.1383444364
       19.8150000000         2.6985739453        -5.3528792079
       19.8200000000         2.7128896458        66.7804204886
       19.8250000000         2.7269952499        66.7804204886
       19.8300000000         2.7408768371        57.2891968443
       19.8350000000         2.7545207079        83.8646230483
       19.8400000000         2.7679133975        70.5769099463
       19.8450000000         2.7810416889        83.8646230483
       19.8500000000         2.7938926261        76.2716441328
       19.8550000000         2.8064535268       102.8470703368
       19.8600000000         2.8187119949        93.3558466925
       19.8650000000         2.8306559327       116.1347834388
       19.8700000000         2.8422735530        95.2540914214
       19.8750000000         2.8535533906       106.6435597945
       19.8800000000         2.8644843137       121.8295176253
       19.8850000000         2.8750555348       118.0330281676
       19.8900000000         2.8852566214       119.9312728965
       19.8950000000         2.8950775062       116.1347834388
       19.9000000000         2.9045084972       121.8295176253
       19.9050000000         2.9135402871       127.5242518119
       19.9100000000         2.9221639628       133.2189859985
       19.9150000000         2.9303710135       131.3207412696
       19.9200000000         2.9381533400       138.9137201850
       19.9250000000         2.9455032621       131.3207412696
       19.9300000000         2.9524135262       144.6084543716
       19.9350000000         2.9588773128       154.0996780159
       19.9400000000         2.9648882429       148.4049438293
       19.9450000000         2.9704403845       154.0996780159
       19.9500000000         2.9755282581       146.5066991004
       19.9550000000         2.9801468428       165.4891463890
       19.9600000000         2.9842915806       161.6926569313
       19.9650000000         2.9879583810       152.2014332870
       19.9700000000         2.9911436254       169.2856358467
       19.9750000000         2.9938441703       157.8961674736
       19.9800000000         2.9960573507       171.1838805755
       19.9850000000         2.9977809823       176.8786147621
       19.9900000000         2.9990133642       184.4715936775
       19.9950000000         2.9997532802       192.0645725929
