        0.0000000000         3.0000000000         4.1383444364
        0.0050000000         2.9998420946        13.6295680807
        0.0100000000         2.9993684783        47.7979732000
        0.0150000000         2.9985794501        51.5944626577
        0.0200000000         2.9974755085        78.1698888617
        0.0250000000         2.9960573507        66.7804204886
        0.0300000000         2.9943258724       108.5418045234
        0.0350000000         2.9922821673       108.5418045234
        0.0400000000         2.9899275262       119.9312728965
        0.0450000000         2.9872634364       138.9137201850
        0.0500000000         2.9842915806       133.2189859985
        0.0550000000         2.9810138358       146.5066991004
        0.0600000000         2.9774322724       146.5066991004
        0.0650000000         2.9735491525       155.9979227447
        0.0700000000         2.9693669288       159.7944122024
        0.0750000000         2.9648882429       159.7944122024
        0.0800000000         2.9601159237       163.5909016601
        0.0850000000         2.9550529853       157.8961674736
        0.0900000000         2.9497026258       169.2856358467
        0.0950000000         2.9440682244       173.0821253044
        0.1000000000         2.9381533400       159.7944122024
        0.1050000000         2.9319617086       173.0821253044
        0.1100000000         2.9254972409       167.3873911178
        0.1150000000         2.9187640200       178.7768594910
        0.1200000000         2.9117662988       155.9979227447
        0.1250000000         2.9045084972       169.2856358467
        0.1300000000         2.8969951993       184.4715936775
        0.1350000000         2.8892311508       165.4891463890
        0.1400000000         2.8812212555       192.0645725929
        0.1450000000         2.8729705727       184.4715936775
        0.1500000000         2.8644843137       174.9803700332
        0.1550000000         2.8557678386       184.4715936775
        0.1600000000         2.8468266529       178.7768594910
        0.1650000000         2.8376664041       192.0645725929
        0.1700000000         2.8282928779       188.2680831352
        0.1750000000         2.8187119949       174.9803700332
        0.1800000000         2.8089298065       192.0645725929
        0.1850000000         2.7989524915       171.1838805755
        0.1900000000         2.7887863517       182.5733489487
        0.1950000000         2.7784378082       171.1838805755
        0.2000000000         2.7679133975       173.0821253044
        0.2050000000         2.7572197669       174.9803700332
        0.2100000000         2.7463636708       155.9979227447
        0.2150000000         2.7353519661       165.4891463890
        0.2200000000         2.7241916080       161.6926569313
        0.2250000000         2.7128896458       152.2014332870
        0.2300000000         2.7014532179       159.7944122024
        0.2350000000         2.6898895478       150.3031885581
        0.2400000000         2.6782059394       146.5066991004
        0.2450000000         2.6664097723       142.7102096427
        0.2500000000         2.6545084972       138.9137201850
        0.2550000000         2.6425096312       144.6084543716
        0.2600000000         2.6304207531       138.9137201850
        0.2650000000         2.6182494985       140.8119649139
        0.2700000000         2.6060035550       127.5242518119
        0.2750000000         2.5936906573       125.6260070830
        0.2800000000         2.5813185826       123.7277623542
        0.2850000000         2.5688951453       104.7453150657
        0.2900000000         2.5564281924       121.8295176253
        0.2950000000         2.5439255983       116.1347834388
        0.3000000000         2.5313952598       112.3382939811
        0.3050000000         2.5188450913       106.6435597945
        0.3100000000         2.5062830199       108.5418045234
        0.3150000000         2.4937169801        91.4576019637
        0.3200000000         2.4811549087        85.7628677771
        0.3250000000         2.4686047402        62.9839310309
        0.3300000000         2.4560744017        15.5278128095
        0.3350000000         2.4435718076        -1.5563897502
        0.3400000000         2.4311048547        -7.2511239367
        0.3450000000         2.4186814174        -3.4546344790
        0.3500000000         2.4063093427         6.0365891652
        0.3550000000         2.3939964450         9.8330786230
        0.3600000000         2.3817505015         0.3418549787
        0.3650000000         2.3695792469       -12.9458581233
        0.3700000000         2.3574903688      -124.9422971257
        0.3750000000         2.3454915028       -69.8931999889
        0.3800000000         2.3335902277       -86.9774025486
        0.3850000000         2.3217940606       -94.5703814640
        0.3900000000         2.3101104522       -96.4686261929
        0.3950000000         2.2985467821      -104.0616051083
        0.4000000000         2.2871103542      -109.7563392948
        0.4050000000         2.2758083920      -132.5352760411
        0.4100000000         2.2646480339      -119.2475629391
        0.4150000000         2.2536363292      -121.1458076680
        0.4200000000         2.2427802331      -119.2475629391
        0.4250000000         2.2320866025      -121.1458076680
        0.4300000000         2.2215621918      -145.8229891431
        0.4350000000         2.2112136483      -121.1458076680
        0.4400000000         2.2010475085      -130.6370313122
        0.4450000000         2.1910701935      -134.4335207699
        0.4500000000         2.1812880051      -138.2300102277
        0.4550000000         2.1717071221      -149.6194786008
        0.4600000000         2.1623335959      -157.2124575162
        0.4650000000         2.1531733471      -149.6194786008
        0.4700000000         2.1442321614      -151.5177233296
        0.4750000000         2.1355156863      -149.6194786008
        0.4800000000         2.1270294273      -159.1107022450
        0.4850000000         2.1187787445      -162.9071917028
        0.4900000000         2.1107688492      -155.3142127873
        0.4950000000         2.1030048007      -183.7878837202
        0.5000000000         2.0954915028      -157.2124575162
        0.5050000000         2.0882337012      -181.8896389913
        0.5100000000         2.0812359800      -187.5843731779
        0.5150000000         2.0745027591      -172.3984153470
        0.5200000000         2.0680382914      -181.8896389913
        0.5250000000         2.0618466600      -189.4826179067
        0.5300000000         2.0559317756      -191.3808626356
        0.5350000000         2.0502973742      -195.1773520933
        0.5400000000         2.0449470147      -204.6685757375
        0.5450000000         2.0398840763      -200.8720862798
        0.5500000000         2.0351117571      -193.2791073644
        0.5550000000         2.0306330712      -219.8545335684
        0.5600000000         2.0264508475      -204.6685757375
        0.5650000000         2.0225677276      -197.0755968221
        0.5700000000         2.0189861642      -219.8545335684
        0.5750000000         2.0157084194      -219.8545335684
        0.5800000000         2.0127365636      -233.1422466704
        0.5850000000         2.0100724738      -221.7527782972
        0.5900000000         2.0077178327      -212.2615546530
        0.5950000000         2.0056741276      -221.7527782972
        0.6000000000         2.0039426493      -223.6510230261
        0.6050000000         2.0025244915      -223.6510230261
        0.6100000000         2.0014205499      -246.4299597723
        0.6150000000         2.0006315217      -227.4475124838
        0.6200000000         2.0001579054      -238.8369808569
        0.6250000000         2.0000000000      -263.5141623320
        0.6300000000         2.0001579054      -244.5317150435
        0.6350000000         2.0006315217      -259.7176728743
        0.6400000000         2.0014205499      -235.0404913992
        0.6450000000         2.0025244915      -242.6334703146
        0.6500000000         2.0039426493      -254.0229386877
        0.6550000000         2.0056741276      -236.9387361281
        0.6600000000         2.0077178327      -263.5141623320
        0.6650000000         2.0100724738      -271.1071412474
        0.6700000000         2.0127365636      -254.0229386877
        0.6750000000         2.0157084194      -255.9211834166
        0.6800000000         2.0189861642      -242.6334703146
        0.6850000000         2.0225677276      -265.4124070609
        0.6900000000         2.0264508475      -257.8194281455
        0.6950000000         2.0306330712      -265.4124070609
        0.7000000000         2.0351117571      -265.4124070609
        0.7050000000         2.0398840763      -242.6334703146
        0.7100000000         2.0449470147      -261.6159176032
        0.7150000000         2.0502973742      -248.3282045012
        0.7200000000         2.0559317756      -282.4966096206
        0.7250000000         2.0618466600      -263.5141623320
        0.7300000000         2.0680382914      -261.6159176032
        0.7350000000         2.0745027591      -259.7176728743
        0.7400000000         2.0812359800      -255.9211834166
        0.7450000000         2.0882337012      -255.9211834166
        0.7500000000         2.0954915028      -267.3106517897
        0.7550000000         2.1030048007      -265.4124070609
        0.7600000000         2.1107688492      -242.6334703146
        0.7650000000         2.1187787445      -273.0053859763
        0.7700000000         2.1270294273      -250.2264492300
        0.7750000000         2.1355156863      -259.7176728743
        0.7800000000         2.1442321614      -265.4124070609
        0.7850000000         2.1531733471      -235.0404913992
        0.7900000000         2.1623335959      -269.2088965186
        0.7950000000         2.1717071221      -246.4299597723
        0.8000000000         2.1812880051      -286.2930990783
        0.8050000000         2.1910701935      -233.1422466704
        0.8100000000         2.2010475085      -261.6159176032
        0.8150000000         2.2112136483      -250.2264492300
        0.8200000000         2.2215621918      -255.9211834166
        0.8250000000         2.2320866025      -271.1071412474
        0.8300000000         2.2427802331      -242.6334703146
        0.8350000000         2.2536363292      -252.1246939589
        0.8400000000         2.2646480339      -227.4475124838
        0.8450000000         2.2758083920      -255.9211834166
        0.8500000000         2.2871103542      -242.6334703146
        0.8550000000         2.2985467821      -242.6334703146
        0.8600000000         2.3101104522      -242.6334703146
        0.8650000000         2.3217940606      -231.2440019415
        0.8700000000         2.3335902277      -259.7176728743
        0.8750000000         2.3454915028      -229.3457572126
        0.8800000000         2.3574903688      -257.8194281455
        0.8850000000         2.3695792469      -216.0580441107
        0.8900000000         2.3817505015      -225.5492677549
        0.8950000000         2.3939964450      -223.6510230261
        0.9000000000         2.4063093427      -219.8545335684
        0.9050000000         2.4186814174      -219.8545335684
        0.9100000000         2.4311048547      -216.0580441107
        0.9150000000         2.4435718076      -206.5668204664
        0.9200000000         2.4560744017      -206.5668204664
        0.9250000000         2.4686047402      -195.1773520933
        0.9300000000         2.4811549087      -198.9738415510
        0.9350000000         2.4937169801      -198.9738415510
        0.9400000000         2.5062830199      -181.8896389913
        0.9450000000         2.5188450913      -172.3984153470
        0.9500000000         2.5313952598      -149.6194786008
        0.9550000000         2.5439255983      -104.0616051083
        0.9600000000         2.5564281924       -64.1984658024
        0.9650000000         2.5688951453       -16.7423475810
        0.9700000000         2.5813185826        17.4260575384
        0.9750000000         2.5936906573         0.3418549787
        0.9800000000         2.6060035550         0.3418549787
        0.9850000000         2.6182494985        -7.2511239367
        0.9900000000         2.6304207531         6.0365891652
        0.9950000000         2.6425096312         7.9348338941
        1.0000000000         2.6545084972        -9.1493686656
        1.0050000000         2.6664097723        -3.4546344790
        1.0100000000         2.6782059394        -3.4546344790
        1.0150000000         2.6898895478        62.9839310309
        1.0200000000         2.7014532179        87.6611125060
        1.0250000000         2.7128896458        61.0856863020
        1.0300000000         2.7241916080        76.2716441328
        1.0350000000         2.7353519661        62.9839310309
        1.0400000000         2.7463636708        85.7628677771
        1.0450000000         2.7572197669        78.1698888617
        1.0500000000         2.7679133975        85.7628677771
        1.0550000000         2.7784378082        89.5593572348
        1.0600000000         2.7887863517        85.7628677771
        1.0650000000         2.7989524915        97.1523361502
        1.0700000000         2.8089298065        97.1523361502
        1.0750000000         2.8187119949        80.0681335906
        1.0800000000         2.8282928779       100.9488256079
        1.0850000000         2.8376664041       108.5418045234
        1.0900000000         2.8468266529       112.3382939811
        1.0950000000         2.8557678386       114.2365387099
        1.1000000000         2.8644843137       116.1347834388
        1.1050000000         2.8729705727       106.6435597945
        1.1100000000         2.8812212555       131.3207412696
        1.1150000000         2.8892311508       116.1347834388
        1.1200000000         2.8969951993       131.3207412696
        1.1250000000         2.9045084972       123.7277623542
        1.1300000000         2.9117662988       108.5418045234
        1.1350000000         2.9187640200       137.0154754562
        1.1400000000         2.9254972409       131.3207412696
        1.1450000000         2.9319617086       148.4049438293
        1.1500000000         2.9381533400       142.7102096427
        1.1550000000         2.9440682244       161.6926569313
        1.1600000000         2.9497026258       159.7944122024
        1.1650000000         2.9550529853       161.6926569313
        1.1700000000         2.9601159237       169.2856358467
        1.1750000000         2.9648882429       169.2856358467
        1.1800000000         2.9693669288       159.7944122024
        1.1850000000         2.9735491525       174.9803700332
        1.1900000000         2.9774322724       159.7944122024
        1.1950000000         2.9810138358       169.2856358467
        1.2000000000         2.9842915806       173.0821253044
        1.2050000000         2.9872634364       182.5733489487
        1.2100000000         2.9899275262       171.1838805755
        1.2150000000         2.9922821673       197.7593067795
        1.2200000000         2.9943258724       182.5733489487
        1.2250000000         2.9960573507       182.5733489487
        1.2300000000         2.9974755085       192.0645725929
        1.2350000000         2.9985794501       184.4715936775
        1.2400000000         2.9993684783       199.6575515084
        1.2450000000         2.9998420946       190.1663278641
        1.2500000000         3.0000000000       209.1487751526
        1.2550000000         2.9998420946       188.2680831352
        1.2600000000         2.9993684783       205.3522856949
        1.2650000000         2.9985794501       199.6575515084
        1.2700000000         2.9974755085       203.4540409661
        1.2750000000         2.9960573507       211.0470198815
        1.2800000000         2.9943258724       201.5557962372
        1.2850000000         2.9922821673       214.8435093392
        1.2900000000         2.9899275262       199.6575515084
        1.2950000000         2.9872634364       214.8435093392
        1.3000000000         2.9842915806       192.0645725929
        1.3050000000         2.9810138358       214.8435093392
        1.3100000000         2.9774322724       201.5557962372
        1.3150000000         2.9735491525       207.2505304238
        1.3200000000         2.9693669288       214.8435093392
        1.3250000000         2.9648882429       205.3522856949
        1.3300000000         2.9601159237       218.6399987969
        1.3350000000         2.9550529853       192.0645725929
        1.3400000000         2.9497026258       230.0294671700
        1.3450000000         2.9440682244       188.2680831352
        1.3500000000         2.9381533400       212.9452646103
        1.3550000000         2.9319617086       199.6575515084
        1.3600000000         2.9254972409       195.8610620506
        1.3650000000         2.9187640200       207.2505304238
        1.3700000000         2.9117662988       195.8610620506
        1.3750000000         2.9045084972       203.4540409661
        1.3800000000         2.8969951993       212.9452646103
        1.3850000000         2.8892311508       205.3522856949
        1.3900000000         2.8812212555       195.8610620506
        1.3950000000         2.8729705727       214.8435093392
        1.4000000000         2.8644843137       192.0645725929
        1.4050000000         2.8557678386       207.2505304238
        1.4100000000         2.8468266529       199.6575515084
        1.4150000000         2.8376664041       186.3698384064
        1.4200000000         2.8282928779       190.1663278641
        1.4250000000         2.8187119949       205.3522856949
        1.4300000000         2.8089298065       190.1663278641
        1.4350000000         2.7989524915       180.6751042198
        1.4400000000         2.7887863517       197.7593067795
        1.4450000000         2.7784378082       173.0821253044
        1.4500000000         2.7679133975       186.3698384064
        1.4550000000         2.7572197669       178.7768594910
        1.4600000000         2.7463636708       180.6751042198
        1.4650000000         2.7353519661       173.0821253044
        1.4700000000         2.7241916080       169.2856358467
        1.4750000000         2.7128896458       188.2680831352
        1.4800000000         2.7014532179       157.8961674736
        1.4850000000         2.6898895478       174.9803700332
        1.4900000000         2.6782059394       178.7768594910
        1.4950000000         2.6664097723       152.2014332870
        1.5000000000         2.6545084972       169.2856358467
        1.5050000000         2.6425096312       154.0996780159
        1.5100000000         2.6304207531       159.7944122024
        1.5150000000         2.6182494985       152.2014332870
        1.5200000000         2.6060035550       155.9979227447
        1.5250000000         2.5936906573       152.2014332870
        1.5300000000         2.5813185826       140.8119649139
        1.5350000000         2.5688951453       137.0154754562
        1.5400000000         2.5564281924       131.3207412696
        1.5450000000         2.5439255983       133.2189859985
        1.5500000000         2.5313952598       123.7277623542
        1.5550000000         2.5188450913       114.2365387099
        1.5600000000         2.5062830199       123.7277623542
        1.5650000000         2.4937169801       106.6435597945
        1.5700000000         2.4811549087        89.5593572348
        1.5750000000         2.4686047402        76.2716441328
        1.5800000000         2.4560744017        30.7137706403
        1.5850000000         2.4435718076        -3.4546344790
        1.5900000000         2.4311048547        -7.2511239367
        1.5950000000         2.4186814174        -3.4546344790
        1.6000000000         2.4063093427         6.0365891652
        1.6050000000         2.3939964450        -5.3528792079
        1.6100000000         2.3817505015        -3.4546344790
        1.6150000000         2.3695792469         9.8330786230
        1.6200000000         2.3574903688      -113.5528287526
        1.6250000000         2.3454915028       -98.3668709217
        1.6300000000         2.3335902277       -85.0791578197
        1.6350000000         2.3217940606      -111.6545840237
        1.6400000000         2.3101104522      -109.7563392948
        1.6450000000         2.2985467821      -111.6545840237
        1.6500000000         2.2871103542      -119.2475629391
        1.6550000000         2.2758083920      -134.4335207699
        1.6600000000         2.2646480339      -130.6370313122
        1.6650000000         2.2536363292      -124.9422971257
        1.6700000000         2.2427802331      -111.6545840237
        1.6750000000         2.2320866025      -140.1282549565
        1.6800000000         2.2215621918      -136.3317654988
        1.6850000000         2.2112136483      -149.6194786008
        1.6900000000         2.2010475085      -143.9247444142
        1.6950000000         2.1910701935      -138.2300102277
        1.7000000000         2.1812880051      -155.3142127873
        1.7050000000         2.1717071221      -149.6194786008
        1.7100000000         2.1623335959      -159.1107022450
        1.7150000000         2.1531733471      -164.8054364316
        1.7200000000         2.1442321614      -155.3142127873
        1.7250000000         2.1355156863      -164.8054364316
        1.7300000000         2.1270294273      -140.1282549565
        1.7350000000         2.1187787445      -176.1949048047
        1.7400000000         2.1107688492      -166.7036811605
        1.7450000000         2.1030048007      -178.0931495336
        1.7500000000         2.0954915028      -162.9071917028
        1.7550000000         2.0882337012      -181.8896389913
        1.7600000000         2.0812359800      -193.2791073644
        1.7650000000         2.0745027591      -187.5843731779
        1.7700000000         2.0680382914      -189.4826179067
        1.7750000000         2.0618466600      -187.5843731779
        1.7800000000         2.0559317756      -197.0755968221
        1.7850000000         2.0502973742      -191.3808626356
        1.7900000000         2.0449470147      -206.5668204664
        1.7950000000         2.0398840763      -217.9562888395
        1.8000000000         2.0351117571      -189.4826179067
        1.8050000000         2.0306330712      -236.9387361281
        1.8100000000         2.0264508475      -195.1773520933
        1.8150000000         2.0225677276      -244.5317150435
        1.8200000000         2.0189861642      -206.5668204664
        1.8250000000         2.0157084194      -210.3633099241
        1.8300000000         2.0127365636      -219.8545335684
        1.8350000000         2.0100724738      -227.4475124838
        1.8400000000         2.0077178327      -217.9562888395
        1.8450000000         2.0056741276      -235.0404913992
        1.8500000000         2.0039426493      -202.7703310087
        1.8550000000         2.0025244915      -248.3282045012
        1.8600000000         2.0014205499      -217.9562888395
        1.8650000000         2.0006315217      -231.2440019415
        1.8700000000         2.0001579054      -248.3282045012
        1.8750000000         2.0000000000      -221.7527782972
        1.8800000000         2.0001579054      -242.6334703146
        1.8850000000         2.0006315217      -242.6334703146
        1.8900000000         2.0014205499      -240.7352255858
        1.8950000000         2.0025244915      -257.8194281455
        1.9000000000         2.0039426493      -240.7352255858
        1.9050000000         2.0056741276      -242.6334703146
        1.9100000000         2.0077178327      -261.6159176032
        1.9150000000         2.0100724738      -236.9387361281
        1.9200000000         2.0127365636      -282.4966096206
        1.9250000000         2.0157084194      -229.3457572126
        1.9300000000         2.0189861642      -288.1913438071
        1.9350000000         2.0225677276      -240.7352255858
        1.9400000000         2.0264508475      -250.2264492300
        1.9450000000         2.0306330712      -271.1071412474
        1.9500000000         2.0351117571      -244.5317150435
        1.9550000000         2.0398840763      -274.9036307051
        1.9600000000         2.0449470147      -255.9211834166
        1.9650000000         2.0502973742      -269.2088965186
        1.9700000000         2.0559317756      -276.8018754340
        1.9750000000         2.0618466600      -259.7176728743
        1.9800000000         2.0680382914      -263.5141623320
        1.9850000000         2.0745027591      -246.4299597723
        1.9900000000         2.0812359800      -276.8018754340
        1.9950000000         2.0882337012      -263.5141623320
        2.0000000000         2.0954915028      -271.1071412474
        2.0050000000         2.1030048007      -257.8194281455
        2.0100000000         2.1107688492      -278.7001201629
        2.0150000000         2.1187787445      -265.4124070609
        2.0200000000         2.1270294273      -269.2088965186
        2.0250000000         2.1355156863      -263.5141623320
        2.0300000000         2.1442321614      -240.7352255858
        2.0350000000         2.1531733471      -267.3106517897
        2.0400000000         2.1623335959      -246.4299597723
        2.0450000000         2.1717071221      -265.4124070609
        2.0500000000         2.1812880051      -246.4299597723
        2.0550000000         2.1910701935      -263.5141623320
        2.0600000000         2.2010475085      -248.3282045012
        2.0650000000         2.2112136483      -257.8194281455
        2.0700000000         2.2215621918      -250.2264492300
        2.0750000000         2.2320866025      -238.8369808569
        2.0800000000         2.2427802331      -261.6159176032
        2.0850000000         2.2536363292      -248.3282045012
        2.0900000000         2.2646480339      -248.3282045012
        2.0950000000         2.2758083920      -242.6334703146
        2.1000000000         2.2871103542      -217.9562888395
        2.1050000000         2.2985467821      -236.9387361281
        2.1100000000         2.3101104522      -219.8545335684
        2.1150000000         2.3217940606      -231.2440019415
        2.1200000000         2.3335902277      -240.7352255858
        2.1250000000         2.3454915028      -210.3633099241
        2.1300000000         2.3574903688      -233.1422466704
        2.1350000000         2.3695792469      -219.8545335684
        2.1400000000         2.3817505015      -217.9562888395
        2.1450000000         2.3939964450      -210.3633099241
        2.1500000000         2.4063093427      -216.0580441107
        2.1550000000         2.4186814174      -212.2615546530
        2.1600000000         2.4311048547      -210.3633099241
        2.1650000000         2.4435718076      -204.6685757375
        2.1700000000         2.4560744017      -198.9738415510
        2.1750000000         2.4686047402      -198.9738415510
        2.1800000000         2.4811549087      -197.0755968221
        2.1850000000         2.4937169801      -187.5843731779
        2.1900000000         2.5062830199      -185.6861284490
        2.1950000000         2.5188450913      -159.1107022450
        2.2000000000         2.5313952598      -143.9247444142
        2.2050000000         2.5439255983       -90.7738920063
        2.2100000000         2.5564281924       -47.1142632427
        2.2150000000         2.5688951453       -20.5388370387
        2.2200000000         2.5813185826        11.7313233518
        2.2250000000         2.5936906573        -5.3528792079
        2.2300000000         2.6060035550         2.2400997075
        2.2350000000         2.6182494985        -5.3528792079
        2.2400000000         2.6304207531        -1.5563897502
        2.2450000000         2.6425096312        11.7313233518
        2.2500000000         2.6545084972        -5.3528792079
        2.2550000000         2.6664097723         0.3418549787
        2.2600000000         2.6782059394         0.3418549787
        2.2650000000         2.6898895478        78.1698888617
        2.2700000000         2.7014532179        83.8646230483
        2.2750000000         2.7128896458        61.0856863020
        2.2800000000         2.7241916080        81.9663783194
        2.2850000000         2.7353519661        74.3733994040
        2.2900000000         2.7463636708        78.1698888617
        2.2950000000         2.7572197669        83.8646230483
        2.3000000000         2.7679133975        91.4576019637
        2.3050000000         2.7784378082        85.7628677771
        2.3100000000         2.7887863517        91.4576019637
        2.3150000000         2.7989524915       106.6435597945
        2.3200000000         2.8089298065       100.9488256079
        2.3250000000         2.8187119949       116.1347834388
        2.3300000000         2.8282928779       114.2365387099
        2.3350000000         2.8376664041       112.3382939811
        2.3400000000         2.8468266529       118.0330281676
        2.3450000000         2.8557678386       114.2365387099
        2.3500000000         2.8644843137       131.3207412696
        2.3550000000         2.8729705727       123.7277623542
        2.3600000000         2.8812212555       137.0154754562
        2.3650000000         2.8892311508       135.1172307273
        2.3700000000         2.8969951993       144.6084543716
        2.3750000000         2.9045084972       138.9137201850
        2.3800000000         2.9117662988       152.2014332870
        2.3850000000         2.9187640200       152.2014332870
        2.3900000000         2.9254972409       157.8961674736
        2.3950000000         2.9319617086       144.6084543716
        2.4000000000         2.9381533400       152.2014332870
        2.4050000000         2.9440682244       161.6926569313
        2.4100000000         2.9497026258       161.6926569313
        2.4150000000         2.9550529853       169.2856358467
        2.4200000000         2.9601159237       167.3873911178
        2.4250000000         2.9648882429       184.4715936775
        2.4300000000         2.9693669288       157.8961674736
        2.4350000000         2.9735491525       176.8786147621
        2.4400000000         2.9774322724       178.7768594910
        2.4450000000         2.9810138358       184.4715936775
        2.4500000000         2.9842915806       192.0645725929
        2.4550000000         2.9872634364       188.2680831352
        2.4600000000         2.9899275262       195.8610620506
        2.4650000000         2.9922821673       188.2680831352
        2.4700000000         2.9943258724       195.8610620506
        2.4750000000         2.9960573507       207.2505304238
        2.4800000000         2.9974755085       190.1663278641
        2.4850000000         2.9985794501       203.4540409661
        2.4900000000         2.9993684783       205.3522856949
        2.4950000000         2.9998420946       199.6575515084
        2.5000000000         3.0000000000       220.5382435257
        2.5050000000         2.9998420946       193.9628173218
        2.5100000000         2.9993684783       216.7417540680
        2.5150000000         2.9985794501       190.1663278641
        2.5200000000         2.9974755085       222.4364882546
        2.5250000000         2.9960573507       205.3522856949
        2.5300000000         2.9943258724       205.3522856949
        2.5350000000         2.9922821673       212.9452646103
        2.5400000000         2.9899275262       197.7593067795
        2.5450000000         2.9872634364       220.5382435257
        2.5500000000         2.9842915806       205.3522856949
        2.5550000000         2.9810138358       216.7417540680
        2.5600000000         2.9774322724       220.5382435257
        2.5650000000         2.9735491525       211.0470198815
        2.5700000000         2.9693669288       220.5382435257
        2.5750000000         2.9648882429       222.4364882546
        2.5800000000         2.9601159237       214.8435093392
        2.5850000000         2.9550529853       216.7417540680
        2.5900000000         2.9497026258       220.5382435257
        2.5950000000         2.9440682244       207.2505304238
        2.6000000000         2.9381533400       222.4364882546
        2.6050000000         2.9319617086       214.8435093392
        2.6100000000         2.9254972409       228.1312224412
        2.6150000000         2.9187640200       226.2329777123
        2.6200000000         2.9117662988       205.3522856949
        2.6250000000         2.9045084972       222.4364882546
        2.6300000000         2.8969951993       205.3522856949
        2.6350000000         2.8892311508       228.1312224412
        2.6400000000         2.8812212555       218.6399987969
        2.6450000000         2.8729705727       216.7417540680
        2.6500000000         2.8644843137       212.9452646103
        2.6550000000         2.8557678386       211.0470198815
        2.6600000000         2.8468266529       220.5382435257
        2.6650000000         2.8376664041       218.6399987969
        2.6700000000         2.8282928779       199.6575515084
        2.6750000000         2.8187119949       207.2505304238
        2.6800000000         2.8089298065       199.6575515084
        2.6850000000         2.7989524915       212.9452646103
        2.6900000000         2.7887863517       199.6575515084
        2.6950000000         2.7784378082       207.2505304238
        2.7000000000         2.7679133975       199.6575515084
        2.7050000000         2.7572197669       193.9628173218
        2.7100000000         2.7463636708       190.1663278641
        2.7150000000         2.7353519661       190.1663278641
        2.7200000000         2.7241916080       195.8610620506
        2.7250000000         2.7128896458       173.0821253044
        2.7300000000         2.7014532179       197.7593067795
        2.7350000000         2.6898895478       174.9803700332
        2.7400000000         2.6782059394       197.7593067795
        2.7450000000         2.6664097723       174.9803700332
        2.7500000000         2.6545084972       163.5909016601
        2.7550000000         2.6425096312       163.5909016601
        2.7600000000         2.6304207531       157.8961674736
        2.7650000000         2.6182494985       163.5909016601
        2.7700000000         2.6060035550       152.2014332870
        2.7750000000         2.5936906573       155.9979227447
        2.7800000000         2.5813185826       154.0996780159
        2.7850000000         2.5688951453       163.5909016601
        2.7900000000         2.5564281924       138.9137201850
        2.7950000000         2.5439255983       146.5066991004
        2.8000000000         2.5313952598       140.8119649139
        2.8050000000         2.5188450913       125.6260070830
        2.8100000000         2.5062830199       133.2189859985
        2.8150000000         2.4937169801       118.0330281676
        2.8200000000         2.4811549087       100.9488256079
        2.8250000000         2.4686047402        72.4751546751
        2.8300000000         2.4560744017        26.9172811826
        2.8350000000         2.4435718076        -3.4546344790
        2.8400000000         2.4311048547        11.7313233518
        2.8450000000         2.4186814174         2.2400997075
        2.8500000000         2.4063093427         7.9348338941
        2.8550000000         2.3939964450        -1.5563897502
        2.8600000000         2.3817505015        -3.4546344790
        2.8650000000         2.3695792469        -7.2511239367
        2.8700000000         2.3574903688       -75.5879341755
        2.8750000000         2.3454915028      -119.2475629391
        2.8800000000         2.3335902277       -75.5879341755
        2.8850000000         2.3217940606       -94.5703814640
        2.8900000000         2.3101104522      -111.6545840237
        2.8950000000         2.2985467821       -94.5703814640
        2.9000000000         2.2871103542      -107.8580945660
        2.9050000000         2.2758083920      -121.1458076680
        2.9100000000         2.2646480339      -134.4335207699
        2.9150000000         2.2536363292      -123.0440523968
        2.9200000000         2.2427802331      -126.8405418545
        2.9250000000         2.2320866025      -121.1458076680
        2.9300000000         2.2215621918      -132.5352760411
        2.9350000000         2.2112136483      -134.4335207699
        2.9400000000         2.2010475085      -147.7212338719
        2.9450000000         2.1910701935      -130.6370313122
        2.9500000000         2.1812880051      -145.8229891431
        2.9550000000         2.1717071221      -157.2124575162
        2.9600000000         2.1623335959      -140.1282549565
        2.9650000000         2.1531733471      -157.2124575162
        2.9700000000         2.1442321614      -151.5177233296
        2.9750000000         2.1355156863      -164.8054364316
        2.9800000000         2.1270294273      -157.2124575162
        2.9850000000         2.1187787445      -170.5001706182
        2.9900000000         2.1107688492      -181.8896389913
        2.9950000000         2.1030048007      -172.3984153470
        3.0000000000         2.0954915028      -157.2124575162
        3.0050000000         2.0882337012      -164.8054364316
        3.0100000000         2.0812359800      -198.9738415510
        3.0150000000         2.0745027591      -179.9913942624
        3.0200000000         2.0680382914      -185.6861284490
        3.0250000000         2.0618466600      -187.5843731779
        3.0300000000         2.0559317756      -189.4826179067
        3.0350000000         2.0502973742      -189.4826179067
        3.0400000000         2.0449470147      -210.3633099241
        3.0450000000         2.0398840763      -210.3633099241
        3.0500000000         2.0351117571      -206.5668204664
        3.0550000000         2.0306330712      -223.6510230261
        3.0600000000         2.0264508475      -204.6685757375
        3.0650000000         2.0225677276      -216.0580441107
        3.0700000000         2.0189861642      -219.8545335684
        3.0750000000         2.0157084194      -219.8545335684
        3.0800000000         2.0127365636      -240.7352255858
        3.0850000000         2.0100724738      -231.2440019415
        3.0900000000         2.0077178327      -236.9387361281
        3.0950000000         2.0056741276      -244.5317150435
        3.1000000000         2.0039426493      -244.5317150435
        3.1050000000         2.0025244915      -233.1422466704
        3.1100000000         2.0014205499      -236.9387361281
        3.1150000000         2.0006315217      -238.8369808569
        3.1200000000         2.0001579054      -250.2264492300
        3.1250000000         2.0000000000      -248.3282045012
        3.1300000000         2.0001579054      -257.8194281455
        3.1350000000         2.0006315217      -255.9211834166
        3.1400000000         2.0014205499      -257.8194281455
        3.1450000000         2.0025244915      -273.0053859763
        3.1500000000         2.0039426493      -267.3106517897
        3.1550000000         2.0056741276      -267.3106517897
        3.1600000000         2.0077178327      -257.8194281455
        3.1650000000         2.0100724738      -265.4124070609
        3.1700000000         2.0127365636      -271.1071412474
        3.1750000000         2.0157084194      -244.5317150435
        3.1800000000         2.0189861642      -274.9036307051
        3.1850000000         2.0225677276      -257.8194281455
        3.1900000000         2.0264508475      -286.2930990783
        3.1950000000         2.0306330712      -255.9211834166
        3.2000000000         2.0351117571      -271.1071412474
        3.2050000000         2.0398840763      -276.8018754340
        3.2100000000         2.0449470147      -274.9036307051
        3.2150000000         2.0502973742      -274.9036307051
        3.2200000000         2.0559317756      -263.5141623320
        3.2250000000         2.0618466600      -286.2930990783
        3.2300000000         2.0680382914      -259.7176728743
        3.2350000000         2.0745027591      -276.8018754340
        3.2400000000         2.0812359800      -265.4124070609
        3.2450000000         2.0882337012      -273.0053859763
        3.2500000000         2.0954915028      -267.3106517897
        3.2550000000         2.1030048007      -263.5141623320
        3.2600000000         2.1107688492      -269.2088965186
        3.2650000000         2.1187787445      -273.0053859763
        3.2700000000         2.1270294273      -280.5983648917
        3.2750000000         2.1355156863      -265.4124070609
        3.2800000000         2.1442321614      -278.7001201629
        3.2850000000         2.1531733471      -254.0229386877
        3.2900000000         2.1623335959      -280.5983648917
        3.2950000000         2.1717071221      -265.4124070609
        3.3000000000         2.1812880051      -265.4124070609
        3.3050000000         2.1910701935      -271.1071412474
        3.3100000000         2.2010475085      -257.8194281455
        3.3150000000         2.2112136483      -269.2088965186
        3.3200000000         2.2215621918      -250.2264492300
        3.3250000000         2.2320866025      -276.8018754340
        3.3300000000         2.2427802331      -248.3282045012
        3.3350000000         2.2536363292      -259.7176728743
        3.3400000000         2.2646480339      -250.2264492300
        3.3450000000         2.2758083920      -250.2264492300
        3.3500000000         2.2871103542      -257.8194281455
        3.3550000000         2.2985467821      -236.9387361281
        3.3600000000         2.3101104522      -244.5317150435
        3.3650000000         2.3217940606      -233.1422466704
        3.3700000000         2.3335902277      -252.1246939589
        3.3750000000         2.3454915028      -227.4475124838
        3.3800000000         2.3574903688      -233.1422466704
        3.3850000000         2.3695792469      -231.2440019415
        3.3900000000         2.3817505015      -219.8545335684
        3.3950000000         2.3939964450      -240.7352255858
        3.4000000000         2.4063093427      -200.8720862798
        3.4050000000         2.4186814174      -225.5492677549
        3.4100000000         2.4311048547      -212.2615546530
        3.4150000000         2.4435718076      -210.3633099241
        3.4200000000         2.4560744017      -210.3633099241
        3.4250000000         2.4686047402      -200.8720862798
        3.4300000000         2.4811549087      -195.1773520933
        3.4350000000         2.4937169801      -181.8896389913
        3.4400000000         2.5062830199      -183.7878837202
        3.4450000000         2.5188450913      -166.7036811605
        3.4500000000         2.5313952598      -145.8229891431
        3.4550000000         2.5439255983      -102.1633603794
        3.4600000000         2.5564281924       -64.1984658024
        3.4650000000         2.5688951453       -24.3353264964
        3.4700000000         2.5813185826        19.3243022672
        3.4750000000         2.5936906573         2.2400997075
        3.4800000000         2.6060035550        -3.4546344790
        3.4850000000         2.6182494985        -5.3528792079
        3.4900000000         2.6304207531        -5.3528792079
        3.4950000000         2.6425096312        -1.5563897502
        3.5000000000         2.6545084972        -1.5563897502
        3.5050000000         2.6664097723        -1.5563897502
        3.5100000000         2.6782059394         0.3418549787
        3.5150000000         2.6898895478        81.9663783194
        3.5200000000         2.7014532179        74.3733994040
        3.5250000000         2.7128896458        68.6786652174
        3.5300000000         2.7241916080        70.5769099463
        3.5350000000         2.7353519661        74.3733994040
        3.5400000000         2.7463636708        87.6611125060
        3.5450000000         2.7572197669        70.5769099463
        3.5500000000         2.7679133975       112.3382939811
        3.5550000000         2.7784378082        97.1523361502
        3.5600000000         2.7887863517        99.0505808791
        3.5650000000         2.7989524915        97.1523361502
        3.5700000000         2.8089298065       102.8470703368
        3.5750000000         2.8187119949       114.2365387099
        3.5800000000         2.8282928779       106.6435597945
        3.5850000000         2.8376664041       116.1347834388
        3.5900000000         2.8468266529       106.6435597945
        3.5950000000         2.8557678386       125.6260070830
        3.6000000000         2.8644843137       123.7277623542
        3.6050000000         2.8729705727       137.0154754562
        3.6100000000         2.8812212555       123.7277623542
        3.6150000000         2.8892311508       140.8119649139
        3.6200000000         2.8969951993       154.0996780159
        3.6250000000         2.9045084972       140.8119649139
        3.6300000000         2.9117662988       159.7944122024
        3.6350000000         2.9187640200       154.0996780159
        3.6400000000         2.9254972409       159.7944122024
        3.6450000000         2.9319617086       159.7944122024
        3.6500000000         2.9381533400       165.4891463890
        3.6550000000         2.9440682244       173.0821253044
        3.6600000000         2.9497026258       167.3873911178
        3.6650000000         2.9550529853       173.0821253044
        3.6700000000         2.9601159237       186.3698384064
        3.6750000000         2.9648882429       174.9803700332
        3.6800000000         2.9693669288       169.2856358467
        3.6850000000         2.9735491525       182.5733489487
        3.6900000000         2.9774322724       197.7593067795
        3.6950000000         2.9810138358       178.7768594910
        3.7000000000         2.9842915806       197.7593067795
        3.7050000000         2.9872634364       203.4540409661
        3.7100000000         2.9899275262       190.1663278641
        3.7150000000         2.9922821673       205.3522856949
        3.7200000000         2.9943258724       190.1663278641
        3.7250000000         2.9960573507       212.9452646103
        3.7300000000         2.9974755085       212.9452646103
        3.7350000000         2.9985794501       218.6399987969
        3.7400000000         2.9993684783       214.8435093392
        3.7450000000         2.9998420946       207.2505304238
        3.7500000000         3.0000000000       222.4364882546
        3.7550000000         2.9998420946       220.5382435257
        3.7600000000         2.9993684783       247.1136697297
        3.7650000000         2.9985794501       222.4364882546
        3.7700000000         2.9974755085       224.3347329835
        3.7750000000         2.9960573507       233.8259566277
        3.7800000000         2.9943258724       237.6224460854
        3.7850000000         2.9922821673       237.6224460854
        3.7900000000         2.9899275262       241.4189355431
        3.7950000000         2.9872634364       228.1312224412
        3.8000000000         2.9842915806       241.4189355431
        3.8050000000         2.9810138358       222.4364882546
        3.8100000000         2.9774322724       245.2154250008
        3.8150000000         2.9735491525       233.8259566277
        3.8200000000         2.9693669288       222.4364882546
        3.8250000000         2.9648882429       256.6048933740
        3.8300000000         2.9601159237       231.9277118989
        3.8350000000         2.9550529853       245.2154250008
        3.8400000000         2.9497026258       243.3171802720
        3.8450000000         2.9440682244       235.7242013566
        3.8500000000         2.9381533400       252.8084039163
        3.8550000000         2.9319617086       228.1312224412
        3.8600000000         2.9254972409       243.3171802720
        3.8650000000         2.9187640200       226.2329777123
        3.8700000000         2.9117662988       237.6224460854
        3.8750000000         2.9045084972       243.3171802720
        3.8800000000         2.8969951993       233.8259566277
        3.8850000000         2.8892311508       230.0294671700
        3.8900000000         2.8812212555       237.6224460854
        3.8950000000         2.8729705727       226.2329777123
        3.9000000000         2.8644843137       241.4189355431
        3.9050000000         2.8557678386       220.5382435257
        3.9100000000         2.8468266529       235.7242013566
        3.9150000000         2.8376664041       226.2329777123
        3.9200000000         2.8282928779       209.1487751526
        3.9250000000         2.8187119949       241.4189355431
        3.9300000000         2.8089298065       207.2505304238
        3.9350000000         2.7989524915       220.5382435257
        3.9400000000         2.7887863517       214.8435093392
        3.9450000000         2.7784378082       205.3522856949
        3.9500000000         2.7679133975       216.7417540680
        3.9550000000         2.7572197669       205.3522856949
        3.9600000000         2.7463636708       197.7593067795
        3.9650000000         2.7353519661       212.9452646103
        3.9700000000         2.7241916080       199.6575515084
        3.9750000000         2.7128896458       203.4540409661
        3.9800000000         2.7014532179       209.1487751526
        3.9850000000         2.6898895478       186.3698384064
        3.9900000000         2.6782059394       193.9628173218
        3.9950000000         2.6664097723       178.7768594910
        4.0000000000         2.6545084972       178.7768594910
        4.0050000000         2.6425096312       178.7768594910
        4.0100000000         2.6304207531       171.1838805755
        4.0150000000         2.6182494985       174.9803700332
        4.0200000000         2.6060035550       154.0996780159
        4.0250000000         2.5936906573       173.0821253044
        4.0300000000         2.5813185826       146.5066991004
        4.0350000000         2.5688951453       163.5909016601
        4.0400000000         2.5564281924       138.9137201850
        4.0450000000         2.5439255983       142.7102096427
        4.0500000000         2.5313952598       148.4049438293
        4.0550000000         2.5188450913       138.9137201850
        4.0600000000         2.5062830199       138.9137201850
        4.0650000000         2.4937169801       123.7277623542
        4.0700000000         2.4811549087       118.0330281676
        4.0750000000         2.4686047402        89.5593572348
        4.0800000000         2.4560744017        51.5944626577
        4.0850000000         2.4435718076         2.2400997075
        4.0900000000         2.4311048547       -12.9458581233
        4.0950000000         2.4186814174         9.8330786230
        4.1000000000         2.4063093427         2.2400997075
        4.1050000000         2.3939964450        -1.5563897502
        4.1100000000         2.3817505015         0.3418549787
        4.1150000000         2.3695792469        -5.3528792079
        4.1200000000         2.3574903688       -79.3844236332
        4.1250000000         2.3454915028      -100.2651156506
        4.1300000000         2.3335902277       -79.3844236332
        4.1350000000         2.3217940606      -105.9598498371
        4.1400000000         2.3101104522       -94.5703814640
        4.1450000000         2.2985467821      -111.6545840237
        4.1500000000         2.2871103542      -100.2651156506
        4.1550000000         2.2758083920      -136.3317654988
        4.1600000000         2.2646480339      -123.0440523968
        4.1650000000         2.2536363292      -111.6545840237
        4.1700000000         2.2427802331      -119.2475629391
        4.1750000000         2.2320866025      -126.8405418545
        4.1800000000         2.2215621918      -124.9422971257
        4.1850000000         2.2112136483      -126.8405418545
        4.1900000000         2.2010475085      -130.6370313122
        4.1950000000         2.1910701935      -143.9247444142
        4.2000000000         2.1812880051      -138.2300102277
        4.2050000000         2.1717071221      -136.3317654988
        4.2100000000         2.1623335959      -162.9071917028
        4.2150000000         2.1531733471      -149.6194786008
        4.2200000000         2.1442321614      -164.8054364316
        4.2250000000         2.1355156863      -164.8054364316
        4.2300000000         2.1270294273      -174.2966600759
        4.2350000000         2.1187787445      -166.7036811605
        4.2400000000         2.1107688492      -172.3984153470
        4.2450000000         2.1030048007      -174.2966600759
        4.2500000000         2.0954915028      -172.3984153470
        4.2550000000         2.0882337012      -185.6861284490
        4.2600000000         2.0812359800      -189.4826179067
        4.2650000000         2.0745027591      -191.3808626356
        4.2700000000         2.0680382914      -187.5843731779
        4.2750000000         2.0618466600      -195.1773520933
        4.2800000000         2.0559317756      -202.7703310087
        4.2850000000         2.0502973742      -189.4826179067
        4.2900000000         2.0449470147      -233.1422466704
        4.2950000000         2.0398840763      -191.3808626356
        4.3000000000         2.0351117571      -217.9562888395
        4.3050000000         2.0306330712      -200.8720862798
        4.3100000000         2.0264508475      -225.5492677549
        4.3150000000         2.0225677276      -225.5492677549
        4.3200000000         2.0189861642      -221.7527782972
        4.3250000000         2.0157084194      -219.8545335684
        4.3300000000         2.0127365636      -204.6685757375
        4.3350000000         2.0100724738      -231.2440019415
        4.3400000000         2.0077178327      -227.4475124838
        4.3450000000         2.0056741276      -236.9387361281
        4.3500000000         2.0039426493      -236.9387361281
        4.3550000000         2.0025244915      -225.5492677549
        4.3600000000         2.0014205499      -248.3282045012
        4.3650000000         2.0006315217      -227.4475124838
        4.3700000000         2.0001579054      -257.8194281455
        4.3750000000         2.0000000000      -244.5317150435
        4.3800000000         2.0001579054      -236.9387361281
        4.3850000000         2.0006315217      -263.5141623320
        4.3900000000         2.0014205499      -254.0229386877
        4.3950000000         2.0025244915      -244.5317150435
        4.4000000000         2.0039426493      -255.9211834166
        4.4050000000         2.0056741276      -248.3282045012
        4.4100000000         2.0077178327      -265.4124070609
        4.4150000000         2.0100724738      -250.2264492300
        4.4200000000         2.0127365636      -248.3282045012
        4.4250000000         2.0157084194      -252.1246939589
        4.4300000000         2.0189861642      -244.5317150435
        4.4350000000         2.0225677276      -273.0053859763
        4.4400000000         2.0264508475      -252.1246939589
        4.4450000000         2.0306330712      -278.7001201629
        4.4500000000         2.0351117571      -252.1246939589
        4.4550000000         2.0398840763      -274.9036307051
        4.4600000000         2.0449470147      -271.1071412474
        4.4650000000         2.0502973742      -259.7176728743
        4.4700000000         2.0559317756      -276.8018754340
        4.4750000000         2.0618466600      -263.5141623320
        4.4800000000         2.0680382914      -278.7001201629
        4.4850000000         2.0745027591      -259.7176728743
        4.4900000000         2.0812359800      -271.1071412474
        4.4950000000         2.0882337012      -297.6825674514
        4.5000000000         2.0954915028      -265.4124070609
        4.5050000000         2.1030048007      -269.2088965186
        4.5100000000         2.1107688492      -255.9211834166
        4.5150000000         2.1187787445      -284.3948543494
        4.5200000000         2.1270294273      -244.5317150435
        4.5250000000         2.1355156863      -271.1071412474
        4.5300000000         2.1442321614      -257.8194281455
        4.5350000000         2.1531733471      -278.7001201629
        4.5400000000         2.1623335959      -257.8194281455
        4.5450000000         2.1717071221      -263.5141623320
        4.5500000000         2.1812880051      -257.8194281455
        4.5550000000         2.1910701935      -259.7176728743
        4.5600000000         2.2010475085      -261.6159176032
        4.5650000000         2.2112136483      -250.2264492300
        4.5700000000         2.2215621918      -257.8194281455
        4.5750000000         2.2320866025      -227.4475124838
        4.5800000000         2.2427802331      -255.9211834166
        4.5850000000         2.2536363292      -244.5317150435
        4.5900000000         2.2646480339      -240.7352255858
        4.5950000000         2.2758083920      -248.3282045012
        4.6000000000         2.2871103542      -235.0404913992
        4.6050000000         2.2985467821      -248.3282045012
        4.6100000000         2.3101104522      -227.4475124838
        4.6150000000         2.3217940606      -229.3457572126
        4.6200000000         2.3335902277      -221.7527782972
        4.6250000000         2.3454915028      -216.0580441107
        4.6300000000         2.3574903688      -227.4475124838
        4.6350000000         2.3695792469      -214.1597993818
        4.6400000000         2.3817505015      -217.9562888395
        4.6450000000         2.3939964450      -217.9562888395
        4.6500000000         2.4063093427      -210.3633099241
        4.6550000000         2.4186814174      -212.2615546530
        4.6600000000         2.4311048547      -212.2615546530
        4.6650000000         2.4435718076      -191.3808626356
        4.6700000000         2.4560744017      -206.5668204664
        4.6750000000         2.4686047402      -193.2791073644
        4.6800000000         2.4811549087      -200.8720862798
        4.6850000000         2.4937169801      -191.3808626356
        4.6900000000         2.5062830199      -185.6861284490
        4.6950000000         2.5188450913      -164.8054364316
        4.7000000000         2.5313952598      -145.8229891431
        4.7050000000         2.5439255983       -92.6721367352
        4.7100000000         2.5564281924       -50.9107527004
        4.7150000000         2.5688951453       -14.8441028521
        4.7200000000         2.5813185826         9.8330786230
        4.7250000000         2.5936906573         0.3418549787
        4.7300000000         2.6060035550        -1.5563897502
        4.7350000000         2.6182494985        -9.1493686656
        4.7400000000         2.6304207531         6.0365891652
        4.7450000000         2.6425096312         0.3418549787
        4.7500000000         2.6545084972        -5.3528792079
        4.7550000000         2.6664097723        -5.3528792079
        4.7600000000         2.6782059394        -5.3528792079
        4.7650000000         2.6898895478        70.5769099463
        4.7700000000         2.7014532179        78.1698888617
        4.7750000000         2.7128896458        55.3909521154
        4.7800000000         2.7241916080        68.6786652174
        4.7850000000         2.7353519661        74.3733994040
        4.7900000000         2.7463636708        83.8646230483
        4.7950000000         2.7572197669        76.2716441328
        4.8000000000         2.7679133975       104.7453150657
        4.8050000000         2.7784378082        95.2540914214
        4.8100000000         2.7887863517       100.9488256079
        4.8150000000         2.7989524915        85.7628677771
        4.8200000000         2.8089298065       108.5418045234
        4.8250000000         2.8187119949       106.6435597945
        4.8300000000         2.8282928779       102.8470703368
        4.8350000000         2.8376664041       112.3382939811
        4.8400000000         2.8468266529       114.2365387099
        4.8450000000         2.8557678386       119.9312728965
        4.8500000000         2.8644843137       121.8295176253
        4.8550000000         2.8729705727       133.2189859985
        4.8600000000         2.8812212555       119.9312728965
        4.8650000000         2.8892311508       138.9137201850
        4.8700000000         2.8969951993       144.6084543716
        4.8750000000         2.9045084972       144.6084543716
        4.8800000000         2.9117662988       138.9137201850
        4.8850000000         2.9187640200       152.2014332870
        4.8900000000         2.9254972409       157.8961674736
        4.8950000000         2.9319617086       159.7944122024
        4.9000000000         2.9381533400       159.7944122024
        4.9050000000         2.9440682244       159.7944122024
        4.9100000000         2.9497026258       184.4715936775
        4.9150000000         2.9550529853       169.2856358467
        4.9200000000         2.9601159237       169.2856358467
        4.9250000000         2.9648882429       188.2680831352
        4.9300000000         2.9693669288       176.8786147621
        4.9350000000         2.9735491525       182.5733489487
        4.9400000000         2.9774322724       188.2680831352
        4.9450000000         2.9810138358       190.1663278641
        4.9500000000         2.9842915806       192.0645725929
        4.9550000000         2.9872634364       199.6575515084
        4.9600000000         2.9899275262       199.6575515084
        4.9650000000         2.9922821673       193.9628173218
        4.9700000000         2.9943258724       203.4540409661
        4.9750000000         2.9960573507       218.6399987969
        4.9800000000         2.9974755085       201.5557962372
        4.9850000000         2.9985794501       220.5382435257
        4.9900000000         2.9993684783       211.0470198815
        4.9950000000         2.9998420946       207.2505304238
        5.0000000000         3.0000000000       220.5382435257
        5.0050000000         2.9998420946       214.8435093392
        5.0100000000         2.9993684783       224.3347329835
        5.0150000000         2.9985794501       224.3347329835
        5.0200000000         2.9974755085       214.8435093392
        5.0250000000         2.9960573507       231.9277118989
        5.0300000000         2.9943258724       230.0294671700
        5.0350000000         2.9922821673       220.5382435257
        5.0400000000         2.9899275262       243.3171802720
        5.0450000000         2.9872634364       218.6399987969
        5.0500000000         2.9842915806       235.7242013566
        5.0550000000         2.9810138358       245.2154250008
        5.0600000000         2.9774322724       212.9452646103
        5.0650000000         2.9735491525       252.8084039163
        5.0700000000         2.9693669288       212.9452646103
        5.0750000000         2.9648882429       249.0119144586
        5.0800000000         2.9601159237       235.7242013566
        5.0850000000         2.9550529853       222.4364882546
        5.0900000000         2.9497026258       245.2154250008
        5.0950000000         2.9440682244       228.1312224412
        5.1000000000         2.9381533400       243.3171802720
        5.1050000000         2.9319617086       252.8084039163
        5.1100000000         2.9254972409       235.7242013566
        5.1150000000         2.9187640200       239.5206908143
        5.1200000000         2.9117662988       239.5206908143
        5.1250000000         2.9045084972       230.0294671700
        5.1300000000         2.8969951993       241.4189355431
        5.1350000000         2.8892311508       218.6399987969
        5.1400000000         2.8812212555       237.6224460854
        5.1450000000         2.8729705727       237.6224460854
        5.1500000000         2.8644843137       224.3347329835
        5.1550000000         2.8557678386       245.2154250008
        5.1600000000         2.8468266529       207.2505304238
        5.1650000000         2.8376664041       230.0294671700
        5.1700000000         2.8282928779       230.0294671700
        5.1750000000         2.8187119949       228.1312224412
        5.1800000000         2.8089298065       231.9277118989
        5.1850000000         2.7989524915       214.8435093392
        5.1900000000         2.7887863517       220.5382435257
        5.1950000000         2.7784378082       214.8435093392
        5.2000000000         2.7679133975       209.1487751526
        5.2050000000         2.7572197669       220.5382435257
        5.2100000000         2.7463636708       209.1487751526
        5.2150000000         2.7353519661       203.4540409661
        5.2200000000         2.7241916080       209.1487751526
        5.2250000000         2.7128896458       188.2680831352
        5.2300000000         2.7014532179       195.8610620506
        5.2350000000         2.6898895478       171.1838805755
        5.2400000000         2.6782059394       184.4715936775
        5.2450000000         2.6664097723       169.2856358467
        5.2500000000         2.6545084972       173.0821253044
        5.2550000000         2.6425096312       176.8786147621
        5.2600000000         2.6304207531       150.3031885581
        5.2650000000         2.6182494985       159.7944122024
        5.2700000000         2.6060035550       146.5066991004
        5.2750000000         2.5936906573       154.0996780159
        5.2800000000         2.5813185826       142.7102096427
        5.2850000000         2.5688951453       133.2189859985
        5.2900000000         2.5564281924       127.5242518119
        5.2950000000         2.5439255983       133.2189859985
        5.3000000000         2.5313952598       146.5066991004
        5.3050000000         2.5188450913       127.5242518119
        5.3100000000         2.5062830199       131.3207412696
        5.3150000000         2.4937169801       118.0330281676
        5.3200000000         2.4811549087       100.9488256079
        5.3250000000         2.4686047402        93.3558466925
        5.3300000000         2.4560744017        42.1032390135
        5.3350000000         2.4435718076         6.0365891652
        5.3400000000         2.4311048547       -16.7423475810
        5.3450000000         2.4186814174        -5.3528792079
        5.3500000000         2.4063093427        -1.5563897502
        5.3550000000         2.3939964450         9.8330786230
        5.3600000000         2.3817505015        -1.5563897502
        5.3650000000         2.3695792469        -5.3528792079
        5.3700000000         2.3574903688       -83.1809130909
        5.3750000000         2.3454915028      -111.6545840237
        5.3800000000         2.3335902277       -58.5037316158
        5.3850000000         2.3217940606      -123.0440523968
        5.3900000000         2.3101104522       -88.8756472775
        5.3950000000         2.2985467821      -104.0616051083
        5.4000000000         2.2871103542       -92.6721367352
        5.4050000000         2.2758083920      -117.3493182103
        5.4100000000         2.2646480339      -117.3493182103
        5.4150000000         2.2536363292       -94.5703814640
        5.4200000000         2.2427802331      -100.2651156506
        5.4250000000         2.2320866025      -130.6370313122
        5.4300000000         2.2215621918      -111.6545840237
        5.4350000000         2.2112136483      -130.6370313122
        5.4400000000         2.2010475085      -115.4510734814
        5.4450000000         2.1910701935      -134.4335207699
        5.4500000000         2.1812880051      -128.7387865834
        5.4550000000         2.1717071221      -140.1282549565
        5.4600000000         2.1623335959      -155.3142127873
        5.4650000000         2.1531733471      -123.0440523968
        5.4700000000         2.1442321614      -157.2124575162
        5.4750000000         2.1355156863      -153.4159680585
        5.4800000000         2.1270294273      -159.1107022450
        5.4850000000         2.1187787445      -164.8054364316
        5.4900000000         2.1107688492      -166.7036811605
        5.4950000000         2.1030048007      -164.8054364316
        5.5000000000         2.0954915028      -168.6019258893
        5.5050000000         2.0882337012      -179.9913942624
        5.5100000000         2.0812359800      -179.9913942624
        5.5150000000         2.0745027591      -185.6861284490
        5.5200000000         2.0680382914      -187.5843731779
        5.5250000000         2.0618466600      -193.2791073644
        5.5300000000         2.0559317756      -193.2791073644
        5.5350000000         2.0502973742      -191.3808626356
        5.5400000000         2.0449470147      -206.5668204664
        5.5450000000         2.0398840763      -210.3633099241
        5.5500000000         2.0351117571      -197.0755968221
        5.5550000000         2.0306330712      -206.5668204664
        5.5600000000         2.0264508475      -204.6685757375
        5.5650000000         2.0225677276      -216.0580441107
        5.5700000000         2.0189861642      -217.9562888395
        5.5750000000         2.0157084194      -210.3633099241
        5.5800000000         2.0127365636      -216.0580441107
        5.5850000000         2.0100724738      -217.9562888395
        5.5900000000         2.0077178327      -216.0580441107
        5.5950000000         2.0056741276      -240.7352255858
        5.6000000000         2.0039426493      -231.2440019415
        5.6050000000         2.0025244915      -233.1422466704
        5.6100000000         2.0014205499      -236.9387361281
        5.6150000000         2.0006315217      -233.1422466704
        5.6200000000         2.0001579054      -255.9211834166
        5.6250000000         2.0000000000      -254.0229386877
        5.6300000000         2.0001579054      -242.6334703146
        5.6350000000         2.0006315217      -255.9211834166
        5.6400000000         2.0014205499      -242.6334703146
        5.6450000000         2.0025244915      -255.9211834166
        5.6500000000         2.0039426493      -263.5141623320
        5.6550000000         2.0056741276      -246.4299597723
        5.6600000000         2.0077178327      -271.1071412474
        5.6650000000         2.0100724738      -250.2264492300
        5.6700000000         2.0127365636      -278.7001201629
        5.6750000000         2.0157084194      -255.9211834166
        5.6800000000         2.0189861642      -265.4124070609
        5.6850000000         2.0225677276      -273.0053859763
        5.6900000000         2.0264508475      -246.4299597723
        5.6950000000         2.0306330712      -278.7001201629
        5.7000000000         2.0351117571      -261.6159176032
        5.7050000000         2.0398840763      -282.4966096206
        5.7100000000         2.0449470147      -261.6159176032
        5.7150000000         2.0502973742      -278.7001201629
        5.7200000000         2.0559317756      -263.5141623320
        5.7250000000         2.0618466600      -274.9036307051
        5.7300000000         2.0680382914      -263.5141623320
        5.7350000000         2.0745027591      -276.8018754340
        5.7400000000         2.0812359800      -271.1071412474
        5.7450000000         2.0882337012      -267.3106517897
        5.7500000000         2.0954915028      -274.9036307051
        5.7550000000         2.1030048007      -265.4124070609
        5.7600000000         2.1107688492      -278.7001201629
        5.7650000000         2.1187787445      -250.2264492300
        5.7700000000         2.1270294273      -269.2088965186
        5.7750000000         2.1355156863      -248.3282045012
        5.7800000000         2.1442321614      -259.7176728743
        5.7850000000         2.1531733471      -255.9211834166
        5.7900000000         2.1623335959      -244.5317150435
        5.7950000000         2.1717071221      -267.3106517897
        5.8000000000         2.1812880051      -235.0404913992
        5.8050000000         2.1910701935      -259.7176728743
        5.8100000000         2.2010475085      -236.9387361281
        5.8150000000         2.2112136483      -252.1246939589
        5.8200000000         2.2215621918      -250.2264492300
        5.8250000000         2.2320866025      -248.3282045012
        5.8300000000         2.2427802331      -259.7176728743
        5.8350000000         2.2536363292      -240.7352255858
        5.8400000000         2.2646480339      -259.7176728743
        5.8450000000         2.2758083920      -219.8545335684
        5.8500000000         2.2871103542      -242.6334703146
        5.8550000000         2.2985467821      -231.2440019415
        5.8600000000         2.3101104522      -225.5492677549
        5.8650000000         2.3217940606      -240.7352255858
        5.8700000000         2.3335902277      -216.0580441107
        5.8750000000         2.3454915028      -212.2615546530
        5.8800000000         2.3574903688      -221.7527782972
        5.8850000000         2.3695792469      -212.2615546530
        5.8900000000         2.3817505015      -221.7527782972
        5.8950000000         2.3939964450      -214.1597993818
        5.9000000000         2.4063093427      -212.2615546530
        5.9050000000         2.4186814174      -208.4650651953
        5.9100000000         2.4311048547      -210.3633099241
        5.9150000000         2.4435718076      -195.1773520933
        5.9200000000         2.4560744017      -191.3808626356
        5.9250000000         2.4686047402      -200.8720862798
        5.9300000000         2.4811549087      -166.7036811605
        5.9350000000         2.4937169801      -185.6861284490
        5.9400000000         2.5062830199      -179.9913942624
        5.9450000000         2.5188450913      -155.3142127873
        5.9500000000         2.5313952598      -145.8229891431
        5.9550000000         2.5439255983       -73.6896894466
        5.9600000000         2.5564281924       -43.3177737850
        5.9650000000         2.5688951453        -7.2511239367
        5.9700000000         2.5813185826        15.5278128095
        5.9750000000         2.5936906573         0.3418549787
        5.9800000000         2.6060035550         2.2400997075
        5.9850000000         2.6182494985         4.1383444364
        5.9900000000         2.6304207531         2.2400997075
        5.9950000000         2.6425096312         6.0365891652
        6.0000000000         2.6545084972        -1.5563897502
        6.0050000000         2.6664097723         2.2400997075
        6.0100000000         2.6782059394        13.6295680807
        6.0150000000         2.6898895478       100.9488256079
        6.0200000000         2.7014532179        70.5769099463
        6.0250000000         2.7128896458        80.0681335906
        6.0300000000         2.7241916080        66.7804204886
        6.0350000000         2.7353519661        87.6611125060
        6.0400000000         2.7463636708        80.0681335906
        6.0450000000         2.7572197669        85.7628677771
        6.0500000000         2.7679133975       100.9488256079
        6.0550000000         2.7784378082        87.6611125060
        6.0600000000         2.7887863517        99.0505808791
        6.0650000000         2.7989524915        97.1523361502
        6.0700000000         2.8089298065       114.2365387099
        6.0750000000         2.8187119949        99.0505808791
        6.0800000000         2.8282928779       104.7453150657
        6.0850000000         2.8376664041       102.8470703368
        6.0900000000         2.8468266529       123.7277623542
        6.0950000000         2.8557678386       110.4400492522
        6.1000000000         2.8644843137       125.6260070830
        6.1050000000         2.8729705727       119.9312728965
        6.1100000000         2.8812212555       131.3207412696
        6.1150000000         2.8892311508       133.2189859985
        6.1200000000         2.8969951993       144.6084543716
        6.1250000000         2.9045084972       154.0996780159
        6.1300000000         2.9117662988       138.9137201850
        6.1350000000         2.9187640200       165.4891463890
        6.1400000000         2.9254972409       150.3031885581
        6.1450000000         2.9319617086       157.8961674736
        6.1500000000         2.9381533400       150.3031885581
        6.1550000000         2.9440682244       169.2856358467
        6.1600000000         2.9497026258       159.7944122024
        6.1650000000         2.9550529853       171.1838805755
        6.1700000000         2.9601159237       169.2856358467
        6.1750000000         2.9648882429       171.1838805755
        6.1800000000         2.9693669288       178.7768594910
        6.1850000000         2.9735491525       178.7768594910
        6.1900000000         2.9774322724       195.8610620506
        6.1950000000         2.9810138358       176.8786147621
        6.2000000000         2.9842915806       188.2680831352
        6.2050000000         2.9872634364       205.3522856949
        6.2100000000         2.9899275262       184.4715936775
        6.2150000000         2.9922821673       203.4540409661
        6.2200000000         2.9943258724       207.2505304238
        6.2250000000         2.9960573507       212.9452646103
        6.2300000000         2.9974755085       212.9452646103
        6.2350000000         2.9985794501       209.1487751526
        6.2400000000         2.9993684783       218.6399987969
        6.2450000000         2.9998420946       205.3522856949
        6.2500000000         3.0000000000       226.2329777123
        6.2550000000         2.9998420946       212.9452646103
        6.2600000000         2.9993684783       203.4540409661
        6.2650000000         2.9985794501       222.4364882546
        6.2700000000         2.9974755085       222.4364882546
        6.2750000000         2.9960573507       230.0294671700
        6.2800000000         2.9943258724       220.5382435257
        6.2850000000         2.9922821673       218.6399987969
        6.2900000000         2.9899275262       237.6224460854
        6.2950000000         2.9872634364       222.4364882546
        6.3000000000         2.9842915806       239.5206908143
        6.3050000000         2.9810138358       230.0294671700
        6.3100000000         2.9774322724       222.4364882546
        6.3150000000         2.9735491525       220.5382435257
        6.3200000000         2.9693669288       233.8259566277
        6.3250000000         2.9648882429       231.9277118989
        6.3300000000         2.9601159237       252.8084039163
        6.3350000000         2.9550529853       214.8435093392
        6.3400000000         2.9497026258       241.4189355431
        6.3450000000         2.9440682244       243.3171802720
        6.3500000000         2.9381533400       224.3347329835
        6.3550000000         2.9319617086       247.1136697297
        6.3600000000         2.9254972409       216.7417540680
        6.3650000000         2.9187640200       237.6224460854
        6.3700000000         2.9117662988       241.4189355431
        6.3750000000         2.9045084972       224.3347329835
        6.3800000000         2.8969951993       245.2154250008
        6.3850000000         2.8892311508       216.7417540680
        6.3900000000         2.8812212555       237.6224460854
        6.3950000000         2.8729705727       233.8259566277
        6.4000000000         2.8644843137       216.7417540680
        6.4050000000         2.8557678386       239.5206908143
        6.4100000000         2.8468266529       212.9452646103
        6.4150000000         2.8376664041       239.5206908143
        6.4200000000         2.8282928779       222.4364882546
        6.4250000000         2.8187119949       220.5382435257
        6.4300000000         2.8089298065       220.5382435257
        6.4350000000         2.7989524915       212.9452646103
        6.4400000000         2.7887863517       233.8259566277
        6.4450000000         2.7784378082       222.4364882546
        6.4500000000         2.7679133975       205.3522856949
        6.4550000000         2.7572197669       207.2505304238
        6.4600000000         2.7463636708       209.1487751526
        6.4650000000         2.7353519661       212.9452646103
        6.4700000000         2.7241916080       195.8610620506
        6.4750000000         2.7128896458       182.5733489487
        6.4800000000         2.7014532179       180.6751042198
        6.4850000000         2.6898895478       193.9628173218
        6.4900000000         2.6782059394       192.0645725929
        6.4950000000         2.6664097723       188.2680831352
        6.5000000000         2.6545084972       184.4715936775
        6.5050000000         2.6425096312       180.6751042198
        6.5100000000         2.6304207531       167.3873911178
        6.5150000000         2.6182494985       165.4891463890
        6.5200000000         2.6060035550       167.3873911178
        6.5250000000         2.5936906573       180.6751042198
        6.5300000000         2.5813185826       169.2856358467
        6.5350000000         2.5688951453       148.4049438293
        6.5400000000         2.5564281924       157.8961674736
        6.5450000000         2.5439255983       131.3207412696
        6.5500000000         2.5313952598       144.6084543716
        6.5550000000         2.5188450913       142.7102096427
        6.5600000000         2.5062830199       140.8119649139
        6.5650000000         2.4937169801       131.3207412696
        6.5700000000         2.4811549087       108.5418045234
        6.5750000000         2.4686047402        85.7628677771
        6.5800000000         2.4560744017        28.8155259115
        6.5850000000         2.4435718076        -5.3528792079
        6.5900000000         2.4311048547       -12.9458581233
        6.5950000000         2.4186814174         0.3418549787
        6.6000000000         2.4063093427         6.0365891652
        6.6050000000         2.3939964450         2.2400997075
        6.6100000000         2.3817505015         0.3418549787
        6.6150000000         2.3695792469        -5.3528792079
        6.6200000000         2.3574903688       -24.3353264964
        6.6250000000         2.3454915028      -147.7212338719
        6.6300000000         2.3335902277       -73.6896894466
        6.6350000000         2.3217940606      -102.1633603794
        6.6400000000         2.3101104522       -94.5703814640
        6.6450000000         2.2985467821       -90.7738920063
        6.6500000000         2.2871103542      -104.0616051083
        6.6550000000         2.2758083920      -115.4510734814
        6.6600000000         2.2646480339      -126.8405418545
        6.6650000000         2.2536363292      -111.6545840237
        6.6700000000         2.2427802331      -104.0616051083
        6.6750000000         2.2320866025      -121.1458076680
        6.6800000000         2.2215621918      -124.9422971257
        6.6850000000         2.2112136483      -121.1458076680
        6.6900000000         2.2010475085      -134.4335207699
        6.6950000000         2.1910701935      -119.2475629391
        6.7000000000         2.1812880051      -134.4335207699
        6.7050000000         2.1717071221      -128.7387865834
        6.7100000000         2.1623335959      -147.7212338719
        6.7150000000         2.1531733471      -142.0264996854
        6.7200000000         2.1442321614      -143.9247444142
        6.7250000000         2.1355156863      -157.2124575162
        6.7300000000         2.1270294273      -155.3142127873
        6.7350000000         2.1187787445      -159.1107022450
        6.7400000000         2.1107688492      -170.5001706182
        6.7450000000         2.1030048007      -176.1949048047
        6.7500000000         2.0954915028      -168.6019258893
        6.7550000000         2.0882337012      -179.9913942624
        6.7600000000         2.0812359800      -179.9913942624
        6.7650000000         2.0745027591      -200.8720862798
        6.7700000000         2.0680382914      -183.7878837202
        6.7750000000         2.0618466600      -212.2615546530
        6.7800000000         2.0559317756      -195.1773520933
        6.7850000000         2.0502973742      -204.6685757375
        6.7900000000         2.0449470147      -210.3633099241
        6.7950000000         2.0398840763      -212.2615546530
        6.8000000000         2.0351117571      -208.4650651953
        6.8050000000         2.0306330712      -235.0404913992
        6.8100000000         2.0264508475      -221.7527782972
        6.8150000000         2.0225677276      -212.2615546530
        6.8200000000         2.0189861642      -255.9211834166
        6.8250000000         2.0157084194      -227.4475124838
        6.8300000000         2.0127365636      -235.0404913992
        6.8350000000         2.0100724738      -242.6334703146
        6.8400000000         2.0077178327      -219.8545335684
        6.8450000000         2.0056741276      -250.2264492300
        6.8500000000         2.0039426493      -227.4475124838
        6.8550000000         2.0025244915      -236.9387361281
        6.8600000000         2.0014205499      -242.6334703146
        6.8650000000         2.0006315217      -223.6510230261
        6.8700000000         2.0001579054      -269.2088965186
        6.8750000000         2.0000000000      -235.0404913992
        6.8800000000         2.0001579054      -257.8194281455
        6.8850000000         2.0006315217      -254.0229386877
        6.8900000000         2.0014205499      -233.1422466704
        6.8950000000         2.0025244915      -273.0053859763
        6.9000000000         2.0039426493      -248.3282045012
        6.9050000000         2.0056741276      -267.3106517897
        6.9100000000         2.0077178327      -248.3282045012
        6.9150000000         2.0100724738      -255.9211834166
        6.9200000000         2.0127365636      -263.5141623320
        6.9250000000         2.0157084194      -254.0229386877
        6.9300000000         2.0189861642      -259.7176728743
        6.9350000000         2.0225677276      -252.1246939589
        6.9400000000         2.0264508475      -265.4124070609
        6.9450000000         2.0306330712      -252.1246939589
        6.9500000000         2.0351117571      -252.1246939589
        6.9550000000         2.0398840763      -263.5141623320
        6.9600000000         2.0449470147      -248.3282045012
        6.9650000000         2.0502973742      -269.2088965186
        6.9700000000         2.0559317756      -246.4299597723
        6.9750000000         2.0618466600      -255.9211834166
        6.9800000000         2.0680382914      -269.2088965186
        6.9850000000         2.0745027591      -254.0229386877
        6.9900000000         2.0812359800      -271.1071412474
        6.9950000000         2.0882337012      -246.4299597723
        7.0000000000         2.0954915028      -271.1071412474
        7.0050000000         2.1030048007      -250.2264492300
        7.0100000000         2.1107688492      -276.8018754340
        7.0150000000         2.1187787445      -238.8369808569
        7.0200000000         2.1270294273      -252.1246939589
        7.0250000000         2.1355156863      -261.6159176032
        7.0300000000         2.1442321614      -233.1422466704
        7.0350000000         2.1531733471      -265.4124070609
        7.0400000000         2.1623335959      -242.6334703146
        7.0450000000         2.1717071221      -248.3282045012
        7.0500000000         2.1812880051      -246.4299597723
        7.0550000000         2.1910701935      -227.4475124838
        7.0600000000         2.2010475085      -252.1246939589
        7.0650000000         2.2112136483      -233.1422466704
        7.0700000000         2.2215621918      -233.1422466704
        7.0750000000         2.2320866025      -236.9387361281
        7.0800000000         2.2427802331      -219.8545335684
        7.0850000000         2.2536363292      -242.6334703146
        7.0900000000         2.2646480339      -231.2440019415
        7.0950000000         2.2758083920      -233.1422466704
        7.1000000000         2.2871103542      -233.1422466704
        7.1050000000         2.2985467821      -233.1422466704
        7.1100000000         2.3101104522      -229.3457572126
        7.1150000000         2.3217940606      -206.5668204664
        7.1200000000         2.3335902277      -217.9562888395
        7.1250000000         2.3454915028      -217.9562888395
        7.1300000000         2.3574903688      -208.4650651953
        7.1350000000         2.3695792469      -214.1597993818
        7.1400000000         2.3817505015      -206.5668204664
        7.1450000000         2.3939964450      -191.3808626356
        7.1500000000         2.4063093427      -210.3633099241
        7.1550000000         2.4186814174      -179.9913942624
        7.1600000000         2.4311048547      -202.7703310087
        7.1650000000         2.4435718076      -183.7878837202
        7.1700000000         2.4560744017      -185.6861284490
        7.1750000000         2.4686047402      -176.1949048047
        7.1800000000         2.4811549087      -172.3984153470
        7.1850000000         2.4937169801      -157.2124575162
        7.1900000000         2.5062830199      -162.9071917028
        7.1950000000         2.5188450913      -159.1107022450
        7.2000000000         2.5313952598      -123.0440523968
        7.2050000000         2.5439255983       -77.4861789043
        7.2100000000         2.5564281924       -45.2160185138
        7.2150000000         2.5688951453        -9.1493686656
        7.2200000000         2.5813185826         6.0365891652
        7.2250000000         2.5936906573        -1.5563897502
        7.2300000000         2.6060035550        -3.4546344790
        7.2350000000         2.6182494985         0.3418549787
        7.2400000000         2.6304207531         0.3418549787
        7.2450000000         2.6425096312        -5.3528792079
        7.2500000000         2.6545084972        -7.2511239367
        7.2550000000         2.6664097723        -1.5563897502
        7.2600000000         2.6782059394         9.8330786230
        7.2650000000         2.6898895478        95.2540914214
        7.2700000000         2.7014532179        72.4751546751
        7.2750000000         2.7128896458        70.5769099463
        7.2800000000         2.7241916080        68.6786652174
        7.2850000000         2.7353519661        68.6786652174
        7.2900000000         2.7463636708        91.4576019637
        7.2950000000         2.7572197669        78.1698888617
        7.3000000000         2.7679133975       104.7453150657
        7.3050000000         2.7784378082        91.4576019637
        7.3100000000         2.7887863517        95.2540914214
        7.3150000000         2.7989524915        81.9663783194
        7.3200000000         2.8089298065       100.9488256079
        7.3250000000         2.8187119949       108.5418045234
        7.3300000000         2.8282928779        99.0505808791
        7.3350000000         2.8376664041       100.9488256079
        7.3400000000         2.8468266529       110.4400492522
        7.3450000000         2.8557678386       118.0330281676
        7.3500000000         2.8644843137       116.1347834388
        7.3550000000         2.8729705727       123.7277623542
        7.3600000000         2.8812212555       131.3207412696
        7.3650000000         2.8892311508       140.8119649139
        7.3700000000         2.8969951993       133.2189859985
        7.3750000000         2.9045084972       142.7102096427
        7.3800000000         2.9117662988       131.3207412696
        7.3850000000         2.9187640200       154.0996780159
        7.3900000000         2.9254972409       137.0154754562
        7.3950000000         2.9319617086       155.9979227447
        7.4000000000         2.9381533400       150.3031885581
        7.4050000000         2.9440682244       161.6926569313
        7.4100000000         2.9497026258       159.7944122024
        7.4150000000         2.9550529853       173.0821253044
        7.4200000000         2.9601159237       169.2856358467
        7.4250000000         2.9648882429       171.1838805755
        7.4300000000         2.9693669288       174.9803700332
        7.4350000000         2.9735491525       188.2680831352
        7.4400000000         2.9774322724       176.8786147621
        7.4450000000         2.9810138358       174.9803700332
        7.4500000000         2.9842915806       192.0645725929
        7.4550000000         2.9872634364       195.8610620506
        7.4600000000         2.9899275262       182.5733489487
        7.4650000000         2.9922821673       199.6575515084
        7.4700000000         2.9943258724       182.5733489487
        7.4750000000         2.9960573507       212.9452646103
        7.4800000000         2.9974755085       212.9452646103
        7.4850000000         2.9985794501       211.0470198815
        7.4900000000         2.9993684783       201.5557962372
        7.4950000000         2.9998420946       212.9452646103
        7.5000000000         3.0000000000       207.2505304238
        7.5050000000         2.9998420946       212.9452646103
        7.5100000000         2.9993684783       218.6399987969
        7.5150000000         2.9985794501       205.3522856949
        7.5200000000         2.9974755085       226.2329777123
        7.5250000000         2.9960573507       216.7417540680
        7.5300000000         2.9943258724       224.3347329835
        7.5350000000         2.9922821673       230.0294671700
        7.5400000000         2.9899275262       228.1312224412
        7.5450000000         2.9872634364       233.8259566277
        7.5500000000         2.9842915806       226.2329777123
        7.5550000000         2.9810138358       218.6399987969
        7.5600000000         2.9774322724       250.9101591874
        7.5650000000         2.9735491525       205.3522856949
        7.5700000000         2.9693669288       230.0294671700
        7.5750000000         2.9648882429       233.8259566277
        7.5800000000         2.9601159237       228.1312224412
        7.5850000000         2.9550529853       245.2154250008
        7.5900000000         2.9497026258       239.5206908143
        7.5950000000         2.9440682244       239.5206908143
        7.6000000000         2.9381533400       237.6224460854
        7.6050000000         2.9319617086       239.5206908143
        7.6100000000         2.9254972409       243.3171802720
        7.6150000000         2.9187640200       237.6224460854
        7.6200000000         2.9117662988       233.8259566277
        7.6250000000         2.9045084972       252.8084039163
        7.6300000000         2.8969951993       237.6224460854
        7.6350000000         2.8892311508       247.1136697297
        7.6400000000         2.8812212555       224.3347329835
        7.6450000000         2.8729705727       220.5382435257
        7.6500000000         2.8644843137       249.0119144586
        7.6550000000         2.8557678386       230.0294671700
        7.6600000000         2.8468266529       243.3171802720
        7.6650000000         2.8376664041       233.8259566277
        7.6700000000         2.8282928779       211.0470198815
        7.6750000000         2.8187119949       235.7242013566
        7.6800000000         2.8089298065       222.4364882546
        7.6850000000         2.7989524915       224.3347329835
        7.6900000000         2.7887863517       226.2329777123
        7.6950000000         2.7784378082       212.9452646103
        7.7000000000         2.7679133975       233.8259566277
        7.7050000000         2.7572197669       209.1487751526
        7.7100000000         2.7463636708       218.6399987969
        7.7150000000         2.7353519661       214.8435093392
        7.7200000000         2.7241916080       193.9628173218
        7.7250000000         2.7128896458       212.9452646103
        7.7300000000         2.7014532179       207.2505304238
        7.7350000000         2.6898895478       193.9628173218
        7.7400000000         2.6782059394       216.7417540680
        7.7450000000         2.6664097723       174.9803700332
        7.7500000000         2.6545084972       197.7593067795
        7.7550000000         2.6425096312       190.1663278641
        7.7600000000         2.6304207531       192.0645725929
        7.7650000000         2.6182494985       174.9803700332
        7.7700000000         2.6060035550       167.3873911178
        7.7750000000         2.5936906573       174.9803700332
        7.7800000000         2.5813185826       173.0821253044
        7.7850000000         2.5688951453       167.3873911178
        7.7900000000         2.5564281924       174.9803700332
        7.7950000000         2.5439255983       142.7102096427
        7.8000000000         2.5313952598       157.8961674736
        7.8050000000         2.5188450913       138.9137201850
        7.8100000000         2.5062830199       157.8961674736
        7.8150000000         2.4937169801       144.6084543716
        7.8200000000         2.4811549087       116.1347834388
        7.8250000000         2.4686047402       114.2365387099
        7.8300000000         2.4560744017        66.7804204886
        7.8350000000         2.4435718076        26.9172811826
        7.8400000000         2.4311048547        -1.5563897502
        7.8450000000         2.4186814174       -11.0476133944
        7.8500000000         2.4063093427         2.2400997075
        7.8550000000         2.3939964450         0.3418549787
        7.8600000000         2.3817505015         2.2400997075
        7.8650000000         2.3695792469         2.2400997075
        7.8700000000         2.3574903688       -50.9107527004
        7.8750000000         2.3454915028      -138.2300102277
        7.8800000000         2.3335902277       -69.8931999889
        7.8850000000         2.3217940606      -109.7563392948
        7.8900000000         2.3101104522       -94.5703814640
        7.8950000000         2.2985467821      -113.5528287526
        7.9000000000         2.2871103542      -115.4510734814
        7.9050000000         2.2758083920      -117.3493182103
        7.9100000000         2.2646480339      -109.7563392948
        7.9150000000         2.2536363292      -117.3493182103
        7.9200000000         2.2427802331      -126.8405418545
        7.9250000000         2.2320866025      -117.3493182103
        7.9300000000         2.2215621918      -140.1282549565
        7.9350000000         2.2112136483      -128.7387865834
        7.9400000000         2.2010475085      -143.9247444142
        7.9450000000         2.1910701935      -132.5352760411
        7.9500000000         2.1812880051      -143.9247444142
        7.9550000000         2.1717071221      -149.6194786008
        7.9600000000         2.1623335959      -147.7212338719
        7.9650000000         2.1531733471      -134.4335207699
        7.9700000000         2.1442321614      -149.6194786008
        7.9750000000         2.1355156863      -157.2124575162
        7.9800000000         2.1270294273      -159.1107022450
        7.9850000000         2.1187787445      -161.0089469739
        7.9900000000         2.1107688492      -172.3984153470
        7.9950000000         2.1030048007      -172.3984153470
        8.0000000000         2.0954915028      -172.3984153470
        8.0050000000         2.0882337012      -183.7878837202
        8.0100000000         2.0812359800      -187.5843731779
        8.0150000000         2.0745027591      -189.4826179067
        8.0200000000         2.0680382914      -189.4826179067
        8.0250000000         2.0618466600      -189.4826179067
        8.0300000000         2.0559317756      -189.4826179067
        8.0350000000         2.0502973742      -198.9738415510
        8.0400000000         2.0449470147      -208.4650651953
        8.0450000000         2.0398840763      -197.0755968221
        8.0500000000         2.0351117571      -208.4650651953
        8.0550000000         2.0306330712      -202.7703310087
        8.0600000000         2.0264508475      -206.5668204664
        8.0650000000         2.0225677276      -212.2615546530
        8.0700000000         2.0189861642      -242.6334703146
        8.0750000000         2.0157084194      -219.8545335684
        8.0800000000         2.0127365636      -225.5492677549
        8.0850000000         2.0100724738      -223.6510230261
        8.0900000000         2.0077178327      -231.2440019415
        8.0950000000         2.0056741276      -217.9562888395
        8.1000000000         2.0039426493      -231.2440019415
        8.1050000000         2.0025244915      -231.2440019415
        8.1100000000         2.0014205499      -233.1422466704
        8.1150000000         2.0006315217      -231.2440019415
        8.1200000000         2.0001579054      -242.6334703146
        8.1250000000         2.0000000000      -240.7352255858
        8.1300000000         2.0001579054      -229.3457572126
        8.1350000000         2.0006315217      -240.7352255858
        8.1400000000         2.0014205499      -233.1422466704
        8.1450000000         2.0025244915      -246.4299597723
        8.1500000000         2.0039426493      -250.2264492300
        8.1550000000         2.0056741276      -231.2440019415
        8.1600000000         2.0077178327      -246.4299597723
        8.1650000000         2.0100724738      -236.9387361281
        8.1700000000         2.0127365636      -257.8194281455
        8.1750000000         2.0157084194      -250.2264492300
        8.1800000000         2.0189861642      -246.4299597723
        8.1850000000         2.0225677276      -263.5141623320
        8.1900000000         2.0264508475      -250.2264492300
        8.1950000000         2.0306330712      -271.1071412474
        8.2000000000         2.0351117571      -246.4299597723
        8.2050000000         2.0398840763      -259.7176728743
        8.2100000000         2.0449470147      -263.5141623320
        8.2150000000         2.0502973742      -238.8369808569
        8.2200000000         2.0559317756      -267.3106517897
        8.2250000000         2.0618466600      -236.9387361281
        8.2300000000         2.0680382914      -255.9211834166
        8.2350000000         2.0745027591      -235.0404913992
        8.2400000000         2.0812359800      -240.7352255858
        8.2450000000         2.0882337012      -273.0053859763
        8.2500000000         2.0954915028      -248.3282045012
        8.2550000000         2.1030048007      -250.2264492300
        8.2600000000         2.1107688492      -250.2264492300
        8.2650000000         2.1187787445      -254.0229386877
        8.2700000000         2.1270294273      -267.3106517897
        8.2750000000         2.1355156863      -244.5317150435
        8.2800000000         2.1442321614      -267.3106517897
        8.2850000000         2.1531733471      -265.4124070609
        8.2900000000         2.1623335959      -252.1246939589
        8.2950000000         2.1717071221      -240.7352255858
        8.3000000000         2.1812880051      -242.6334703146
        8.3050000000         2.1910701935      -248.3282045012
        8.3100000000         2.2010475085      -217.9562888395
        8.3150000000         2.2112136483      -255.9211834166
        8.3200000000         2.2215621918      -240.7352255858
        8.3250000000         2.2320866025      -246.4299597723
        8.3300000000         2.2427802331      -229.3457572126
        8.3350000000         2.2536363292      -225.5492677549
        8.3400000000         2.2646480339      -238.8369808569
        8.3450000000         2.2758083920      -227.4475124838
        8.3500000000         2.2871103542      -233.1422466704
        8.3550000000         2.2985467821      -221.7527782972
        8.3600000000         2.3101104522      -223.6510230261
        8.3650000000         2.3217940606      -231.2440019415
        8.3700000000         2.3335902277      -216.0580441107
        8.3750000000         2.3454915028      -217.9562888395
        8.3800000000         2.3574903688      -202.7703310087
        8.3850000000         2.3695792469      -223.6510230261
        8.3900000000         2.3817505015      -202.7703310087
        8.3950000000         2.3939964450      -225.5492677549
        8.4000000000         2.4063093427      -193.2791073644
        8.4050000000         2.4186814174      -219.8545335684
        8.4100000000         2.4311048547      -197.0755968221
        8.4150000000         2.4435718076      -202.7703310087
        8.4200000000         2.4560744017      -187.5843731779
        8.4250000000         2.4686047402      -189.4826179067
        8.4300000000         2.4811549087      -176.1949048047
        8.4350000000         2.4937169801      -170.5001706182
        8.4400000000         2.5062830199      -179.9913942624
        8.4450000000         2.5188450913      -149.6194786008
        8.4500000000         2.5313952598      -134.4335207699
        8.4550000000         2.5439255983       -90.7738920063
        8.4600000000         2.5564281924       -45.2160185138
        8.4650000000         2.5688951453         2.2400997075
        8.4700000000         2.5813185826        21.2225469961
        8.4750000000         2.5936906573        -5.3528792079
        8.4800000000         2.6060035550        -5.3528792079
        8.4850000000         2.6182494985         2.2400997075
        8.4900000000         2.6304207531         2.2400997075
        8.4950000000         2.6425096312         6.0365891652
        8.5000000000         2.6545084972        -1.5563897502
        8.5050000000         2.6664097723        -7.2511239367
        8.5100000000         2.6782059394         4.1383444364
        8.5150000000         2.6898895478        85.7628677771
        8.5200000000         2.7014532179        57.2891968443
        8.5250000000         2.7128896458        66.7804204886
        8.5300000000         2.7241916080        57.2891968443
        8.5350000000         2.7353519661        68.6786652174
        8.5400000000         2.7463636708        70.5769099463
        8.5450000000         2.7572197669        66.7804204886
        8.5500000000         2.7679133975        93.3558466925
        8.5550000000         2.7784378082        85.7628677771
        8.5600000000         2.7887863517        95.2540914214
        8.5650000000         2.7989524915        91.4576019637
        8.5700000000         2.8089298065        81.9663783194
        8.5750000000         2.8187119949       106.6435597945
        8.5800000000         2.8282928779        99.0505808791
        8.5850000000         2.8376664041        99.0505808791
        8.5900000000         2.8468266529       121.8295176253
        8.5950000000         2.8557678386       114.2365387099
        8.6000000000         2.8644843137       125.6260070830
        8.6050000000         2.8729705727       116.1347834388
        8.6100000000         2.8812212555       129.4224965408
        8.6150000000         2.8892311508       131.3207412696
        8.6200000000         2.8969951993       133.2189859985
        8.6250000000         2.9045084972       138.9137201850
        8.6300000000         2.9117662988       133.2189859985
        8.6350000000         2.9187640200       137.0154754562
        8.6400000000         2.9254972409       161.6926569313
        8.6450000000         2.9319617086       148.4049438293
        8.6500000000         2.9381533400       150.3031885581
        8.6550000000         2.9440682244       165.4891463890
        8.6600000000         2.9497026258       161.6926569313
        8.6650000000         2.9550529853       173.0821253044
        8.6700000000         2.9601159237       169.2856358467
        8.6750000000         2.9648882429       173.0821253044
        8.6800000000         2.9693669288       180.6751042198
        8.6850000000         2.9735491525       180.6751042198
        8.6900000000         2.9774322724       180.6751042198
        8.6950000000         2.9810138358       176.8786147621
        8.7000000000         2.9842915806       184.4715936775
        8.7050000000         2.9872634364       197.7593067795
        8.7100000000         2.9899275262       201.5557962372
        8.7150000000         2.9922821673       195.8610620506
        8.7200000000         2.9943258724       205.3522856949
        8.7250000000         2.9960573507       201.5557962372
        8.7300000000         2.9974755085       205.3522856949
        8.7350000000         2.9985794501       207.2505304238
        8.7400000000         2.9993684783       209.1487751526
        8.7450000000         2.9998420946       211.0470198815
        8.7500000000         3.0000000000       199.6575515084
        8.7550000000         2.9998420946       212.9452646103
        8.7600000000         2.9993684783       214.8435093392
        8.7650000000         2.9985794501       233.8259566277
        8.7700000000         2.9974755085       220.5382435257
        8.7750000000         2.9960573507       220.5382435257
        8.7800000000         2.9943258724       230.0294671700
        8.7850000000         2.9922821673       220.5382435257
        8.7900000000         2.9899275262       222.4364882546
        8.7950000000         2.9872634364       230.0294671700
        8.8000000000         2.9842915806       212.9452646103
        8.8050000000         2.9810138358       233.8259566277
        8.8100000000         2.9774322724       226.2329777123
        8.8150000000         2.9735491525       230.0294671700
        8.8200000000         2.9693669288       243.3171802720
        8.8250000000         2.9648882429       233.8259566277
        8.8300000000         2.9601159237       230.0294671700
        8.8350000000         2.9550529853       245.2154250008
        8.8400000000         2.9497026258       218.6399987969
        8.8450000000         2.9440682244       243.3171802720
        8.8500000000         2.9381533400       230.0294671700
        8.8550000000         2.9319617086       233.8259566277
        8.8600000000         2.9254972409       243.3171802720
        8.8650000000         2.9187640200       233.8259566277
        8.8700000000         2.9117662988       252.8084039163
        8.8750000000         2.9045084972       218.6399987969
        8.8800000000         2.8969951993       243.3171802720
        8.8850000000         2.8892311508       237.6224460854
        8.8900000000         2.8812212555       233.8259566277
        8.8950000000         2.8729705727       254.7066486451
        8.9000000000         2.8644843137       228.1312224412
        8.9050000000         2.8557678386       239.5206908143
        8.9100000000         2.8468266529       230.0294671700
        8.9150000000         2.8376664041       224.3347329835
        8.9200000000         2.8282928779       237.6224460854
        8.9250000000         2.8187119949       230.0294671700
        8.9300000000         2.8089298065       230.0294671700
        8.9350000000         2.7989524915       230.0294671700
        8.9400000000         2.7887863517       220.5382435257
        8.9450000000         2.7784378082       235.7242013566
        8.9500000000         2.7679133975       220.5382435257
        8.9550000000         2.7572197669       228.1312224412
        8.9600000000         2.7463636708       228.1312224412
        8.9650000000         2.7353519661       207.2505304238
        8.9700000000         2.7241916080       203.4540409661
        8.9750000000         2.7128896458       220.5382435257
        8.9800000000         2.7014532179       205.3522856949
        8.9850000000         2.6898895478       220.5382435257
        8.9900000000         2.6782059394       197.7593067795
        8.9950000000         2.6664097723       186.3698384064
        9.0000000000         2.6545084972       203.4540409661
        9.0050000000         2.6425096312       199.6575515084
        9.0100000000         2.6304207531       193.9628173218
        9.0150000000         2.6182494985       180.6751042198
        9.0200000000         2.6060035550       180.6751042198
        9.0250000000         2.5936906573       173.0821253044
        9.0300000000         2.5813185826       182.5733489487
        9.0350000000         2.5688951453       173.0821253044
        9.0400000000         2.5564281924       157.8961674736
        9.0450000000         2.5439255983       157.8961674736
        9.0500000000         2.5313952598       161.6926569313
        9.0550000000         2.5188450913       159.7944122024
        9.0600000000         2.5062830199       146.5066991004
        9.0650000000         2.4937169801       146.5066991004
        9.0700000000         2.4811549087       131.3207412696
        9.0750000000         2.4686047402       100.9488256079
        9.0800000000         2.4560744017        53.4927073866
        9.0850000000         2.4435718076         0.3418549787
        9.0900000000         2.4311048547       -22.4370817676
        9.0950000000         2.4186814174         4.1383444364
        9.1000000000         2.4063093427         6.0365891652
        9.1050000000         2.3939964450        -1.5563897502
        9.1100000000         2.3817505015         2.2400997075
        9.1150000000         2.3695792469        -1.5563897502
        9.1200000000         2.3574903688       -16.7423475810
        9.1250000000         2.3454915028      -153.4159680585
        9.1300000000         2.3335902277       -75.5879341755
        9.1350000000         2.3217940606       -85.0791578197
        9.1400000000         2.3101104522      -119.2475629391
        9.1450000000         2.2985467821      -104.0616051083
        9.1500000000         2.2871103542      -117.3493182103
        9.1550000000         2.2758083920      -107.8580945660
        9.1600000000         2.2646480339      -117.3493182103
        9.1650000000         2.2536363292      -121.1458076680
        9.1700000000         2.2427802331      -119.2475629391
        9.1750000000         2.2320866025      -126.8405418545
        9.1800000000         2.2215621918      -130.6370313122
        9.1850000000         2.2112136483      -126.8405418545
        9.1900000000         2.2010475085      -134.4335207699
        9.1950000000         2.1910701935      -138.2300102277
        9.2000000000         2.1812880051      -142.0264996854
        9.2050000000         2.1717071221      -155.3142127873
        9.2100000000         2.1623335959      -140.1282549565
        9.2150000000         2.1531733471      -162.9071917028
        9.2200000000         2.1442321614      -161.0089469739
        9.2250000000         2.1355156863      -149.6194786008
        9.2300000000         2.1270294273      -147.7212338719
        9.2350000000         2.1187787445      -164.8054364316
        9.2400000000         2.1107688492      -176.1949048047
        9.2450000000         2.1030048007      -166.7036811605
        9.2500000000         2.0954915028      -164.8054364316
        9.2550000000         2.0882337012      -178.0931495336
        9.2600000000         2.0812359800      -181.8896389913
        9.2650000000         2.0745027591      -195.1773520933
        9.2700000000         2.0680382914      -179.9913942624
        9.2750000000         2.0618466600      -187.5843731779
        9.2800000000         2.0559317756      -189.4826179067
        9.2850000000         2.0502973742      -189.4826179067
        9.2900000000         2.0449470147      -217.9562888395
        9.2950000000         2.0398840763      -185.6861284490
        9.3000000000         2.0351117571      -204.6685757375
        9.3050000000         2.0306330712      -195.1773520933
        9.3100000000         2.0264508475      -200.8720862798
        9.3150000000         2.0225677276      -202.7703310087
        9.3200000000         2.0189861642      -200.8720862798
        9.3250000000         2.0157084194      -208.4650651953
        9.3300000000         2.0127365636      -217.9562888395
        9.3350000000         2.0100724738      -204.6685757375
        9.3400000000         2.0077178327      -216.0580441107
        9.3450000000         2.0056741276      -223.6510230261
        9.3500000000         2.0039426493      -225.5492677549
        9.3550000000         2.0025244915      -235.0404913992
        9.3600000000         2.0014205499      -227.4475124838
        9.3650000000         2.0006315217      -221.7527782972
        9.3700000000         2.0001579054      -238.8369808569
        9.3750000000         2.0000000000      -236.9387361281
        9.3800000000         2.0001579054      -250.2264492300
        9.3850000000         2.0006315217      -240.7352255858
        9.3900000000         2.0014205499      -225.5492677549
        9.3950000000         2.0025244915      -259.7176728743
        9.4000000000         2.0039426493      -236.9387361281
        9.4050000000         2.0056741276      -248.3282045012
        9.4100000000         2.0077178327      -255.9211834166
        9.4150000000         2.0100724738      -233.1422466704
        9.4200000000         2.0127365636      -263.5141623320
        9.4250000000         2.0157084194      -246.4299597723
        9.4300000000         2.0189861642      -248.3282045012
        9.4350000000         2.0225677276      -250.2264492300
        9.4400000000         2.0264508475      -252.1246939589
        9.4450000000         2.0306330712      -265.4124070609
        9.4500000000         2.0351117571      -248.3282045012
        9.4550000000         2.0398840763      -259.7176728743
        9.4600000000         2.0449470147      -286.2930990783
        9.4650000000         2.0502973742      -255.9211834166
        9.4700000000         2.0559317756      -273.0053859763
        9.4750000000         2.0618466600      -255.9211834166
        9.4800000000         2.0680382914      -263.5141623320
        9.4850000000         2.0745027591      -255.9211834166
        9.4900000000         2.0812359800      -255.9211834166
        9.4950000000         2.0882337012      -252.1246939589
        9.5000000000         2.0954915028      -257.8194281455
        9.5050000000         2.1030048007      -263.5141623320
        9.5100000000         2.1107688492      -246.4299597723
        9.5150000000         2.1187787445      -269.2088965186
        9.5200000000         2.1270294273      -236.9387361281
        9.5250000000         2.1355156863      -271.1071412474
        9.5300000000         2.1442321614      -242.6334703146
        9.5350000000         2.1531733471      -248.3282045012
        9.5400000000         2.1623335959      -254.0229386877
        9.5450000000         2.1717071221      -250.2264492300
        9.5500000000         2.1812880051      -261.6159176032
        9.5550000000         2.1910701935      -242.6334703146
        9.5600000000         2.2010475085      -244.5317150435
        9.5650000000         2.2112136483      -246.4299597723
        9.5700000000         2.2215621918      -236.9387361281
        9.5750000000         2.2320866025      -274.9036307051
        9.5800000000         2.2427802331      -229.3457572126
        9.5850000000         2.2536363292      -250.2264492300
        9.5900000000         2.2646480339      -242.6334703146
        9.5950000000         2.2758083920      -242.6334703146
        9.6000000000         2.2871103542      -238.8369808569
        9.6050000000         2.2985467821      -225.5492677549
        9.6100000000         2.3101104522      -233.1422466704
        9.6150000000         2.3217940606      -229.3457572126
        9.6200000000         2.3335902277      -212.2615546530
        9.6250000000         2.3454915028      -225.5492677549
        9.6300000000         2.3574903688      -216.0580441107
        9.6350000000         2.3695792469      -216.0580441107
        9.6400000000         2.3817505015      -223.6510230261
        9.6450000000         2.3939964450      -204.6685757375
        9.6500000000         2.4063093427      -214.1597993818
        9.6550000000         2.4186814174      -183.7878837202
        9.6600000000         2.4311048547      -191.3808626356
        9.6650000000         2.4435718076      -212.2615546530
        9.6700000000         2.4560744017      -191.3808626356
        9.6750000000         2.4686047402      -202.7703310087
        9.6800000000         2.4811549087      -183.7878837202
        9.6850000000         2.4937169801      -191.3808626356
        9.6900000000         2.5062830199      -174.2966600759
        9.6950000000         2.5188450913      -168.6019258893
        9.7000000000         2.5313952598      -143.9247444142
        9.7050000000         2.5439255983      -111.6545840237
        9.7100000000         2.5564281924       -73.6896894466
        9.7150000000         2.5688951453       -26.2335712253
        9.7200000000         2.5813185826         9.8330786230
        9.7250000000         2.5936906573         2.2400997075
        9.7300000000         2.6060035550        -1.5563897502
        9.7350000000         2.6182494985         0.3418549787
        9.7400000000         2.6304207531        -1.5563897502
        9.7450000000         2.6425096312        -3.4546344790
        9.7500000000         2.6545084972        -3.4546344790
        9.7550000000         2.6664097723         0.3418549787
        9.7600000000         2.6782059394        53.4927073866
        9.7650000000         2.6898895478        64.8821757597
        9.7700000000         2.7014532179        64.8821757597
        9.7750000000         2.7128896458        62.9839310309
        9.7800000000         2.7241916080        55.3909521154
        9.7850000000         2.7353519661        66.7804204886
        9.7900000000         2.7463636708        76.2716441328
        9.7950000000         2.7572197669        81.9663783194
        9.8000000000         2.7679133975        89.5593572348
        9.8050000000         2.7784378082        87.6611125060
        9.8100000000         2.7887863517       102.8470703368
        9.8150000000         2.7989524915       100.9488256079
        9.8200000000         2.8089298065       102.8470703368
        9.8250000000         2.8187119949       100.9488256079
        9.8300000000         2.8282928779       118.0330281676
        9.8350000000         2.8376664041       108.5418045234
        9.8400000000         2.8468266529       118.0330281676
        9.8450000000         2.8557678386       119.9312728965
        9.8500000000         2.8644843137       129.4224965408
        9.8550000000         2.8729705727       137.0154754562
        9.8600000000         2.8812212555       142.7102096427
        9.8650000000         2.8892311508       148.4049438293
        9.8700000000         2.8969951993       142.7102096427
        9.8750000000         2.9045084972       140.8119649139
        9.8800000000         2.9117662988       152.2014332870
        9.8850000000         2.9187640200       146.5066991004
        9.8900000000         2.9254972409       161.6926569313
        9.8950000000         2.9319617086       174.9803700332
        9.9000000000         2.9381533400       169.2856358467
        9.9050000000         2.9440682244       146.5066991004
        9.9100000000         2.9497026258       165.4891463890
        9.9150000000         2.9550529853       182.5733489487
        9.9200000000         2.9601159237       171.1838805755
        9.9250000000         2.9648882429       188.2680831352
        9.9300000000         2.9693669288       174.9803700332
        9.9350000000         2.9735491525       192.0645725929
        9.9400000000         2.9774322724       176.8786147621
        9.9450000000         2.9810138358       199.6575515084
        9.9500000000         2.9842915806       193.9628173218
        9.9550000000         2.9872634364       193.9628173218
        9.9600000000         2.9899275262       203.4540409661
        9.9650000000         2.9922821673       203.4540409661
        9.9700000000         2.9943258724       203.4540409661
        9.9750000000         2.9960573507       199.6575515084
        9.9800000000         2.9974755085       226.2329777123
        9.9850000000         2.9985794501       205.3522856949
        9.9900000000         2.9993684783       222.4364882546
        9.9950000000         2.9998420946       212.9452646103
       10.0000000000         3.0000000000       220.5382435257
       10.0050000000         2.9998420946       237.6224460854
       10.0100000000         2.9993684783       222.4364882546
       10.0150000000         2.9985794501       220.5382435257
       10.0200000000         2.9974755085       216.7417540680
       10.0250000000         2.9960573507       220.5382435257
       10.0300000000         2.9943258724       235.7242013566
       10.0350000000         2.9922821673       230.0294671700
       10.0400000000         2.9899275262       230.0294671700
       10.0450000000         2.9872634364       237.6224460854
       10.0500000000         2.9842915806       231.9277118989
       10.0550000000         2.9810138358       237.6224460854
       10.0600000000         2.9774322724       233.8259566277
       10.0650000000         2.9735491525       233.8259566277
       10.0700000000         2.9693669288       237.6224460854
       10.0750000000         2.9648882429       226.2329777123
       10.0800000000         2.9601159237       249.0119144586
       10.0850000000         2.9550529853       235.7242013566
       10.0900000000         2.9497026258       230.0294671700
       10.0950000000         2.9440682244       245.2154250008
       10.1000000000         2.9381533400       243.3171802720
       10.1050000000         2.9319617086       230.0294671700
       10.1100000000         2.9254972409       243.3171802720
       10.1150000000         2.9187640200       224.3347329835
       10.1200000000         2.9117662988       231.9277118989
       10.1250000000         2.9045084972       235.7242013566
       10.1300000000         2.8969951993       233.8259566277
       10.1350000000         2.8892311508       237.6224460854
       10.1400000000         2.8812212555       222.4364882546
       10.1450000000         2.8729705727       237.6224460854
       10.1500000000         2.8644843137       230.0294671700
       10.1550000000         2.8557678386       222.4364882546
       10.1600000000         2.8468266529       233.8259566277
       10.1650000000         2.8376664041       222.4364882546
       10.1700000000         2.8282928779       233.8259566277
       10.1750000000         2.8187119949       224.3347329835
       10.1800000000         2.8089298065       222.4364882546
       10.1850000000         2.7989524915       230.0294671700
       10.1900000000         2.7887863517       203.4540409661
       10.1950000000         2.7784378082       237.6224460854
       10.2000000000         2.7679133975       214.8435093392
       10.2050000000         2.7572197669       218.6399987969
       10.2100000000         2.7463636708       224.3347329835
       10.2150000000         2.7353519661       207.2505304238
       10.2200000000         2.7241916080       211.0470198815
       10.2250000000         2.7128896458       212.9452646103
       10.2300000000         2.7014532179       207.2505304238
       10.2350000000         2.6898895478       201.5557962372
       10.2400000000         2.6782059394       199.6575515084
       10.2450000000         2.6664097723       205.3522856949
       10.2500000000         2.6545084972       184.4715936775
       10.2550000000         2.6425096312       199.6575515084
       10.2600000000         2.6304207531       182.5733489487
       10.2650000000         2.6182494985       190.1663278641
       10.2700000000         2.6060035550       190.1663278641
       10.2750000000         2.5936906573       173.0821253044
       10.2800000000         2.5813185826       176.8786147621
       10.2850000000         2.5688951453       176.8786147621
       10.2900000000         2.5564281924       173.0821253044
       10.2950000000         2.5439255983       157.8961674736
       10.3000000000         2.5313952598       152.2014332870
       10.3050000000         2.5188450913       171.1838805755
       10.3100000000         2.5062830199       154.0996780159
       10.3150000000         2.4937169801       150.3031885581
       10.3200000000         2.4811549087       140.8119649139
       10.3250000000         2.4686047402       116.1347834388
       10.3300000000         2.4560744017        62.9839310309
       10.3350000000         2.4435718076        23.1207917249
       10.3400000000         2.4311048547       -16.7423475810
       10.3450000000         2.4186814174        -5.3528792079
       10.3500000000         2.4063093427        -3.4546344790
       10.3550000000         2.3939964450        11.7313233518
       10.3600000000         2.3817505015        -1.5563897502
       10.3650000000         2.3695792469        -7.2511239367
       10.3700000000         2.3574903688        -1.5563897502
       10.3750000000         2.3454915028      -140.1282549565
       10.3800000000         2.3335902277       -83.1809130909
       10.3850000000         2.3217940606       -81.2826683620
       10.3900000000         2.3101104522      -111.6545840237
       10.3950000000         2.2985467821      -104.0616051083
       10.4000000000         2.2871103542      -126.8405418545
       10.4050000000         2.2758083920      -121.1458076680
       10.4100000000         2.2646480339      -130.6370313122
       10.4150000000         2.2536363292      -119.2475629391
       10.4200000000         2.2427802331      -115.4510734814
       10.4250000000         2.2320866025      -140.1282549565
       10.4300000000         2.2215621918      -143.9247444142
       10.4350000000         2.2112136483      -130.6370313122
       10.4400000000         2.2010475085      -140.1282549565
       10.4450000000         2.1910701935      -140.1282549565
       10.4500000000         2.1812880051      -140.1282549565
       10.4550000000         2.1717071221      -143.9247444142
       10.4600000000         2.1623335959      -164.8054364316
       10.4650000000         2.1531733471      -151.5177233296
       10.4700000000         2.1442321614      -151.5177233296
       10.4750000000         2.1355156863      -149.6194786008
       10.4800000000         2.1270294273      -161.0089469739
       10.4850000000         2.1187787445      -164.8054364316
       10.4900000000         2.1107688492      -166.7036811605
       10.4950000000         2.1030048007      -176.1949048047
       10.5000000000         2.0954915028      -176.1949048047
       10.5050000000         2.0882337012      -178.0931495336
       10.5100000000         2.0812359800      -179.9913942624
       10.5150000000         2.0745027591      -181.8896389913
       10.5200000000         2.0680382914      -200.8720862798
       10.5250000000         2.0618466600      -181.8896389913
       10.5300000000         2.0559317756      -202.7703310087
       10.5350000000         2.0502973742      -189.4826179067
       10.5400000000         2.0449470147      -202.7703310087
       10.5450000000         2.0398840763      -210.3633099241
       10.5500000000         2.0351117571      -200.8720862798
       10.5550000000         2.0306330712      -217.9562888395
       10.5600000000         2.0264508475      -212.2615546530
       10.5650000000         2.0225677276      -208.4650651953
       10.5700000000         2.0189861642      -236.9387361281
       10.5750000000         2.0157084194      -227.4475124838
       10.5800000000         2.0127365636      -219.8545335684
       10.5850000000         2.0100724738      -223.6510230261
       10.5900000000         2.0077178327      -235.0404913992
       10.5950000000         2.0056741276      -204.6685757375
       10.6000000000         2.0039426493      -240.7352255858
       10.6050000000         2.0025244915      -236.9387361281
       10.6100000000         2.0014205499      -227.4475124838
       10.6150000000         2.0006315217      -244.5317150435
       10.6200000000         2.0001579054      -229.3457572126
       10.6250000000         2.0000000000      -240.7352255858
       10.6300000000         2.0001579054      -244.5317150435
       10.6350000000         2.0006315217      -233.1422466704
       10.6400000000         2.0014205499      -255.9211834166
       10.6450000000         2.0025244915      -250.2264492300
       10.6500000000         2.0039426493      -252.1246939589
       10.6550000000         2.0056741276      -257.8194281455
       10.6600000000         2.0077178327      -259.7176728743
       10.6650000000         2.0100724738      -252.1246939589
       10.6700000000         2.0127365636      -255.9211834166
       10.6750000000         2.0157084194      -252.1246939589
       10.6800000000         2.0189861642      -255.9211834166
       10.6850000000         2.0225677276      -252.1246939589
       10.6900000000         2.0264508475      -263.5141623320
       10.6950000000         2.0306330712      -244.5317150435
       10.7000000000         2.0351117571      -267.3106517897
       10.7050000000         2.0398840763      -244.5317150435
       10.7100000000         2.0449470147      -269.2088965186
       10.7150000000         2.0502973742      -255.9211834166
       10.7200000000         2.0559317756      -257.8194281455
       10.7250000000         2.0618466600      -263.5141623320
       10.7300000000         2.0680382914      -255.9211834166
       10.7350000000         2.0745027591      -265.4124070609
       10.7400000000         2.0812359800      -265.4124070609
       10.7450000000         2.0882337012      -257.8194281455
       10.7500000000         2.0954915028      -257.8194281455
       10.7550000000         2.1030048007      -255.9211834166
       10.7600000000         2.1107688492      -263.5141623320
       10.7650000000         2.1187787445      -261.6159176032
       10.7700000000         2.1270294273      -271.1071412474
       10.7750000000         2.1355156863      -255.9211834166
       10.7800000000         2.1442321614      -257.8194281455
       10.7850000000         2.1531733471      -246.4299597723
       10.7900000000         2.1623335959      -261.6159176032
       10.7950000000         2.1717071221      -274.9036307051
       10.8000000000         2.1812880051      -248.3282045012
       10.8050000000         2.1910701935      -252.1246939589
       10.8100000000         2.2010475085      -240.7352255858
       10.8150000000         2.2112136483      -259.7176728743
       10.8200000000         2.2215621918      -252.1246939589
       10.8250000000         2.2320866025      -248.3282045012
       10.8300000000         2.2427802331      -248.3282045012
       10.8350000000         2.2536363292      -233.1422466704
       10.8400000000         2.2646480339      -259.7176728743
       10.8450000000         2.2758083920      -229.3457572126
       10.8500000000         2.2871103542      -242.6334703146
       10.8550000000         2.2985467821      -229.3457572126
       10.8600000000         2.3101104522      -233.1422466704
       10.8650000000         2.3217940606      -248.3282045012
       10.8700000000         2.3335902277      -216.0580441107
       10.8750000000         2.3454915028      -217.9562888395
       10.8800000000         2.3574903688      -206.5668204664
       10.8850000000         2.3695792469      -217.9562888395
       10.8900000000         2.3817505015      -225.5492677549
       10.8950000000         2.3939964450      -210.3633099241
       10.9000000000         2.4063093427      -212.2615546530
       10.9050000000         2.4186814174      -208.4650651953
       10.9100000000         2.4311048547      -219.8545335684
       10.9150000000         2.4435718076      -200.8720862798
       10.9200000000         2.4560744017      -202.7703310087
       10.9250000000         2.4686047402      -195.1773520933
       10.9300000000         2.4811549087      -189.4826179067
       10.9350000000         2.4937169801      -181.8896389913
       10.9400000000         2.5062830199      -179.9913942624
       10.9450000000         2.5188450913      -147.7212338719
       10.9500000000         2.5313952598      -151.5177233296
       10.9550000000         2.5439255983       -96.4686261929
       10.9600000000         2.5564281924       -54.7072421581
       10.9650000000         2.5688951453       -16.7423475810
       10.9700000000         2.5813185826         7.9348338941
       10.9750000000         2.5936906573         4.1383444364
       10.9800000000         2.6060035550         6.0365891652
       10.9850000000         2.6182494985        -7.2511239367
       10.9900000000         2.6304207531        -3.4546344790
       10.9950000000         2.6425096312        -1.5563897502
       11.0000000000         2.6545084972         0.3418549787
       11.0050000000         2.6664097723         2.2400997075
       11.0100000000         2.6782059394        53.4927073866
       11.0150000000         2.6898895478        85.7628677771
       11.0200000000         2.7014532179        53.4927073866
       11.0250000000         2.7128896458        62.9839310309
       11.0300000000         2.7241916080        62.9839310309
       11.0350000000         2.7353519661        78.1698888617
       11.0400000000         2.7463636708        76.2716441328
       11.0450000000         2.7572197669        83.8646230483
       11.0500000000         2.7679133975        93.3558466925
       11.0550000000         2.7784378082        72.4751546751
       11.0600000000         2.7887863517       110.4400492522
       11.0650000000         2.7989524915        87.6611125060
       11.0700000000         2.8089298065       108.5418045234
       11.0750000000         2.8187119949       100.9488256079
       11.0800000000         2.8282928779       116.1347834388
       11.0850000000         2.8376664041       112.3382939811
       11.0900000000         2.8468266529       108.5418045234
       11.0950000000         2.8557678386       127.5242518119
       11.1000000000         2.8644843137       129.4224965408
       11.1050000000         2.8729705727       138.9137201850
       11.1100000000         2.8812212555       123.7277623542
       11.1150000000         2.8892311508       146.5066991004
       11.1200000000         2.8969951993       140.8119649139
       11.1250000000         2.9045084972       140.8119649139
       11.1300000000         2.9117662988       146.5066991004
       11.1350000000         2.9187640200       148.4049438293
       11.1400000000         2.9254972409       155.9979227447
       11.1450000000         2.9319617086       159.7944122024
       11.1500000000         2.9381533400       152.2014332870
       11.1550000000         2.9440682244       165.4891463890
       11.1600000000         2.9497026258       163.5909016601
       11.1650000000         2.9550529853       174.9803700332
       11.1700000000         2.9601159237       176.8786147621
       11.1750000000         2.9648882429       169.2856358467
       11.1800000000         2.9693669288       188.2680831352
       11.1850000000         2.9735491525       176.8786147621
       11.1900000000         2.9774322724       178.7768594910
       11.1950000000         2.9810138358       199.6575515084
       11.2000000000         2.9842915806       199.6575515084
       11.2050000000         2.9872634364       190.1663278641
       11.2100000000         2.9899275262       207.2505304238
       11.2150000000         2.9922821673       207.2505304238
       11.2200000000         2.9943258724       209.1487751526
       11.2250000000         2.9960573507       209.1487751526
       11.2300000000         2.9974755085       216.7417540680
       11.2350000000         2.9985794501       205.3522856949
       11.2400000000         2.9993684783       228.1312224412
       11.2450000000         2.9998420946       212.9452646103
       11.2500000000         3.0000000000       222.4364882546
       11.2550000000         2.9998420946       230.0294671700
       11.2600000000         2.9993684783       220.5382435257
       11.2650000000         2.9985794501       214.8435093392
       11.2700000000         2.9974755085       224.3347329835
       11.2750000000         2.9960573507       220.5382435257
       11.2800000000         2.9943258724       230.0294671700
       11.2850000000         2.9922821673       216.7417540680
       11.2900000000         2.9899275262       233.8259566277
       11.2950000000         2.9872634364       243.3171802720
       11.3000000000         2.9842915806       230.0294671700
       11.3050000000         2.9810138358       239.5206908143
       11.3100000000         2.9774322724       230.0294671700
       11.3150000000         2.9735491525       233.8259566277
       11.3200000000         2.9693669288       249.0119144586
       11.3250000000         2.9648882429       230.0294671700
       11.3300000000         2.9601159237       250.9101591874
       11.3350000000         2.9550529853       247.1136697297
       11.3400000000         2.9497026258       239.5206908143
       11.3450000000         2.9440682244       220.5382435257
       11.3500000000         2.9381533400       230.0294671700
       11.3550000000         2.9319617086       243.3171802720
       11.3600000000         2.9254972409       233.8259566277
       11.3650000000         2.9187640200       233.8259566277
       11.3700000000         2.9117662988       239.5206908143
       11.3750000000         2.9045084972       228.1312224412
       11.3800000000         2.8969951993       239.5206908143
       11.3850000000         2.8892311508       226.2329777123
       11.3900000000         2.8812212555       231.9277118989
       11.3950000000         2.8729705727       230.0294671700
       11.4000000000         2.8644843137       230.0294671700
       11.4050000000         2.8557678386       245.2154250008
       11.4100000000         2.8468266529       226.2329777123
       11.4150000000         2.8376664041       230.0294671700
       11.4200000000         2.8282928779       233.8259566277
       11.4250000000         2.8187119949       224.3347329835
       11.4300000000         2.8089298065       220.5382435257
       11.4350000000         2.7989524915       228.1312224412
       11.4400000000         2.7887863517       216.7417540680
       11.4450000000         2.7784378082       230.0294671700
       11.4500000000         2.7679133975       220.5382435257
       11.4550000000         2.7572197669       216.7417540680
       11.4600000000         2.7463636708       218.6399987969
       11.4650000000         2.7353519661       214.8435093392
       11.4700000000         2.7241916080       203.4540409661
       11.4750000000         2.7128896458       224.3347329835
       11.4800000000         2.7014532179       193.9628173218
       11.4850000000         2.6898895478       199.6575515084
       11.4900000000         2.6782059394       192.0645725929
       11.4950000000         2.6664097723       199.6575515084
       11.5000000000         2.6545084972       188.2680831352
       11.5050000000         2.6425096312       192.0645725929
       11.5100000000         2.6304207531       178.7768594910
       11.5150000000         2.6182494985       184.4715936775
       11.5200000000         2.6060035550       176.8786147621
       11.5250000000         2.5936906573       157.8961674736
       11.5300000000         2.5813185826       174.9803700332
       11.5350000000         2.5688951453       159.7944122024
       11.5400000000         2.5564281924       163.5909016601
       11.5450000000         2.5439255983       155.9979227447
       11.5500000000         2.5313952598       150.3031885581
       11.5550000000         2.5188450913       159.7944122024
       11.5600000000         2.5062830199       138.9137201850
       11.5650000000         2.4937169801       135.1172307273
       11.5700000000         2.4811549087       121.8295176253
       11.5750000000         2.4686047402        97.1523361502
       11.5800000000         2.4560744017        62.9839310309
       11.5850000000         2.4435718076        36.4085048269
       11.5900000000         2.4311048547       -14.8441028521
       11.5950000000         2.4186814174        -5.3528792079
       11.6000000000         2.4063093427         2.2400997075
       11.6050000000         2.3939964450         4.1383444364
       11.6100000000         2.3817505015        -7.2511239367
       11.6150000000         2.3695792469         2.2400997075
       11.6200000000         2.3574903688        -9.1493686656
       11.6250000000         2.3454915028      -149.6194786008
       11.6300000000         2.3335902277      -115.4510734814
       11.6350000000         2.3217940606       -90.7738920063
       11.6400000000         2.3101104522      -104.0616051083
       11.6450000000         2.2985467821      -111.6545840237
       11.6500000000         2.2871103542      -115.4510734814
       11.6550000000         2.2758083920      -123.0440523968
       11.6600000000         2.2646480339      -145.8229891431
       11.6650000000         2.2536363292      -128.7387865834
       11.6700000000         2.2427802331       -96.4686261929
       11.6750000000         2.2320866025      -140.1282549565
       11.6800000000         2.2215621918      -134.4335207699
       11.6850000000         2.2112136483      -147.7212338719
       11.6900000000         2.2010475085      -136.3317654988
       11.6950000000         2.1910701935      -155.3142127873
       11.7000000000         2.1812880051      -132.5352760411
       11.7050000000         2.1717071221      -157.2124575162
       11.7100000000         2.1623335959      -145.8229891431
       11.7150000000         2.1531733471      -153.4159680585
       11.7200000000         2.1442321614      -149.6194786008
       11.7250000000         2.1355156863      -155.3142127873
       11.7300000000         2.1270294273      -176.1949048047
       11.7350000000         2.1187787445      -164.8054364316
       11.7400000000         2.1107688492      -170.5001706182
       11.7450000000         2.1030048007      -147.7212338719
       11.7500000000         2.0954915028      -168.6019258893
       11.7550000000         2.0882337012      -172.3984153470
       11.7600000000         2.0812359800      -187.5843731779
       11.7650000000         2.0745027591      -181.8896389913
       11.7700000000         2.0680382914      -187.5843731779
       11.7750000000         2.0618466600      -179.9913942624
       11.7800000000         2.0559317756      -204.6685757375
       11.7850000000         2.0502973742      -195.1773520933
       11.7900000000         2.0449470147      -206.5668204664
       11.7950000000         2.0398840763      -200.8720862798
       11.8000000000         2.0351117571      -204.6685757375
       11.8050000000         2.0306330712      -204.6685757375
       11.8100000000         2.0264508475      -219.8545335684
       11.8150000000         2.0225677276      -202.7703310087
       11.8200000000         2.0189861642      -225.5492677549
       11.8250000000         2.0157084194      -221.7527782972
       11.8300000000         2.0127365636      -225.5492677549
       11.8350000000         2.0100724738      -225.5492677549
       11.8400000000         2.0077178327      -219.8545335684
       11.8450000000         2.0056741276      -219.8545335684
       11.8500000000         2.0039426493      -221.7527782972
       11.8550000000         2.0025244915      -229.3457572126
       11.8600000000         2.0014205499      -248.3282045012
       11.8650000000         2.0006315217      -252.1246939589
       11.8700000000         2.0001579054      -216.0580441107
       11.8750000000         2.0000000000      -246.4299597723
       11.8800000000         2.0001579054      -221.7527782972
       11.8850000000         2.0006315217      -246.4299597723
       11.8900000000         2.0014205499      -236.9387361281
       11.8950000000         2.0025244915      -242.6334703146
       11.9000000000         2.0039426493      -248.3282045012
       11.9050000000         2.0056741276      -246.4299597723
       11.9100000000         2.0077178327      -252.1246939589
       11.9150000000         2.0100724738      -257.8194281455
       11.9200000000         2.0127365636      -263.5141623320
       11.9250000000         2.0157084194      -236.9387361281
       11.9300000000         2.0189861642      -255.9211834166
       11.9350000000         2.0225677276      -255.9211834166
       11.9400000000         2.0264508475      -242.6334703146
       11.9450000000         2.0306330712      -254.0229386877
       11.9500000000         2.0351117571      -265.4124070609
       11.9550000000         2.0398840763      -246.4299597723
       11.9600000000         2.0449470147      -257.8194281455
       11.9650000000         2.0502973742      -255.9211834166
       11.9700000000         2.0559317756      -244.5317150435
       11.9750000000         2.0618466600      -265.4124070609
       11.9800000000         2.0680382914      -257.8194281455
       11.9850000000         2.0745027591      -271.1071412474
       11.9900000000         2.0812359800      -248.3282045012
       11.9950000000         2.0882337012      -269.2088965186
       12.0000000000         2.0954915028      -261.6159176032
       12.0050000000         2.1030048007      -263.5141623320
       12.0100000000         2.1107688492      -261.6159176032
       12.0150000000         2.1187787445      -257.8194281455
       12.0200000000         2.1270294273      -267.3106517897
       12.0250000000         2.1355156863      -259.7176728743
       12.0300000000         2.1442321614      -274.9036307051
       12.0350000000         2.1531733471      -248.3282045012
       12.0400000000         2.1623335959      -273.0053859763
       12.0450000000         2.1717071221      -248.3282045012
       12.0500000000         2.1812880051      -250.2264492300
       12.0550000000         2.1910701935      -255.9211834166
       12.0600000000         2.2010475085      -255.9211834166
       12.0650000000         2.2112136483      -255.9211834166
       12.0700000000         2.2215621918      -242.6334703146
       12.0750000000         2.2320866025      -255.9211834166
       12.0800000000         2.2427802331      -250.2264492300
       12.0850000000         2.2536363292      -240.7352255858
       12.0900000000         2.2646480339      -252.1246939589
       12.0950000000         2.2758083920      -236.9387361281
       12.1000000000         2.2871103542      -229.3457572126
       12.1050000000         2.2985467821      -227.4475124838
       12.1100000000         2.3101104522      -217.9562888395
       12.1150000000         2.3217940606      -248.3282045012
       12.1200000000         2.3335902277      -212.2615546530
       12.1250000000         2.3454915028      -221.7527782972
       12.1300000000         2.3574903688      -217.9562888395
       12.1350000000         2.3695792469      -202.7703310087
       12.1400000000         2.3817505015      -206.5668204664
       12.1450000000         2.3939964450      -210.3633099241
       12.1500000000         2.4063093427      -183.7878837202
       12.1550000000         2.4186814174      -202.7703310087
       12.1600000000         2.4311048547      -191.3808626356
       12.1650000000         2.4435718076      -187.5843731779
       12.1700000000         2.4560744017      -202.7703310087
       12.1750000000         2.4686047402      -172.3984153470
       12.1800000000         2.4811549087      -185.6861284490
       12.1850000000         2.4937169801      -168.6019258893
       12.1900000000         2.5062830199      -179.9913942624
       12.1950000000         2.5188450913      -155.3142127873
       12.2000000000         2.5313952598      -111.6545840237
       12.2050000000         2.5439255983       -75.5879341755
       12.2100000000         2.5564281924       -28.1318159541
       12.2150000000         2.5688951453         9.8330786230
       12.2200000000         2.5813185826         4.1383444364
       12.2250000000         2.5936906573         0.3418549787
       12.2300000000         2.6060035550        -1.5563897502
       12.2350000000         2.6182494985        -1.5563897502
       12.2400000000         2.6304207531         4.1383444364
       12.2450000000         2.6425096312         0.3418549787
       12.2500000000         2.6545084972        -5.3528792079
       12.2550000000         2.6664097723        -1.5563897502
       12.2600000000         2.6782059394        45.8997284712
       12.2650000000         2.6898895478        81.9663783194
       12.2700000000         2.7014532179        49.6962179289
       12.2750000000         2.7128896458        70.5769099463
       12.2800000000         2.7241916080        62.9839310309
       12.2850000000         2.7353519661        87.6611125060
       12.2900000000         2.7463636708        68.6786652174
       12.2950000000         2.7572197669        93.3558466925
       12.3000000000         2.7679133975        85.7628677771
       12.3050000000         2.7784378082       100.9488256079
       12.3100000000         2.7887863517       102.8470703368
       12.3150000000         2.7989524915        91.4576019637
       12.3200000000         2.8089298065       118.0330281676
       12.3250000000         2.8187119949       100.9488256079
       12.3300000000         2.8282928779       131.3207412696
       12.3350000000         2.8376664041       110.4400492522
       12.3400000000         2.8468266529       127.5242518119
       12.3450000000         2.8557678386       119.9312728965
       12.3500000000         2.8644843137       129.4224965408
       12.3550000000         2.8729705727       133.2189859985
       12.3600000000         2.8812212555       133.2189859985
       12.3650000000         2.8892311508       142.7102096427
       12.3700000000         2.8969951993       133.2189859985
       12.3750000000         2.9045084972       146.5066991004
       12.3800000000         2.9117662988       152.2014332870
       12.3850000000         2.9187640200       152.2014332870
       12.3900000000         2.9254972409       148.4049438293
       12.3950000000         2.9319617086       173.0821253044
       12.4000000000         2.9381533400       165.4891463890
       12.4050000000         2.9440682244       159.7944122024
       12.4100000000         2.9497026258       184.4715936775
       12.4150000000         2.9550529853       171.1838805755
       12.4200000000         2.9601159237       173.0821253044
       12.4250000000         2.9648882429       174.9803700332
       12.4300000000         2.9693669288       180.6751042198
       12.4350000000         2.9735491525       199.6575515084
       12.4400000000         2.9774322724       190.1663278641
       12.4450000000         2.9810138358       190.1663278641
       12.4500000000         2.9842915806       195.8610620506
       12.4550000000         2.9872634364       197.7593067795
       12.4600000000         2.9899275262       209.1487751526
       12.4650000000         2.9922821673       207.2505304238
       12.4700000000         2.9943258724       207.2505304238
       12.4750000000         2.9960573507       209.1487751526
       12.4800000000         2.9974755085       214.8435093392
       12.4850000000         2.9985794501       216.7417540680
       12.4900000000         2.9993684783       212.9452646103
       12.4950000000         2.9998420946       220.5382435257
       12.5000000000         3.0000000000       220.5382435257
       12.5050000000         2.9998420946       226.2329777123
       12.5100000000         2.9993684783       224.3347329835
       12.5150000000         2.9985794501       233.8259566277
       12.5200000000         2.9974755085       233.8259566277
       12.5250000000         2.9960573507       237.6224460854
       12.5300000000         2.9943258724       228.1312224412
       12.5350000000         2.9922821673       247.1136697297
       12.5400000000         2.9899275262       239.5206908143
       12.5450000000         2.9872634364       233.8259566277
       12.5500000000         2.9842915806       243.3171802720
       12.5550000000         2.9810138358       230.0294671700
       12.5600000000         2.9774322724       260.4013828317
       12.5650000000         2.9735491525       239.5206908143
       12.5700000000         2.9693669288       250.9101591874
       12.5750000000         2.9648882429       249.0119144586
       12.5800000000         2.9601159237       235.7242013566
       12.5850000000         2.9550529853       245.2154250008
       12.5900000000         2.9497026258       237.6224460854
       12.5950000000         2.9440682244       245.2154250008
       12.6000000000         2.9381533400       243.3171802720
       12.6050000000         2.9319617086       233.8259566277
       12.6100000000         2.9254972409       250.9101591874
       12.6150000000         2.9187640200       218.6399987969
       12.6200000000         2.9117662988       256.6048933740
       12.6250000000         2.9045084972       245.2154250008
       12.6300000000         2.8969951993       237.6224460854
       12.6350000000         2.8892311508       250.9101591874
       12.6400000000         2.8812212555       235.7242013566
       12.6450000000         2.8729705727       252.8084039163
       12.6500000000         2.8644843137       237.6224460854
       12.6550000000         2.8557678386       237.6224460854
       12.6600000000         2.8468266529       230.0294671700
       12.6650000000         2.8376664041       233.8259566277
       12.6700000000         2.8282928779       252.8084039163
       12.6750000000         2.8187119949       235.7242013566
       12.6800000000         2.8089298065       250.9101591874
       12.6850000000         2.7989524915       220.5382435257
       12.6900000000         2.7887863517       220.5382435257
       12.6950000000         2.7784378082       235.7242013566
       12.7000000000         2.7679133975       230.0294671700
       12.7050000000         2.7572197669       228.1312224412
       12.7100000000         2.7463636708       220.5382435257
       12.7150000000         2.7353519661       220.5382435257
       12.7200000000         2.7241916080       224.3347329835
       12.7250000000         2.7128896458       216.7417540680
       12.7300000000         2.7014532179       205.3522856949
       12.7350000000         2.6898895478       203.4540409661
       12.7400000000         2.6782059394       207.2505304238
       12.7450000000         2.6664097723       193.9628173218
       12.7500000000         2.6545084972       205.3522856949
       12.7550000000         2.6425096312       188.2680831352
       12.7600000000         2.6304207531       188.2680831352
       12.7650000000         2.6182494985       186.3698384064
       12.7700000000         2.6060035550       184.4715936775
       12.7750000000         2.5936906573       186.3698384064
       12.7800000000         2.5813185826       163.5909016601
       12.7850000000         2.5688951453       176.8786147621
       12.7900000000         2.5564281924       155.9979227447
       12.7950000000         2.5439255983       169.2856358467
       12.8000000000         2.5313952598       165.4891463890
       12.8050000000         2.5188450913       148.4049438293
       12.8100000000         2.5062830199       146.5066991004
       12.8150000000         2.4937169801       146.5066991004
       12.8200000000         2.4811549087       138.9137201850
       12.8250000000         2.4686047402       116.1347834388
       12.8300000000         2.4560744017        59.1874415732
       12.8350000000         2.4435718076        25.0190364538
       12.8400000000         2.4311048547       -18.6405923099
       12.8450000000         2.4186814174        -3.4546344790
       12.8500000000         2.4063093427         6.0365891652
       12.8550000000         2.3939964450         2.2400997075
       12.8600000000         2.3817505015        -3.4546344790
       12.8650000000         2.3695792469         2.2400997075
       12.8700000000         2.3574903688       -11.0476133944
       12.8750000000         2.3454915028      -147.7212338719
       12.8800000000         2.3335902277       -83.1809130909
       12.8850000000         2.3217940606       -79.3844236332
       12.8900000000         2.3101104522      -104.0616051083
       12.8950000000         2.2985467821      -107.8580945660
       12.9000000000         2.2871103542      -109.7563392948
       12.9050000000         2.2758083920      -124.9422971257
       12.9100000000         2.2646480339      -124.9422971257
       12.9150000000         2.2536363292      -124.9422971257
       12.9200000000         2.2427802331      -113.5528287526
       12.9250000000         2.2320866025      -123.0440523968
       12.9300000000         2.2215621918      -142.0264996854
       12.9350000000         2.2112136483      -140.1282549565
       12.9400000000         2.2010475085      -132.5352760411
       12.9450000000         2.1910701935      -183.7878837202
       12.9500000000         2.1812880051      -143.9247444142
       12.9550000000         2.1717071221      -159.1107022450
       12.9600000000         2.1623335959      -149.6194786008
       12.9650000000         2.1531733471      -159.1107022450
       12.9700000000         2.1442321614      -168.6019258893
       12.9750000000         2.1355156863      -157.2124575162
       12.9800000000         2.1270294273      -174.2966600759
       12.9850000000         2.1187787445      -176.1949048047
       12.9900000000         2.1107688492      -178.0931495336
       12.9950000000         2.1030048007      -172.3984153470
       13.0000000000         2.0954915028      -166.7036811605
       13.0050000000         2.0882337012      -185.6861284490
       13.0100000000         2.0812359800      -189.4826179067
       13.0150000000         2.0745027591      -181.8896389913
       13.0200000000         2.0680382914      -195.1773520933
       13.0250000000         2.0618466600      -189.4826179067
       13.0300000000         2.0559317756      -187.5843731779
       13.0350000000         2.0502973742      -195.1773520933
       13.0400000000         2.0449470147      -191.3808626356
       13.0450000000         2.0398840763      -206.5668204664
       13.0500000000         2.0351117571      -214.1597993818
       13.0550000000         2.0306330712      -197.0755968221
       13.0600000000         2.0264508475      -221.7527782972
       13.0650000000         2.0225677276      -195.1773520933
       13.0700000000         2.0189861642      -227.4475124838
       13.0750000000         2.0157084194      -210.3633099241
       13.0800000000         2.0127365636      -219.8545335684
       13.0850000000         2.0100724738      -217.9562888395
       13.0900000000         2.0077178327      -225.5492677549
       13.0950000000         2.0056741276      -229.3457572126
       13.1000000000         2.0039426493      -231.2440019415
       13.1050000000         2.0025244915      -231.2440019415
       13.1100000000         2.0014205499      -238.8369808569
       13.1150000000         2.0006315217      -227.4475124838
       13.1200000000         2.0001579054      -240.7352255858
       13.1250000000         2.0000000000      -229.3457572126
       13.1300000000         2.0001579054      -248.3282045012
       13.1350000000         2.0006315217      -233.1422466704
       13.1400000000         2.0014205499      -273.0053859763
       13.1450000000         2.0025244915      -244.5317150435
       13.1500000000         2.0039426493      -254.0229386877
       13.1550000000         2.0056741276      -240.7352255858
       13.1600000000         2.0077178327      -238.8369808569
       13.1650000000         2.0100724738      -265.4124070609
       13.1700000000         2.0127365636      -248.3282045012
       13.1750000000         2.0157084194      -265.4124070609
       13.1800000000         2.0189861642      -255.9211834166
       13.1850000000         2.0225677276      -242.6334703146
       13.1900000000         2.0264508475      -267.3106517897
       13.1950000000         2.0306330712      -254.0229386877
       13.2000000000         2.0351117571      -261.6159176032
       13.2050000000         2.0398840763      -252.1246939589
       13.2100000000         2.0449470147      -250.2264492300
       13.2150000000         2.0502973742      -269.2088965186
       13.2200000000         2.0559317756      -248.3282045012
       13.2250000000         2.0618466600      -267.3106517897
       13.2300000000         2.0680382914      -250.2264492300
       13.2350000000         2.0745027591      -286.2930990783
       13.2400000000         2.0812359800      -248.3282045012
       13.2450000000         2.0882337012      -265.4124070609
       13.2500000000         2.0954915028      -259.7176728743
       13.2550000000         2.1030048007      -263.5141623320
       13.2600000000         2.1107688492      -265.4124070609
       13.2650000000         2.1187787445      -248.3282045012
       13.2700000000         2.1270294273      -265.4124070609
       13.2750000000         2.1355156863      -263.5141623320
       13.2800000000         2.1442321614      -254.0229386877
       13.2850000000         2.1531733471      -265.4124070609
       13.2900000000         2.1623335959      -248.3282045012
       13.2950000000         2.1717071221      -261.6159176032
       13.3000000000         2.1812880051      -240.7352255858
       13.3050000000         2.1910701935      -259.7176728743
       13.3100000000         2.2010475085      -238.8369808569
       13.3150000000         2.2112136483      -235.0404913992
       13.3200000000         2.2215621918      -246.4299597723
       13.3250000000         2.2320866025      -227.4475124838
       13.3300000000         2.2427802331      -242.6334703146
       13.3350000000         2.2536363292      -227.4475124838
       13.3400000000         2.2646480339      -233.1422466704
       13.3450000000         2.2758083920      -242.6334703146
       13.3500000000         2.2871103542      -202.7703310087
       13.3550000000         2.2985467821      -254.0229386877
       13.3600000000         2.3101104522      -210.3633099241
       13.3650000000         2.3217940606      -219.8545335684
       13.3700000000         2.3335902277      -219.8545335684
       13.3750000000         2.3454915028      -200.8720862798
       13.3800000000         2.3574903688      -210.3633099241
       13.3850000000         2.3695792469      -193.2791073644
       13.3900000000         2.3817505015      -217.9562888395
       13.3950000000         2.3939964450      -202.7703310087
       13.4000000000         2.4063093427      -181.8896389913
       13.4050000000         2.4186814174      -210.3633099241
       13.4100000000         2.4311048547      -162.9071917028
       13.4150000000         2.4435718076      -198.9738415510
       13.4200000000         2.4560744017      -164.8054364316
       13.4250000000         2.4686047402      -168.6019258893
       13.4300000000         2.4811549087      -170.5001706182
       13.4350000000         2.4937169801      -157.2124575162
       13.4400000000         2.5062830199      -172.3984153470
       13.4450000000         2.5188450913      -126.8405418545
       13.4500000000         2.5313952598      -134.4335207699
       13.4550000000         2.5439255983       -75.5879341755
       13.4600000000         2.5564281924       -24.3353264964
       13.4650000000         2.5688951453        11.7313233518
       13.4700000000         2.5813185826        13.6295680807
       13.4750000000         2.5936906573         0.3418549787
       13.4800000000         2.6060035550        -1.5563897502
       13.4850000000         2.6182494985         7.9348338941
       13.4900000000         2.6304207531        -1.5563897502
       13.4950000000         2.6425096312         2.2400997075
       13.5000000000         2.6545084972         0.3418549787
       13.5050000000         2.6664097723         0.3418549787
       13.5100000000         2.6782059394        30.7137706403
       13.5150000000         2.6898895478        91.4576019637
       13.5200000000         2.7014532179        51.5944626577
       13.5250000000         2.7128896458        70.5769099463
       13.5300000000         2.7241916080        55.3909521154
       13.5350000000         2.7353519661        81.9663783194
       13.5400000000         2.7463636708        74.3733994040
       13.5450000000         2.7572197669        89.5593572348
       13.5500000000         2.7679133975       100.9488256079
       13.5550000000         2.7784378082        85.7628677771
       13.5600000000         2.7887863517        93.3558466925
       13.5650000000         2.7989524915        91.4576019637
       13.5700000000         2.8089298065       102.8470703368
       13.5750000000         2.8187119949       108.5418045234
       13.5800000000         2.8282928779       108.5418045234
       13.5850000000         2.8376664041       110.4400492522
       13.5900000000         2.8468266529       102.8470703368
       13.5950000000         2.8557678386       112.3382939811
       13.6000000000         2.8644843137       127.5242518119
       13.6050000000         2.8729705727       123.7277623542
       13.6100000000         2.8812212555       116.1347834388
       13.6150000000         2.8892311508       131.3207412696
       13.6200000000         2.8969951993       131.3207412696
       13.6250000000         2.9045084972       138.9137201850
       13.6300000000         2.9117662988       133.2189859985
       13.6350000000         2.9187640200       146.5066991004
       13.6400000000         2.9254972409       146.5066991004
       13.6450000000         2.9319617086       150.3031885581
       13.6500000000         2.9381533400       155.9979227447
       13.6550000000         2.9440682244       171.1838805755
       13.6600000000         2.9497026258       163.5909016601
       13.6650000000         2.9550529853       171.1838805755
       13.6700000000         2.9601159237       169.2856358467
       13.6750000000         2.9648882429       182.5733489487
       13.6800000000         2.9693669288       188.2680831352
       13.6850000000         2.9735491525       174.9803700332
       13.6900000000         2.9774322724       192.0645725929
       13.6950000000         2.9810138358       184.4715936775
       13.7000000000         2.9842915806       199.6575515084
       13.7050000000         2.9872634364       193.9628173218
       13.7100000000         2.9899275262       190.1663278641
       13.7150000000         2.9922821673       212.9452646103
       13.7200000000         2.9943258724       188.2680831352
       13.7250000000         2.9960573507       214.8435093392
       13.7300000000         2.9974755085       199.6575515084
       13.7350000000         2.9985794501       216.7417540680
       13.7400000000         2.9993684783       207.2505304238
       13.7450000000         2.9998420946       214.8435093392
       13.7500000000         3.0000000000       214.8435093392
       13.7550000000         2.9998420946       218.6399987969
       13.7600000000         2.9993684783       233.8259566277
       13.7650000000         2.9985794501       209.1487751526
       13.7700000000         2.9974755085       237.6224460854
       13.7750000000         2.9960573507       231.9277118989
       13.7800000000         2.9943258724       231.9277118989
       13.7850000000         2.9922821673       230.0294671700
       13.7900000000         2.9899275262       237.6224460854
       13.7950000000         2.9872634364       235.7242013566
       13.8000000000         2.9842915806       235.7242013566
       13.8050000000         2.9810138358       237.6224460854
       13.8100000000         2.9774322724       239.5206908143
       13.8150000000         2.9735491525       243.3171802720
       13.8200000000         2.9693669288       241.4189355431
       13.8250000000         2.9648882429       237.6224460854
       13.8300000000         2.9601159237       235.7242013566
       13.8350000000         2.9550529853       254.7066486451
       13.8400000000         2.9497026258       245.2154250008
       13.8450000000         2.9440682244       245.2154250008
       13.8500000000         2.9381533400       252.8084039163
       13.8550000000         2.9319617086       245.2154250008
       13.8600000000         2.9254972409       260.4013828317
       13.8650000000         2.9187640200       239.5206908143
       13.8700000000         2.9117662988       252.8084039163
       13.8750000000         2.9045084972       252.8084039163
       13.8800000000         2.8969951993       250.9101591874
       13.8850000000         2.8892311508       271.7908512048
       13.8900000000         2.8812212555       233.8259566277
       13.8950000000         2.8729705727       243.3171802720
       13.9000000000         2.8644843137       241.4189355431
       13.9050000000         2.8557678386       235.7242013566
       13.9100000000         2.8468266529       249.0119144586
       13.9150000000         2.8376664041       226.2329777123
       13.9200000000         2.8282928779       241.4189355431
       13.9250000000         2.8187119949       235.7242013566
       13.9300000000         2.8089298065       230.0294671700
       13.9350000000         2.7989524915       243.3171802720
       13.9400000000         2.7887863517       222.4364882546
       13.9450000000         2.7784378082       237.6224460854
       13.9500000000         2.7679133975       226.2329777123
       13.9550000000         2.7572197669       230.0294671700
       13.9600000000         2.7463636708       239.5206908143
       13.9650000000         2.7353519661       218.6399987969
       13.9700000000         2.7241916080       222.4364882546
       13.9750000000         2.7128896458       209.1487751526
       13.9800000000         2.7014532179       218.6399987969
       13.9850000000         2.6898895478       228.1312224412
       13.9900000000         2.6782059394       211.0470198815
       13.9950000000         2.6664097723       216.7417540680
       14.0000000000         2.6545084972       209.1487751526
       14.0050000000         2.6425096312       207.2505304238
       14.0100000000         2.6304207531       201.5557962372
       14.0150000000         2.6182494985       197.7593067795
       14.0200000000         2.6060035550       192.0645725929
       14.0250000000         2.5936906573       184.4715936775
       14.0300000000         2.5813185826       190.1663278641
       14.0350000000         2.5688951453       184.4715936775
       14.0400000000         2.5564281924       188.2680831352
       14.0450000000         2.5439255983       176.8786147621
       14.0500000000         2.5313952598       148.4049438293
       14.0550000000         2.5188450913       163.5909016601
       14.0600000000         2.5062830199       159.7944122024
       14.0650000000         2.4937169801       159.7944122024
       14.0700000000         2.4811549087       142.7102096427
       14.0750000000         2.4686047402       118.0330281676
       14.0800000000         2.4560744017        72.4751546751
       14.0850000000         2.4435718076        30.7137706403
       14.0900000000         2.4311048547         2.2400997075
       14.0950000000         2.4186814174        -5.3528792079
       14.1000000000         2.4063093427         2.2400997075
       14.1050000000         2.3939964450        -3.4546344790
       14.1100000000         2.3817505015        -3.4546344790
       14.1150000000         2.3695792469         0.3418549787
       14.1200000000         2.3574903688       -16.7423475810
       14.1250000000         2.3454915028      -140.1282549565
       14.1300000000         2.3335902277       -73.6896894466
       14.1350000000         2.3217940606       -90.7738920063
       14.1400000000         2.3101104522       -90.7738920063
       14.1450000000         2.2985467821       -98.3668709217
       14.1500000000         2.2871103542      -109.7563392948
       14.1550000000         2.2758083920      -113.5528287526
       14.1600000000         2.2646480339      -142.0264996854
       14.1650000000         2.2536363292      -115.4510734814
       14.1700000000         2.2427802331      -119.2475629391
       14.1750000000         2.2320866025      -124.9422971257
       14.1800000000         2.2215621918      -149.6194786008
       14.1850000000         2.2112136483      -111.6545840237
       14.1900000000         2.2010475085      -145.8229891431
       14.1950000000         2.1910701935      -115.4510734814
       14.2000000000         2.1812880051      -136.3317654988
       14.2050000000         2.1717071221      -142.0264996854
       14.2100000000         2.1623335959      -149.6194786008
       14.2150000000         2.1531733471      -151.5177233296
       14.2200000000         2.1442321614      -151.5177233296
       14.2250000000         2.1355156863      -155.3142127873
       14.2300000000         2.1270294273      -162.9071917028
       14.2350000000         2.1187787445      -151.5177233296
       14.2400000000         2.1107688492      -161.0089469739
       14.2450000000         2.1030048007      -174.2966600759
       14.2500000000         2.0954915028      -172.3984153470
       14.2550000000         2.0882337012      -176.1949048047
       14.2600000000         2.0812359800      -170.5001706182
       14.2650000000         2.0745027591      -183.7878837202
       14.2700000000         2.0680382914      -187.5843731779
       14.2750000000         2.0618466600      -185.6861284490
       14.2800000000         2.0559317756      -195.1773520933
       14.2850000000         2.0502973742      -191.3808626356
       14.2900000000         2.0449470147      -198.9738415510
       14.2950000000         2.0398840763      -193.2791073644
       14.3000000000         2.0351117571      -208.4650651953
       14.3050000000         2.0306330712      -210.3633099241
       14.3100000000         2.0264508475      -195.1773520933
       14.3150000000         2.0225677276      -221.7527782972
       14.3200000000         2.0189861642      -202.7703310087
       14.3250000000         2.0157084194      -233.1422466704
       14.3300000000         2.0127365636      -210.3633099241
       14.3350000000         2.0100724738      -233.1422466704
       14.3400000000         2.0077178327      -219.8545335684
       14.3450000000         2.0056741276      -225.5492677549
       14.3500000000         2.0039426493      -217.9562888395
       14.3550000000         2.0025244915      -229.3457572126
       14.3600000000         2.0014205499      -225.5492677549
       14.3650000000         2.0006315217      -240.7352255858
       14.3700000000         2.0001579054      -244.5317150435
       14.3750000000         2.0000000000      -248.3282045012
       14.3800000000         2.0001579054      -236.9387361281
       14.3850000000         2.0006315217      -233.1422466704
       14.3900000000         2.0014205499      -252.1246939589
       14.3950000000         2.0025244915      -250.2264492300
       14.4000000000         2.0039426493      -254.0229386877
       14.4050000000         2.0056741276      -255.9211834166
       14.4100000000         2.0077178327      -242.6334703146
       14.4150000000         2.0100724738      -267.3106517897
       14.4200000000         2.0127365636      -250.2264492300
       14.4250000000         2.0157084194      -267.3106517897
       14.4300000000         2.0189861642      -248.3282045012
       14.4350000000         2.0225677276      -269.2088965186
       14.4400000000         2.0264508475      -261.6159176032
       14.4450000000         2.0306330712      -250.2264492300
       14.4500000000         2.0351117571      -267.3106517897
       14.4550000000         2.0398840763      -263.5141623320
       14.4600000000         2.0449470147      -278.7001201629
       14.4650000000         2.0502973742      -257.8194281455
       14.4700000000         2.0559317756      -271.1071412474
       14.4750000000         2.0618466600      -271.1071412474
       14.4800000000         2.0680382914      -255.9211834166
       14.4850000000         2.0745027591      -271.1071412474
       14.4900000000         2.0812359800      -255.9211834166
       14.4950000000         2.0882337012      -269.2088965186
       14.5000000000         2.0954915028      -255.9211834166
       14.5050000000         2.1030048007      -267.3106517897
       14.5100000000         2.1107688492      -261.6159176032
       14.5150000000         2.1187787445      -244.5317150435
       14.5200000000         2.1270294273      -263.5141623320
       14.5250000000         2.1355156863      -240.7352255858
       14.5300000000         2.1442321614      -267.3106517897
       14.5350000000         2.1531733471      -248.3282045012
       14.5400000000         2.1623335959      -255.9211834166
       14.5450000000         2.1717071221      -261.6159176032
       14.5500000000         2.1812880051      -242.6334703146
       14.5550000000         2.1910701935      -265.4124070609
       14.5600000000         2.2010475085      -235.0404913992
       14.5650000000         2.2112136483      -261.6159176032
       14.5700000000         2.2215621918      -227.4475124838
       14.5750000000         2.2320866025      -233.1422466704
       14.5800000000         2.2427802331      -240.7352255858
       14.5850000000         2.2536363292      -240.7352255858
       14.5900000000         2.2646480339      -225.5492677549
       14.5950000000         2.2758083920      -235.0404913992
       14.6000000000         2.2871103542      -217.9562888395
       14.6050000000         2.2985467821      -235.0404913992
       14.6100000000         2.3101104522      -214.1597993818
       14.6150000000         2.3217940606      -229.3457572126
       14.6200000000         2.3335902277      -216.0580441107
       14.6250000000         2.3454915028      -216.0580441107
       14.6300000000         2.3574903688      -214.1597993818
       14.6350000000         2.3695792469      -202.7703310087
       14.6400000000         2.3817505015      -204.6685757375
       14.6450000000         2.3939964450      -202.7703310087
       14.6500000000         2.4063093427      -195.1773520933
       14.6550000000         2.4186814174      -191.3808626356
       14.6600000000         2.4311048547      -183.7878837202
       14.6650000000         2.4435718076      -197.0755968221
       14.6700000000         2.4560744017      -179.9913942624
       14.6750000000         2.4686047402      -183.7878837202
       14.6800000000         2.4811549087      -172.3984153470
       14.6850000000         2.4937169801      -162.9071917028
       14.6900000000         2.5062830199      -157.2124575162
       14.6950000000         2.5188450913      -153.4159680585
       14.7000000000         2.5313952598      -117.3493182103
       14.7050000000         2.5439255983       -69.8931999889
       14.7100000000         2.5564281924       -31.9283054118
       14.7150000000         2.5688951453         6.0365891652
       14.7200000000         2.5813185826         7.9348338941
       14.7250000000         2.5936906573         0.3418549787
       14.7300000000         2.6060035550         2.2400997075
       14.7350000000         2.6182494985        -5.3528792079
       14.7400000000         2.6304207531         7.9348338941
       14.7450000000         2.6425096312        -5.3528792079
       14.7500000000         2.6545084972         2.2400997075
       14.7550000000         2.6664097723         0.3418549787
       14.7600000000         2.6782059394        55.3909521154
       14.7650000000         2.6898895478        85.7628677771
       14.7700000000         2.7014532179        64.8821757597
       14.7750000000         2.7128896458        78.1698888617
       14.7800000000         2.7241916080        78.1698888617
       14.7850000000         2.7353519661        85.7628677771
       14.7900000000         2.7463636708        57.2891968443
       14.7950000000         2.7572197669        93.3558466925
       14.8000000000         2.7679133975        76.2716441328
       14.8050000000         2.7784378082        87.6611125060
       14.8100000000         2.7887863517        89.5593572348
       14.8150000000         2.7989524915        93.3558466925
       14.8200000000         2.8089298065       102.8470703368
       14.8250000000         2.8187119949       102.8470703368
       14.8300000000         2.8282928779       116.1347834388
       14.8350000000         2.8376664041       102.8470703368
       14.8400000000         2.8468266529       116.1347834388
       14.8450000000         2.8557678386       116.1347834388
       14.8500000000         2.8644843137       118.0330281676
       14.8550000000         2.8729705727       114.2365387099
       14.8600000000         2.8812212555       123.7277623542
       14.8650000000         2.8892311508       135.1172307273
       14.8700000000         2.8969951993       148.4049438293
       14.8750000000         2.9045084972       152.2014332870
       14.8800000000         2.9117662988       148.4049438293
       14.8850000000         2.9187640200       148.4049438293
       14.8900000000         2.9254972409       142.7102096427
       14.8950000000         2.9319617086       150.3031885581
       14.9000000000         2.9381533400       161.6926569313
       14.9050000000         2.9440682244       159.7944122024
       14.9100000000         2.9497026258       171.1838805755
       14.9150000000         2.9550529853       169.2856358467
       14.9200000000         2.9601159237       167.3873911178
       14.9250000000         2.9648882429       169.2856358467
       14.9300000000         2.9693669288       173.0821253044
       14.9350000000         2.9735491525       180.6751042198
       14.9400000000         2.9774322724       193.9628173218
       14.9450000000         2.9810138358       169.2856358467
       14.9500000000         2.9842915806       199.6575515084
       14.9550000000         2.9872634364       188.2680831352
       14.9600000000         2.9899275262       184.4715936775
       14.9650000000         2.9922821673       195.8610620506
       14.9700000000         2.9943258724       199.6575515084
       14.9750000000         2.9960573507       203.4540409661
       14.9800000000         2.9974755085       195.8610620506
       14.9850000000         2.9985794501       207.2505304238
       14.9900000000         2.9993684783       214.8435093392
       14.9950000000         2.9998420946       218.6399987969
       15.0000000000         3.0000000000       230.0294671700
       15.0050000000         2.9998420946       211.0470198815
       15.0100000000         2.9993684783       228.1312224412
       15.0150000000         2.9985794501       218.6399987969
       15.0200000000         2.9974755085       220.5382435257
       15.0250000000         2.9960573507       218.6399987969
       15.0300000000         2.9943258724       235.7242013566
       15.0350000000         2.9922821673       226.2329777123
       15.0400000000         2.9899275262       235.7242013566
       15.0450000000         2.9872634364       228.1312224412
       15.0500000000         2.9842915806       228.1312224412
       15.0550000000         2.9810138358       230.0294671700
       15.0600000000         2.9774322724       239.5206908143
       15.0650000000         2.9735491525       243.3171802720
       15.0700000000         2.9693669288       241.4189355431
       15.0750000000         2.9648882429       235.7242013566
       15.0800000000         2.9601159237       245.2154250008
       15.0850000000         2.9550529853       252.8084039163
       15.0900000000         2.9497026258       237.6224460854
       15.0950000000         2.9440682244       243.3171802720
       15.1000000000         2.9381533400       250.9101591874
       15.1050000000         2.9319617086       239.5206908143
       15.1100000000         2.9254972409       237.6224460854
       15.1150000000         2.9187640200       250.9101591874
       15.1200000000         2.9117662988       245.2154250008
       15.1250000000         2.9045084972       249.0119144586
       15.1300000000         2.8969951993       239.5206908143
       15.1350000000         2.8892311508       243.3171802720
       15.1400000000         2.8812212555       260.4013828317
       15.1450000000         2.8729705727       241.4189355431
       15.1500000000         2.8644843137       243.3171802720
       15.1550000000         2.8557678386       258.5031381028
       15.1600000000         2.8468266529       241.4189355431
       15.1650000000         2.8376664041       249.0119144586
       15.1700000000         2.8282928779       233.8259566277
       15.1750000000         2.8187119949       252.8084039163
       15.1800000000         2.8089298065       243.3171802720
       15.1850000000         2.7989524915       233.8259566277
       15.1900000000         2.7887863517       250.9101591874
       15.1950000000         2.7784378082       228.1312224412
       15.2000000000         2.7679133975       226.2329777123
       15.2050000000         2.7572197669       231.9277118989
       15.2100000000         2.7463636708       212.9452646103
       15.2150000000         2.7353519661       230.0294671700
       15.2200000000         2.7241916080       218.6399987969
       15.2250000000         2.7128896458       216.7417540680
       15.2300000000         2.7014532179       226.2329777123
       15.2350000000         2.6898895478       207.2505304238
       15.2400000000         2.6782059394       209.1487751526
       15.2450000000         2.6664097723       218.6399987969
       15.2500000000         2.6545084972       193.9628173218
       15.2550000000         2.6425096312       205.3522856949
       15.2600000000         2.6304207531       205.3522856949
       15.2650000000         2.6182494985       190.1663278641
       15.2700000000         2.6060035550       197.7593067795
       15.2750000000         2.5936906573       176.8786147621
       15.2800000000         2.5813185826       186.3698384064
       15.2850000000         2.5688951453       171.1838805755
       15.2900000000         2.5564281924       171.1838805755
       15.2950000000         2.5439255983       173.0821253044
       15.3000000000         2.5313952598       169.2856358467
       15.3050000000         2.5188450913       163.5909016601
       15.3100000000         2.5062830199       159.7944122024
       15.3150000000         2.4937169801       155.9979227447
       15.3200000000         2.4811549087       142.7102096427
       15.3250000000         2.4686047402       127.5242518119
       15.3300000000         2.4560744017        70.5769099463
       15.3350000000         2.4435718076        30.7137706403
       15.3400000000         2.4311048547        -7.2511239367
       15.3450000000         2.4186814174        -5.3528792079
       15.3500000000         2.4063093427         4.1383444364
       15.3550000000         2.3939964450         0.3418549787
       15.3600000000         2.3817505015         0.3418549787
       15.3650000000         2.3695792469        -5.3528792079
       15.3700000000         2.3574903688       -39.5212843272
       15.3750000000         2.3454915028      -142.0264996854
       15.3800000000         2.3335902277       -79.3844236332
       15.3850000000         2.3217940606       -96.4686261929
       15.3900000000         2.3101104522       -98.3668709217
       15.3950000000         2.2985467821       -90.7738920063
       15.4000000000         2.2871103542      -107.8580945660
       15.4050000000         2.2758083920      -121.1458076680
       15.4100000000         2.2646480339      -130.6370313122
       15.4150000000         2.2536363292      -115.4510734814
       15.4200000000         2.2427802331      -109.7563392948
       15.4250000000         2.2320866025      -126.8405418545
       15.4300000000         2.2215621918      -132.5352760411
       15.4350000000         2.2112136483      -130.6370313122
       15.4400000000         2.2010475085      -136.3317654988
       15.4450000000         2.1910701935      -132.5352760411
       15.4500000000         2.1812880051      -136.3317654988
       15.4550000000         2.1717071221      -153.4159680585
       15.4600000000         2.1623335959      -155.3142127873
       15.4650000000         2.1531733471      -147.7212338719
       15.4700000000         2.1442321614      -162.9071917028
       15.4750000000         2.1355156863      -164.8054364316
       15.4800000000         2.1270294273      -159.1107022450
       15.4850000000         2.1187787445      -183.7878837202
       15.4900000000         2.1107688492      -170.5001706182
       15.4950000000         2.1030048007      -162.9071917028
       15.5000000000         2.0954915028      -189.4826179067
       15.5050000000         2.0882337012      -172.3984153470
       15.5100000000         2.0812359800      -189.4826179067
       15.5150000000         2.0745027591      -178.0931495336
       15.5200000000         2.0680382914      -187.5843731779
       15.5250000000         2.0618466600      -197.0755968221
       15.5300000000         2.0559317756      -185.6861284490
       15.5350000000         2.0502973742      -204.6685757375
       15.5400000000         2.0449470147      -176.1949048047
       15.5450000000         2.0398840763      -202.7703310087
       15.5500000000         2.0351117571      -200.8720862798
       15.5550000000         2.0306330712      -202.7703310087
       15.5600000000         2.0264508475      -212.2615546530
       15.5650000000         2.0225677276      -214.1597993818
       15.5700000000         2.0189861642      -219.8545335684
       15.5750000000         2.0157084194      -200.8720862798
       15.5800000000         2.0127365636      -238.8369808569
       15.5850000000         2.0100724738      -225.5492677549
       15.5900000000         2.0077178327      -236.9387361281
       15.5950000000         2.0056741276      -227.4475124838
       15.6000000000         2.0039426493      -236.9387361281
       15.6050000000         2.0025244915      -242.6334703146
       15.6100000000         2.0014205499      -227.4475124838
       15.6150000000         2.0006315217      -246.4299597723
       15.6200000000         2.0001579054      -231.2440019415
       15.6250000000         2.0000000000      -246.4299597723
       15.6300000000         2.0001579054      -255.9211834166
       15.6350000000         2.0006315217      -233.1422466704
       15.6400000000         2.0014205499      -265.4124070609
       15.6450000000         2.0025244915      -240.7352255858
       15.6500000000         2.0039426493      -261.6159176032
       15.6550000000         2.0056741276      -255.9211834166
       15.6600000000         2.0077178327      -267.3106517897
       15.6650000000         2.0100724738      -271.1071412474
       15.6700000000         2.0127365636      -257.8194281455
       15.6750000000         2.0157084194      -255.9211834166
       15.6800000000         2.0189861642      -263.5141623320
       15.6850000000         2.0225677276      -257.8194281455
       15.6900000000         2.0264508475      -263.5141623320
       15.6950000000         2.0306330712      -246.4299597723
       15.7000000000         2.0351117571      -271.1071412474
       15.7050000000         2.0398840763      -255.9211834166
       15.7100000000         2.0449470147      -244.5317150435
       15.7150000000         2.0502973742      -267.3106517897
       15.7200000000         2.0559317756      -236.9387361281
       15.7250000000         2.0618466600      -267.3106517897
       15.7300000000         2.0680382914      -250.2264492300
       15.7350000000         2.0745027591      -261.6159176032
       15.7400000000         2.0812359800      -271.1071412474
       15.7450000000         2.0882337012      -233.1422466704
       15.7500000000         2.0954915028      -257.8194281455
       15.7550000000         2.1030048007      -240.7352255858
       15.7600000000         2.1107688492      -265.4124070609
       15.7650000000         2.1187787445      -242.6334703146
       15.7700000000         2.1270294273      -248.3282045012
       15.7750000000         2.1355156863      -250.2264492300
       15.7800000000         2.1442321614      -252.1246939589
       15.7850000000         2.1531733471      -244.5317150435
       15.7900000000         2.1623335959      -248.3282045012
       15.7950000000         2.1717071221      -233.1422466704
       15.8000000000         2.1812880051      -242.6334703146
       15.8050000000         2.1910701935      -235.0404913992
       15.8100000000         2.2010475085      -248.3282045012
       15.8150000000         2.2112136483      -242.6334703146
       15.8200000000         2.2215621918      -233.1422466704
       15.8250000000         2.2320866025      -238.8369808569
       15.8300000000         2.2427802331      -229.3457572126
       15.8350000000         2.2536363292      -236.9387361281
       15.8400000000         2.2646480339      -229.3457572126
       15.8450000000         2.2758083920      -225.5492677549
       15.8500000000         2.2871103542      -225.5492677549
       15.8550000000         2.2985467821      -219.8545335684
       15.8600000000         2.3101104522      -219.8545335684
       15.8650000000         2.3217940606      -221.7527782972
       15.8700000000         2.3335902277      -204.6685757375
       15.8750000000         2.3454915028      -225.5492677549
       15.8800000000         2.3574903688      -198.9738415510
       15.8850000000         2.3695792469      -216.0580441107
       15.8900000000         2.3817505015      -191.3808626356
       15.8950000000         2.3939964450      -204.6685757375
       15.9000000000         2.4063093427      -193.2791073644
       15.9050000000         2.4186814174      -195.1773520933
       15.9100000000         2.4311048547      -187.5843731779
       15.9150000000         2.4435718076      -183.7878837202
       15.9200000000         2.4560744017      -181.8896389913
       15.9250000000         2.4686047402      -172.3984153470
       15.9300000000         2.4811549087      -187.5843731779
       15.9350000000         2.4937169801      -164.8054364316
       15.9400000000         2.5062830199      -168.6019258893
       15.9450000000         2.5188450913      -151.5177233296
       15.9500000000         2.5313952598      -121.1458076680
       15.9550000000         2.5439255983       -73.6896894466
       15.9600000000         2.5564281924       -47.1142632427
       15.9650000000         2.5688951453         7.9348338941
       15.9700000000         2.5813185826         6.0365891652
       15.9750000000         2.5936906573        -3.4546344790
       15.9800000000         2.6060035550        -5.3528792079
       15.9850000000         2.6182494985        -1.5563897502
       15.9900000000         2.6304207531         2.2400997075
       15.9950000000         2.6425096312         0.3418549787
       16.0000000000         2.6545084972        -3.4546344790
       16.0050000000         2.6664097723         0.3418549787
       16.0100000000         2.6782059394        23.1207917249
       16.0150000000         2.6898895478        89.5593572348
       16.0200000000         2.7014532179        51.5944626577
       16.0250000000         2.7128896458        72.4751546751
       16.0300000000         2.7241916080        57.2891968443
       16.0350000000         2.7353519661        81.9663783194
       16.0400000000         2.7463636708        53.4927073866
       16.0450000000         2.7572197669        70.5769099463
       16.0500000000         2.7679133975        78.1698888617
       16.0550000000         2.7784378082        72.4751546751
       16.0600000000         2.7887863517        91.4576019637
       16.0650000000         2.7989524915        89.5593572348
       16.0700000000         2.8089298065        95.2540914214
       16.0750000000         2.8187119949       100.9488256079
       16.0800000000         2.8282928779        97.1523361502
       16.0850000000         2.8376664041       100.9488256079
       16.0900000000         2.8468266529        99.0505808791
       16.0950000000         2.8557678386       110.4400492522
       16.1000000000         2.8644843137       119.9312728965
       16.1050000000         2.8729705727       121.8295176253
       16.1100000000         2.8812212555       112.3382939811
       16.1150000000         2.8892311508       129.4224965408
       16.1200000000         2.8969951993       133.2189859985
       16.1250000000         2.9045084972       142.7102096427
       16.1300000000         2.9117662988       133.2189859985
       16.1350000000         2.9187640200       146.5066991004
       16.1400000000         2.9254972409       138.9137201850
       16.1450000000         2.9319617086       146.5066991004
       16.1500000000         2.9381533400       161.6926569313
       16.1550000000         2.9440682244       154.0996780159
       16.1600000000         2.9497026258       161.6926569313
       16.1650000000         2.9550529853       154.0996780159
       16.1700000000         2.9601159237       174.9803700332
       16.1750000000         2.9648882429       161.6926569313
       16.1800000000         2.9693669288       178.7768594910
       16.1850000000         2.9735491525       176.8786147621
       16.1900000000         2.9774322724       190.1663278641
       16.1950000000         2.9810138358       173.0821253044
       16.2000000000         2.9842915806       173.0821253044
       16.2050000000         2.9872634364       197.7593067795
       16.2100000000         2.9899275262       193.9628173218
       16.2150000000         2.9922821673       201.5557962372
       16.2200000000         2.9943258724       220.5382435257
       16.2250000000         2.9960573507       197.7593067795
       16.2300000000         2.9974755085       201.5557962372
       16.2350000000         2.9985794501       214.8435093392
       16.2400000000         2.9993684783       207.2505304238
       16.2450000000         2.9998420946       214.8435093392
       16.2500000000         3.0000000000       203.4540409661
       16.2550000000         2.9998420946       212.9452646103
       16.2600000000         2.9993684783       218.6399987969
       16.2650000000         2.9985794501       224.3347329835
       16.2700000000         2.9974755085       212.9452646103
       16.2750000000         2.9960573507       235.7242013566
       16.2800000000         2.9943258724       207.2505304238
       16.2850000000         2.9922821673       231.9277118989
       16.2900000000         2.9899275262       230.0294671700
       16.2950000000         2.9872634364       216.7417540680
       16.3000000000         2.9842915806       226.2329777123
       16.3050000000         2.9810138358       230.0294671700
       16.3100000000         2.9774322724       230.0294671700
       16.3150000000         2.9735491525       249.0119144586
       16.3200000000         2.9693669288       239.5206908143
       16.3250000000         2.9648882429       245.2154250008
       16.3300000000         2.9601159237       233.8259566277
       16.3350000000         2.9550529853       237.6224460854
       16.3400000000         2.9497026258       250.9101591874
       16.3450000000         2.9440682244       237.6224460854
       16.3500000000         2.9381533400       243.3171802720
       16.3550000000         2.9319617086       237.6224460854
       16.3600000000         2.9254972409       231.9277118989
       16.3650000000         2.9187640200       233.8259566277
       16.3700000000         2.9117662988       245.2154250008
       16.3750000000         2.9045084972       243.3171802720
       16.3800000000         2.8969951993       250.9101591874
       16.3850000000         2.8892311508       230.0294671700
       16.3900000000         2.8812212555       243.3171802720
       16.3950000000         2.8729705727       237.6224460854
       16.4000000000         2.8644843137       237.6224460854
       16.4050000000         2.8557678386       241.4189355431
       16.4100000000         2.8468266529       243.3171802720
       16.4150000000         2.8376664041       239.5206908143
       16.4200000000         2.8282928779       241.4189355431
       16.4250000000         2.8187119949       239.5206908143
       16.4300000000         2.8089298065       228.1312224412
       16.4350000000         2.7989524915       237.6224460854
       16.4400000000         2.7887863517       224.3347329835
       16.4450000000         2.7784378082       231.9277118989
       16.4500000000         2.7679133975       233.8259566277
       16.4550000000         2.7572197669       220.5382435257
       16.4600000000         2.7463636708       228.1312224412
       16.4650000000         2.7353519661       230.0294671700
       16.4700000000         2.7241916080       230.0294671700
       16.4750000000         2.7128896458       212.9452646103
       16.4800000000         2.7014532179       220.5382435257
       16.4850000000         2.6898895478       212.9452646103
       16.4900000000         2.6782059394       214.8435093392
       16.4950000000         2.6664097723       218.6399987969
       16.5000000000         2.6545084972       193.9628173218
       16.5050000000         2.6425096312       214.8435093392
       16.5100000000         2.6304207531       199.6575515084
       16.5150000000         2.6182494985       186.3698384064
       16.5200000000         2.6060035550       184.4715936775
       16.5250000000         2.5936906573       180.6751042198
       16.5300000000         2.5813185826       174.9803700332
       16.5350000000         2.5688951453       169.2856358467
       16.5400000000         2.5564281924       173.0821253044
       16.5450000000         2.5439255983       155.9979227447
       16.5500000000         2.5313952598       159.7944122024
       16.5550000000         2.5188450913       150.3031885581
       16.5600000000         2.5062830199       155.9979227447
       16.5650000000         2.4937169801       154.0996780159
       16.5700000000         2.4811549087       138.9137201850
       16.5750000000         2.4686047402       108.5418045234
       16.5800000000         2.4560744017        68.6786652174
       16.5850000000         2.4435718076        36.4085048269
       16.5900000000         2.4311048547         7.9348338941
       16.5950000000         2.4186814174       -12.9458581233
       16.6000000000         2.4063093427         2.2400997075
       16.6050000000         2.3939964450        -1.5563897502
       16.6100000000         2.3817505015         2.2400997075
       16.6150000000         2.3695792469        -3.4546344790
       16.6200000000         2.3574903688       -60.4019763446
       16.6250000000         2.3454915028      -121.1458076680
       16.6300000000         2.3335902277       -67.9949552601
       16.6350000000         2.3217940606      -100.2651156506
       16.6400000000         2.3101104522       -90.7738920063
       16.6450000000         2.2985467821      -113.5528287526
       16.6500000000         2.2871103542      -107.8580945660
       16.6550000000         2.2758083920      -124.9422971257
       16.6600000000         2.2646480339      -130.6370313122
       16.6650000000         2.2536363292      -117.3493182103
       16.6700000000         2.2427802331      -126.8405418545
       16.6750000000         2.2320866025      -124.9422971257
       16.6800000000         2.2215621918      -142.0264996854
       16.6850000000         2.2112136483      -132.5352760411
       16.6900000000         2.2010475085      -138.2300102277
       16.6950000000         2.1910701935      -134.4335207699
       16.7000000000         2.1812880051      -142.0264996854
       16.7050000000         2.1717071221      -142.0264996854
       16.7100000000         2.1623335959      -157.2124575162
       16.7150000000         2.1531733471      -153.4159680585
       16.7200000000         2.1442321614      -155.3142127873
       16.7250000000         2.1355156863      -166.7036811605
       16.7300000000         2.1270294273      -161.0089469739
       16.7350000000         2.1187787445      -162.9071917028
       16.7400000000         2.1107688492      -161.0089469739
       16.7450000000         2.1030048007      -176.1949048047
       16.7500000000         2.0954915028      -185.6861284490
       16.7550000000         2.0882337012      -170.5001706182
       16.7600000000         2.0812359800      -193.2791073644
       16.7650000000         2.0745027591      -191.3808626356
       16.7700000000         2.0680382914      -183.7878837202
       16.7750000000         2.0618466600      -195.1773520933
       16.7800000000         2.0559317756      -217.9562888395
       16.7850000000         2.0502973742      -198.9738415510
       16.7900000000         2.0449470147      -191.3808626356
       16.7950000000         2.0398840763      -197.0755968221
       16.8000000000         2.0351117571      -200.8720862798
       16.8050000000         2.0306330712      -189.4826179067
       16.8100000000         2.0264508475      -217.9562888395
       16.8150000000         2.0225677276      -204.6685757375
       16.8200000000         2.0189861642      -204.6685757375
       16.8250000000         2.0157084194      -219.8545335684
       16.8300000000         2.0127365636      -210.3633099241
       16.8350000000         2.0100724738      -235.0404913992
       16.8400000000         2.0077178327      -216.0580441107
       16.8450000000         2.0056741276      -229.3457572126
       16.8500000000         2.0039426493      -225.5492677549
       16.8550000000         2.0025244915      -244.5317150435
       16.8600000000         2.0014205499      -233.1422466704
       16.8650000000         2.0006315217      -257.8194281455
       16.8700000000         2.0001579054      -242.6334703146
       16.8750000000         2.0000000000      -227.4475124838
       16.8800000000         2.0001579054      -240.7352255858
       16.8850000000         2.0006315217      -227.4475124838
       16.8900000000         2.0014205499      -246.4299597723
       16.8950000000         2.0025244915      -244.5317150435
       16.9000000000         2.0039426493      -235.0404913992
       16.9050000000         2.0056741276      -259.7176728743
       16.9100000000         2.0077178327      -227.4475124838
       16.9150000000         2.0100724738      -242.6334703146
       16.9200000000         2.0127365636      -231.2440019415
       16.9250000000         2.0157084194      -235.0404913992
       16.9300000000         2.0189861642      -271.1071412474
       16.9350000000         2.0225677276      -221.7527782972
       16.9400000000         2.0264508475      -271.1071412474
       16.9450000000         2.0306330712      -248.3282045012
       16.9500000000         2.0351117571      -244.5317150435
       16.9550000000         2.0398840763      -267.3106517897
       16.9600000000         2.0449470147      -233.1422466704
       16.9650000000         2.0502973742      -254.0229386877
       16.9700000000         2.0559317756      -240.7352255858
       16.9750000000         2.0618466600      -263.5141623320
       16.9800000000         2.0680382914      -242.6334703146
       16.9850000000         2.0745027591      -242.6334703146
       16.9900000000         2.0812359800      -250.2264492300
       16.9950000000         2.0882337012      -263.5141623320
       17.0000000000         2.0954915028      -252.1246939589
       17.0050000000         2.1030048007      -255.9211834166
       17.0100000000         2.1107688492      -233.1422466704
       17.0150000000         2.1187787445      -248.3282045012
       17.0200000000         2.1270294273      -242.6334703146
       17.0250000000         2.1355156863      -246.4299597723
       17.0300000000         2.1442321614      -250.2264492300
       17.0350000000         2.1531733471      -233.1422466704
       17.0400000000         2.1623335959      -235.0404913992
       17.0450000000         2.1717071221      -240.7352255858
       17.0500000000         2.1812880051      -223.6510230261
       17.0550000000         2.1910701935      -231.2440019415
       17.0600000000         2.2010475085      -231.2440019415
       17.0650000000         2.2112136483      -240.7352255858
       17.0700000000         2.2215621918      -219.8545335684
       17.0750000000         2.2320866025      -225.5492677549
       17.0800000000         2.2427802331      -217.9562888395
       17.0850000000         2.2536363292      -227.4475124838
       17.0900000000         2.2646480339      -233.1422466704
       17.0950000000         2.2758083920      -212.2615546530
       17.1000000000         2.2871103542      -214.1597993818
       17.1050000000         2.2985467821      -216.0580441107
       17.1100000000         2.3101104522      -198.9738415510
       17.1150000000         2.3217940606      -225.5492677549
       17.1200000000         2.3335902277      -195.1773520933
       17.1250000000         2.3454915028      -212.2615546530
       17.1300000000         2.3574903688      -191.3808626356
       17.1350000000         2.3695792469      -206.5668204664
       17.1400000000         2.3817505015      -197.0755968221
       17.1450000000         2.3939964450      -197.0755968221
       17.1500000000         2.4063093427      -179.9913942624
       17.1550000000         2.4186814174      -181.8896389913
       17.1600000000         2.4311048547      -187.5843731779
       17.1650000000         2.4435718076      -176.1949048047
       17.1700000000         2.4560744017      -191.3808626356
       17.1750000000         2.4686047402      -142.0264996854
       17.1800000000         2.4811549087      -172.3984153470
       17.1850000000         2.4937169801      -157.2124575162
       17.1900000000         2.5062830199      -170.5001706182
       17.1950000000         2.5188450913      -136.3317654988
       17.2000000000         2.5313952598      -130.6370313122
       17.2050000000         2.5439255983       -77.4861789043
       17.2100000000         2.5564281924       -37.6230395984
       17.2150000000         2.5688951453         7.9348338941
       17.2200000000         2.5813185826         9.8330786230
       17.2250000000         2.5936906573        -1.5563897502
       17.2300000000         2.6060035550        -3.4546344790
       17.2350000000         2.6182494985         4.1383444364
       17.2400000000         2.6304207531         2.2400997075
       17.2450000000         2.6425096312         7.9348338941
       17.2500000000         2.6545084972         2.2400997075
       17.2550000000         2.6664097723        -5.3528792079
       17.2600000000         2.6782059394        45.8997284712
       17.2650000000         2.6898895478        95.2540914214
       17.2700000000         2.7014532179        45.8997284712
       17.2750000000         2.7128896458        70.5769099463
       17.2800000000         2.7241916080        47.7979732000
       17.2850000000         2.7353519661        78.1698888617
       17.2900000000         2.7463636708        66.7804204886
       17.2950000000         2.7572197669        83.8646230483
       17.3000000000         2.7679133975        85.7628677771
       17.3050000000         2.7784378082        87.6611125060
       17.3100000000         2.7887863517        97.1523361502
       17.3150000000         2.7989524915        85.7628677771
       17.3200000000         2.8089298065        99.0505808791
       17.3250000000         2.8187119949       106.6435597945
       17.3300000000         2.8282928779        81.9663783194
       17.3350000000         2.8376664041       102.8470703368
       17.3400000000         2.8468266529       102.8470703368
       17.3450000000         2.8557678386       108.5418045234
       17.3500000000         2.8644843137       114.2365387099
       17.3550000000         2.8729705727       112.3382939811
       17.3600000000         2.8812212555       121.8295176253
       17.3650000000         2.8892311508       123.7277623542
       17.3700000000         2.8969951993       137.0154754562
       17.3750000000         2.9045084972       131.3207412696
       17.3800000000         2.9117662988       154.0996780159
       17.3850000000         2.9187640200       140.8119649139
       17.3900000000         2.9254972409       144.6084543716
       17.3950000000         2.9319617086       157.8961674736
       17.4000000000         2.9381533400       155.9979227447
       17.4050000000         2.9440682244       161.6926569313
       17.4100000000         2.9497026258       173.0821253044
       17.4150000000         2.9550529853       171.1838805755
       17.4200000000         2.9601159237       178.7768594910
       17.4250000000         2.9648882429       180.6751042198
       17.4300000000         2.9693669288       171.1838805755
       17.4350000000         2.9735491525       182.5733489487
       17.4400000000         2.9774322724       190.1663278641
       17.4450000000         2.9810138358       180.6751042198
       17.4500000000         2.9842915806       192.0645725929
       17.4550000000         2.9872634364       174.9803700332
       17.4600000000         2.9899275262       214.8435093392
       17.4650000000         2.9922821673       182.5733489487
       17.4700000000         2.9943258724       211.0470198815
       17.4750000000         2.9960573507       201.5557962372
       17.4800000000         2.9974755085       193.9628173218
       17.4850000000         2.9985794501       214.8435093392
       17.4900000000         2.9993684783       193.9628173218
       17.4950000000         2.9998420946       226.2329777123
       17.5000000000         3.0000000000       212.9452646103
       17.5050000000         2.9998420946       211.0470198815
       17.5100000000         2.9993684783       212.9452646103
       17.5150000000         2.9985794501       226.2329777123
       17.5200000000         2.9974755085       214.8435093392
       17.5250000000         2.9960573507       243.3171802720
       17.5300000000         2.9943258724       230.0294671700
       17.5350000000         2.9922821673       224.3347329835
       17.5400000000         2.9899275262       241.4189355431
       17.5450000000         2.9872634364       231.9277118989
       17.5500000000         2.9842915806       230.0294671700
       17.5550000000         2.9810138358       237.6224460854
       17.5600000000         2.9774322724       222.4364882546
       17.5650000000         2.9735491525       245.2154250008
       17.5700000000         2.9693669288       222.4364882546
       17.5750000000         2.9648882429       218.6399987969
       17.5800000000         2.9601159237       237.6224460854
       17.5850000000         2.9550529853       222.4364882546
       17.5900000000         2.9497026258       243.3171802720
       17.5950000000         2.9440682244       233.8259566277
       17.6000000000         2.9381533400       245.2154250008
       17.6050000000         2.9319617086       226.2329777123
       17.6100000000         2.9254972409       237.6224460854
       17.6150000000         2.9187640200       254.7066486451
       17.6200000000         2.9117662988       231.9277118989
       17.6250000000         2.9045084972       241.4189355431
       17.6300000000         2.8969951993       235.7242013566
       17.6350000000         2.8892311508       237.6224460854
       17.6400000000         2.8812212555       243.3171802720
       17.6450000000         2.8729705727       241.4189355431
       17.6500000000         2.8644843137       249.0119144586
       17.6550000000         2.8557678386       249.0119144586
       17.6600000000         2.8468266529       228.1312224412
       17.6650000000         2.8376664041       243.3171802720
       17.6700000000         2.8282928779       235.7242013566
       17.6750000000         2.8187119949       239.5206908143
       17.6800000000         2.8089298065       237.6224460854
       17.6850000000         2.7989524915       220.5382435257
       17.6900000000         2.7887863517       233.8259566277
       17.6950000000         2.7784378082       231.9277118989
       17.7000000000         2.7679133975       230.0294671700
       17.7050000000         2.7572197669       230.0294671700
       17.7100000000         2.7463636708       228.1312224412
       17.7150000000         2.7353519661       222.4364882546
       17.7200000000         2.7241916080       214.8435093392
       17.7250000000         2.7128896458       222.4364882546
       17.7300000000         2.7014532179       209.1487751526
       17.7350000000         2.6898895478       207.2505304238
       17.7400000000         2.6782059394       207.2505304238
       17.7450000000         2.6664097723       203.4540409661
       17.7500000000         2.6545084972       203.4540409661
       17.7550000000         2.6425096312       207.2505304238
       17.7600000000         2.6304207531       201.5557962372
       17.7650000000         2.6182494985       190.1663278641
       17.7700000000         2.6060035550       192.0645725929
       17.7750000000         2.5936906573       192.0645725929
       17.7800000000         2.5813185826       186.3698384064
       17.7850000000         2.5688951453       174.9803700332
       17.7900000000         2.5564281924       163.5909016601
       17.7950000000         2.5439255983       163.5909016601
       17.8000000000         2.5313952598       169.2856358467
       17.8050000000         2.5188450913       171.1838805755
       17.8100000000         2.5062830199       159.7944122024
       17.8150000000         2.4937169801       154.0996780159
       17.8200000000         2.4811549087       148.4049438293
       17.8250000000         2.4686047402       119.9312728965
       17.8300000000         2.4560744017        72.4751546751
       17.8350000000         2.4435718076        36.4085048269
       17.8400000000         2.4311048547        -1.5563897502
       17.8450000000         2.4186814174       -30.0300606830
       17.8500000000         2.4063093427         6.0365891652
       17.8550000000         2.3939964450        -1.5563897502
       17.8600000000         2.3817505015         6.0365891652
       17.8650000000         2.3695792469        -3.4546344790
       17.8700000000         2.3574903688       -56.6054868869
       17.8750000000         2.3454915028      -124.9422971257
       17.8800000000         2.3335902277       -58.5037316158
       17.8850000000         2.3217940606      -111.6545840237
       17.8900000000         2.3101104522       -86.9774025486
       17.8950000000         2.2985467821      -113.5528287526
       17.9000000000         2.2871103542       -96.4686261929
       17.9050000000         2.2758083920      -126.8405418545
       17.9100000000         2.2646480339      -126.8405418545
       17.9150000000         2.2536363292      -105.9598498371
       17.9200000000         2.2427802331      -119.2475629391
       17.9250000000         2.2320866025      -128.7387865834
       17.9300000000         2.2215621918      -147.7212338719
       17.9350000000         2.2112136483      -126.8405418545
       17.9400000000         2.2010475085      -142.0264996854
       17.9450000000         2.1910701935      -138.2300102277
       17.9500000000         2.1812880051      -140.1282549565
       17.9550000000         2.1717071221      -130.6370313122
       17.9600000000         2.1623335959      -147.7212338719
       17.9650000000         2.1531733471      -166.7036811605
       17.9700000000         2.1442321614      -142.0264996854
       17.9750000000         2.1355156863      -172.3984153470
       17.9800000000         2.1270294273      -168.6019258893
       17.9850000000         2.1187787445      -172.3984153470
       17.9900000000         2.1107688492      -161.0089469739
       17.9950000000         2.1030048007      -172.3984153470
       18.0000000000         2.0954915028      -185.6861284490
       18.0050000000         2.0882337012      -172.3984153470
       18.0100000000         2.0812359800      -179.9913942624
       18.0150000000         2.0745027591      -176.1949048047
       18.0200000000         2.0680382914      -181.8896389913
       18.0250000000         2.0618466600      -200.8720862798
       18.0300000000         2.0559317756      -193.2791073644
       18.0350000000         2.0502973742      -202.7703310087
       18.0400000000         2.0449470147      -200.8720862798
       18.0450000000         2.0398840763      -197.0755968221
       18.0500000000         2.0351117571      -221.7527782972
       18.0550000000         2.0306330712      -206.5668204664
       18.0600000000         2.0264508475      -225.5492677549
       18.0650000000         2.0225677276      -217.9562888395
       18.0700000000         2.0189861642      -219.8545335684
       18.0750000000         2.0157084194      -219.8545335684
       18.0800000000         2.0127365636      -210.3633099241
       18.0850000000         2.0100724738      -223.6510230261
       18.0900000000         2.0077178327      -242.6334703146
       18.0950000000         2.0056741276      -217.9562888395
       18.1000000000         2.0039426493      -225.5492677549
       18.1050000000         2.0025244915      -233.1422466704
       18.1100000000         2.0014205499      -223.6510230261
       18.1150000000         2.0006315217      -240.7352255858
       18.1200000000         2.0001579054      -236.9387361281
       18.1250000000         2.0000000000      -217.9562888395
       18.1300000000         2.0001579054      -252.1246939589
       18.1350000000         2.0006315217      -219.8545335684
       18.1400000000         2.0014205499      -257.8194281455
       18.1450000000         2.0025244915      -233.1422466704
       18.1500000000         2.0039426493      -227.4475124838
       18.1550000000         2.0056741276      -257.8194281455
       18.1600000000         2.0077178327      -225.5492677549
       18.1650000000         2.0100724738      -254.0229386877
       18.1700000000         2.0127365636      -233.1422466704
       18.1750000000         2.0157084194      -257.8194281455
       18.1800000000         2.0189861642      -248.3282045012
       18.1850000000         2.0225677276      -254.0229386877
       18.1900000000         2.0264508475      -244.5317150435
       18.1950000000         2.0306330712      -242.6334703146
       18.2000000000         2.0351117571      -240.7352255858
       18.2050000000         2.0398840763      -273.0053859763
       18.2100000000         2.0449470147      -255.9211834166
       18.2150000000         2.0502973742      -254.0229386877
       18.2200000000         2.0559317756      -248.3282045012
       18.2250000000         2.0618466600      -254.0229386877
       18.2300000000         2.0680382914      -254.0229386877
       18.2350000000         2.0745027591      -248.3282045012
       18.2400000000         2.0812359800      -257.8194281455
       18.2450000000         2.0882337012      -254.0229386877
       18.2500000000         2.0954915028      -231.2440019415
       18.2550000000         2.1030048007      -246.4299597723
       18.2600000000         2.1107688492      -236.9387361281
       18.2650000000         2.1187787445      -252.1246939589
       18.2700000000         2.1270294273      -233.1422466704
       18.2750000000         2.1355156863      -242.6334703146
       18.2800000000         2.1442321614      -238.8369808569
       18.2850000000         2.1531733471      -248.3282045012
       18.2900000000         2.1623335959      -248.3282045012
       18.2950000000         2.1717071221      -217.9562888395
       18.3000000000         2.1812880051      -235.0404913992
       18.3050000000         2.1910701935      -221.7527782972
       18.3100000000         2.2010475085      -235.0404913992
       18.3150000000         2.2112136483      -246.4299597723
       18.3200000000         2.2215621918      -206.5668204664
       18.3250000000         2.2320866025      -236.9387361281
       18.3300000000         2.2427802331      -219.8545335684
       18.3350000000         2.2536363292      -217.9562888395
       18.3400000000         2.2646480339      -231.2440019415
       18.3450000000         2.2758083920      -219.8545335684
       18.3500000000         2.2871103542      -227.4475124838
       18.3550000000         2.2985467821      -206.5668204664
       18.3600000000         2.3101104522      -221.7527782972
       18.3650000000         2.3217940606      -212.2615546530
       18.3700000000         2.3335902277      -200.8720862798
       18.3750000000         2.3454915028      -200.8720862798
       18.3800000000         2.3574903688      -197.0755968221
       18.3850000000         2.3695792469      -208.4650651953
       18.3900000000         2.3817505015      -195.1773520933
       18.3950000000         2.3939964450      -191.3808626356
       18.4000000000         2.4063093427      -197.0755968221
       18.4050000000         2.4186814174      -187.5843731779
       18.4100000000         2.4311048547      -193.2791073644
       18.4150000000         2.4435718076      -183.7878837202
       18.4200000000         2.4560744017      -179.9913942624
       18.4250000000         2.4686047402      -161.0089469739
       18.4300000000         2.4811549087      -172.3984153470
       18.4350000000         2.4937169801      -161.0089469739
       18.4400000000         2.5062830199      -164.8054364316
       18.4450000000         2.5188450913      -147.7212338719
       18.4500000000         2.5313952598      -126.8405418545
       18.4550000000         2.5439255983       -64.1984658024
       18.4600000000         2.5564281924       -30.0300606830
       18.4650000000         2.5688951453        -5.3528792079
       18.4700000000         2.5813185826         9.8330786230
       18.4750000000         2.5936906573         0.3418549787
       18.4800000000         2.6060035550        -5.3528792079
       18.4850000000         2.6182494985         0.3418549787
       18.4900000000         2.6304207531        -5.3528792079
       18.4950000000         2.6425096312         0.3418549787
       18.5000000000         2.6545084972         0.3418549787
       18.5050000000         2.6664097723        17.4260575384
       18.5100000000         2.6782059394        44.0014837423
       18.5150000000         2.6898895478        76.2716441328
       18.5200000000         2.7014532179        38.3067495558
       18.5250000000         2.7128896458        80.0681335906
       18.5300000000         2.7241916080        49.6962179289
       18.5350000000         2.7353519661        78.1698888617
       18.5400000000         2.7463636708        55.3909521154
       18.5450000000         2.7572197669        91.4576019637
       18.5500000000         2.7679133975        76.2716441328
       18.5550000000         2.7784378082        89.5593572348
       18.5600000000         2.7887863517        87.6611125060
       18.5650000000         2.7989524915        91.4576019637
       18.5700000000         2.8089298065        97.1523361502
       18.5750000000         2.8187119949       116.1347834388
       18.5800000000         2.8282928779       108.5418045234
       18.5850000000         2.8376664041        99.0505808791
       18.5900000000         2.8468266529       112.3382939811
       18.5950000000         2.8557678386        91.4576019637
       18.6000000000         2.8644843137       125.6260070830
       18.6050000000         2.8729705727       125.6260070830
       18.6100000000         2.8812212555       127.5242518119
       18.6150000000         2.8892311508       133.2189859985
       18.6200000000         2.8969951993       137.0154754562
       18.6250000000         2.9045084972       138.9137201850
       18.6300000000         2.9117662988       138.9137201850
       18.6350000000         2.9187640200       146.5066991004
       18.6400000000         2.9254972409       150.3031885581
       18.6450000000         2.9319617086       144.6084543716
       18.6500000000         2.9381533400       150.3031885581
       18.6550000000         2.9440682244       150.3031885581
       18.6600000000         2.9497026258       154.0996780159
       18.6650000000         2.9550529853       159.7944122024
       18.6700000000         2.9601159237       165.4891463890
       18.6750000000         2.9648882429       167.3873911178
       18.6800000000         2.9693669288       159.7944122024
       18.6850000000         2.9735491525       174.9803700332
       18.6900000000         2.9774322724       174.9803700332
       18.6950000000         2.9810138358       178.7768594910
       18.7000000000         2.9842915806       184.4715936775
       18.7050000000         2.9872634364       192.0645725929
       18.7100000000         2.9899275262       186.3698384064
       18.7150000000         2.9922821673       212.9452646103
       18.7200000000         2.9943258724       192.0645725929
       18.7250000000         2.9960573507       205.3522856949
       18.7300000000         2.9974755085       205.3522856949
       18.7350000000         2.9985794501       203.4540409661
       18.7400000000         2.9993684783       214.8435093392
       18.7450000000         2.9998420946       197.7593067795
       18.7500000000         3.0000000000       220.5382435257
       18.7550000000         2.9998420946       192.0645725929
       18.7600000000         2.9993684783       220.5382435257
       18.7650000000         2.9985794501       193.9628173218
       18.7700000000         2.9974755085       222.4364882546
       18.7750000000         2.9960573507       211.0470198815
       18.7800000000         2.9943258724       235.7242013566
       18.7850000000         2.9922821673       214.8435093392
       18.7900000000         2.9899275262       228.1312224412
       18.7950000000         2.9872634364       220.5382435257
       18.8000000000         2.9842915806       239.5206908143
       18.8050000000         2.9810138358       241.4189355431
       18.8100000000         2.9774322724       222.4364882546
       18.8150000000         2.9735491525       235.7242013566
       18.8200000000         2.9693669288       243.3171802720
       18.8250000000         2.9648882429       231.9277118989
       18.8300000000         2.9601159237       258.5031381028
       18.8350000000         2.9550529853       233.8259566277
       18.8400000000         2.9497026258       230.0294671700
       18.8450000000         2.9440682244       243.3171802720
       18.8500000000         2.9381533400       237.6224460854
       18.8550000000         2.9319617086       243.3171802720
       18.8600000000         2.9254972409       233.8259566277
       18.8650000000         2.9187640200       237.6224460854
       18.8700000000         2.9117662988       233.8259566277
       18.8750000000         2.9045084972       228.1312224412
       18.8800000000         2.8969951993       247.1136697297
       18.8850000000         2.8892311508       237.6224460854
       18.8900000000         2.8812212555       239.5206908143
       18.8950000000         2.8729705727       237.6224460854
       18.9000000000         2.8644843137       228.1312224412
       18.9050000000         2.8557678386       243.3171802720
       18.9100000000         2.8468266529       224.3347329835
       18.9150000000         2.8376664041       249.0119144586
       18.9200000000         2.8282928779       237.6224460854
       18.9250000000         2.8187119949       241.4189355431
       18.9300000000         2.8089298065       239.5206908143
       18.9350000000         2.7989524915       224.3347329835
       18.9400000000         2.7887863517       224.3347329835
       18.9450000000         2.7784378082       237.6224460854
       18.9500000000         2.7679133975       224.3347329835
       18.9550000000         2.7572197669       230.0294671700
       18.9600000000         2.7463636708       214.8435093392
       18.9650000000         2.7353519661       214.8435093392
       18.9700000000         2.7241916080       218.6399987969
       18.9750000000         2.7128896458       218.6399987969
       18.9800000000         2.7014532179       220.5382435257
       18.9850000000         2.6898895478       211.0470198815
       18.9900000000         2.6782059394       199.6575515084
       18.9950000000         2.6664097723       209.1487751526
       19.0000000000         2.6545084972       205.3522856949
       19.0050000000         2.6425096312       209.1487751526
       19.0100000000         2.6304207531       188.2680831352
       19.0150000000         2.6182494985       197.7593067795
       19.0200000000         2.6060035550       192.0645725929
       19.0250000000         2.5936906573       197.7593067795
       19.0300000000         2.5813185826       182.5733489487
       19.0350000000         2.5688951453       178.7768594910
       19.0400000000         2.5564281924       180.6751042198
       19.0450000000         2.5439255983       161.6926569313
       19.0500000000         2.5313952598       167.3873911178
       19.0550000000         2.5188450913       159.7944122024
       19.0600000000         2.5062830199       161.6926569313
       19.0650000000         2.4937169801       148.4049438293
       19.0700000000         2.4811549087       138.9137201850
       19.0750000000         2.4686047402       108.5418045234
       19.0800000000         2.4560744017        76.2716441328
       19.0850000000         2.4435718076        51.5944626577
       19.0900000000         2.4311048547        15.5278128095
       19.0950000000         2.4186814174       -16.7423475810
       19.1000000000         2.4063093427       -18.6405923099
       19.1050000000         2.3939964450         2.2400997075
       19.1100000000         2.3817505015         9.8330786230
       19.1150000000         2.3695792469        -7.2511239367
       19.1200000000         2.3574903688      -107.8580945660
       19.1250000000         2.3454915028       -73.6896894466
       19.1300000000         2.3335902277       -77.4861789043
       19.1350000000         2.3217940606       -88.8756472775
       19.1400000000         2.3101104522       -85.0791578197
       19.1450000000         2.2985467821       -98.3668709217
       19.1500000000         2.2871103542       -83.1809130909
       19.1550000000         2.2758083920      -124.9422971257
       19.1600000000         2.2646480339      -111.6545840237
       19.1650000000         2.2536363292      -105.9598498371
       19.1700000000         2.2427802331      -111.6545840237
       19.1750000000         2.2320866025      -119.2475629391
       19.1800000000         2.2215621918      -104.0616051083
       19.1850000000         2.2112136483      -124.9422971257
       19.1900000000         2.2010475085      -136.3317654988
       19.1950000000         2.1910701935      -121.1458076680
       19.2000000000         2.1812880051      -143.9247444142
       19.2050000000         2.1717071221      -142.0264996854
       19.2100000000         2.1623335959      -153.4159680585
       19.2150000000         2.1531733471      -170.5001706182
       19.2200000000         2.1442321614      -143.9247444142
       19.2250000000         2.1355156863      -149.6194786008
       19.2300000000         2.1270294273      -166.7036811605
       19.2350000000         2.1187787445      -168.6019258893
       19.2400000000         2.1107688492      -172.3984153470
       19.2450000000         2.1030048007      -174.2966600759
       19.2500000000         2.0954915028      -162.9071917028
       19.2550000000         2.0882337012      -181.8896389913
       19.2600000000         2.0812359800      -170.5001706182
       19.2650000000         2.0745027591      -176.1949048047
       19.2700000000         2.0680382914      -197.0755968221
       19.2750000000         2.0618466600      -174.2966600759
       19.2800000000         2.0559317756      -204.6685757375
       19.2850000000         2.0502973742      -191.3808626356
       19.2900000000         2.0449470147      -197.0755968221
       19.2950000000         2.0398840763      -195.1773520933
       19.3000000000         2.0351117571      -198.9738415510
       19.3050000000         2.0306330712      -195.1773520933
       19.3100000000         2.0264508475      -200.8720862798
       19.3150000000         2.0225677276      -217.9562888395
       19.3200000000         2.0189861642      -204.6685757375
       19.3250000000         2.0157084194      -210.3633099241
       19.3300000000         2.0127365636      -240.7352255858
       19.3350000000         2.0100724738      -204.6685757375
       19.3400000000         2.0077178327      -233.1422466704
       19.3450000000         2.0056741276      -216.0580441107
       19.3500000000         2.0039426493      -225.5492677549
       19.3550000000         2.0025244915      -221.7527782972
       19.3600000000         2.0014205499      -225.5492677549
       19.3650000000         2.0006315217      -235.0404913992
       19.3700000000         2.0001579054      -229.3457572126
       19.3750000000         2.0000000000      -233.1422466704
       19.3800000000         2.0001579054      -244.5317150435
       19.3850000000         2.0006315217      -244.5317150435
       19.3900000000         2.0014205499      -242.6334703146
       19.3950000000         2.0025244915      -233.1422466704
       19.4000000000         2.0039426493      -235.0404913992
       19.4050000000         2.0056741276      -235.0404913992
       19.4100000000         2.0077178327      -248.3282045012
       19.4150000000         2.0100724738      -250.2264492300
       19.4200000000         2.0127365636      -246.4299597723
       19.4250000000         2.0157084194      -240.7352255858
       19.4300000000         2.0189861642      -242.6334703146
       19.4350000000         2.0225677276      -252.1246939589
       19.4400000000         2.0264508475      -248.3282045012
       19.4450000000         2.0306330712      -242.6334703146
       19.4500000000         2.0351117571      -248.3282045012
       19.4550000000         2.0398840763      -267.3106517897
       19.4600000000         2.0449470147      -246.4299597723
       19.4650000000         2.0502973742      -240.7352255858
       19.4700000000         2.0559317756      -254.0229386877
       19.4750000000         2.0618466600      -236.9387361281
       19.4800000000         2.0680382914      -248.3282045012
       19.4850000000         2.0745027591      -242.6334703146
       19.4900000000         2.0812359800      -248.3282045012
       19.4950000000         2.0882337012      -242.6334703146
       19.5000000000         2.0954915028      -223.6510230261
       19.5050000000         2.1030048007      -242.6334703146
       19.5100000000         2.1107688492      -225.5492677549
       19.5150000000         2.1187787445      -250.2264492300
       19.5200000000         2.1270294273      -252.1246939589
       19.5250000000         2.1355156863      -219.8545335684
       19.5300000000         2.1442321614      -246.4299597723
       19.5350000000         2.1531733471      -227.4475124838
       19.5400000000         2.1623335959      -235.0404913992
       19.5450000000         2.1717071221      -233.1422466704
       19.5500000000         2.1812880051      -221.7527782972
       19.5550000000         2.1910701935      -246.4299597723
       19.5600000000         2.2010475085      -219.8545335684
       19.5650000000         2.2112136483      -246.4299597723
       19.5700000000         2.2215621918      -225.5492677549
       19.5750000000         2.2320866025      -217.9562888395
       19.5800000000         2.2427802331      -221.7527782972
       19.5850000000         2.2536363292      -227.4475124838
       19.5900000000         2.2646480339      -225.5492677549
       19.5950000000         2.2758083920      -217.9562888395
       19.6000000000         2.2871103542      -221.7527782972
       19.6050000000         2.2985467821      -212.2615546530
       19.6100000000         2.3101104522      -223.6510230261
       19.6150000000         2.3217940606      -219.8545335684
       19.6200000000         2.3335902277      -206.5668204664
       19.6250000000         2.3454915028      -217.9562888395
       19.6300000000         2.3574903688      -193.2791073644
       19.6350000000         2.3695792469      -210.3633099241
       19.6400000000         2.3817505015      -200.8720862798
       19.6450000000         2.3939964450      -210.3633099241
       19.6500000000         2.4063093427      -195.1773520933
       19.6550000000         2.4186814174      -185.6861284490
       19.6600000000         2.4311048547      -187.5843731779
       19.6650000000         2.4435718076      -168.6019258893
       19.6700000000         2.4560744017      -179.9913942624
       19.6750000000         2.4686047402      -164.8054364316
       19.6800000000         2.4811549087      -166.7036811605
       19.6850000000         2.4937169801      -157.2124575162
       19.6900000000         2.5062830199      -159.1107022450
       19.6950000000         2.5188450913      -142.0264996854
       19.7000000000         2.5313952598      -115.4510734814
       19.7050000000         2.5439255983       -58.5037316158
       19.7100000000         2.5564281924       -16.7423475810
       19.7150000000         2.5688951453         0.3418549787
       19.7200000000         2.5813185826         6.0365891652
       19.7250000000         2.5936906573         0.3418549787
       19.7300000000         2.6060035550        -1.5563897502
       19.7350000000         2.6182494985         0.3418549787
       19.7400000000         2.6304207531         0.3418549787
       19.7450000000         2.6425096312        -5.3528792079
       19.7500000000         2.6545084972        -7.2511239367
       19.7550000000         2.6664097723         0.3418549787
       19.7600000000         2.6782059394        45.8997284712
       19.7650000000         2.6898895478        85.7628677771
       19.7700000000         2.7014532179        44.0014837423
       19.7750000000         2.7128896458        72.4751546751
       19.7800000000         2.7241916080        51.5944626577
       19.7850000000         2.7353519661        66.7804204886
       19.7900000000         2.7463636708        53.4927073866
       19.7950000000         2.7572197669        76.2716441328
       19.8000000000         2.7679133975        72.4751546751
       19.8050000000         2.7784378082        74.3733994040
       19.8100000000         2.7887863517        93.3558466925
       19.8150000000         2.7989524915        81.9663783194
       19.8200000000         2.8089298065        95.2540914214
       19.8250000000         2.8187119949        95.2540914214
       19.8300000000         2.8282928779       104.7453150657
       19.8350000000         2.8376664041       108.5418045234
       19.8400000000         2.8468266529        97.1523361502
       19.8450000000         2.8557678386       112.3382939811
       19.8500000000         2.8644843137       110.4400492522
       19.8550000000         2.8729705727       131.3207412696
       19.8600000000         2.8812212555       121.8295176253
       19.8650000000         2.8892311508       119.9312728965
       19.8700000000         2.8969951993       135.1172307273
       19.8750000000         2.9045084972       131.3207412696
       19.8800000000         2.9117662988       133.2189859985
       19.8850000000         2.9187640200       133.2189859985
       19.8900000000         2.9254972409       142.7102096427
       19.8950000000         2.9319617086       142.7102096427
       19.9000000000         2.9381533400       144.6084543716
       19.9050000000         2.9440682244       161.6926569313
       19.9100000000         2.9497026258       148.4049438293
       19.9150000000         2.9550529853       163.5909016601
       19.9200000000         2.9601159237       155.9979227447
       19.9250000000         2.9648882429       176.8786147621
       19.9300000000         2.9693669288       169.2856358467
       19.9350000000         2.9735491525       178.7768594910
       19.9400000000         2.9774322724       176.8786147621
       19.9450000000         2.9810138358       184.4715936775
       19.9500000000         2.9842915806       178.7768594910
       19.9550000000         2.9872634364       203.4540409661
       19.9600000000         2.9899275262       182.5733489487
       19.9650000000         2.9922821673       186.3698384064
       19.9700000000         2.9943258724       195.8610620506
       19.9750000000         2.9960573507       192.0645725929
       19.9800000000         2.9974755085       193.9628173218
       19.9850000000         2.9985794501       193.9628173218
       19.9900000000         2.9993684783       207.2505304238
       19.9950000000         2.9998420946       188.2680831352
