        0.0000000000         3.0000000000        -3.4546344790
        0.0050000000         2.9999605221        15.5278128095
        0.0100000000         2.9998420946        53.4927073866
        0.0150000000         2.9996447363        55.3909521154
        0.0200000000         2.9993684783        91.4576019637
        0.0250000000         2.9990133642        85.7628677771
        0.0300000000         2.9985794501       106.6435597945
        0.0350000000         2.9980668046       106.6435597945
        0.0400000000         2.9974755085       121.8295176253
        0.0450000000         2.9968056553       127.5242518119
        0.0500000000         2.9960573507       140.8119649139
        0.0550000000         2.9952307128       138.9137201850
        0.0600000000         2.9943258724       144.6084543716
        0.0650000000         2.9933429721       150.3031885581
        0.0700000000         2.9922821673       148.4049438293
        0.0750000000         2.9911436254       159.7944122024
        0.0800000000         2.9899275262       152.2014332870
        0.0850000000         2.9886340618       163.5909016601
        0.0900000000         2.9872634364       171.1838805755
        0.0950000000         2.9858158665       163.5909016601
        0.1000000000         2.9842915806       193.9628173218
        0.1050000000         2.9826908194       173.0821253044
        0.1100000000         2.9810138358       178.7768594910
        0.1150000000         2.9792608945       186.3698384064
        0.1200000000         2.9774322724       190.1663278641
        0.1250000000         2.9755282581       193.9628173218
        0.1300000000         2.9735491525       188.2680831352
        0.1350000000         2.9714952679       201.5557962372
        0.1400000000         2.9693669288       188.2680831352
        0.1450000000         2.9671644712       192.0645725929
        0.1500000000         2.9648882429       201.5557962372
        0.1550000000         2.9625386034       192.0645725929
        0.1600000000         2.9601159237       199.6575515084
        0.1650000000         2.9576205863       197.7593067795
        0.1700000000         2.9550529853       205.3522856949
        0.1750000000         2.9524135262       211.0470198815
        0.1800000000         2.9497026258       203.4540409661
        0.1850000000         2.9469207121       197.7593067795
        0.1900000000         2.9440682244       192.0645725929
        0.1950000000         2.9411456132       209.1487751526
        0.2000000000         2.9381533400       197.7593067795
        0.2050000000         2.9350918773       199.6575515084
        0.2100000000         2.9319617086       214.8435093392
        0.2150000000         2.9287633281       197.7593067795
        0.2200000000         2.9254972409       201.5557962372
        0.2250000000         2.9221639628       192.0645725929
        0.2300000000         2.9187640200       207.2505304238
        0.2350000000         2.9152979496       201.5557962372
        0.2400000000         2.9117662988       214.8435093392
        0.2450000000         2.9081696254       199.6575515084
        0.2500000000         2.9045084972       201.5557962372
        0.2550000000         2.9007834924       193.9628173218
        0.2600000000         2.8969951993       203.4540409661
        0.2650000000         2.8931442161       201.5557962372
        0.2700000000         2.8892311508       212.9452646103
        0.2750000000         2.8852566214       205.3522856949
        0.2800000000         2.8812212555       199.6575515084
        0.2850000000         2.8771256904       209.1487751526
        0.2900000000         2.8729705727       192.0645725929
        0.2950000000         2.8687565587       195.8610620506
        0.3000000000         2.8644843137       201.5557962372
        0.3050000000         2.8601545124       199.6575515084
        0.3100000000         2.8557678386       197.7593067795
        0.3150000000         2.8513249849       203.4540409661
        0.3200000000         2.8468266529       197.7593067795
        0.3250000000         2.8422735530       205.3522856949
        0.3300000000         2.8376664041       193.9628173218
        0.3350000000         2.8330059337       203.4540409661
        0.3400000000         2.8282928779       207.2505304238
        0.3450000000         2.8235279808       205.3522856949
        0.3500000000         2.8187119949       207.2505304238
        0.3550000000         2.8138456806       182.5733489487
        0.3600000000         2.8089298065       207.2505304238
        0.3650000000         2.8039651488       186.3698384064
        0.3700000000         2.7989524915       192.0645725929
        0.3750000000         2.7938926261       203.4540409661
        0.3800000000         2.7887863517       192.0645725929
        0.3850000000         2.7836344746       193.9628173218
        0.3900000000         2.7784378082       190.1663278641
        0.3950000000         2.7731971734       186.3698384064
        0.4000000000         2.7679133975       188.2680831352
        0.4050000000         2.7625873150       199.6575515084
        0.4100000000         2.7572197669       174.9803700332
        0.4150000000         2.7518116008       184.4715936775
        0.4200000000         2.7463636708       192.0645725929
        0.4250000000         2.7408768371       186.3698384064
        0.4300000000         2.7353519661       203.4540409661
        0.4350000000         2.7297899303       176.8786147621
        0.4400000000         2.7241916080       174.9803700332
        0.4450000000         2.7185578833       176.8786147621
        0.4500000000         2.7128896458       174.9803700332
        0.4550000000         2.7071877905       188.2680831352
        0.4600000000         2.7014532179       169.2856358467
        0.4650000000         2.6956868334       163.5909016601
        0.4700000000         2.6898895478       159.7944122024
        0.4750000000         2.6840622763       163.5909016601
        0.4800000000         2.6782059394       165.4891463890
        0.4850000000         2.6723214616       163.5909016601
        0.4900000000         2.6664097723       161.6926569313
        0.4950000000         2.6604718049       155.9979227447
        0.5000000000         2.6545084972       148.4049438293
        0.5050000000         2.6485207908       142.7102096427
        0.5100000000         2.6425096312       163.5909016601
        0.5150000000         2.6364759678       137.0154754562
        0.5200000000         2.6304207531       146.5066991004
        0.5250000000         2.6243449436       140.8119649139
        0.5300000000         2.6182494985       137.0154754562
        0.5350000000         2.6121353805       148.4049438293
        0.5400000000         2.6060035550       135.1172307273
        0.5450000000         2.5998549903       137.0154754562
        0.5500000000         2.5936906573       127.5242518119
        0.5550000000         2.5875115295       131.3207412696
        0.5600000000         2.5813185826       123.7277623542
        0.5650000000         2.5751127946       123.7277623542
        0.5700000000         2.5688951453       123.7277623542
        0.5750000000         2.5626666168       135.1172307273
        0.5800000000         2.5564281924       112.3382939811
        0.5850000000         2.5501808574       119.9312728965
        0.5900000000         2.5439255983       112.3382939811
        0.5950000000         2.5376634028       118.0330281676
        0.6000000000         2.5313952598       116.1347834388
        0.6050000000         2.5251221591       110.4400492522
        0.6100000000         2.5188450913       118.0330281676
        0.6150000000         2.5125650477       114.2365387099
        0.6200000000         2.5062830199       108.5418045234
        0.6250000000         2.5000000000       104.7453150657
        0.6300000000         2.4937169801        85.7628677771
        0.6350000000         2.4874349523        81.9663783194
        0.6400000000         2.4811549087        64.8821757597
        0.6450000000         2.4748778409        11.7313233518
        0.6500000000         2.4686047402       -12.9458581233
        0.6550000000         2.4623365972        -1.5563897502
        0.6600000000         2.4560744017         2.2400997075
        0.6650000000         2.4498191426         6.0365891652
        0.6700000000         2.4435718076         2.2400997075
        0.6750000000         2.4373333832        -5.3528792079
        0.6800000000         2.4311048547        -9.1493686656
        0.6850000000         2.4248872054       -58.5037316158
        0.6900000000         2.4186814174      -109.7563392948
        0.6950000000         2.4124884705       -56.6054868869
        0.7000000000         2.4063093427      -104.0616051083
        0.7050000000         2.4001450097       -77.4861789043
        0.7100000000         2.3939964450      -104.0616051083
        0.7150000000         2.3878646195       -75.5879341755
        0.7200000000         2.3817505015       -92.6721367352
        0.7250000000         2.3756550564      -100.2651156506
        0.7300000000         2.3695792469      -104.0616051083
        0.7350000000         2.3635240322       -90.7738920063
        0.7400000000         2.3574903688       -88.8756472775
        0.7450000000         2.3514792092      -104.0616051083
        0.7500000000         2.3454915028      -100.2651156506
        0.7550000000         2.3395281951      -100.2651156506
        0.7600000000         2.3335902277      -115.4510734814
        0.7650000000         2.3276785384      -100.2651156506
        0.7700000000         2.3217940606      -104.0616051083
        0.7750000000         2.3159377237      -113.5528287526
        0.7800000000         2.3101104522      -111.6545840237
        0.7850000000         2.3043131666      -115.4510734814
        0.7900000000         2.2985467821      -115.4510734814
        0.7950000000         2.2928122095      -102.1633603794
        0.8000000000         2.2871103542      -119.2475629391
        0.8050000000         2.2814421167      -104.0616051083
        0.8100000000         2.2758083920      -132.5352760411
        0.8150000000         2.2702100697      -115.4510734814
        0.8200000000         2.2646480339      -128.7387865834
        0.8250000000         2.2591231629      -128.7387865834
        0.8300000000         2.2536363292      -124.9422971257
        0.8350000000         2.2481883992      -130.6370313122
        0.8400000000         2.2427802331      -126.8405418545
        0.8450000000         2.2374126850      -126.8405418545
        0.8500000000         2.2320866025      -130.6370313122
        0.8550000000         2.2268028266      -142.0264996854
        0.8600000000         2.2215621918      -130.6370313122
        0.8650000000         2.2163655254      -136.3317654988
        0.8700000000         2.2112136483      -142.0264996854
        0.8750000000         2.2061073739      -134.4335207699
        0.8800000000         2.2010475085      -155.3142127873
        0.8850000000         2.1960348512      -149.6194786008
        0.8900000000         2.1910701935      -157.2124575162
        0.8950000000         2.1861543194      -159.1107022450
        0.9000000000         2.1812880051      -153.4159680585
        0.9050000000         2.1764720192      -164.8054364316
        0.9100000000         2.1717071221      -151.5177233296
        0.9150000000         2.1669940663      -172.3984153470
        0.9200000000         2.1623335959      -164.8054364316
        0.9250000000         2.1577264470      -164.8054364316
        0.9300000000         2.1531733471      -178.0931495336
        0.9350000000         2.1486750151      -157.2124575162
        0.9400000000         2.1442321614      -176.1949048047
        0.9450000000         2.1398454876      -151.5177233296
        0.9500000000         2.1355156863      -179.9913942624
        0.9550000000         2.1312434413      -185.6861284490
        0.9600000000         2.1270294273      -176.1949048047
        0.9650000000         2.1228743096      -187.5843731779
        0.9700000000         2.1187787445      -195.1773520933
        0.9750000000         2.1147433786      -185.6861284490
        0.9800000000         2.1107688492      -193.2791073644
        0.9850000000         2.1068557839      -183.7878837202
        0.9900000000         2.1030048007      -197.0755968221
        0.9950000000         2.0992165076      -181.8896389913
        1.0000000000         2.0954915028      -200.8720862798
        1.0050000000         2.0918303746      -187.5843731779
        1.0100000000         2.0882337012      -200.8720862798
        1.0150000000         2.0847020504      -214.1597993818
        1.0200000000         2.0812359800      -195.1773520933
        1.0250000000         2.0778360372      -208.4650651953
        1.0300000000         2.0745027591      -200.8720862798
        1.0350000000         2.0712366719      -204.6685757375
        1.0400000000         2.0680382914      -212.2615546530
        1.0450000000         2.0649081227      -217.9562888395
        1.0500000000         2.0618466600      -216.0580441107
        1.0550000000         2.0588543868      -202.7703310087
        1.0600000000         2.0559317756      -227.4475124838
        1.0650000000         2.0530792879      -198.9738415510
        1.0700000000         2.0502973742      -235.0404913992
        1.0750000000         2.0475864738      -217.9562888395
        1.0800000000         2.0449470147      -229.3457572126
        1.0850000000         2.0423794137      -212.2615546530
        1.0900000000         2.0398840763      -216.0580441107
        1.0950000000         2.0374613966      -229.3457572126
        1.1000000000         2.0351117571      -219.8545335684
        1.1050000000         2.0328355288      -221.7527782972
        1.1100000000         2.0306330712      -233.1422466704
        1.1150000000         2.0285047321      -223.6510230261
        1.1200000000         2.0264508475      -235.0404913992
        1.1250000000         2.0244717419      -219.8545335684
        1.1300000000         2.0225677276      -235.0404913992
        1.1350000000         2.0207391055      -248.3282045012
        1.1400000000         2.0189861642      -240.7352255858
        1.1450000000         2.0173091806      -242.6334703146
        1.1500000000         2.0157084194      -244.5317150435
        1.1550000000         2.0141841335      -219.8545335684
        1.1600000000         2.0127365636      -242.6334703146
        1.1650000000         2.0113659382      -248.3282045012
        1.1700000000         2.0100724738      -252.1246939589
        1.1750000000         2.0088563746      -255.9211834166
        1.1800000000         2.0077178327      -240.7352255858
        1.1850000000         2.0066570279      -250.2264492300
        1.1900000000         2.0056741276      -252.1246939589
        1.1950000000         2.0047692872      -248.3282045012
        1.2000000000         2.0039426493      -265.4124070609
        1.2050000000         2.0031943447      -244.5317150435
        1.2100000000         2.0025244915      -280.5983648917
        1.2150000000         2.0019331954      -257.8194281455
        1.2200000000         2.0014205499      -261.6159176032
        1.2250000000         2.0009866358      -271.1071412474
        1.2300000000         2.0006315217      -257.8194281455
        1.2350000000         2.0003552637      -282.4966096206
        1.2400000000         2.0001579054      -250.2264492300
        1.2450000000         2.0000394779      -316.6650147399
        1.2500000000         2.0000000000      -255.9211834166
        1.2550000000         2.0000394779      -265.4124070609
        1.2600000000         2.0001579054      -265.4124070609
        1.2650000000         2.0003552637      -261.6159176032
        1.2700000000         2.0006315217      -280.5983648917
        1.2750000000         2.0009866358      -259.7176728743
        1.2800000000         2.0014205499      -293.8860779937
        1.2850000000         2.0019331954      -265.4124070609
        1.2900000000         2.0025244915      -280.5983648917
        1.2950000000         2.0031943447      -284.3948543494
        1.3000000000         2.0039426493      -284.3948543494
        1.3050000000         2.0047692872      -271.1071412474
        1.3100000000         2.0056741276      -291.9878332648
        1.3150000000         2.0066570279      -273.0053859763
        1.3200000000         2.0077178327      -290.0895885360
        1.3250000000         2.0088563746      -273.0053859763
        1.3300000000         2.0100724738      -286.2930990783
        1.3350000000         2.0113659382      -282.4966096206
        1.3400000000         2.0127365636      -271.1071412474
        1.3450000000         2.0141841335      -291.9878332648
        1.3500000000         2.0157084194      -284.3948543494
        1.3550000000         2.0173091806      -282.4966096206
        1.3600000000         2.0189861642      -274.9036307051
        1.3650000000         2.0207391055      -280.5983648917
        1.3700000000         2.0225677276      -280.5983648917
        1.3750000000         2.0244717419      -297.6825674514
        1.3800000000         2.0264508475      -286.2930990783
        1.3850000000         2.0285047321      -286.2930990783
        1.3900000000         2.0306330712      -271.1071412474
        1.3950000000         2.0328355288      -293.8860779937
        1.4000000000         2.0351117571      -288.1913438071
        1.4050000000         2.0374613966      -290.0895885360
        1.4100000000         2.0398840763      -295.7843227225
        1.4150000000         2.0423794137      -286.2930990783
        1.4200000000         2.0449470147      -293.8860779937
        1.4250000000         2.0475864738      -293.8860779937
        1.4300000000         2.0502973742      -293.8860779937
        1.4350000000         2.0530792879      -305.2755463668
        1.4400000000         2.0559317756      -291.9878332648
        1.4450000000         2.0588543868      -295.7843227225
        1.4500000000         2.0618466600      -295.7843227225
        1.4550000000         2.0649081227      -291.9878332648
        1.4600000000         2.0680382914      -303.3773016380
        1.4650000000         2.0712366719      -301.4790569091
        1.4700000000         2.0745027591      -312.8685252822
        1.4750000000         2.0778360372      -297.6825674514
        1.4800000000         2.0812359800      -291.9878332648
        1.4850000000         2.0847020504      -301.4790569091
        1.4900000000         2.0882337012      -288.1913438071
        1.4950000000         2.0918303746      -299.5808121802
        1.5000000000         2.0954915028      -309.0720358245
        1.5050000000         2.0992165076      -291.9878332648
        1.5100000000         2.1030048007      -299.5808121802
        1.5150000000         2.1068557839      -303.3773016380
        1.5200000000         2.1107688492      -293.8860779937
        1.5250000000         2.1147433786      -297.6825674514
        1.5300000000         2.1187787445      -309.0720358245
        1.5350000000         2.1228743096      -293.8860779937
        1.5400000000         2.1270294273      -293.8860779937
        1.5450000000         2.1312434413      -288.1913438071
        1.5500000000         2.1355156863      -295.7843227225
        1.5550000000         2.1398454876      -282.4966096206
        1.5600000000         2.1442321614      -301.4790569091
        1.5650000000         2.1486750151      -278.7001201629
        1.5700000000         2.1531733471      -291.9878332648
        1.5750000000         2.1577264470      -307.1737910957
        1.5800000000         2.1623335959      -284.3948543494
        1.5850000000         2.1669940663      -295.7843227225
        1.5900000000         2.1717071221      -286.2930990783
        1.5950000000         2.1764720192      -280.5983648917
        1.6000000000         2.1812880051      -293.8860779937
        1.6050000000         2.1861543194      -282.4966096206
        1.6100000000         2.1910701935      -297.6825674514
        1.6150000000         2.1960348512      -271.1071412474
        1.6200000000         2.2010475085      -276.8018754340
        1.6250000000         2.2061073739      -273.0053859763
        1.6300000000         2.2112136483      -280.5983648917
        1.6350000000         2.2163655254      -265.4124070609
        1.6400000000         2.2215621918      -273.0053859763
        1.6450000000         2.2268028266      -257.8194281455
        1.6500000000         2.2320866025      -278.7001201629
        1.6550000000         2.2374126850      -236.9387361281
        1.6600000000         2.2427802331      -278.7001201629
        1.6650000000         2.2481883992      -271.1071412474
        1.6700000000         2.2536363292      -250.2264492300
        1.6750000000         2.2591231629      -267.3106517897
        1.6800000000         2.2646480339      -242.6334703146
        1.6850000000         2.2702100697      -255.9211834166
        1.6900000000         2.2758083920      -254.0229386877
        1.6950000000         2.2814421167      -248.3282045012
        1.7000000000         2.2871103542      -252.1246939589
        1.7050000000         2.2928122095      -233.1422466704
        1.7100000000         2.2985467821      -261.6159176032
        1.7150000000         2.3043131666      -235.0404913992
        1.7200000000         2.3101104522      -246.4299597723
        1.7250000000         2.3159377237      -227.4475124838
        1.7300000000         2.3217940606      -227.4475124838
        1.7350000000         2.3276785384      -240.7352255858
        1.7400000000         2.3335902277      -212.2615546530
        1.7450000000         2.3395281951      -233.1422466704
        1.7500000000         2.3454915028      -216.0580441107
        1.7550000000         2.3514792092      -217.9562888395
        1.7600000000         2.3574903688      -233.1422466704
        1.7650000000         2.3635240322      -197.0755968221
        1.7700000000         2.3695792469      -212.2615546530
        1.7750000000         2.3756550564      -202.7703310087
        1.7800000000         2.3817505015      -204.6685757375
        1.7850000000         2.3878646195      -214.1597993818
        1.7900000000         2.3939964450      -195.1773520933
        1.7950000000         2.4001450097      -208.4650651953
        1.8000000000         2.4063093427      -183.7878837202
        1.8050000000         2.4124884705      -200.8720862798
        1.8100000000         2.4186814174      -187.5843731779
        1.8150000000         2.4248872054      -189.4826179067
        1.8200000000         2.4311048547      -189.4826179067
        1.8250000000         2.4373333832      -179.9913942624
        1.8300000000         2.4435718076      -185.6861284490
        1.8350000000         2.4498191426      -195.1773520933
        1.8400000000         2.4560744017      -176.1949048047
        1.8450000000         2.4623365972      -168.6019258893
        1.8500000000         2.4686047402      -176.1949048047
        1.8550000000         2.4748778409      -157.2124575162
        1.8600000000         2.4811549087      -170.5001706182
        1.8650000000         2.4874349523      -155.3142127873
        1.8700000000         2.4937169801      -161.0089469739
        1.8750000000         2.5000000000      -153.4159680585
        1.8800000000         2.5062830199      -138.2300102277
        1.8850000000         2.5125650477      -123.0440523968
        1.8900000000         2.5188450913      -104.0616051083
        1.8950000000         2.5251221591       -60.4019763446
        1.9000000000         2.5313952598       -28.1318159541
        1.9050000000         2.5376634028         7.9348338941
        1.9100000000         2.5439255983        -5.3528792079
        1.9150000000         2.5501808574         6.0365891652
        1.9200000000         2.5564281924        -7.2511239367
        1.9250000000         2.5626666168        -3.4546344790
        1.9300000000         2.5688951453         6.0365891652
        1.9350000000         2.5751127946         0.3418549787
        1.9400000000         2.5813185826        -1.5563897502
        1.9450000000         2.5875115295        -7.2511239367
        1.9500000000         2.5936906573        19.3243022672
        1.9550000000         2.5998549903       108.5418045234
        1.9600000000         2.6060035550        64.8821757597
        1.9650000000         2.6121353805        64.8821757597
        1.9700000000         2.6182494985        66.7804204886
        1.9750000000         2.6243449436        70.5769099463
        1.9800000000         2.6304207531        70.5769099463
        1.9850000000         2.6364759678        72.4751546751
        1.9900000000         2.6425096312        87.6611125060
        1.9950000000         2.6485207908        72.4751546751
        2.0000000000         2.6545084972        85.7628677771
        2.0050000000         2.6604718049        78.1698888617
        2.0100000000         2.6664097723        78.1698888617
        2.0150000000         2.6723214616        85.7628677771
        2.0200000000         2.6782059394        93.3558466925
        2.0250000000         2.6840622763        85.7628677771
        2.0300000000         2.6898895478        87.6611125060
        2.0350000000         2.6956868334        85.7628677771
        2.0400000000         2.7014532179        99.0505808791
        2.0450000000         2.7071877905        93.3558466925
        2.0500000000         2.7128896458       100.9488256079
        2.0550000000         2.7185578833       100.9488256079
        2.0600000000         2.7241916080       110.4400492522
        2.0650000000         2.7297899303       108.5418045234
        2.0700000000         2.7353519661       106.6435597945
        2.0750000000         2.7408768371       110.4400492522
        2.0800000000         2.7463636708       116.1347834388
        2.0850000000         2.7518116008       114.2365387099
        2.0900000000         2.7572197669       116.1347834388
        2.0950000000         2.7625873150       129.4224965408
        2.1000000000         2.7679133975       127.5242518119
        2.1050000000         2.7731971734       114.2365387099
        2.1100000000         2.7784378082       129.4224965408
        2.1150000000         2.7836344746       125.6260070830
        2.1200000000         2.7887863517       129.4224965408
        2.1250000000         2.7938926261       129.4224965408
        2.1300000000         2.7989524915       133.2189859985
        2.1350000000         2.8039651488       127.5242518119
        2.1400000000         2.8089298065       138.9137201850
        2.1450000000         2.8138456806       135.1172307273
        2.1500000000         2.8187119949       133.2189859985
        2.1550000000         2.8235279808       146.5066991004
        2.1600000000         2.8282928779       140.8119649139
        2.1650000000         2.8330059337       146.5066991004
        2.1700000000         2.8376664041       144.6084543716
        2.1750000000         2.8422735530       150.3031885581
        2.1800000000         2.8468266529       152.2014332870
        2.1850000000         2.8513249849       148.4049438293
        2.1900000000         2.8557678386       155.9979227447
        2.1950000000         2.8601545124       163.5909016601
        2.2000000000         2.8644843137       154.0996780159
        2.2050000000         2.8687565587       167.3873911178
        2.2100000000         2.8729705727       161.6926569313
        2.2150000000         2.8771256904       173.0821253044
        2.2200000000         2.8812212555       173.0821253044
        2.2250000000         2.8852566214       174.9803700332
        2.2300000000         2.8892311508       173.0821253044
        2.2350000000         2.8931442161       176.8786147621
        2.2400000000         2.8969951993       176.8786147621
        2.2450000000         2.9007834924       176.8786147621
        2.2500000000         2.9045084972       184.4715936775
        2.2550000000         2.9081696254       176.8786147621
        2.2600000000         2.9117662988       188.2680831352
        2.2650000000         2.9152979496       176.8786147621
        2.2700000000         2.9187640200       195.8610620506
        2.2750000000         2.9221639628       192.0645725929
        2.2800000000         2.9254972409       184.4715936775
        2.2850000000         2.9287633281       190.1663278641
        2.2900000000         2.9319617086       192.0645725929
        2.2950000000         2.9350918773       188.2680831352
        2.3000000000         2.9381533400       201.5557962372
        2.3050000000         2.9411456132       201.5557962372
        2.3100000000         2.9440682244       190.1663278641
        2.3150000000         2.9469207121       211.0470198815
        2.3200000000         2.9497026258       197.7593067795
        2.3250000000         2.9524135262       205.3522856949
        2.3300000000         2.9550529853       224.3347329835
        2.3350000000         2.9576205863       214.8435093392
        2.3400000000         2.9601159237       205.3522856949
        2.3450000000         2.9625386034       216.7417540680
        2.3500000000         2.9648882429       222.4364882546
        2.3550000000         2.9671644712       207.2505304238
        2.3600000000         2.9693669288       239.5206908143
        2.3650000000         2.9714952679       209.1487751526
        2.3700000000         2.9735491525       230.0294671700
        2.3750000000         2.9755282581       218.6399987969
        2.3800000000         2.9774322724       211.0470198815
        2.3850000000         2.9792608945       230.0294671700
        2.3900000000         2.9810138358       214.8435093392
        2.3950000000         2.9826908194       216.7417540680
        2.4000000000         2.9842915806       231.9277118989
        2.4050000000         2.9858158665       190.1663278641
        2.4100000000         2.9872634364       235.7242013566
        2.4150000000         2.9886340618       226.2329777123
        2.4200000000         2.9899275262       231.9277118989
        2.4250000000         2.9911436254       220.5382435257
        2.4300000000         2.9922821673       228.1312224412
        2.4350000000         2.9933429721       228.1312224412
        2.4400000000         2.9943258724       235.7242013566
        2.4450000000         2.9952307128       224.3347329835
        2.4500000000         2.9960573507       218.6399987969
        2.4550000000         2.9968056553       241.4189355431
        2.4600000000         2.9974755085       224.3347329835
        2.4650000000         2.9980668046       235.7242013566
        2.4700000000         2.9985794501       239.5206908143
        2.4750000000         2.9990133642       222.4364882546
        2.4800000000         2.9993684783       252.8084039163
        2.4850000000         2.9996447363       233.8259566277
        2.4900000000         2.9998420946       247.1136697297
        2.4950000000         2.9999605221       237.6224460854
        2.5000000000         3.0000000000       230.0294671700
        2.5050000000         2.9999605221       262.2996275605
        2.5100000000         2.9998420946       237.6224460854
        2.5150000000         2.9996447363       262.2996275605
        2.5200000000         2.9993684783       243.3171802720
        2.5250000000         2.9990133642       245.2154250008
        2.5300000000         2.9985794501       266.0961170182
        2.5350000000         2.9980668046       233.8259566277
        2.5400000000         2.9974755085       256.6048933740
        2.5450000000         2.9968056553       239.5206908143
        2.5500000000         2.9960573507       252.8084039163
        2.5550000000         2.9952307128       252.8084039163
        2.5600000000         2.9943258724       241.4189355431
        2.5650000000         2.9933429721       254.7066486451
        2.5700000000         2.9922821673       243.3171802720
        2.5750000000         2.9911436254       266.0961170182
        2.5800000000         2.9899275262       250.9101591874
        2.5850000000         2.9886340618       260.4013828317
        2.5900000000         2.9872634364       237.6224460854
        2.5950000000         2.9858158665       252.8084039163
        2.6000000000         2.9842915806       262.2996275605
        2.6050000000         2.9826908194       254.7066486451
        2.6100000000         2.9810138358       252.8084039163
        2.6150000000         2.9792608945       264.1978722894
        2.6200000000         2.9774322724       250.9101591874
        2.6250000000         2.9755282581       262.2996275605
        2.6300000000         2.9735491525       233.8259566277
        2.6350000000         2.9714952679       256.6048933740
        2.6400000000         2.9693669288       252.8084039163
        2.6450000000         2.9671644712       254.7066486451
        2.6500000000         2.9648882429       247.1136697297
        2.6550000000         2.9625386034       252.8084039163
        2.6600000000         2.9601159237       266.0961170182
        2.6650000000         2.9576205863       256.6048933740
        2.6700000000         2.9550529853       258.5031381028
        2.6750000000         2.9524135262       237.6224460854
        2.6800000000         2.9497026258       279.3838301202
        2.6850000000         2.9469207121       256.6048933740
        2.6900000000         2.9440682244       247.1136697297
        2.6950000000         2.9411456132       252.8084039163
        2.7000000000         2.9381533400       254.7066486451
        2.7050000000         2.9350918773       260.4013828317
        2.7100000000         2.9319617086       245.2154250008
        2.7150000000         2.9287633281       260.4013828317
        2.7200000000         2.9254972409       254.7066486451
        2.7250000000         2.9221639628       252.8084039163
        2.7300000000         2.9187640200       252.8084039163
        2.7350000000         2.9152979496       249.0119144586
        2.7400000000         2.9117662988       249.0119144586
        2.7450000000         2.9081696254       247.1136697297
        2.7500000000         2.9045084972       256.6048933740
        2.7550000000         2.9007834924       256.6048933740
        2.7600000000         2.8969951993       249.0119144586
        2.7650000000         2.8931442161       264.1978722894
        2.7700000000         2.8892311508       245.2154250008
        2.7750000000         2.8852566214       243.3171802720
        2.7800000000         2.8812212555       243.3171802720
        2.7850000000         2.8771256904       258.5031381028
        2.7900000000         2.8729705727       256.6048933740
        2.7950000000         2.8687565587       235.7242013566
        2.8000000000         2.8644843137       241.4189355431
        2.8050000000         2.8601545124       233.8259566277
        2.8100000000         2.8557678386       237.6224460854
        2.8150000000         2.8513249849       233.8259566277
        2.8200000000         2.8468266529       245.2154250008
        2.8250000000         2.8422735530       249.0119144586
        2.8300000000         2.8376664041       220.5382435257
        2.8350000000         2.8330059337       250.9101591874
        2.8400000000         2.8282928779       228.1312224412
        2.8450000000         2.8235279808       230.0294671700
        2.8500000000         2.8187119949       230.0294671700
        2.8550000000         2.8138456806       220.5382435257
        2.8600000000         2.8089298065       228.1312224412
        2.8650000000         2.8039651488       214.8435093392
        2.8700000000         2.7989524915       220.5382435257
        2.8750000000         2.7938926261       216.7417540680
        2.8800000000         2.7887863517       211.0470198815
        2.8850000000         2.7836344746       209.1487751526
        2.8900000000         2.7784378082       212.9452646103
        2.8950000000         2.7731971734       201.5557962372
        2.9000000000         2.7679133975       205.3522856949
        2.9050000000         2.7625873150       205.3522856949
        2.9100000000         2.7572197669       190.1663278641
        2.9150000000         2.7518116008       205.3522856949
        2.9200000000         2.7463636708       195.8610620506
        2.9250000000         2.7408768371       193.9628173218
        2.9300000000         2.7353519661       184.4715936775
        2.9350000000         2.7297899303       178.7768594910
        2.9400000000         2.7241916080       195.8610620506
        2.9450000000         2.7185578833       190.1663278641
        2.9500000000         2.7128896458       184.4715936775
        2.9550000000         2.7071877905       167.3873911178
        2.9600000000         2.7014532179       173.0821253044
        2.9650000000         2.6956868334       171.1838805755
        2.9700000000         2.6898895478       173.0821253044
        2.9750000000         2.6840622763       174.9803700332
        2.9800000000         2.6782059394       159.7944122024
        2.9850000000         2.6723214616       176.8786147621
        2.9900000000         2.6664097723       155.9979227447
        2.9950000000         2.6604718049       146.5066991004
        3.0000000000         2.6545084972       159.7944122024
        3.0050000000         2.6485207908       142.7102096427
        3.0100000000         2.6425096312       152.2014332870
        3.0150000000         2.6364759678       133.2189859985
        3.0200000000         2.6304207531       133.2189859985
        3.0250000000         2.6243449436       131.3207412696
        3.0300000000         2.6182494985       131.3207412696
        3.0350000000         2.6121353805       133.2189859985
        3.0400000000         2.6060035550       138.9137201850
        3.0450000000         2.5998549903       123.7277623542
        3.0500000000         2.5936906573       121.8295176253
        3.0550000000         2.5875115295       118.0330281676
        3.0600000000         2.5813185826       110.4400492522
        3.0650000000         2.5751127946       118.0330281676
        3.0700000000         2.5688951453       119.9312728965
        3.0750000000         2.5626666168       106.6435597945
        3.0800000000         2.5564281924       114.2365387099
        3.0850000000         2.5501808574       108.5418045234
        3.0900000000         2.5439255983       106.6435597945
        3.0950000000         2.5376634028       100.9488256079
        3.1000000000         2.5313952598       102.8470703368
        3.1050000000         2.5251221591       104.7453150657
        3.1100000000         2.5188450913        91.4576019637
        3.1150000000         2.5125650477        97.1523361502
        3.1200000000         2.5062830199        85.7628677771
        3.1250000000         2.5000000000        85.7628677771
        3.1300000000         2.4937169801        70.5769099463
        3.1350000000         2.4874349523        78.1698888617
        3.1400000000         2.4811549087        42.1032390135
        3.1450000000         2.4748778409         2.2400997075
        3.1500000000         2.4686047402        -9.1493686656
        3.1550000000         2.4623365972        -1.5563897502
        3.1600000000         2.4560744017        -5.3528792079
        3.1650000000         2.4498191426         7.9348338941
        3.1700000000         2.4435718076         0.3418549787
        3.1750000000         2.4373333832        -7.2511239367
        3.1800000000         2.4311048547        -7.2511239367
        3.1850000000         2.4248872054      -105.9598498371
        3.1900000000         2.4186814174       -49.0125079715
        3.1950000000         2.4124884705       -71.7914447178
        3.2000000000         2.4063093427       -69.8931999889
        3.2050000000         2.4001450097       -73.6896894466
        3.2100000000         2.3939964450       -81.2826683620
        3.2150000000         2.3878646195       -71.7914447178
        3.2200000000         2.3817505015      -102.1633603794
        3.2250000000         2.3756550564       -83.1809130909
        3.2300000000         2.3695792469       -88.8756472775
        3.2350000000         2.3635240322       -98.3668709217
        3.2400000000         2.3574903688       -92.6721367352
        3.2450000000         2.3514792092      -100.2651156506
        3.2500000000         2.3454915028       -98.3668709217
        3.2550000000         2.3395281951      -111.6545840237
        3.2600000000         2.3335902277       -92.6721367352
        3.2650000000         2.3276785384      -100.2651156506
        3.2700000000         2.3217940606      -104.0616051083
        3.2750000000         2.3159377237      -107.8580945660
        3.2800000000         2.3101104522      -113.5528287526
        3.2850000000         2.3043131666      -105.9598498371
        3.2900000000         2.2985467821      -104.0616051083
        3.2950000000         2.2928122095      -113.5528287526
        3.3000000000         2.2871103542       -98.3668709217
        3.3050000000         2.2814421167      -130.6370313122
        3.3100000000         2.2758083920      -111.6545840237
        3.3150000000         2.2702100697      -119.2475629391
        3.3200000000         2.2646480339      -119.2475629391
        3.3250000000         2.2591231629      -124.9422971257
        3.3300000000         2.2536363292      -126.8405418545
        3.3350000000         2.2481883992      -136.3317654988
        3.3400000000         2.2427802331      -132.5352760411
        3.3450000000         2.2374126850      -136.3317654988
        3.3500000000         2.2320866025      -124.9422971257
        3.3550000000         2.2268028266      -138.2300102277
        3.3600000000         2.2215621918      -143.9247444142
        3.3650000000         2.2163655254      -128.7387865834
        3.3700000000         2.2112136483      -157.2124575162
        3.3750000000         2.2061073739      -132.5352760411
        3.3800000000         2.2010475085      -149.6194786008
        3.3850000000         2.1960348512      -151.5177233296
        3.3900000000         2.1910701935      -149.6194786008
        3.3950000000         2.1861543194      -159.1107022450
        3.4000000000         2.1812880051      -151.5177233296
        3.4050000000         2.1764720192      -161.0089469739
        3.4100000000         2.1717071221      -157.2124575162
        3.4150000000         2.1669940663      -159.1107022450
        3.4200000000         2.1623335959      -172.3984153470
        3.4250000000         2.1577264470      -164.8054364316
        3.4300000000         2.1531733471      -197.0755968221
        3.4350000000         2.1486750151      -164.8054364316
        3.4400000000         2.1442321614      -181.8896389913
        3.4450000000         2.1398454876      -176.1949048047
        3.4500000000         2.1355156863      -176.1949048047
        3.4550000000         2.1312434413      -181.8896389913
        3.4600000000         2.1270294273      -174.2966600759
        3.4650000000         2.1228743096      -187.5843731779
        3.4700000000         2.1187787445      -200.8720862798
        3.4750000000         2.1147433786      -187.5843731779
        3.4800000000         2.1107688492      -212.2615546530
        3.4850000000         2.1068557839      -183.7878837202
        3.4900000000         2.1030048007      -191.3808626356
        3.4950000000         2.0992165076      -200.8720862798
        3.5000000000         2.0954915028      -189.4826179067
        3.5050000000         2.0918303746      -217.9562888395
        3.5100000000         2.0882337012      -198.9738415510
        3.5150000000         2.0847020504      -216.0580441107
        3.5200000000         2.0812359800      -200.8720862798
        3.5250000000         2.0778360372      -217.9562888395
        3.5300000000         2.0745027591      -216.0580441107
        3.5350000000         2.0712366719      -216.0580441107
        3.5400000000         2.0680382914      -229.3457572126
        3.5450000000         2.0649081227      -216.0580441107
        3.5500000000         2.0618466600      -248.3282045012
        3.5550000000         2.0588543868      -217.9562888395
        3.5600000000         2.0559317756      -206.5668204664
        3.5650000000         2.0530792879      -244.5317150435
        3.5700000000         2.0502973742      -221.7527782972
        3.5750000000         2.0475864738      -246.4299597723
        3.5800000000         2.0449470147      -233.1422466704
        3.5850000000         2.0423794137      -219.8545335684
        3.5900000000         2.0398840763      -225.5492677549
        3.5950000000         2.0374613966      -246.4299597723
        3.6000000000         2.0351117571      -231.2440019415
        3.6050000000         2.0328355288      -252.1246939589
        3.6100000000         2.0306330712      -235.0404913992
        3.6150000000         2.0285047321      -242.6334703146
        3.6200000000         2.0264508475      -244.5317150435
        3.6250000000         2.0244717419      -248.3282045012
        3.6300000000         2.0225677276      -261.6159176032
        3.6350000000         2.0207391055      -223.6510230261
        3.6400000000         2.0189861642      -267.3106517897
        3.6450000000         2.0173091806      -238.8369808569
        3.6500000000         2.0157084194      -257.8194281455
        3.6550000000         2.0141841335      -252.1246939589
        3.6600000000         2.0127365636      -248.3282045012
        3.6650000000         2.0113659382      -273.0053859763
        3.6700000000         2.0100724738      -242.6334703146
        3.6750000000         2.0088563746      -259.7176728743
        3.6800000000         2.0077178327      -271.1071412474
        3.6850000000         2.0066570279      -269.2088965186
        3.6900000000         2.0056741276      -271.1071412474
        3.6950000000         2.0047692872      -278.7001201629
        3.7000000000         2.0039426493      -273.0053859763
        3.7050000000         2.0031943447      -267.3106517897
        3.7100000000         2.0025244915      -286.2930990783
        3.7150000000         2.0019331954      -284.3948543494
        3.7200000000         2.0014205499      -276.8018754340
        3.7250000000         2.0009866358      -276.8018754340
        3.7300000000         2.0006315217      -271.1071412474
        3.7350000000         2.0003552637      -301.4790569091
        3.7400000000         2.0001579054      -267.3106517897
        3.7450000000         2.0000394779      -307.1737910957
        3.7500000000         2.0000000000      -265.4124070609
        3.7550000000         2.0000394779      -293.8860779937
        3.7600000000         2.0001579054      -290.0895885360
        3.7650000000         2.0003552637      -303.3773016380
        3.7700000000         2.0006315217      -282.4966096206
        3.7750000000         2.0009866358      -301.4790569091
        3.7800000000         2.0014205499      -299.5808121802
        3.7850000000         2.0019331954      -310.9702805534
        3.7900000000         2.0025244915      -280.5983648917
        3.7950000000         2.0031943447      -309.0720358245
        3.8000000000         2.0039426493      -299.5808121802
        3.8050000000         2.0047692872      -316.6650147399
        3.8100000000         2.0056741276      -307.1737910957
        3.8150000000         2.0066570279      -301.4790569091
        3.8200000000         2.0077178327      -293.8860779937
        3.8250000000         2.0088563746      -301.4790569091
        3.8300000000         2.0100724738      -293.8860779937
        3.8350000000         2.0113659382      -316.6650147399
        3.8400000000         2.0127365636      -301.4790569091
        3.8450000000         2.0141841335      -301.4790569091
        3.8500000000         2.0157084194      -309.0720358245
        3.8550000000         2.0173091806      -305.2755463668
        3.8600000000         2.0189861642      -310.9702805534
        3.8650000000         2.0207391055      -326.1562383842
        3.8700000000         2.0225677276      -305.2755463668
        3.8750000000         2.0244717419      -303.3773016380
        3.8800000000         2.0264508475      -295.7843227225
        3.8850000000         2.0285047321      -318.5632594688
        3.8900000000         2.0306330712      -314.7667700111
        3.8950000000         2.0328355288      -314.7667700111
        3.9000000000         2.0351117571      -297.6825674514
        3.9050000000         2.0374613966      -318.5632594688
        3.9100000000         2.0398840763      -299.5808121802
        3.9150000000         2.0423794137      -307.1737910957
        3.9200000000         2.0449470147      -337.5457067573
        3.9250000000         2.0475864738      -303.3773016380
        3.9300000000         2.0502973742      -316.6650147399
        3.9350000000         2.0530792879      -288.1913438071
        3.9400000000         2.0559317756      -305.2755463668
        3.9450000000         2.0588543868      -309.0720358245
        3.9500000000         2.0618466600      -293.8860779937
        3.9550000000         2.0649081227      -303.3773016380
        3.9600000000         2.0680382914      -305.2755463668
        3.9650000000         2.0712366719      -303.3773016380
        3.9700000000         2.0745027591      -303.3773016380
        3.9750000000         2.0778360372      -297.6825674514
        3.9800000000         2.0812359800      -307.1737910957
        3.9850000000         2.0847020504      -290.0895885360
        3.9900000000         2.0882337012      -312.8685252822
        3.9950000000         2.0918303746      -291.9878332648
        4.0000000000         2.0954915028      -312.8685252822
        4.0050000000         2.0992165076      -282.4966096206
        4.0100000000         2.1030048007      -293.8860779937
        4.0150000000         2.1068557839      -286.2930990783
        4.0200000000         2.1107688492      -295.7843227225
        4.0250000000         2.1147433786      -288.1913438071
        4.0300000000         2.1187787445      -297.6825674514
        4.0350000000         2.1228743096      -284.3948543494
        4.0400000000         2.1270294273      -291.9878332648
        4.0450000000         2.1312434413      -280.5983648917
        4.0500000000         2.1355156863      -273.0053859763
        4.0550000000         2.1398454876      -271.1071412474
        4.0600000000         2.1442321614      -278.7001201629
        4.0650000000         2.1486750151      -280.5983648917
        4.0700000000         2.1531733471      -286.2930990783
        4.0750000000         2.1577264470      -274.9036307051
        4.0800000000         2.1623335959      -267.3106517897
        4.0850000000         2.1669940663      -267.3106517897
        4.0900000000         2.1717071221      -267.3106517897
        4.0950000000         2.1764720192      -271.1071412474
        4.1000000000         2.1812880051      -267.3106517897
        4.1050000000         2.1861543194      -267.3106517897
        4.1100000000         2.1910701935      -255.9211834166
        4.1150000000         2.1960348512      -269.2088965186
        4.1200000000         2.2010475085      -257.8194281455
        4.1250000000         2.2061073739      -267.3106517897
        4.1300000000         2.2112136483      -255.9211834166
        4.1350000000         2.2163655254      -274.9036307051
        4.1400000000         2.2215621918      -267.3106517897
        4.1450000000         2.2268028266      -257.8194281455
        4.1500000000         2.2320866025      -263.5141623320
        4.1550000000         2.2374126850      -246.4299597723
        4.1600000000         2.2427802331      -259.7176728743
        4.1650000000         2.2481883992      -246.4299597723
        4.1700000000         2.2536363292      -252.1246939589
        4.1750000000         2.2591231629      -255.9211834166
        4.1800000000         2.2646480339      -233.1422466704
        4.1850000000         2.2702100697      -261.6159176032
        4.1900000000         2.2758083920      -231.2440019415
        4.1950000000         2.2814421167      -233.1422466704
        4.2000000000         2.2871103542      -233.1422466704
        4.2050000000         2.2928122095      -235.0404913992
        4.2100000000         2.2985467821      -240.7352255858
        4.2150000000         2.3043131666      -216.0580441107
        4.2200000000         2.3101104522      -254.0229386877
        4.2250000000         2.3159377237      -227.4475124838
        4.2300000000         2.3217940606      -225.5492677549
        4.2350000000         2.3276785384      -225.5492677549
        4.2400000000         2.3335902277      -217.9562888395
        4.2450000000         2.3395281951      -235.0404913992
        4.2500000000         2.3454915028      -223.6510230261
        4.2550000000         2.3514792092      -219.8545335684
        4.2600000000         2.3574903688      -217.9562888395
        4.2650000000         2.3635240322      -208.4650651953
        4.2700000000         2.3695792469      -219.8545335684
        4.2750000000         2.3756550564      -223.6510230261
        4.2800000000         2.3817505015      -214.1597993818
        4.2850000000         2.3878646195      -225.5492677549
        4.2900000000         2.3939964450      -206.5668204664
        4.2950000000         2.4001450097      -200.8720862798
        4.3000000000         2.4063093427      -197.0755968221
        4.3050000000         2.4124884705      -202.7703310087
        4.3100000000         2.4186814174      -189.4826179067
        4.3150000000         2.4248872054      -189.4826179067
        4.3200000000         2.4311048547      -166.7036811605
        4.3250000000         2.4373333832      -191.3808626356
        4.3300000000         2.4435718076      -183.7878837202
        4.3350000000         2.4498191426      -179.9913942624
        4.3400000000         2.4560744017      -174.2966600759
        4.3450000000         2.4623365972      -161.0089469739
        4.3500000000         2.4686047402      -170.5001706182
        4.3550000000         2.4748778409      -172.3984153470
        4.3600000000         2.4811549087      -164.8054364316
        4.3650000000         2.4874349523      -166.7036811605
        4.3700000000         2.4937169801      -164.8054364316
        4.3750000000         2.5000000000      -153.4159680585
        4.3800000000         2.5062830199      -136.3317654988
        4.3850000000         2.5125650477      -123.0440523968
        4.3900000000         2.5188450913      -109.7563392948
        4.3950000000         2.5251221591       -60.4019763446
        4.4000000000         2.5313952598       -18.6405923099
        4.4050000000         2.5376634028         6.0365891652
        4.4100000000         2.5439255983        -5.3528792079
        4.4150000000         2.5501808574        -5.3528792079
        4.4200000000         2.5564281924       -11.0476133944
        4.4250000000         2.5626666168         0.3418549787
        4.4300000000         2.5688951453        -3.4546344790
        4.4350000000         2.5751127946         6.0365891652
        4.4400000000         2.5813185826         6.0365891652
        4.4450000000         2.5875115295        -5.3528792079
        4.4500000000         2.5936906573        21.2225469961
        4.4550000000         2.5998549903        61.0856863020
        4.4600000000         2.6060035550        49.6962179289
        4.4650000000         2.6121353805        57.2891968443
        4.4700000000         2.6182494985        49.6962179289
        4.4750000000         2.6243449436        61.0856863020
        4.4800000000         2.6304207531        57.2891968443
        4.4850000000         2.6364759678        66.7804204886
        4.4900000000         2.6425096312        64.8821757597
        4.4950000000         2.6485207908        61.0856863020
        4.5000000000         2.6545084972        68.6786652174
        4.5050000000         2.6604718049        76.2716441328
        4.5100000000         2.6664097723        72.4751546751
        4.5150000000         2.6723214616        62.9839310309
        4.5200000000         2.6782059394        72.4751546751
        4.5250000000         2.6840622763        80.0681335906
        4.5300000000         2.6898895478        68.6786652174
        4.5350000000         2.6956868334        76.2716441328
        4.5400000000         2.7014532179        91.4576019637
        4.5450000000         2.7071877905        74.3733994040
        4.5500000000         2.7128896458        81.9663783194
        4.5550000000         2.7185578833        87.6611125060
        4.5600000000         2.7241916080        91.4576019637
        4.5650000000         2.7297899303        91.4576019637
        4.5700000000         2.7353519661        87.6611125060
        4.5750000000         2.7408768371       104.7453150657
        4.5800000000         2.7463636708        99.0505808791
        4.5850000000         2.7518116008       100.9488256079
        4.5900000000         2.7572197669       108.5418045234
        4.5950000000         2.7625873150       110.4400492522
        4.6000000000         2.7679133975       104.7453150657
        4.6050000000         2.7731971734       104.7453150657
        4.6100000000         2.7784378082       114.2365387099
        4.6150000000         2.7836344746       116.1347834388
        4.6200000000         2.7887863517       129.4224965408
        4.6250000000         2.7938926261       118.0330281676
        4.6300000000         2.7989524915       125.6260070830
        4.6350000000         2.8039651488        97.1523361502
        4.6400000000         2.8089298065       119.9312728965
        4.6450000000         2.8138456806       131.3207412696
        4.6500000000         2.8187119949       125.6260070830
        4.6550000000         2.8235279808       138.9137201850
        4.6600000000         2.8282928779       142.7102096427
        4.6650000000         2.8330059337       140.8119649139
        4.6700000000         2.8376664041       133.2189859985
        4.6750000000         2.8422735530       154.0996780159
        4.6800000000         2.8468266529       150.3031885581
        4.6850000000         2.8513249849       155.9979227447
        4.6900000000         2.8557678386       163.5909016601
        4.6950000000         2.8601545124       155.9979227447
        4.7000000000         2.8644843137       165.4891463890
        4.7050000000         2.8687565587       163.5909016601
        4.7100000000         2.8729705727       169.2856358467
        4.7150000000         2.8771256904       163.5909016601
        4.7200000000         2.8812212555       174.9803700332
        4.7250000000         2.8852566214       169.2856358467
        4.7300000000         2.8892311508       174.9803700332
        4.7350000000         2.8931442161       184.4715936775
        4.7400000000         2.8969951993       174.9803700332
        4.7450000000         2.9007834924       178.7768594910
        4.7500000000         2.9045084972       167.3873911178
        4.7550000000         2.9081696254       197.7593067795
        4.7600000000         2.9117662988       176.8786147621
        4.7650000000         2.9152979496       195.8610620506
        4.7700000000         2.9187640200       192.0645725929
        4.7750000000         2.9221639628       195.8610620506
        4.7800000000         2.9254972409       195.8610620506
        4.7850000000         2.9287633281       201.5557962372
        4.7900000000         2.9319617086       199.6575515084
        4.7950000000         2.9350918773       209.1487751526
        4.8000000000         2.9381533400       203.4540409661
        4.8050000000         2.9411456132       207.2505304238
        4.8100000000         2.9440682244       203.4540409661
        4.8150000000         2.9469207121       211.0470198815
        4.8200000000         2.9497026258       203.4540409661
        4.8250000000         2.9524135262       212.9452646103
        4.8300000000         2.9550529853       211.0470198815
        4.8350000000         2.9576205863       211.0470198815
        4.8400000000         2.9601159237       201.5557962372
        4.8450000000         2.9625386034       218.6399987969
        4.8500000000         2.9648882429       207.2505304238
        4.8550000000         2.9671644712       222.4364882546
        4.8600000000         2.9693669288       220.5382435257
        4.8650000000         2.9714952679       205.3522856949
        4.8700000000         2.9735491525       226.2329777123
        4.8750000000         2.9755282581       226.2329777123
        4.8800000000         2.9774322724       214.8435093392
        4.8850000000         2.9792608945       235.7242013566
        4.8900000000         2.9810138358       211.0470198815
        4.8950000000         2.9826908194       228.1312224412
        4.9000000000         2.9842915806       226.2329777123
        4.9050000000         2.9858158665       222.4364882546
        4.9100000000         2.9872634364       237.6224460854
        4.9150000000         2.9886340618       230.0294671700
        4.9200000000         2.9899275262       243.3171802720
        4.9250000000         2.9911436254       230.0294671700
        4.9300000000         2.9922821673       218.6399987969
        4.9350000000         2.9933429721       243.3171802720
        4.9400000000         2.9943258724       230.0294671700
        4.9450000000         2.9952307128       231.9277118989
        4.9500000000         2.9960573507       243.3171802720
        4.9550000000         2.9968056553       243.3171802720
        4.9600000000         2.9974755085       258.5031381028
        4.9650000000         2.9980668046       245.2154250008
        4.9700000000         2.9985794501       245.2154250008
        4.9750000000         2.9990133642       249.0119144586
        4.9800000000         2.9993684783       237.6224460854
        4.9850000000         2.9996447363       254.7066486451
        4.9900000000         2.9998420946       243.3171802720
        4.9950000000         2.9999605221       256.6048933740
        5.0000000000         3.0000000000       258.5031381028
        5.0050000000         2.9999605221       245.2154250008
        5.0100000000         2.9998420946       260.4013828317
        5.0150000000         2.9996447363       252.8084039163
        5.0200000000         2.9993684783       260.4013828317
        5.0250000000         2.9990133642       250.9101591874
        5.0300000000         2.9985794501       252.8084039163
        5.0350000000         2.9980668046       260.4013828317
        5.0400000000         2.9974755085       252.8084039163
        5.0450000000         2.9968056553       269.8926064759
        5.0500000000         2.9960573507       260.4013828317
        5.0550000000         2.9952307128       266.0961170182
        5.0600000000         2.9943258724       252.8084039163
        5.0650000000         2.9933429721       254.7066486451
        5.0700000000         2.9922821673       269.8926064759
        5.0750000000         2.9911436254       260.4013828317
        5.0800000000         2.9899275262       273.6890959337
        5.0850000000         2.9886340618       256.6048933740
        5.0900000000         2.9872634364       266.0961170182
        5.0950000000         2.9858158665       256.6048933740
        5.1000000000         2.9842915806       269.8926064759
        5.1050000000         2.9826908194       254.7066486451
        5.1100000000         2.9810138358       264.1978722894
        5.1150000000         2.9792608945       262.2996275605
        5.1200000000         2.9774322724       252.8084039163
        5.1250000000         2.9755282581       264.1978722894
        5.1300000000         2.9735491525       247.1136697297
        5.1350000000         2.9714952679       264.1978722894
        5.1400000000         2.9693669288       256.6048933740
        5.1450000000         2.9671644712       245.2154250008
        5.1500000000         2.9648882429       267.9943617471
        5.1550000000         2.9625386034       252.8084039163
        5.1600000000         2.9601159237       262.2996275605
        5.1650000000         2.9576205863       249.0119144586
        5.1700000000         2.9550529853       256.6048933740
        5.1750000000         2.9524135262       266.0961170182
        5.1800000000         2.9497026258       252.8084039163
        5.1850000000         2.9469207121       256.6048933740
        5.1900000000         2.9440682244       243.3171802720
        5.1950000000         2.9411456132       260.4013828317
        5.2000000000         2.9381533400       235.7242013566
        5.2050000000         2.9350918773       264.1978722894
        5.2100000000         2.9319617086       239.5206908143
        5.2150000000         2.9287633281       256.6048933740
        5.2200000000         2.9254972409       237.6224460854
        5.2250000000         2.9221639628       237.6224460854
        5.2300000000         2.9187640200       262.2996275605
        5.2350000000         2.9152979496       228.1312224412
        5.2400000000         2.9117662988       247.1136697297
        5.2450000000         2.9081696254       241.4189355431
        5.2500000000         2.9045084972       239.5206908143
        5.2550000000         2.9007834924       239.5206908143
        5.2600000000         2.8969951993       233.8259566277
        5.2650000000         2.8931442161       243.3171802720
        5.2700000000         2.8892311508       243.3171802720
        5.2750000000         2.8852566214       243.3171802720
        5.2800000000         2.8812212555       245.2154250008
        5.2850000000         2.8771256904       228.1312224412
        5.2900000000         2.8729705727       237.6224460854
        5.2950000000         2.8687565587       237.6224460854
        5.3000000000         2.8644843137       241.4189355431
        5.3050000000         2.8601545124       258.5031381028
        5.3100000000         2.8557678386       224.3347329835
        5.3150000000         2.8513249849       231.9277118989
        5.3200000000         2.8468266529       230.0294671700
        5.3250000000         2.8422735530       214.8435093392
        5.3300000000         2.8376664041       245.2154250008
        5.3350000000         2.8330059337       222.4364882546
        5.3400000000         2.8282928779       224.3347329835
        5.3450000000         2.8235279808       214.8435093392
        5.3500000000         2.8187119949       222.4364882546
        5.3550000000         2.8138456806       233.8259566277
        5.3600000000         2.8089298065       220.5382435257
        5.3650000000         2.8039651488       228.1312224412
        5.3700000000         2.7989524915       214.8435093392
        5.3750000000         2.7938926261       220.5382435257
        5.3800000000         2.7887863517       231.9277118989
        5.3850000000         2.7836344746       212.9452646103
        5.3900000000         2.7784378082       212.9452646103
        5.3950000000         2.7731971734       216.7417540680
        5.4000000000         2.7679133975       207.2505304238
        5.4050000000         2.7625873150       222.4364882546
        5.4100000000         2.7572197669       205.3522856949
        5.4150000000         2.7518116008       214.8435093392
        5.4200000000         2.7463636708       203.4540409661
        5.4250000000         2.7408768371       199.6575515084
        5.4300000000         2.7353519661       203.4540409661
        5.4350000000         2.7297899303       207.2505304238
        5.4400000000         2.7241916080       188.2680831352
        5.4450000000         2.7185578833       190.1663278641
        5.4500000000         2.7128896458       188.2680831352
        5.4550000000         2.7071877905       201.5557962372
        5.4600000000         2.7014532179       173.0821253044
        5.4650000000         2.6956868334       193.9628173218
        5.4700000000         2.6898895478       188.2680831352
        5.4750000000         2.6840622763       188.2680831352
        5.4800000000         2.6782059394       199.6575515084
        5.4850000000         2.6723214616       180.6751042198
        5.4900000000         2.6664097723       178.7768594910
        5.4950000000         2.6604718049       174.9803700332
        5.5000000000         2.6545084972       174.9803700332
        5.5050000000         2.6485207908       176.8786147621
        5.5100000000         2.6425096312       155.9979227447
        5.5150000000         2.6364759678       182.5733489487
        5.5200000000         2.6304207531       157.8961674736
        5.5250000000         2.6243449436       159.7944122024
        5.5300000000         2.6182494985       157.8961674736
        5.5350000000         2.6121353805       155.9979227447
        5.5400000000         2.6060035550       144.6084543716
        5.5450000000         2.5998549903       142.7102096427
        5.5500000000         2.5936906573       144.6084543716
        5.5550000000         2.5875115295       137.0154754562
        5.5600000000         2.5813185826       133.2189859985
        5.5650000000         2.5751127946       118.0330281676
        5.5700000000         2.5688951453       127.5242518119
        5.5750000000         2.5626666168       137.0154754562
        5.5800000000         2.5564281924       121.8295176253
        5.5850000000         2.5501808574       129.4224965408
        5.5900000000         2.5439255983       123.7277623542
        5.5950000000         2.5376634028       110.4400492522
        5.6000000000         2.5313952598       108.5418045234
        5.6050000000         2.5251221591       116.1347834388
        5.6100000000         2.5188450913       106.6435597945
        5.6150000000         2.5125650477       108.5418045234
        5.6200000000         2.5062830199        97.1523361502
        5.6250000000         2.5000000000       102.8470703368
        5.6300000000         2.4937169801        78.1698888617
        5.6350000000         2.4874349523        70.5769099463
        5.6400000000         2.4811549087        51.5944626577
        5.6450000000         2.4748778409         6.0365891652
        5.6500000000         2.4686047402       -12.9458581233
        5.6550000000         2.4623365972         6.0365891652
        5.6600000000         2.4560744017        -1.5563897502
        5.6650000000         2.4498191426         4.1383444364
        5.6700000000         2.4435718076         2.2400997075
        5.6750000000         2.4373333832        -5.3528792079
        5.6800000000         2.4311048547        -9.1493686656
        5.6850000000         2.4248872054       -96.4686261929
        5.6900000000         2.4186814174       -77.4861789043
        5.6950000000         2.4124884705       -66.0967105312
        5.7000000000         2.4063093427       -75.5879341755
        5.7050000000         2.4001450097       -90.7738920063
        5.7100000000         2.3939964450       -85.0791578197
        5.7150000000         2.3878646195       -98.3668709217
        5.7200000000         2.3817505015      -109.7563392948
        5.7250000000         2.3756550564       -98.3668709217
        5.7300000000         2.3695792469       -94.5703814640
        5.7350000000         2.3635240322       -90.7738920063
        5.7400000000         2.3574903688      -107.8580945660
        5.7450000000         2.3514792092      -115.4510734814
        5.7500000000         2.3454915028      -104.0616051083
        5.7550000000         2.3395281951      -113.5528287526
        5.7600000000         2.3335902277      -109.7563392948
        5.7650000000         2.3276785384      -115.4510734814
        5.7700000000         2.3217940606      -115.4510734814
        5.7750000000         2.3159377237      -121.1458076680
        5.7800000000         2.3101104522      -115.4510734814
        5.7850000000         2.3043131666      -107.8580945660
        5.7900000000         2.2985467821      -138.2300102277
        5.7950000000         2.2928122095      -115.4510734814
        5.8000000000         2.2871103542      -134.4335207699
        5.8050000000         2.2814421167      -123.0440523968
        5.8100000000         2.2758083920      -132.5352760411
        5.8150000000         2.2702100697      -136.3317654988
        5.8200000000         2.2646480339      -130.6370313122
        5.8250000000         2.2591231629      -138.2300102277
        5.8300000000         2.2536363292      -126.8405418545
        5.8350000000         2.2481883992      -147.7212338719
        5.8400000000         2.2427802331      -149.6194786008
        5.8450000000         2.2374126850      -157.2124575162
        5.8500000000         2.2320866025      -151.5177233296
        5.8550000000         2.2268028266      -149.6194786008
        5.8600000000         2.2215621918      -159.1107022450
        5.8650000000         2.2163655254      -151.5177233296
        5.8700000000         2.2112136483      -172.3984153470
        5.8750000000         2.2061073739      -164.8054364316
        5.8800000000         2.2010475085      -164.8054364316
        5.8850000000         2.1960348512      -172.3984153470
        5.8900000000         2.1910701935      -181.8896389913
        5.8950000000         2.1861543194      -179.9913942624
        5.9000000000         2.1812880051      -172.3984153470
        5.9050000000         2.1764720192      -170.5001706182
        5.9100000000         2.1717071221      -200.8720862798
        5.9150000000         2.1669940663      -172.3984153470
        5.9200000000         2.1623335959      -193.2791073644
        5.9250000000         2.1577264470      -185.6861284490
        5.9300000000         2.1531733471      -187.5843731779
        5.9350000000         2.1486750151      -187.5843731779
        5.9400000000         2.1442321614      -210.3633099241
        5.9450000000         2.1398454876      -198.9738415510
        5.9500000000         2.1355156863      -197.0755968221
        5.9550000000         2.1312434413      -197.0755968221
        5.9600000000         2.1270294273      -217.9562888395
        5.9650000000         2.1228743096      -219.8545335684
        5.9700000000         2.1187787445      -225.5492677549
        5.9750000000         2.1147433786      -208.4650651953
        5.9800000000         2.1107688492      -206.5668204664
        5.9850000000         2.1068557839      -204.6685757375
        5.9900000000         2.1030048007      -231.2440019415
        5.9950000000         2.0992165076      -229.3457572126
        6.0000000000         2.0954915028      -240.7352255858
        6.0050000000         2.0918303746      -223.6510230261
        6.0100000000         2.0882337012      -217.9562888395
        6.0150000000         2.0847020504      -242.6334703146
        6.0200000000         2.0812359800      -227.4475124838
        6.0250000000         2.0778360372      -246.4299597723
        6.0300000000         2.0745027591      -238.8369808569
        6.0350000000         2.0712366719      -233.1422466704
        6.0400000000         2.0680382914      -261.6159176032
        6.0450000000         2.0649081227      -225.5492677549
        6.0500000000         2.0618466600      -263.5141623320
        6.0550000000         2.0588543868      -242.6334703146
        6.0600000000         2.0559317756      -255.9211834166
        6.0650000000         2.0530792879      -255.9211834166
        6.0700000000         2.0502973742      -236.9387361281
        6.0750000000         2.0475864738      -278.7001201629
        6.0800000000         2.0449470147      -248.3282045012
        6.0850000000         2.0423794137      -273.0053859763
        6.0900000000         2.0398840763      -263.5141623320
        6.0950000000         2.0374613966      -265.4124070609
        6.1000000000         2.0351117571      -282.4966096206
        6.1050000000         2.0328355288      -259.7176728743
        6.1100000000         2.0306330712      -282.4966096206
        6.1150000000         2.0285047321      -265.4124070609
        6.1200000000         2.0264508475      -273.0053859763
        6.1250000000         2.0244717419      -271.1071412474
        6.1300000000         2.0225677276      -274.9036307051
        6.1350000000         2.0207391055      -273.0053859763
        6.1400000000         2.0189861642      -267.3106517897
        6.1450000000         2.0173091806      -291.9878332648
        6.1500000000         2.0157084194      -271.1071412474
        6.1550000000         2.0141841335      -288.1913438071
        6.1600000000         2.0127365636      -274.9036307051
        6.1650000000         2.0113659382      -286.2930990783
        6.1700000000         2.0100724738      -271.1071412474
        6.1750000000         2.0088563746      -295.7843227225
        6.1800000000         2.0077178327      -291.9878332648
        6.1850000000         2.0066570279      -282.4966096206
        6.1900000000         2.0056741276      -280.5983648917
        6.1950000000         2.0047692872      -297.6825674514
        6.2000000000         2.0039426493      -286.2930990783
        6.2050000000         2.0031943447      -293.8860779937
        6.2100000000         2.0025244915      -290.0895885360
        6.2150000000         2.0019331954      -276.8018754340
        6.2200000000         2.0014205499      -293.8860779937
        6.2250000000         2.0009866358      -282.4966096206
        6.2300000000         2.0006315217      -301.4790569091
        6.2350000000         2.0003552637      -290.0895885360
        6.2400000000         2.0001579054      -282.4966096206
        6.2450000000         2.0000394779      -295.7843227225
        6.2500000000         2.0000000000      -299.5808121802
        6.2550000000         2.0000394779      -290.0895885360
        6.2600000000         2.0001579054      -301.4790569091
        6.2650000000         2.0003552637      -293.8860779937
        6.2700000000         2.0006315217      -297.6825674514
        6.2750000000         2.0009866358      -303.3773016380
        6.2800000000         2.0014205499      -297.6825674514
        6.2850000000         2.0019331954      -305.2755463668
        6.2900000000         2.0025244915      -290.0895885360
        6.2950000000         2.0031943447      -303.3773016380
        6.3000000000         2.0039426493      -290.0895885360
        6.3050000000         2.0047692872      -307.1737910957
        6.3100000000         2.0056741276      -286.2930990783
        6.3150000000         2.0066570279      -293.8860779937
        6.3200000000         2.0077178327      -299.5808121802
        6.3250000000         2.0088563746      -291.9878332648
        6.3300000000         2.0100724738      -309.0720358245
        6.3350000000         2.0113659382      -293.8860779937
        6.3400000000         2.0127365636      -297.6825674514
        6.3450000000         2.0141841335      -293.8860779937
        6.3500000000         2.0157084194      -303.3773016380
        6.3550000000         2.0173091806      -301.4790569091
        6.3600000000         2.0189861642      -307.1737910957
        6.3650000000         2.0207391055      -305.2755463668
        6.3700000000         2.0225677276      -297.6825674514
        6.3750000000         2.0244717419      -295.7843227225
        6.3800000000         2.0264508475      -305.2755463668
        6.3850000000         2.0285047321      -307.1737910957
        6.3900000000         2.0306330712      -301.4790569091
        6.3950000000         2.0328355288      -293.8860779937
        6.4000000000         2.0351117571      -288.1913438071
        6.4050000000         2.0374613966      -293.8860779937
        6.4100000000         2.0398840763      -320.4615041976
        6.4150000000         2.0423794137      -299.5808121802
        6.4200000000         2.0449470147      -299.5808121802
        6.4250000000         2.0475864738      -301.4790569091
        6.4300000000         2.0502973742      -291.9878332648
        6.4350000000         2.0530792879      -310.9702805534
        6.4400000000         2.0559317756      -303.3773016380
        6.4450000000         2.0588543868      -322.3597489265
        6.4500000000         2.0618466600      -297.6825674514
        6.4550000000         2.0649081227      -286.2930990783
        6.4600000000         2.0680382914      -303.3773016380
        6.4650000000         2.0712366719      -293.8860779937
        6.4700000000         2.0745027591      -297.6825674514
        6.4750000000         2.0778360372      -299.5808121802
        6.4800000000         2.0812359800      -301.4790569091
        6.4850000000         2.0847020504      -282.4966096206
        6.4900000000         2.0882337012      -288.1913438071
        6.4950000000         2.0918303746      -291.9878332648
        6.5000000000         2.0954915028      -291.9878332648
        6.5050000000         2.0992165076      -288.1913438071
        6.5100000000         2.1030048007      -282.4966096206
        6.5150000000         2.1068557839      -295.7843227225
        6.5200000000         2.1107688492      -286.2930990783
        6.5250000000         2.1147433786      -265.4124070609
        6.5300000000         2.1187787445      -299.5808121802
        6.5350000000         2.1228743096      -284.3948543494
        6.5400000000         2.1270294273      -282.4966096206
        6.5450000000         2.1312434413      -288.1913438071
        6.5500000000         2.1355156863      -286.2930990783
        6.5550000000         2.1398454876      -290.0895885360
        6.5600000000         2.1442321614      -284.3948543494
        6.5650000000         2.1486750151      -286.2930990783
        6.5700000000         2.1531733471      -286.2930990783
        6.5750000000         2.1577264470      -282.4966096206
        6.5800000000         2.1623335959      -282.4966096206
        6.5850000000         2.1669940663      -269.2088965186
        6.5900000000         2.1717071221      -284.3948543494
        6.5950000000         2.1764720192      -276.8018754340
        6.6000000000         2.1812880051      -265.4124070609
        6.6050000000         2.1861543194      -273.0053859763
        6.6100000000         2.1910701935      -263.5141623320
        6.6150000000         2.1960348512      -282.4966096206
        6.6200000000         2.2010475085      -255.9211834166
        6.6250000000         2.2061073739      -271.1071412474
        6.6300000000         2.2112136483      -255.9211834166
        6.6350000000         2.2163655254      -274.9036307051
        6.6400000000         2.2215621918      -255.9211834166
        6.6450000000         2.2268028266      -248.3282045012
        6.6500000000         2.2320866025      -259.7176728743
        6.6550000000         2.2374126850      -242.6334703146
        6.6600000000         2.2427802331      -269.2088965186
        6.6650000000         2.2481883992      -248.3282045012
        6.6700000000         2.2536363292      -259.7176728743
        6.6750000000         2.2591231629      -242.6334703146
        6.6800000000         2.2646480339      -231.2440019415
        6.6850000000         2.2702100697      -246.4299597723
        6.6900000000         2.2758083920      -240.7352255858
        6.6950000000         2.2814421167      -255.9211834166
        6.7000000000         2.2871103542      -233.1422466704
        6.7050000000         2.2928122095      -238.8369808569
        6.7100000000         2.2985467821      -210.3633099241
        6.7150000000         2.3043131666      -225.5492677549
        6.7200000000         2.3101104522      -242.6334703146
        6.7250000000         2.3159377237      -233.1422466704
        6.7300000000         2.3217940606      -231.2440019415
        6.7350000000         2.3276785384      -210.3633099241
        6.7400000000         2.3335902277      -221.7527782972
        6.7450000000         2.3395281951      -217.9562888395
        6.7500000000         2.3454915028      -235.0404913992
        6.7550000000         2.3514792092      -214.1597993818
        6.7600000000         2.3574903688      -227.4475124838
        6.7650000000         2.3635240322      -197.0755968221
        6.7700000000         2.3695792469      -223.6510230261
        6.7750000000         2.3756550564      -206.5668204664
        6.7800000000         2.3817505015      -210.3633099241
        6.7850000000         2.3878646195      -195.1773520933
        6.7900000000         2.3939964450      -195.1773520933
        6.7950000000         2.4001450097      -210.3633099241
        6.8000000000         2.4063093427      -202.7703310087
        6.8050000000         2.4124884705      -206.5668204664
        6.8100000000         2.4186814174      -185.6861284490
        6.8150000000         2.4248872054      -204.6685757375
        6.8200000000         2.4311048547      -187.5843731779
        6.8250000000         2.4373333832      -189.4826179067
        6.8300000000         2.4435718076      -187.5843731779
        6.8350000000         2.4498191426      -174.2966600759
        6.8400000000         2.4560744017      -176.1949048047
        6.8450000000         2.4623365972      -151.5177233296
        6.8500000000         2.4686047402      -170.5001706182
        6.8550000000         2.4748778409      -164.8054364316
        6.8600000000         2.4811549087      -166.7036811605
        6.8650000000         2.4874349523      -164.8054364316
        6.8700000000         2.4937169801      -151.5177233296
        6.8750000000         2.5000000000      -161.0089469739
        6.8800000000         2.5062830199      -132.5352760411
        6.8850000000         2.5125650477      -121.1458076680
        6.8900000000         2.5188450913      -113.5528287526
        6.8950000000         2.5251221591       -62.3002210735
        6.9000000000         2.5313952598       -24.3353264964
        6.9050000000         2.5376634028        11.7313233518
        6.9100000000         2.5439255983         2.2400997075
        6.9150000000         2.5501808574         2.2400997075
        6.9200000000         2.5564281924        -5.3528792079
        6.9250000000         2.5626666168         0.3418549787
        6.9300000000         2.5688951453         0.3418549787
        6.9350000000         2.5751127946         2.2400997075
        6.9400000000         2.5813185826         2.2400997075
        6.9450000000         2.5875115295         4.1383444364
        6.9500000000         2.5936906573        36.4085048269
        6.9550000000         2.5998549903        70.5769099463
        6.9600000000         2.6060035550        51.5944626577
        6.9650000000         2.6121353805        55.3909521154
        6.9700000000         2.6182494985        47.7979732000
        6.9750000000         2.6243449436        62.9839310309
        6.9800000000         2.6304207531        57.2891968443
        6.9850000000         2.6364759678        53.4927073866
        6.9900000000         2.6425096312        62.9839310309
        6.9950000000         2.6485207908        62.9839310309
        7.0000000000         2.6545084972        62.9839310309
        7.0050000000         2.6604718049        62.9839310309
        7.0100000000         2.6664097723        55.3909521154
        7.0150000000         2.6723214616        62.9839310309
        7.0200000000         2.6782059394        59.1874415732
        7.0250000000         2.6840622763        76.2716441328
        7.0300000000         2.6898895478        62.9839310309
        7.0350000000         2.6956868334        70.5769099463
        7.0400000000         2.7014532179        66.7804204886
        7.0450000000         2.7071877905        85.7628677771
        7.0500000000         2.7128896458        89.5593572348
        7.0550000000         2.7185578833        83.8646230483
        7.0600000000         2.7241916080        87.6611125060
        7.0650000000         2.7297899303        85.7628677771
        7.0700000000         2.7353519661        95.2540914214
        7.0750000000         2.7408768371       110.4400492522
        7.0800000000         2.7463636708       102.8470703368
        7.0850000000         2.7518116008       104.7453150657
        7.0900000000         2.7572197669       116.1347834388
        7.0950000000         2.7625873150       104.7453150657
        7.1000000000         2.7679133975       118.0330281676
        7.1050000000         2.7731971734       118.0330281676
        7.1100000000         2.7784378082       119.9312728965
        7.1150000000         2.7836344746       127.5242518119
        7.1200000000         2.7887863517       127.5242518119
        7.1250000000         2.7938926261       135.1172307273
        7.1300000000         2.7989524915       129.4224965408
        7.1350000000         2.8039651488       133.2189859985
        7.1400000000         2.8089298065       131.3207412696
        7.1450000000         2.8138456806       140.8119649139
        7.1500000000         2.8187119949       129.4224965408
        7.1550000000         2.8235279808       133.2189859985
        7.1600000000         2.8282928779       138.9137201850
        7.1650000000         2.8330059337       144.6084543716
        7.1700000000         2.8376664041       140.8119649139
        7.1750000000         2.8422735530       152.2014332870
        7.1800000000         2.8468266529       154.0996780159
        7.1850000000         2.8513249849       154.0996780159
        7.1900000000         2.8557678386       161.6926569313
        7.1950000000         2.8601545124       161.6926569313
        7.2000000000         2.8644843137       171.1838805755
        7.2050000000         2.8687565587       171.1838805755
        7.2100000000         2.8729705727       154.0996780159
        7.2150000000         2.8771256904       167.3873911178
        7.2200000000         2.8812212555       173.0821253044
        7.2250000000         2.8852566214       169.2856358467
        7.2300000000         2.8892311508       192.0645725929
        7.2350000000         2.8931442161       180.6751042198
        7.2400000000         2.8969951993       184.4715936775
        7.2450000000         2.9007834924       192.0645725929
        7.2500000000         2.9045084972       167.3873911178
        7.2550000000         2.9081696254       193.9628173218
        7.2600000000         2.9117662988       190.1663278641
        7.2650000000         2.9152979496       192.0645725929
        7.2700000000         2.9187640200       193.9628173218
        7.2750000000         2.9221639628       193.9628173218
        7.2800000000         2.9254972409       207.2505304238
        7.2850000000         2.9287633281       203.4540409661
        7.2900000000         2.9319617086       205.3522856949
        7.2950000000         2.9350918773       207.2505304238
        7.3000000000         2.9381533400       205.3522856949
        7.3050000000         2.9411456132       211.0470198815
        7.3100000000         2.9440682244       207.2505304238
        7.3150000000         2.9469207121       226.2329777123
        7.3200000000         2.9497026258       209.1487751526
        7.3250000000         2.9524135262       228.1312224412
        7.3300000000         2.9550529853       220.5382435257
        7.3350000000         2.9576205863       226.2329777123
        7.3400000000         2.9601159237       216.7417540680
        7.3450000000         2.9625386034       230.0294671700
        7.3500000000         2.9648882429       228.1312224412
        7.3550000000         2.9671644712       245.2154250008
        7.3600000000         2.9693669288       228.1312224412
        7.3650000000         2.9714952679       237.6224460854
        7.3700000000         2.9735491525       226.2329777123
        7.3750000000         2.9755282581       235.7242013566
        7.3800000000         2.9774322724       243.3171802720
        7.3850000000         2.9792608945       243.3171802720
        7.3900000000         2.9810138358       239.5206908143
        7.3950000000         2.9826908194       247.1136697297
        7.4000000000         2.9842915806       237.6224460854
        7.4050000000         2.9858158665       245.2154250008
        7.4100000000         2.9872634364       235.7242013566
        7.4150000000         2.9886340618       243.3171802720
        7.4200000000         2.9899275262       245.2154250008
        7.4250000000         2.9911436254       239.5206908143
        7.4300000000         2.9922821673       254.7066486451
        7.4350000000         2.9933429721       216.7417540680
        7.4400000000         2.9943258724       254.7066486451
        7.4450000000         2.9952307128       260.4013828317
        7.4500000000         2.9960573507       250.9101591874
        7.4550000000         2.9968056553       252.8084039163
        7.4600000000         2.9974755085       247.1136697297
        7.4650000000         2.9980668046       260.4013828317
        7.4700000000         2.9985794501       243.3171802720
        7.4750000000         2.9990133642       262.2996275605
        7.4800000000         2.9993684783       245.2154250008
        7.4850000000         2.9996447363       254.7066486451
        7.4900000000         2.9998420946       256.6048933740
        7.4950000000         2.9999605221       249.0119144586
        7.5000000000         3.0000000000       269.8926064759
        7.5050000000         2.9999605221       241.4189355431
        7.5100000000         2.9998420946       277.4855853914
        7.5150000000         2.9996447363       266.0961170182
        7.5200000000         2.9993684783       264.1978722894
        7.5250000000         2.9990133642       262.2996275605
        7.5300000000         2.9985794501       264.1978722894
        7.5350000000         2.9980668046       269.8926064759
        7.5400000000         2.9974755085       267.9943617471
        7.5450000000         2.9968056553       273.6890959337
        7.5500000000         2.9960573507       266.0961170182
        7.5550000000         2.9952307128       266.0961170182
        7.5600000000         2.9943258724       271.7908512048
        7.5650000000         2.9933429721       267.9943617471
        7.5700000000         2.9922821673       273.6890959337
        7.5750000000         2.9911436254       269.8926064759
        7.5800000000         2.9899275262       267.9943617471
        7.5850000000         2.9886340618       260.4013828317
        7.5900000000         2.9872634364       277.4855853914
        7.5950000000         2.9858158665       266.0961170182
        7.6000000000         2.9842915806       279.3838301202
        7.6050000000         2.9826908194       243.3171802720
        7.6100000000         2.9810138358       273.6890959337
        7.6150000000         2.9792608945       264.1978722894
        7.6200000000         2.9774322724       275.5873406625
        7.6250000000         2.9755282581       267.9943617471
        7.6300000000         2.9735491525       275.5873406625
        7.6350000000         2.9714952679       271.7908512048
        7.6400000000         2.9693669288       256.6048933740
        7.6450000000         2.9671644712       277.4855853914
        7.6500000000         2.9648882429       267.9943617471
        7.6550000000         2.9625386034       283.1803195779
        7.6600000000         2.9601159237       260.4013828317
        7.6650000000         2.9576205863       273.6890959337
        7.6700000000         2.9550529853       269.8926064759
        7.6750000000         2.9524135262       271.7908512048
        7.6800000000         2.9497026258       262.2996275605
        7.6850000000         2.9469207121       275.5873406625
        7.6900000000         2.9440682244       279.3838301202
        7.6950000000         2.9411456132       264.1978722894
        7.7000000000         2.9381533400       269.8926064759
        7.7050000000         2.9350918773       258.5031381028
        7.7100000000         2.9319617086       266.0961170182
        7.7150000000         2.9287633281       260.4013828317
        7.7200000000         2.9254972409       273.6890959337
        7.7250000000         2.9221639628       266.0961170182
        7.7300000000         2.9187640200       266.0961170182
        7.7350000000         2.9152979496       266.0961170182
        7.7400000000         2.9117662988       254.7066486451
        7.7450000000         2.9081696254       260.4013828317
        7.7500000000         2.9045084972       239.5206908143
        7.7550000000         2.9007834924       273.6890959337
        7.7600000000         2.8969951993       249.0119144586
        7.7650000000         2.8931442161       254.7066486451
        7.7700000000         2.8892311508       237.6224460854
        7.7750000000         2.8852566214       262.2996275605
        7.7800000000         2.8812212555       249.0119144586
        7.7850000000         2.8771256904       243.3171802720
        7.7900000000         2.8729705727       249.0119144586
        7.7950000000         2.8687565587       228.1312224412
        7.8000000000         2.8644843137       252.8084039163
        7.8050000000         2.8601545124       233.8259566277
        7.8100000000         2.8557678386       241.4189355431
        7.8150000000         2.8513249849       230.0294671700
        7.8200000000         2.8468266529       218.6399987969
        7.8250000000         2.8422735530       233.8259566277
        7.8300000000         2.8376664041       230.0294671700
        7.8350000000         2.8330059337       218.6399987969
        7.8400000000         2.8282928779       228.1312224412
        7.8450000000         2.8235279808       212.9452646103
        7.8500000000         2.8187119949       218.6399987969
        7.8550000000         2.8138456806       226.2329777123
        7.8600000000         2.8089298065       207.2505304238
        7.8650000000         2.8039651488       220.5382435257
        7.8700000000         2.7989524915       216.7417540680
        7.8750000000         2.7938926261       212.9452646103
        7.8800000000         2.7887863517       222.4364882546
        7.8850000000         2.7836344746       218.6399987969
        7.8900000000         2.7784378082       214.8435093392
        7.8950000000         2.7731971734       218.6399987969
        7.9000000000         2.7679133975       205.3522856949
        7.9050000000         2.7625873150       222.4364882546
        7.9100000000         2.7572197669       205.3522856949
        7.9150000000         2.7518116008       201.5557962372
        7.9200000000         2.7463636708       203.4540409661
        7.9250000000         2.7408768371       192.0645725929
        7.9300000000         2.7353519661       197.7593067795
        7.9350000000         2.7297899303       197.7593067795
        7.9400000000         2.7241916080       193.9628173218
        7.9450000000         2.7185578833       176.8786147621
        7.9500000000         2.7128896458       182.5733489487
        7.9550000000         2.7071877905       178.7768594910
        7.9600000000         2.7014532179       174.9803700332
        7.9650000000         2.6956868334       173.0821253044
        7.9700000000         2.6898895478       165.4891463890
        7.9750000000         2.6840622763       167.3873911178
        7.9800000000         2.6782059394       173.0821253044
        7.9850000000         2.6723214616       169.2856358467
        7.9900000000         2.6664097723       173.0821253044
        7.9950000000         2.6604718049       155.9979227447
        8.0000000000         2.6545084972       165.4891463890
        8.0050000000         2.6485207908       157.8961674736
        8.0100000000         2.6425096312       157.8961674736
        8.0150000000         2.6364759678       154.0996780159
        8.0200000000         2.6304207531       152.2014332870
        8.0250000000         2.6243449436       144.6084543716
        8.0300000000         2.6182494985       142.7102096427
        8.0350000000         2.6121353805       135.1172307273
        8.0400000000         2.6060035550       142.7102096427
        8.0450000000         2.5998549903       137.0154754562
        8.0500000000         2.5936906573       131.3207412696
        8.0550000000         2.5875115295       131.3207412696
        8.0600000000         2.5813185826       129.4224965408
        8.0650000000         2.5751127946       121.8295176253
        8.0700000000         2.5688951453       116.1347834388
        8.0750000000         2.5626666168       112.3382939811
        8.0800000000         2.5564281924       127.5242518119
        8.0850000000         2.5501808574       110.4400492522
        8.0900000000         2.5439255983       110.4400492522
        8.0950000000         2.5376634028       102.8470703368
        8.1000000000         2.5313952598       110.4400492522
        8.1050000000         2.5251221591       102.8470703368
        8.1100000000         2.5188450913       100.9488256079
        8.1150000000         2.5125650477       102.8470703368
        8.1200000000         2.5062830199        89.5593572348
        8.1250000000         2.5000000000        91.4576019637
        8.1300000000         2.4937169801        81.9663783194
        8.1350000000         2.4874349523        70.5769099463
        8.1400000000         2.4811549087        49.6962179289
        8.1450000000         2.4748778409         7.9348338941
        8.1500000000         2.4686047402        -9.1493686656
        8.1550000000         2.4623365972        -3.4546344790
        8.1600000000         2.4560744017        -3.4546344790
        8.1650000000         2.4498191426         0.3418549787
        8.1700000000         2.4435718076        -3.4546344790
        8.1750000000         2.4373333832        -3.4546344790
        8.1800000000         2.4311048547        -1.5563897502
        8.1850000000         2.4248872054       -49.0125079715
        8.1900000000         2.4186814174      -111.6545840237
        8.1950000000         2.4124884705       -54.7072421581
        8.2000000000         2.4063093427      -100.2651156506
        8.2050000000         2.4001450097       -60.4019763446
        8.2100000000         2.3939964450       -96.4686261929
        8.2150000000         2.3878646195       -92.6721367352
        8.2200000000         2.3817505015      -113.5528287526
        8.2250000000         2.3756550564      -102.1633603794
        8.2300000000         2.3695792469      -100.2651156506
        8.2350000000         2.3635240322      -102.1633603794
        8.2400000000         2.3574903688      -107.8580945660
        8.2450000000         2.3514792092      -117.3493182103
        8.2500000000         2.3454915028      -111.6545840237
        8.2550000000         2.3395281951      -128.7387865834
        8.2600000000         2.3335902277      -109.7563392948
        8.2650000000         2.3276785384      -113.5528287526
        8.2700000000         2.3217940606      -132.5352760411
        8.2750000000         2.3159377237      -132.5352760411
        8.2800000000         2.3101104522      -128.7387865834
        8.2850000000         2.3043131666      -130.6370313122
        8.2900000000         2.2985467821      -128.7387865834
        8.2950000000         2.2928122095      -136.3317654988
        8.3000000000         2.2871103542      -143.9247444142
        8.3050000000         2.2814421167      -143.9247444142
        8.3100000000         2.2758083920      -126.8405418545
        8.3150000000         2.2702100697      -149.6194786008
        8.3200000000         2.2646480339      -142.0264996854
        8.3250000000         2.2591231629      -159.1107022450
        8.3300000000         2.2536363292      -143.9247444142
        8.3350000000         2.2481883992      -155.3142127873
        8.3400000000         2.2427802331      -157.2124575162
        8.3450000000         2.2374126850      -155.3142127873
        8.3500000000         2.2320866025      -151.5177233296
        8.3550000000         2.2268028266      -168.6019258893
        8.3600000000         2.2215621918      -168.6019258893
        8.3650000000         2.2163655254      -183.7878837202
        8.3700000000         2.2112136483      -170.5001706182
        8.3750000000         2.2061073739      -185.6861284490
        8.3800000000         2.2010475085      -164.8054364316
        8.3850000000         2.1960348512      -189.4826179067
        8.3900000000         2.1910701935      -172.3984153470
        8.3950000000         2.1861543194      -172.3984153470
        8.4000000000         2.1812880051      -174.2966600759
        8.4050000000         2.1764720192      -185.6861284490
        8.4100000000         2.1717071221      -189.4826179067
        8.4150000000         2.1669940663      -176.1949048047
        8.4200000000         2.1623335959      -187.5843731779
        8.4250000000         2.1577264470      -187.5843731779
        8.4300000000         2.1531733471      -189.4826179067
        8.4350000000         2.1486750151      -191.3808626356
        8.4400000000         2.1442321614      -195.1773520933
        8.4450000000         2.1398454876      -198.9738415510
        8.4500000000         2.1355156863      -200.8720862798
        8.4550000000         2.1312434413      -212.2615546530
        8.4600000000         2.1270294273      -212.2615546530
        8.4650000000         2.1228743096      -193.2791073644
        8.4700000000         2.1187787445      -219.8545335684
        8.4750000000         2.1147433786      -206.5668204664
        8.4800000000         2.1107688492      -219.8545335684
        8.4850000000         2.1068557839      -210.3633099241
        8.4900000000         2.1030048007      -216.0580441107
        8.4950000000         2.0992165076      -212.2615546530
        8.5000000000         2.0954915028      -217.9562888395
        8.5050000000         2.0918303746      -219.8545335684
        8.5100000000         2.0882337012      -240.7352255858
        8.5150000000         2.0847020504      -223.6510230261
        8.5200000000         2.0812359800      -223.6510230261
        8.5250000000         2.0778360372      -219.8545335684
        8.5300000000         2.0745027591      -231.2440019415
        8.5350000000         2.0712366719      -229.3457572126
        8.5400000000         2.0680382914      -240.7352255858
        8.5450000000         2.0649081227      -235.0404913992
        8.5500000000         2.0618466600      -236.9387361281
        8.5550000000         2.0588543868      -229.3457572126
        8.5600000000         2.0559317756      -255.9211834166
        8.5650000000         2.0530792879      -242.6334703146
        8.5700000000         2.0502973742      -242.6334703146
        8.5750000000         2.0475864738      -263.5141623320
        8.5800000000         2.0449470147      -235.0404913992
        8.5850000000         2.0423794137      -250.2264492300
        8.5900000000         2.0398840763      -236.9387361281
        8.5950000000         2.0374613966      -252.1246939589
        8.6000000000         2.0351117571      -254.0229386877
        8.6050000000         2.0328355288      -240.7352255858
        8.6100000000         2.0306330712      -265.4124070609
        8.6150000000         2.0285047321      -238.8369808569
        8.6200000000         2.0264508475      -273.0053859763
        8.6250000000         2.0244717419      -242.6334703146
        8.6300000000         2.0225677276      -263.5141623320
        8.6350000000         2.0207391055      -271.1071412474
        8.6400000000         2.0189861642      -244.5317150435
        8.6450000000         2.0173091806      -280.5983648917
        8.6500000000         2.0157084194      -274.9036307051
        8.6550000000         2.0141841335      -271.1071412474
        8.6600000000         2.0127365636      -261.6159176032
        8.6650000000         2.0113659382      -254.0229386877
        8.6700000000         2.0100724738      -271.1071412474
        8.6750000000         2.0088563746      -255.9211834166
        8.6800000000         2.0077178327      -288.1913438071
        8.6850000000         2.0066570279      -261.6159176032
        8.6900000000         2.0056741276      -282.4966096206
        8.6950000000         2.0047692872      -255.9211834166
        8.7000000000         2.0039426493      -274.9036307051
        8.7050000000         2.0031943447      -273.0053859763
        8.7100000000         2.0025244915      -273.0053859763
        8.7150000000         2.0019331954      -282.4966096206
        8.7200000000         2.0014205499      -278.7001201629
        8.7250000000         2.0009866358      -291.9878332648
        8.7300000000         2.0006315217      -265.4124070609
        8.7350000000         2.0003552637      -286.2930990783
        8.7400000000         2.0001579054      -282.4966096206
        8.7450000000         2.0000394779      -286.2930990783
        8.7500000000         2.0000000000      -282.4966096206
        8.7550000000         2.0000394779      -286.2930990783
        8.7600000000         2.0001579054      -276.8018754340
        8.7650000000         2.0003552637      -288.1913438071
        8.7700000000         2.0006315217      -278.7001201629
        8.7750000000         2.0009866358      -293.8860779937
        8.7800000000         2.0014205499      -291.9878332648
        8.7850000000         2.0019331954      -301.4790569091
        8.7900000000         2.0025244915      -284.3948543494
        8.7950000000         2.0031943447      -278.7001201629
        8.8000000000         2.0039426493      -297.6825674514
        8.8050000000         2.0047692872      -280.5983648917
        8.8100000000         2.0056741276      -303.3773016380
        8.8150000000         2.0066570279      -282.4966096206
        8.8200000000         2.0077178327      -309.0720358245
        8.8250000000         2.0088563746      -284.3948543494
        8.8300000000         2.0100724738      -301.4790569091
        8.8350000000         2.0113659382      -290.0895885360
        8.8400000000         2.0127365636      -288.1913438071
        8.8450000000         2.0141841335      -291.9878332648
        8.8500000000         2.0157084194      -288.1913438071
        8.8550000000         2.0173091806      -290.0895885360
        8.8600000000         2.0189861642      -293.8860779937
        8.8650000000         2.0207391055      -282.4966096206
        8.8700000000         2.0225677276      -299.5808121802
        8.8750000000         2.0244717419      -280.5983648917
        8.8800000000         2.0264508475      -295.7843227225
        8.8850000000         2.0285047321      -278.7001201629
        8.8900000000         2.0306330712      -293.8860779937
        8.8950000000         2.0328355288      -293.8860779937
        8.9000000000         2.0351117571      -290.0895885360
        8.9050000000         2.0374613966      -288.1913438071
        8.9100000000         2.0398840763      -284.3948543494
        8.9150000000         2.0423794137      -286.2930990783
        8.9200000000         2.0449470147      -299.5808121802
        8.9250000000         2.0475864738      -278.7001201629
        8.9300000000         2.0502973742      -288.1913438071
        8.9350000000         2.0530792879      -288.1913438071
        8.9400000000         2.0559317756      -274.9036307051
        8.9450000000         2.0588543868      -291.9878332648
        8.9500000000         2.0618466600      -276.8018754340
        8.9550000000         2.0649081227      -293.8860779937
        8.9600000000         2.0680382914      -273.0053859763
        8.9650000000         2.0712366719      -293.8860779937
        8.9700000000         2.0745027591      -278.7001201629
        8.9750000000         2.0778360372      -291.9878332648
        8.9800000000         2.0812359800      -257.8194281455
        8.9850000000         2.0847020504      -291.9878332648
        8.9900000000         2.0882337012      -267.3106517897
        8.9950000000         2.0918303746      -288.1913438071
        9.0000000000         2.0954915028      -276.8018754340
        9.0050000000         2.0992165076      -271.1071412474
        9.0100000000         2.1030048007      -282.4966096206
        9.0150000000         2.1068557839      -267.3106517897
        9.0200000000         2.1107688492      -274.9036307051
        9.0250000000         2.1147433786      -278.7001201629
        9.0300000000         2.1187787445      -286.2930990783
        9.0350000000         2.1228743096      -276.8018754340
        9.0400000000         2.1270294273      -265.4124070609
        9.0450000000         2.1312434413      -265.4124070609
        9.0500000000         2.1355156863      -286.2930990783
        9.0550000000         2.1398454876      -278.7001201629
        9.0600000000         2.1442321614      -273.0053859763
        9.0650000000         2.1486750151      -269.2088965186
        9.0700000000         2.1531733471      -250.2264492300
        9.0750000000         2.1577264470      -267.3106517897
        9.0800000000         2.1623335959      -265.4124070609
        9.0850000000         2.1669940663      -274.9036307051
        9.0900000000         2.1717071221      -271.1071412474
        9.0950000000         2.1764720192      -278.7001201629
        9.1000000000         2.1812880051      -255.9211834166
        9.1050000000         2.1861543194      -265.4124070609
        9.1100000000         2.1910701935      -278.7001201629
        9.1150000000         2.1960348512      -278.7001201629
        9.1200000000         2.2010475085      -255.9211834166
        9.1250000000         2.2061073739      -271.1071412474
        9.1300000000         2.2112136483      -261.6159176032
        9.1350000000         2.2163655254      -261.6159176032
        9.1400000000         2.2215621918      -252.1246939589
        9.1450000000         2.2268028266      -248.3282045012
        9.1500000000         2.2320866025      -261.6159176032
        9.1550000000         2.2374126850      -255.9211834166
        9.1600000000         2.2427802331      -259.7176728743
        9.1650000000         2.2481883992      -248.3282045012
        9.1700000000         2.2536363292      -244.5317150435
        9.1750000000         2.2591231629      -235.0404913992
        9.1800000000         2.2646480339      -240.7352255858
        9.1850000000         2.2702100697      -244.5317150435
        9.1900000000         2.2758083920      -248.3282045012
        9.1950000000         2.2814421167      -242.6334703146
        9.2000000000         2.2871103542      -248.3282045012
        9.2050000000         2.2928122095      -235.0404913992
        9.2100000000         2.2985467821      -233.1422466704
        9.2150000000         2.3043131666      -248.3282045012
        9.2200000000         2.3101104522      -219.8545335684
        9.2250000000         2.3159377237      -246.4299597723
        9.2300000000         2.3217940606      -210.3633099241
        9.2350000000         2.3276785384      -212.2615546530
        9.2400000000         2.3335902277      -214.1597993818
        9.2450000000         2.3395281951      -214.1597993818
        9.2500000000         2.3454915028      -227.4475124838
        9.2550000000         2.3514792092      -219.8545335684
        9.2600000000         2.3574903688      -202.7703310087
        9.2650000000         2.3635240322      -204.6685757375
        9.2700000000         2.3695792469      -193.2791073644
        9.2750000000         2.3756550564      -200.8720862798
        9.2800000000         2.3817505015      -206.5668204664
        9.2850000000         2.3878646195      -204.6685757375
        9.2900000000         2.3939964450      -168.6019258893
        9.2950000000         2.4001450097      -174.2966600759
        9.3000000000         2.4063093427      -189.4826179067
        9.3050000000         2.4124884705      -181.8896389913
        9.3100000000         2.4186814174      -200.8720862798
        9.3150000000         2.4248872054      -174.2966600759
        9.3200000000         2.4311048547      -191.3808626356
        9.3250000000         2.4373333832      -174.2966600759
        9.3300000000         2.4435718076      -151.5177233296
        9.3350000000         2.4498191426      -176.1949048047
        9.3400000000         2.4560744017      -168.6019258893
        9.3450000000         2.4623365972      -168.6019258893
        9.3500000000         2.4686047402      -151.5177233296
        9.3550000000         2.4748778409      -161.0089469739
        9.3600000000         2.4811549087      -168.6019258893
        9.3650000000         2.4874349523      -157.2124575162
        9.3700000000         2.4937169801      -145.8229891431
        9.3750000000         2.5000000000      -151.5177233296
        9.3800000000         2.5062830199      -115.4510734814
        9.3850000000         2.5125650477      -126.8405418545
        9.3900000000         2.5188450913       -88.8756472775
        9.3950000000         2.5251221591       -37.6230395984
        9.4000000000         2.5313952598       -16.7423475810
        9.4050000000         2.5376634028        11.7313233518
        9.4100000000         2.5439255983        -1.5563897502
        9.4150000000         2.5501808574         0.3418549787
        9.4200000000         2.5564281924         6.0365891652
        9.4250000000         2.5626666168        -1.5563897502
        9.4300000000         2.5688951453         4.1383444364
        9.4350000000         2.5751127946        -1.5563897502
        9.4400000000         2.5813185826        -5.3528792079
        9.4450000000         2.5875115295         2.2400997075
        9.4500000000         2.5936906573        61.0856863020
        9.4550000000         2.5998549903        53.4927073866
        9.4600000000         2.6060035550        55.3909521154
        9.4650000000         2.6121353805        55.3909521154
        9.4700000000         2.6182494985        51.5944626577
        9.4750000000         2.6243449436        55.3909521154
        9.4800000000         2.6304207531        47.7979732000
        9.4850000000         2.6364759678        59.1874415732
        9.4900000000         2.6425096312        64.8821757597
        9.4950000000         2.6485207908        59.1874415732
        9.5000000000         2.6545084972        72.4751546751
        9.5050000000         2.6604718049        55.3909521154
        9.5100000000         2.6664097723        72.4751546751
        9.5150000000         2.6723214616        57.2891968443
        9.5200000000         2.6782059394        61.0856863020
        9.5250000000         2.6840622763        66.7804204886
        9.5300000000         2.6898895478        66.7804204886
        9.5350000000         2.6956868334        81.9663783194
        9.5400000000         2.7014532179        61.0856863020
        9.5450000000         2.7071877905        74.3733994040
        9.5500000000         2.7128896458        78.1698888617
        9.5550000000         2.7185578833        93.3558466925
        9.5600000000         2.7241916080        72.4751546751
        9.5650000000         2.7297899303        89.5593572348
        9.5700000000         2.7353519661        91.4576019637
        9.5750000000         2.7408768371        93.3558466925
        9.5800000000         2.7463636708        95.2540914214
        9.5850000000         2.7518116008        91.4576019637
        9.5900000000         2.7572197669        97.1523361502
        9.5950000000         2.7625873150       106.6435597945
        9.6000000000         2.7679133975       102.8470703368
        9.6050000000         2.7731971734       116.1347834388
        9.6100000000         2.7784378082       118.0330281676
        9.6150000000         2.7836344746       112.3382939811
        9.6200000000         2.7887863517       123.7277623542
        9.6250000000         2.7938926261       127.5242518119
        9.6300000000         2.7989524915       133.2189859985
        9.6350000000         2.8039651488       127.5242518119
        9.6400000000         2.8089298065       133.2189859985
        9.6450000000         2.8138456806       129.4224965408
        9.6500000000         2.8187119949       137.0154754562
        9.6550000000         2.8235279808       135.1172307273
        9.6600000000         2.8282928779       131.3207412696
        9.6650000000         2.8330059337       138.9137201850
        9.6700000000         2.8376664041       144.6084543716
        9.6750000000         2.8422735530       148.4049438293
        9.6800000000         2.8468266529       159.7944122024
        9.6850000000         2.8513249849       157.8961674736
        9.6900000000         2.8557678386       157.8961674736
        9.6950000000         2.8601545124       152.2014332870
        9.7000000000         2.8644843137       154.0996780159
        9.7050000000         2.8687565587       154.0996780159
        9.7100000000         2.8729705727       165.4891463890
        9.7150000000         2.8771256904       159.7944122024
        9.7200000000         2.8812212555       154.0996780159
        9.7250000000         2.8852566214       173.0821253044
        9.7300000000         2.8892311508       165.4891463890
        9.7350000000         2.8931442161       174.9803700332
        9.7400000000         2.8969951993       176.8786147621
        9.7450000000         2.9007834924       169.2856358467
        9.7500000000         2.9045084972       192.0645725929
        9.7550000000         2.9081696254       176.8786147621
        9.7600000000         2.9117662988       178.7768594910
        9.7650000000         2.9152979496       193.9628173218
        9.7700000000         2.9187640200       188.2680831352
        9.7750000000         2.9221639628       192.0645725929
        9.7800000000         2.9254972409       190.1663278641
        9.7850000000         2.9287633281       203.4540409661
        9.7900000000         2.9319617086       193.9628173218
        9.7950000000         2.9350918773       205.3522856949
        9.8000000000         2.9381533400       203.4540409661
        9.8050000000         2.9411456132       197.7593067795
        9.8100000000         2.9440682244       212.9452646103
        9.8150000000         2.9469207121       193.9628173218
        9.8200000000         2.9497026258       211.0470198815
        9.8250000000         2.9524135262       214.8435093392
        9.8300000000         2.9550529853       207.2505304238
        9.8350000000         2.9576205863       212.9452646103
        9.8400000000         2.9601159237       197.7593067795
        9.8450000000         2.9625386034       222.4364882546
        9.8500000000         2.9648882429       224.3347329835
        9.8550000000         2.9671644712       233.8259566277
        9.8600000000         2.9693669288       220.5382435257
        9.8650000000         2.9714952679       245.2154250008
        9.8700000000         2.9735491525       230.0294671700
        9.8750000000         2.9755282581       237.6224460854
        9.8800000000         2.9774322724       237.6224460854
        9.8850000000         2.9792608945       228.1312224412
        9.8900000000         2.9810138358       235.7242013566
        9.8950000000         2.9826908194       220.5382435257
        9.9000000000         2.9842915806       245.2154250008
        9.9050000000         2.9858158665       247.1136697297
        9.9100000000         2.9872634364       237.6224460854
        9.9150000000         2.9886340618       230.0294671700
        9.9200000000         2.9899275262       230.0294671700
        9.9250000000         2.9911436254       226.2329777123
        9.9300000000         2.9922821673       241.4189355431
        9.9350000000         2.9933429721       247.1136697297
        9.9400000000         2.9943258724       243.3171802720
        9.9450000000         2.9952307128       243.3171802720
        9.9500000000         2.9960573507       237.6224460854
        9.9550000000         2.9968056553       260.4013828317
        9.9600000000         2.9974755085       249.0119144586
        9.9650000000         2.9980668046       260.4013828317
        9.9700000000         2.9985794501       249.0119144586
        9.9750000000         2.9990133642       252.8084039163
        9.9800000000         2.9993684783       262.2996275605
        9.9850000000         2.9996447363       243.3171802720
        9.9900000000         2.9998420946       269.8926064759
        9.9950000000         2.9999605221       256.6048933740
       10.0000000000         3.0000000000       260.4013828317
       10.0050000000         2.9999605221       264.1978722894
       10.0100000000         2.9998420946       256.6048933740
       10.0150000000         2.9996447363       275.5873406625
       10.0200000000         2.9993684783       264.1978722894
       10.0250000000         2.9990133642       258.5031381028
       10.0300000000         2.9985794501       262.2996275605
       10.0350000000         2.9980668046       277.4855853914
       10.0400000000         2.9974755085       273.6890959337
       10.0450000000         2.9968056553       275.5873406625
       10.0500000000         2.9960573507       264.1978722894
       10.0550000000         2.9952307128       262.2996275605
       10.0600000000         2.9943258724       271.7908512048
       10.0650000000         2.9933429721       273.6890959337
       10.0700000000         2.9922821673       273.6890959337
       10.0750000000         2.9911436254       267.9943617471
       10.0800000000         2.9899275262       273.6890959337
       10.0850000000         2.9886340618       264.1978722894
       10.0900000000         2.9872634364       271.7908512048
       10.0950000000         2.9858158665       277.4855853914
       10.1000000000         2.9842915806       290.7732984933
       10.1050000000         2.9826908194       267.9943617471
       10.1100000000         2.9810138358       279.3838301202
       10.1150000000         2.9792608945       269.8926064759
       10.1200000000         2.9774322724       262.2996275605
       10.1250000000         2.9755282581       277.4855853914
       10.1300000000         2.9735491525       267.9943617471
       10.1350000000         2.9714952679       286.9768090356
       10.1400000000         2.9693669288       262.2996275605
       10.1450000000         2.9671644712       277.4855853914
       10.1500000000         2.9648882429       260.4013828317
       10.1550000000         2.9625386034       267.9943617471
       10.1600000000         2.9601159237       273.6890959337
       10.1650000000         2.9576205863       285.0785643068
       10.1700000000         2.9550529853       271.7908512048
       10.1750000000         2.9524135262       267.9943617471
       10.1800000000         2.9497026258       273.6890959337
       10.1850000000         2.9469207121       267.9943617471
       10.1900000000         2.9440682244       258.5031381028
       10.1950000000         2.9411456132       275.5873406625
       10.2000000000         2.9381533400       275.5873406625
       10.2050000000         2.9350918773       264.1978722894
       10.2100000000         2.9319617086       273.6890959337
       10.2150000000         2.9287633281       260.4013828317
       10.2200000000         2.9254972409       271.7908512048
       10.2250000000         2.9221639628       266.0961170182
       10.2300000000         2.9187640200       262.2996275605
       10.2350000000         2.9152979496       275.5873406625
       10.2400000000         2.9117662988       258.5031381028
       10.2450000000         2.9081696254       247.1136697297
       10.2500000000         2.9045084972       258.5031381028
       10.2550000000         2.9007834924       279.3838301202
       10.2600000000         2.8969951993       256.6048933740
       10.2650000000         2.8931442161       267.9943617471
       10.2700000000         2.8892311508       250.9101591874
       10.2750000000         2.8852566214       264.1978722894
       10.2800000000         2.8812212555       262.2996275605
       10.2850000000         2.8771256904       266.0961170182
       10.2900000000         2.8729705727       256.6048933740
       10.2950000000         2.8687565587       249.0119144586
       10.3000000000         2.8644843137       271.7908512048
       10.3050000000         2.8601545124       252.8084039163
       10.3100000000         2.8557678386       264.1978722894
       10.3150000000         2.8513249849       258.5031381028
       10.3200000000         2.8468266529       260.4013828317
       10.3250000000         2.8422735530       252.8084039163
       10.3300000000         2.8376664041       254.7066486451
       10.3350000000         2.8330059337       256.6048933740
       10.3400000000         2.8282928779       247.1136697297
       10.3450000000         2.8235279808       247.1136697297
       10.3500000000         2.8187119949       233.8259566277
       10.3550000000         2.8138456806       249.0119144586
       10.3600000000         2.8089298065       243.3171802720
       10.3650000000         2.8039651488       230.0294671700
       10.3700000000         2.7989524915       218.6399987969
       10.3750000000         2.7938926261       228.1312224412
       10.3800000000         2.7887863517       235.7242013566
       10.3850000000         2.7836344746       224.3347329835
       10.3900000000         2.7784378082       228.1312224412
       10.3950000000         2.7731971734       237.6224460854
       10.4000000000         2.7679133975       214.8435093392
       10.4050000000         2.7625873150       239.5206908143
       10.4100000000         2.7572197669       230.0294671700
       10.4150000000         2.7518116008       214.8435093392
       10.4200000000         2.7463636708       228.1312224412
       10.4250000000         2.7408768371       195.8610620506
       10.4300000000         2.7353519661       212.9452646103
       10.4350000000         2.7297899303       224.3347329835
       10.4400000000         2.7241916080       192.0645725929
       10.4450000000         2.7185578833       216.7417540680
       10.4500000000         2.7128896458       186.3698384064
       10.4550000000         2.7071877905       201.5557962372
       10.4600000000         2.7014532179       203.4540409661
       10.4650000000         2.6956868334       192.0645725929
       10.4700000000         2.6898895478       188.2680831352
       10.4750000000         2.6840622763       190.1663278641
       10.4800000000         2.6782059394       174.9803700332
       10.4850000000         2.6723214616       173.0821253044
       10.4900000000         2.6664097723       178.7768594910
       10.4950000000         2.6604718049       176.8786147621
       10.5000000000         2.6545084972       180.6751042198
       10.5050000000         2.6485207908       165.4891463890
       10.5100000000         2.6425096312       155.9979227447
       10.5150000000         2.6364759678       161.6926569313
       10.5200000000         2.6304207531       152.2014332870
       10.5250000000         2.6243449436       169.2856358467
       10.5300000000         2.6182494985       152.2014332870
       10.5350000000         2.6121353805       148.4049438293
       10.5400000000         2.6060035550       144.6084543716
       10.5450000000         2.5998549903       137.0154754562
       10.5500000000         2.5936906573       140.8119649139
       10.5550000000         2.5875115295       133.2189859985
       10.5600000000         2.5813185826       127.5242518119
       10.5650000000         2.5751127946       121.8295176253
       10.5700000000         2.5688951453       131.3207412696
       10.5750000000         2.5626666168       119.9312728965
       10.5800000000         2.5564281924       118.0330281676
       10.5850000000         2.5501808574       121.8295176253
       10.5900000000         2.5439255983       106.6435597945
       10.5950000000         2.5376634028       121.8295176253
       10.6000000000         2.5313952598       108.5418045234
       10.6050000000         2.5251221591       116.1347834388
       10.6100000000         2.5188450913       100.9488256079
       10.6150000000         2.5125650477       108.5418045234
       10.6200000000         2.5062830199       106.6435597945
       10.6250000000         2.5000000000        95.2540914214
       10.6300000000         2.4937169801        81.9663783194
       10.6350000000         2.4874349523        78.1698888617
       10.6400000000         2.4811549087        51.5944626577
       10.6450000000         2.4748778409         9.8330786230
       10.6500000000         2.4686047402        -7.2511239367
       10.6550000000         2.4623365972        -7.2511239367
       10.6600000000         2.4560744017         2.2400997075
       10.6650000000         2.4498191426         9.8330786230
       10.6700000000         2.4435718076         4.1383444364
       10.6750000000         2.4373333832         0.3418549787
       10.6800000000         2.4311048547        -7.2511239367
       10.6850000000         2.4248872054       -54.7072421581
       10.6900000000         2.4186814174      -104.0616051083
       10.6950000000         2.4124884705       -69.8931999889
       10.7000000000         2.4063093427       -88.8756472775
       10.7050000000         2.4001450097       -79.3844236332
       10.7100000000         2.3939964450      -102.1633603794
       10.7150000000         2.3878646195       -83.1809130909
       10.7200000000         2.3817505015      -115.4510734814
       10.7250000000         2.3756550564      -111.6545840237
       10.7300000000         2.3695792469      -111.6545840237
       10.7350000000         2.3635240322      -111.6545840237
       10.7400000000         2.3574903688      -104.0616051083
       10.7450000000         2.3514792092      -126.8405418545
       10.7500000000         2.3454915028      -117.3493182103
       10.7550000000         2.3395281951      -119.2475629391
       10.7600000000         2.3335902277      -113.5528287526
       10.7650000000         2.3276785384      -124.9422971257
       10.7700000000         2.3217940606      -123.0440523968
       10.7750000000         2.3159377237      -138.2300102277
       10.7800000000         2.3101104522      -126.8405418545
       10.7850000000         2.3043131666      -128.7387865834
       10.7900000000         2.2985467821      -136.3317654988
       10.7950000000         2.2928122095      -130.6370313122
       10.8000000000         2.2871103542      -151.5177233296
       10.8050000000         2.2814421167      -124.9422971257
       10.8100000000         2.2758083920      -153.4159680585
       10.8150000000         2.2702100697      -132.5352760411
       10.8200000000         2.2646480339      -143.9247444142
       10.8250000000         2.2591231629      -142.0264996854
       10.8300000000         2.2536363292      -151.5177233296
       10.8350000000         2.2481883992      -157.2124575162
       10.8400000000         2.2427802331      -151.5177233296
       10.8450000000         2.2374126850      -164.8054364316
       10.8500000000         2.2320866025      -162.9071917028
       10.8550000000         2.2268028266      -168.6019258893
       10.8600000000         2.2215621918      -172.3984153470
       10.8650000000         2.2163655254      -174.2966600759
       10.8700000000         2.2112136483      -166.7036811605
       10.8750000000         2.2061073739      -164.8054364316
       10.8800000000         2.2010475085      -172.3984153470
       10.8850000000         2.1960348512      -191.3808626356
       10.8900000000         2.1910701935      -181.8896389913
       10.8950000000         2.1861543194      -187.5843731779
       10.9000000000         2.1812880051      -187.5843731779
       10.9050000000         2.1764720192      -183.7878837202
       10.9100000000         2.1717071221      -185.6861284490
       10.9150000000         2.1669940663      -187.5843731779
       10.9200000000         2.1623335959      -195.1773520933
       10.9250000000         2.1577264470      -187.5843731779
       10.9300000000         2.1531733471      -202.7703310087
       10.9350000000         2.1486750151      -193.2791073644
       10.9400000000         2.1442321614      -191.3808626356
       10.9450000000         2.1398454876      -200.8720862798
       10.9500000000         2.1355156863      -198.9738415510
       10.9550000000         2.1312434413      -200.8720862798
       10.9600000000         2.1270294273      -212.2615546530
       10.9650000000         2.1228743096      -202.7703310087
       10.9700000000         2.1187787445      -204.6685757375
       10.9750000000         2.1147433786      -214.1597993818
       10.9800000000         2.1107688492      -210.3633099241
       10.9850000000         2.1068557839      -212.2615546530
       10.9900000000         2.1030048007      -216.0580441107
       10.9950000000         2.0992165076      -212.2615546530
       11.0000000000         2.0954915028      -214.1597993818
       11.0050000000         2.0918303746      -206.5668204664
       11.0100000000         2.0882337012      -221.7527782972
       11.0150000000         2.0847020504      -217.9562888395
       11.0200000000         2.0812359800      -236.9387361281
       11.0250000000         2.0778360372      -221.7527782972
       11.0300000000         2.0745027591      -233.1422466704
       11.0350000000         2.0712366719      -242.6334703146
       11.0400000000         2.0680382914      -223.6510230261
       11.0450000000         2.0649081227      -236.9387361281
       11.0500000000         2.0618466600      -227.4475124838
       11.0550000000         2.0588543868      -219.8545335684
       11.0600000000         2.0559317756      -246.4299597723
       11.0650000000         2.0530792879      -219.8545335684
       11.0700000000         2.0502973742      -259.7176728743
       11.0750000000         2.0475864738      -233.1422466704
       11.0800000000         2.0449470147      -229.3457572126
       11.0850000000         2.0423794137      -240.7352255858
       11.0900000000         2.0398840763      -229.3457572126
       11.0950000000         2.0374613966      -252.1246939589
       11.1000000000         2.0351117571      -236.9387361281
       11.1050000000         2.0328355288      -246.4299597723
       11.1100000000         2.0306330712      -250.2264492300
       11.1150000000         2.0285047321      -231.2440019415
       11.1200000000         2.0264508475      -263.5141623320
       11.1250000000         2.0244717419      -248.3282045012
       11.1300000000         2.0225677276      -254.0229386877
       11.1350000000         2.0207391055      -255.9211834166
       11.1400000000         2.0189861642      -252.1246939589
       11.1450000000         2.0173091806      -267.3106517897
       11.1500000000         2.0157084194      -255.9211834166
       11.1550000000         2.0141841335      -263.5141623320
       11.1600000000         2.0127365636      -255.9211834166
       11.1650000000         2.0113659382      -252.1246939589
       11.1700000000         2.0100724738      -274.9036307051
       11.1750000000         2.0088563746      -254.0229386877
       11.1800000000         2.0077178327      -286.2930990783
       11.1850000000         2.0066570279      -261.6159176032
       11.1900000000         2.0056741276      -265.4124070609
       11.1950000000         2.0047692872      -269.2088965186
       11.2000000000         2.0039426493      -265.4124070609
       11.2050000000         2.0031943447      -269.2088965186
       11.2100000000         2.0025244915      -257.8194281455
       11.2150000000         2.0019331954      -278.7001201629
       11.2200000000         2.0014205499      -257.8194281455
       11.2250000000         2.0009866358      -295.7843227225
       11.2300000000         2.0006315217      -255.9211834166
       11.2350000000         2.0003552637      -286.2930990783
       11.2400000000         2.0001579054      -273.0053859763
       11.2450000000         2.0000394779      -278.7001201629
       11.2500000000         2.0000000000      -280.5983648917
       11.2550000000         2.0000394779      -278.7001201629
       11.2600000000         2.0001579054      -303.3773016380
       11.2650000000         2.0003552637      -278.7001201629
       11.2700000000         2.0006315217      -290.0895885360
       11.2750000000         2.0009866358      -286.2930990783
       11.2800000000         2.0014205499      -280.5983648917
       11.2850000000         2.0019331954      -282.4966096206
       11.2900000000         2.0025244915      -293.8860779937
       11.2950000000         2.0031943447      -276.8018754340
       11.3000000000         2.0039426493      -293.8860779937
       11.3050000000         2.0047692872      -280.5983648917
       11.3100000000         2.0056741276      -282.4966096206
       11.3150000000         2.0066570279      -282.4966096206
       11.3200000000         2.0077178327      -293.8860779937
       11.3250000000         2.0088563746      -288.1913438071
       11.3300000000         2.0100724738      -291.9878332648
       11.3350000000         2.0113659382      -288.1913438071
       11.3400000000         2.0127365636      -301.4790569091
       11.3450000000         2.0141841335      -280.5983648917
       11.3500000000         2.0157084194      -288.1913438071
       11.3550000000         2.0173091806      -303.3773016380
       11.3600000000         2.0189861642      -291.9878332648
       11.3650000000         2.0207391055      -299.5808121802
       11.3700000000         2.0225677276      -288.1913438071
       11.3750000000         2.0244717419      -293.8860779937
       11.3800000000         2.0264508475      -282.4966096206
       11.3850000000         2.0285047321      -276.8018754340
       11.3900000000         2.0306330712      -293.8860779937
       11.3950000000         2.0328355288      -293.8860779937
       11.4000000000         2.0351117571      -291.9878332648
       11.4050000000         2.0374613966      -282.4966096206
       11.4100000000         2.0398840763      -284.3948543494
       11.4150000000         2.0423794137      -297.6825674514
       11.4200000000         2.0449470147      -293.8860779937
       11.4250000000         2.0475864738      -293.8860779937
       11.4300000000         2.0502973742      -278.7001201629
       11.4350000000         2.0530792879      -293.8860779937
       11.4400000000         2.0559317756      -288.1913438071
       11.4450000000         2.0588543868      -297.6825674514
       11.4500000000         2.0618466600      -293.8860779937
       11.4550000000         2.0649081227      -286.2930990783
       11.4600000000         2.0680382914      -265.4124070609
       11.4650000000         2.0712366719      -288.1913438071
       11.4700000000         2.0745027591      -291.9878332648
       11.4750000000         2.0778360372      -293.8860779937
       11.4800000000         2.0812359800      -282.4966096206
       11.4850000000         2.0847020504      -282.4966096206
       11.4900000000         2.0882337012      -278.7001201629
       11.4950000000         2.0918303746      -286.2930990783
       11.5000000000         2.0954915028      -273.0053859763
       11.5050000000         2.0992165076      -303.3773016380
       11.5100000000         2.1030048007      -280.5983648917
       11.5150000000         2.1068557839      -290.0895885360
       11.5200000000         2.1107688492      -286.2930990783
       11.5250000000         2.1147433786      -273.0053859763
       11.5300000000         2.1187787445      -267.3106517897
       11.5350000000         2.1228743096      -263.5141623320
       11.5400000000         2.1270294273      -282.4966096206
       11.5450000000         2.1312434413      -274.9036307051
       11.5500000000         2.1355156863      -282.4966096206
       11.5550000000         2.1398454876      -271.1071412474
       11.5600000000         2.1442321614      -284.3948543494
       11.5650000000         2.1486750151      -265.4124070609
       11.5700000000         2.1531733471      -273.0053859763
       11.5750000000         2.1577264470      -280.5983648917
       11.5800000000         2.1623335959      -248.3282045012
       11.5850000000         2.1669940663      -280.5983648917
       11.5900000000         2.1717071221      -257.8194281455
       11.5950000000         2.1764720192      -276.8018754340
       11.6000000000         2.1812880051      -250.2264492300
       11.6050000000         2.1861543194      -257.8194281455
       11.6100000000         2.1910701935      -261.6159176032
       11.6150000000         2.1960348512      -248.3282045012
       11.6200000000         2.2010475085      -269.2088965186
       11.6250000000         2.2061073739      -240.7352255858
       11.6300000000         2.2112136483      -252.1246939589
       11.6350000000         2.2163655254      -236.9387361281
       11.6400000000         2.2215621918      -259.7176728743
       11.6450000000         2.2268028266      -263.5141623320
       11.6500000000         2.2320866025      -252.1246939589
       11.6550000000         2.2374126850      -248.3282045012
       11.6600000000         2.2427802331      -235.0404913992
       11.6650000000         2.2481883992      -238.8369808569
       11.6700000000         2.2536363292      -242.6334703146
       11.6750000000         2.2591231629      -252.1246939589
       11.6800000000         2.2646480339      -225.5492677549
       11.6850000000         2.2702100697      -246.4299597723
       11.6900000000         2.2758083920      -217.9562888395
       11.6950000000         2.2814421167      -231.2440019415
       11.7000000000         2.2871103542      -221.7527782972
       11.7050000000         2.2928122095      -233.1422466704
       11.7100000000         2.2985467821      -223.6510230261
       11.7150000000         2.3043131666      -221.7527782972
       11.7200000000         2.3101104522      -214.1597993818
       11.7250000000         2.3159377237      -225.5492677549
       11.7300000000         2.3217940606      -219.8545335684
       11.7350000000         2.3276785384      -216.0580441107
       11.7400000000         2.3335902277      -198.9738415510
       11.7450000000         2.3395281951      -217.9562888395
       11.7500000000         2.3454915028      -187.5843731779
       11.7550000000         2.3514792092      -214.1597993818
       11.7600000000         2.3574903688      -206.5668204664
       11.7650000000         2.3635240322      -202.7703310087
       11.7700000000         2.3695792469      -176.1949048047
       11.7750000000         2.3756550564      -193.2791073644
       11.7800000000         2.3817505015      -195.1773520933
       11.7850000000         2.3878646195      -189.4826179067
       11.7900000000         2.3939964450      -197.0755968221
       11.7950000000         2.4001450097      -181.8896389913
       11.8000000000         2.4063093427      -191.3808626356
       11.8050000000         2.4124884705      -187.5843731779
       11.8100000000         2.4186814174      -195.1773520933
       11.8150000000         2.4248872054      -185.6861284490
       11.8200000000         2.4311048547      -185.6861284490
       11.8250000000         2.4373333832      -185.6861284490
       11.8300000000         2.4435718076      -170.5001706182
       11.8350000000         2.4498191426      -176.1949048047
       11.8400000000         2.4560744017      -174.2966600759
       11.8450000000         2.4623365972      -172.3984153470
       11.8500000000         2.4686047402      -172.3984153470
       11.8550000000         2.4748778409      -157.2124575162
       11.8600000000         2.4811549087      -149.6194786008
       11.8650000000         2.4874349523      -155.3142127873
       11.8700000000         2.4937169801      -140.1282549565
       11.8750000000         2.5000000000      -168.6019258893
       11.8800000000         2.5062830199      -134.4335207699
       11.8850000000         2.5125650477      -119.2475629391
       11.8900000000         2.5188450913      -111.6545840237
       11.8950000000         2.5251221591       -60.4019763446
       11.9000000000         2.5313952598       -16.7423475810
       11.9050000000         2.5376634028        11.7313233518
       11.9100000000         2.5439255983         9.8330786230
       11.9150000000         2.5501808574        -3.4546344790
       11.9200000000         2.5564281924       -12.9458581233
       11.9250000000         2.5626666168        -3.4546344790
       11.9300000000         2.5688951453        -1.5563897502
       11.9350000000         2.5751127946        -1.5563897502
       11.9400000000         2.5813185826        -5.3528792079
       11.9450000000         2.5875115295         2.2400997075
       11.9500000000         2.5936906573        62.9839310309
       11.9550000000         2.5998549903        68.6786652174
       11.9600000000         2.6060035550        55.3909521154
       11.9650000000         2.6121353805        57.2891968443
       11.9700000000         2.6182494985        47.7979732000
       11.9750000000         2.6243449436        57.2891968443
       11.9800000000         2.6304207531        51.5944626577
       11.9850000000         2.6364759678        62.9839310309
       11.9900000000         2.6425096312        59.1874415732
       11.9950000000         2.6485207908        55.3909521154
       12.0000000000         2.6545084972        61.0856863020
       12.0050000000         2.6604718049        53.4927073866
       12.0100000000         2.6664097723        62.9839310309
       12.0150000000         2.6723214616        61.0856863020
       12.0200000000         2.6782059394        66.7804204886
       12.0250000000         2.6840622763        70.5769099463
       12.0300000000         2.6898895478        66.7804204886
       12.0350000000         2.6956868334        68.6786652174
       12.0400000000         2.7014532179        70.5769099463
       12.0450000000         2.7071877905        57.2891968443
       12.0500000000         2.7128896458        81.9663783194
       12.0550000000         2.7185578833        81.9663783194
       12.0600000000         2.7241916080        78.1698888617
       12.0650000000         2.7297899303        85.7628677771
       12.0700000000         2.7353519661        85.7628677771
       12.0750000000         2.7408768371        89.5593572348
       12.0800000000         2.7463636708        91.4576019637
       12.0850000000         2.7518116008        91.4576019637
       12.0900000000         2.7572197669        95.2540914214
       12.0950000000         2.7625873150       102.8470703368
       12.1000000000         2.7679133975       106.6435597945
       12.1050000000         2.7731971734       110.4400492522
       12.1100000000         2.7784378082       102.8470703368
       12.1150000000         2.7836344746       116.1347834388
       12.1200000000         2.7887863517        99.0505808791
       12.1250000000         2.7938926261       112.3382939811
       12.1300000000         2.7989524915       106.6435597945
       12.1350000000         2.8039651488       116.1347834388
       12.1400000000         2.8089298065       108.5418045234
       12.1450000000         2.8138456806       114.2365387099
       12.1500000000         2.8187119949       125.6260070830
       12.1550000000         2.8235279808       123.7277623542
       12.1600000000         2.8282928779       144.6084543716
       12.1650000000         2.8330059337       121.8295176253
       12.1700000000         2.8376664041       133.2189859985
       12.1750000000         2.8422735530       131.3207412696
       12.1800000000         2.8468266529       137.0154754562
       12.1850000000         2.8513249849       144.6084543716
       12.1900000000         2.8557678386       146.5066991004
       12.1950000000         2.8601545124       146.5066991004
       12.2000000000         2.8644843137       148.4049438293
       12.2050000000         2.8687565587       144.6084543716
       12.2100000000         2.8729705727       161.6926569313
       12.2150000000         2.8771256904       161.6926569313
       12.2200000000         2.8812212555       157.8961674736
       12.2250000000         2.8852566214       169.2856358467
       12.2300000000         2.8892311508       161.6926569313
       12.2350000000         2.8931442161       178.7768594910
       12.2400000000         2.8969951993       163.5909016601
       12.2450000000         2.9007834924       184.4715936775
       12.2500000000         2.9045084972       176.8786147621
       12.2550000000         2.9081696254       188.2680831352
       12.2600000000         2.9117662988       192.0645725929
       12.2650000000         2.9152979496       186.3698384064
       12.2700000000         2.9187640200       193.9628173218
       12.2750000000         2.9221639628       184.4715936775
       12.2800000000         2.9254972409       199.6575515084
       12.2850000000         2.9287633281       199.6575515084
       12.2900000000         2.9319617086       195.8610620506
       12.2950000000         2.9350918773       214.8435093392
       12.3000000000         2.9381533400       192.0645725929
       12.3050000000         2.9411456132       197.7593067795
       12.3100000000         2.9440682244       193.9628173218
       12.3150000000         2.9469207121       214.8435093392
       12.3200000000         2.9497026258       209.1487751526
       12.3250000000         2.9524135262       214.8435093392
       12.3300000000         2.9550529853       216.7417540680
       12.3350000000         2.9576205863       203.4540409661
       12.3400000000         2.9601159237       231.9277118989
       12.3450000000         2.9625386034       220.5382435257
       12.3500000000         2.9648882429       222.4364882546
       12.3550000000         2.9671644712       241.4189355431
       12.3600000000         2.9693669288       220.5382435257
       12.3650000000         2.9714952679       230.0294671700
       12.3700000000         2.9735491525       237.6224460854
       12.3750000000         2.9755282581       212.9452646103
       12.3800000000         2.9774322724       252.8084039163
       12.3850000000         2.9792608945       233.8259566277
       12.3900000000         2.9810138358       239.5206908143
       12.3950000000         2.9826908194       235.7242013566
       12.4000000000         2.9842915806       233.8259566277
       12.4050000000         2.9858158665       245.2154250008
       12.4100000000         2.9872634364       233.8259566277
       12.4150000000         2.9886340618       260.4013828317
       12.4200000000         2.9899275262       247.1136697297
       12.4250000000         2.9911436254       254.7066486451
       12.4300000000         2.9922821673       250.9101591874
       12.4350000000         2.9933429721       252.8084039163
       12.4400000000         2.9943258724       256.6048933740
       12.4450000000         2.9952307128       260.4013828317
       12.4500000000         2.9960573507       260.4013828317
       12.4550000000         2.9968056553       267.9943617471
       12.4600000000         2.9974755085       249.0119144586
       12.4650000000         2.9980668046       254.7066486451
       12.4700000000         2.9985794501       275.5873406625
       12.4750000000         2.9990133642       273.6890959337
       12.4800000000         2.9993684783       258.5031381028
       12.4850000000         2.9996447363       260.4013828317
       12.4900000000         2.9998420946       277.4855853914
       12.4950000000         2.9999605221       256.6048933740
       12.5000000000         3.0000000000       271.7908512048
       12.5050000000         2.9999605221       279.3838301202
       12.5100000000         2.9998420946       279.3838301202
       12.5150000000         2.9996447363       271.7908512048
       12.5200000000         2.9993684783       279.3838301202
       12.5250000000         2.9990133642       285.0785643068
       12.5300000000         2.9985794501       279.3838301202
       12.5350000000         2.9980668046       266.0961170182
       12.5400000000         2.9974755085       271.7908512048
       12.5450000000         2.9968056553       269.8926064759
       12.5500000000         2.9960573507       281.2820748491
       12.5550000000         2.9952307128       275.5873406625
       12.5600000000         2.9943258724       273.6890959337
       12.5650000000         2.9933429721       267.9943617471
       12.5700000000         2.9922821673       258.5031381028
       12.5750000000         2.9911436254       279.3838301202
       12.5800000000         2.9899275262       281.2820748491
       12.5850000000         2.9886340618       279.3838301202
       12.5900000000         2.9872634364       271.7908512048
       12.5950000000         2.9858158665       264.1978722894
       12.6000000000         2.9842915806       275.5873406625
       12.6050000000         2.9826908194       271.7908512048
       12.6100000000         2.9810138358       279.3838301202
       12.6150000000         2.9792608945       266.0961170182
       12.6200000000         2.9774322724       279.3838301202
       12.6250000000         2.9755282581       260.4013828317
       12.6300000000         2.9735491525       277.4855853914
       12.6350000000         2.9714952679       279.3838301202
       12.6400000000         2.9693669288       279.3838301202
       12.6450000000         2.9671644712       264.1978722894
       12.6500000000         2.9648882429       275.5873406625
       12.6550000000         2.9625386034       283.1803195779
       12.6600000000         2.9601159237       264.1978722894
       12.6650000000         2.9576205863       281.2820748491
       12.6700000000         2.9550529853       260.4013828317
       12.6750000000         2.9524135262       281.2820748491
       12.6800000000         2.9497026258       290.7732984933
       12.6850000000         2.9469207121       273.6890959337
       12.6900000000         2.9440682244       266.0961170182
       12.6950000000         2.9411456132       258.5031381028
       12.7000000000         2.9381533400       266.0961170182
       12.7050000000         2.9350918773       269.8926064759
       12.7100000000         2.9319617086       273.6890959337
       12.7150000000         2.9287633281       260.4013828317
       12.7200000000         2.9254972409       266.0961170182
       12.7250000000         2.9221639628       239.5206908143
       12.7300000000         2.9187640200       266.0961170182
       12.7350000000         2.9152979496       266.0961170182
       12.7400000000         2.9117662988       275.5873406625
       12.7450000000         2.9081696254       252.8084039163
       12.7500000000         2.9045084972       271.7908512048
       12.7550000000         2.9007834924       260.4013828317
       12.7600000000         2.8969951993       254.7066486451
       12.7650000000         2.8931442161       260.4013828317
       12.7700000000         2.8892311508       249.0119144586
       12.7750000000         2.8852566214       275.5873406625
       12.7800000000         2.8812212555       245.2154250008
       12.7850000000         2.8771256904       252.8084039163
       12.7900000000         2.8729705727       247.1136697297
       12.7950000000         2.8687565587       245.2154250008
       12.8000000000         2.8644843137       262.2996275605
       12.8050000000         2.8601545124       254.7066486451
       12.8100000000         2.8557678386       260.4013828317
       12.8150000000         2.8513249849       237.6224460854
       12.8200000000         2.8468266529       254.7066486451
       12.8250000000         2.8422735530       254.7066486451
       12.8300000000         2.8376664041       249.0119144586
       12.8350000000         2.8330059337       254.7066486451
       12.8400000000         2.8282928779       239.5206908143
       12.8450000000         2.8235279808       243.3171802720
       12.8500000000         2.8187119949       233.8259566277
       12.8550000000         2.8138456806       243.3171802720
       12.8600000000         2.8089298065       252.8084039163
       12.8650000000         2.8039651488       233.8259566277
       12.8700000000         2.7989524915       230.0294671700
       12.8750000000         2.7938926261       235.7242013566
       12.8800000000         2.7887863517       226.2329777123
       12.8850000000         2.7836344746       237.6224460854
       12.8900000000         2.7784378082       230.0294671700
       12.8950000000         2.7731971734       235.7242013566
       12.9000000000         2.7679133975       222.4364882546
       12.9050000000         2.7625873150       224.3347329835
       12.9100000000         2.7572197669       237.6224460854
       12.9150000000         2.7518116008       216.7417540680
       12.9200000000         2.7463636708       250.9101591874
       12.9250000000         2.7408768371       207.2505304238
       12.9300000000         2.7353519661       211.0470198815
       12.9350000000         2.7297899303       222.4364882546
       12.9400000000         2.7241916080       211.0470198815
       12.9450000000         2.7185578833       218.6399987969
       12.9500000000         2.7128896458       214.8435093392
       12.9550000000         2.7071877905       192.0645725929
       12.9600000000         2.7014532179       209.1487751526
       12.9650000000         2.6956868334       207.2505304238
       12.9700000000         2.6898895478       207.2505304238
       12.9750000000         2.6840622763       212.9452646103
       12.9800000000         2.6782059394       199.6575515084
       12.9850000000         2.6723214616       199.6575515084
       12.9900000000         2.6664097723       218.6399987969
       12.9950000000         2.6604718049       197.7593067795
       13.0000000000         2.6545084972       182.5733489487
       13.0050000000         2.6485207908       192.0645725929
       13.0100000000         2.6425096312       173.0821253044
       13.0150000000         2.6364759678       190.1663278641
       13.0200000000         2.6304207531       173.0821253044
       13.0250000000         2.6243449436       178.7768594910
       13.0300000000         2.6182494985       163.5909016601
       13.0350000000         2.6121353805       163.5909016601
       13.0400000000         2.6060035550       182.5733489487
       13.0450000000         2.5998549903       159.7944122024
       13.0500000000         2.5936906573       165.4891463890
       13.0550000000         2.5875115295       157.8961674736
       13.0600000000         2.5813185826       154.0996780159
       13.0650000000         2.5751127946       150.3031885581
       13.0700000000         2.5688951453       138.9137201850
       13.0750000000         2.5626666168       157.8961674736
       13.0800000000         2.5564281924       131.3207412696
       13.0850000000         2.5501808574       129.4224965408
       13.0900000000         2.5439255983       138.9137201850
       13.0950000000         2.5376634028       131.3207412696
       13.1000000000         2.5313952598       146.5066991004
       13.1050000000         2.5251221591       133.2189859985
       13.1100000000         2.5188450913       129.4224965408
       13.1150000000         2.5125650477       127.5242518119
       13.1200000000         2.5062830199       123.7277623542
       13.1250000000         2.5000000000       127.5242518119
       13.1300000000         2.4937169801       106.6435597945
       13.1350000000         2.4874349523        97.1523361502
       13.1400000000         2.4811549087        66.7804204886
       13.1450000000         2.4748778409        25.0190364538
       13.1500000000         2.4686047402        -1.5563897502
       13.1550000000         2.4623365972       -12.9458581233
       13.1600000000         2.4560744017         4.1383444364
       13.1650000000         2.4498191426        -3.4546344790
       13.1700000000         2.4435718076         0.3418549787
       13.1750000000         2.4373333832         0.3418549787
       13.1800000000         2.4311048547         0.3418549787
       13.1850000000         2.4248872054        -7.2511239367
       13.1900000000         2.4186814174      -121.1458076680
       13.1950000000         2.4124884705       -81.2826683620
       13.2000000000         2.4063093427       -83.1809130909
       13.2050000000         2.4001450097       -94.5703814640
       13.2100000000         2.3939964450       -88.8756472775
       13.2150000000         2.3878646195      -100.2651156506
       13.2200000000         2.3817505015       -98.3668709217
       13.2250000000         2.3756550564      -126.8405418545
       13.2300000000         2.3695792469      -100.2651156506
       13.2350000000         2.3635240322       -98.3668709217
       13.2400000000         2.3574903688      -111.6545840237
       13.2450000000         2.3514792092      -119.2475629391
       13.2500000000         2.3454915028      -117.3493182103
       13.2550000000         2.3395281951      -121.1458076680
       13.2600000000         2.3335902277      -115.4510734814
       13.2650000000         2.3276785384      -104.0616051083
       13.2700000000         2.3217940606      -124.9422971257
       13.2750000000         2.3159377237      -128.7387865834
       13.2800000000         2.3101104522      -130.6370313122
       13.2850000000         2.3043131666      -126.8405418545
       13.2900000000         2.2985467821      -130.6370313122
       13.2950000000         2.2928122095      -134.4335207699
       13.3000000000         2.2871103542      -130.6370313122
       13.3050000000         2.2814421167      -143.9247444142
       13.3100000000         2.2758083920      -132.5352760411
       13.3150000000         2.2702100697      -107.8580945660
       13.3200000000         2.2646480339      -140.1282549565
       13.3250000000         2.2591231629      -143.9247444142
       13.3300000000         2.2536363292      -153.4159680585
       13.3350000000         2.2481883992      -142.0264996854
       13.3400000000         2.2427802331      -153.4159680585
       13.3450000000         2.2374126850      -153.4159680585
       13.3500000000         2.2320866025      -157.2124575162
       13.3550000000         2.2268028266      -164.8054364316
       13.3600000000         2.2215621918      -157.2124575162
       13.3650000000         2.2163655254      -166.7036811605
       13.3700000000         2.2112136483      -159.1107022450
       13.3750000000         2.2061073739      -159.1107022450
       13.3800000000         2.2010475085      -170.5001706182
       13.3850000000         2.1960348512      -153.4159680585
       13.3900000000         2.1910701935      -168.6019258893
       13.3950000000         2.1861543194      -174.2966600759
       13.4000000000         2.1812880051      -179.9913942624
       13.4050000000         2.1764720192      -164.8054364316
       13.4100000000         2.1717071221      -179.9913942624
       13.4150000000         2.1669940663      -166.7036811605
       13.4200000000         2.1623335959      -179.9913942624
       13.4250000000         2.1577264470      -172.3984153470
       13.4300000000         2.1531733471      -176.1949048047
       13.4350000000         2.1486750151      -174.2966600759
       13.4400000000         2.1442321614      -176.1949048047
       13.4450000000         2.1398454876      -202.7703310087
       13.4500000000         2.1355156863      -176.1949048047
       13.4550000000         2.1312434413      -204.6685757375
       13.4600000000         2.1270294273      -174.2966600759
       13.4650000000         2.1228743096      -208.4650651953
       13.4700000000         2.1187787445      -185.6861284490
       13.4750000000         2.1147433786      -214.1597993818
       13.4800000000         2.1107688492      -200.8720862798
       13.4850000000         2.1068557839      -202.7703310087
       13.4900000000         2.1030048007      -197.0755968221
       13.4950000000         2.0992165076      -210.3633099241
       13.5000000000         2.0954915028      -210.3633099241
       13.5050000000         2.0918303746      -214.1597993818
       13.5100000000         2.0882337012      -212.2615546530
       13.5150000000         2.0847020504      -204.6685757375
       13.5200000000         2.0812359800      -217.9562888395
       13.5250000000         2.0778360372      -219.8545335684
       13.5300000000         2.0745027591      -219.8545335684
       13.5350000000         2.0712366719      -221.7527782972
       13.5400000000         2.0680382914      -212.2615546530
       13.5450000000         2.0649081227      -225.5492677549
       13.5500000000         2.0618466600      -236.9387361281
       13.5550000000         2.0588543868      -219.8545335684
       13.5600000000         2.0559317756      -229.3457572126
       13.5650000000         2.0530792879      -217.9562888395
       13.5700000000         2.0502973742      -225.5492677549
       13.5750000000         2.0475864738      -236.9387361281
       13.5800000000         2.0449470147      -217.9562888395
       13.5850000000         2.0423794137      -244.5317150435
       13.5900000000         2.0398840763      -221.7527782972
       13.5950000000         2.0374613966      -223.6510230261
       13.6000000000         2.0351117571      -242.6334703146
       13.6050000000         2.0328355288      -223.6510230261
       13.6100000000         2.0306330712      -248.3282045012
       13.6150000000         2.0285047321      -231.2440019415
       13.6200000000         2.0264508475      -238.8369808569
       13.6250000000         2.0244717419      -235.0404913992
       13.6300000000         2.0225677276      -231.2440019415
       13.6350000000         2.0207391055      -242.6334703146
       13.6400000000         2.0189861642      -242.6334703146
       13.6450000000         2.0173091806      -248.3282045012
       13.6500000000         2.0157084194      -242.6334703146
       13.6550000000         2.0141841335      -248.3282045012
       13.6600000000         2.0127365636      -238.8369808569
       13.6650000000         2.0113659382      -246.4299597723
       13.6700000000         2.0100724738      -246.4299597723
       13.6750000000         2.0088563746      -250.2264492300
       13.6800000000         2.0077178327      -252.1246939589
       13.6850000000         2.0066570279      -235.0404913992
       13.6900000000         2.0056741276      -255.9211834166
       13.6950000000         2.0047692872      -240.7352255858
       13.7000000000         2.0039426493      -252.1246939589
       13.7050000000         2.0031943447      -246.4299597723
       13.7100000000         2.0025244915      -244.5317150435
       13.7150000000         2.0019331954      -274.9036307051
       13.7200000000         2.0014205499      -238.8369808569
       13.7250000000         2.0009866358      -280.5983648917
       13.7300000000         2.0006315217      -235.0404913992
       13.7350000000         2.0003552637      -276.8018754340
       13.7400000000         2.0001579054      -261.6159176032
       13.7450000000         2.0000394779      -248.3282045012
       13.7500000000         2.0000000000      -267.3106517897
       13.7550000000         2.0000394779      -252.1246939589
       13.7600000000         2.0001579054      -276.8018754340
       13.7650000000         2.0003552637      -255.9211834166
       13.7700000000         2.0006315217      -267.3106517897
       13.7750000000         2.0009866358      -271.1071412474
       13.7800000000         2.0014205499      -257.8194281455
       13.7850000000         2.0019331954      -263.5141623320
       13.7900000000         2.0025244915      -267.3106517897
       13.7950000000         2.0031943447      -276.8018754340
       13.8000000000         2.0039426493      -273.0053859763
       13.8050000000         2.0047692872      -274.9036307051
       13.8100000000         2.0056741276      -259.7176728743
       13.8150000000         2.0066570279      -288.1913438071
       13.8200000000         2.0077178327      -282.4966096206
       13.8250000000         2.0088563746      -280.5983648917
       13.8300000000         2.0100724738      -276.8018754340
       13.8350000000         2.0113659382      -257.8194281455
       13.8400000000         2.0127365636      -291.9878332648
       13.8450000000         2.0141841335      -278.7001201629
       13.8500000000         2.0157084194      -297.6825674514
       13.8550000000         2.0173091806      -276.8018754340
       13.8600000000         2.0189861642      -290.0895885360
       13.8650000000         2.0207391055      -273.0053859763
       13.8700000000         2.0225677276      -276.8018754340
       13.8750000000         2.0244717419      -291.9878332648
       13.8800000000         2.0264508475      -291.9878332648
       13.8850000000         2.0285047321      -282.4966096206
       13.8900000000         2.0306330712      -290.0895885360
       13.8950000000         2.0328355288      -286.2930990783
       13.9000000000         2.0351117571      -276.8018754340
       13.9050000000         2.0374613966      -284.3948543494
       13.9100000000         2.0398840763      -293.8860779937
       13.9150000000         2.0423794137      -290.0895885360
       13.9200000000         2.0449470147      -301.4790569091
       13.9250000000         2.0475864738      -293.8860779937
       13.9300000000         2.0502973742      -280.5983648917
       13.9350000000         2.0530792879      -284.3948543494
       13.9400000000         2.0559317756      -280.5983648917
       13.9450000000         2.0588543868      -295.7843227225
       13.9500000000         2.0618466600      -286.2930990783
       13.9550000000         2.0649081227      -297.6825674514
       13.9600000000         2.0680382914      -282.4966096206
       13.9650000000         2.0712366719      -295.7843227225
       13.9700000000         2.0745027591      -278.7001201629
       13.9750000000         2.0778360372      -316.6650147399
       13.9800000000         2.0812359800      -273.0053859763
       13.9850000000         2.0847020504      -278.7001201629
       13.9900000000         2.0882337012      -291.9878332648
       13.9950000000         2.0918303746      -280.5983648917
       14.0000000000         2.0954915028      -271.1071412474
       14.0050000000         2.0992165076      -271.1071412474
       14.0100000000         2.1030048007      -286.2930990783
       14.0150000000         2.1068557839      -276.8018754340
       14.0200000000         2.1107688492      -276.8018754340
       14.0250000000         2.1147433786      -255.9211834166
       14.0300000000         2.1187787445      -280.5983648917
       14.0350000000         2.1228743096      -267.3106517897
       14.0400000000         2.1270294273      -274.9036307051
       14.0450000000         2.1312434413      -276.8018754340
       14.0500000000         2.1355156863      -265.4124070609
       14.0550000000         2.1398454876      -273.0053859763
       14.0600000000         2.1442321614      -267.3106517897
       14.0650000000         2.1486750151      -265.4124070609
       14.0700000000         2.1531733471      -280.5983648917
       14.0750000000         2.1577264470      -261.6159176032
       14.0800000000         2.1623335959      -269.2088965186
       14.0850000000         2.1669940663      -257.8194281455
       14.0900000000         2.1717071221      -284.3948543494
       14.0950000000         2.1764720192      -271.1071412474
       14.1000000000         2.1812880051      -244.5317150435
       14.1050000000         2.1861543194      -271.1071412474
       14.1100000000         2.1910701935      -255.9211834166
       14.1150000000         2.1960348512      -261.6159176032
       14.1200000000         2.2010475085      -248.3282045012
       14.1250000000         2.2061073739      -238.8369808569
       14.1300000000         2.2112136483      -265.4124070609
       14.1350000000         2.2163655254      -240.7352255858
       14.1400000000         2.2215621918      -252.1246939589
       14.1450000000         2.2268028266      -254.0229386877
       14.1500000000         2.2320866025      -242.6334703146
       14.1550000000         2.2374126850      -248.3282045012
       14.1600000000         2.2427802331      -233.1422466704
       14.1650000000         2.2481883992      -221.7527782972
       14.1700000000         2.2536363292      -242.6334703146
       14.1750000000         2.2591231629      -221.7527782972
       14.1800000000         2.2646480339      -242.6334703146
       14.1850000000         2.2702100697      -233.1422466704
       14.1900000000         2.2758083920      -233.1422466704
       14.1950000000         2.2814421167      -235.0404913992
       14.2000000000         2.2871103542      -216.0580441107
       14.2050000000         2.2928122095      -229.3457572126
       14.2100000000         2.2985467821      -225.5492677549
       14.2150000000         2.3043131666      -216.0580441107
       14.2200000000         2.3101104522      -229.3457572126
       14.2250000000         2.3159377237      -210.3633099241
       14.2300000000         2.3217940606      -214.1597993818
       14.2350000000         2.3276785384      -217.9562888395
       14.2400000000         2.3335902277      -204.6685757375
       14.2450000000         2.3395281951      -231.2440019415
       14.2500000000         2.3454915028      -204.6685757375
       14.2550000000         2.3514792092      -202.7703310087
       14.2600000000         2.3574903688      -208.4650651953
       14.2650000000         2.3635240322      -189.4826179067
       14.2700000000         2.3695792469      -210.3633099241
       14.2750000000         2.3756550564      -178.0931495336
       14.2800000000         2.3817505015      -204.6685757375
       14.2850000000         2.3878646195      -187.5843731779
       14.2900000000         2.3939964450      -198.9738415510
       14.2950000000         2.4001450097      -187.5843731779
       14.3000000000         2.4063093427      -170.5001706182
       14.3050000000         2.4124884705      -183.7878837202
       14.3100000000         2.4186814174      -161.0089469739
       14.3150000000         2.4248872054      -178.0931495336
       14.3200000000         2.4311048547      -161.0089469739
       14.3250000000         2.4373333832      -159.1107022450
       14.3300000000         2.4435718076      -168.6019258893
       14.3350000000         2.4498191426      -155.3142127873
       14.3400000000         2.4560744017      -157.2124575162
       14.3450000000         2.4623365972      -159.1107022450
       14.3500000000         2.4686047402      -145.8229891431
       14.3550000000         2.4748778409      -151.5177233296
       14.3600000000         2.4811549087      -134.4335207699
       14.3650000000         2.4874349523      -138.2300102277
       14.3700000000         2.4937169801      -136.3317654988
       14.3750000000         2.5000000000      -119.2475629391
       14.3800000000         2.5062830199      -121.1458076680
       14.3850000000         2.5125650477       -92.6721367352
       14.3900000000         2.5188450913       -79.3844236332
       14.3950000000         2.5251221591       -30.0300606830
       14.4000000000         2.5313952598        -9.1493686656
       14.4050000000         2.5376634028         9.8330786230
       14.4100000000         2.5439255983        -3.4546344790
       14.4150000000         2.5501808574        -1.5563897502
       14.4200000000         2.5564281924        -9.1493686656
       14.4250000000         2.5626666168        -5.3528792079
       14.4300000000         2.5688951453         0.3418549787
       14.4350000000         2.5751127946        -7.2511239367
       14.4400000000         2.5813185826        -7.2511239367
       14.4450000000         2.5875115295        15.5278128095
       14.4500000000         2.5936906573        87.6611125060
       14.4550000000         2.5998549903        40.2049942846
       14.4600000000         2.6060035550        47.7979732000
       14.4650000000         2.6121353805        47.7979732000
       14.4700000000         2.6182494985        53.4927073866
       14.4750000000         2.6243449436        49.6962179289
       14.4800000000         2.6304207531        45.8997284712
       14.4850000000         2.6364759678        62.9839310309
       14.4900000000         2.6425096312        49.6962179289
       14.4950000000         2.6485207908        62.9839310309
       14.5000000000         2.6545084972        53.4927073866
       14.5050000000         2.6604718049        55.3909521154
       14.5100000000         2.6664097723        57.2891968443
       14.5150000000         2.6723214616        47.7979732000
       14.5200000000         2.6782059394        61.0856863020
       14.5250000000         2.6840622763        57.2891968443
       14.5300000000         2.6898895478        62.9839310309
       14.5350000000         2.6956868334        64.8821757597
       14.5400000000         2.7014532179        66.7804204886
       14.5450000000         2.7071877905        62.9839310309
       14.5500000000         2.7128896458        64.8821757597
       14.5550000000         2.7185578833        66.7804204886
       14.5600000000         2.7241916080        72.4751546751
       14.5650000000         2.7297899303        70.5769099463
       14.5700000000         2.7353519661        68.6786652174
       14.5750000000         2.7408768371        85.7628677771
       14.5800000000         2.7463636708        85.7628677771
       14.5850000000         2.7518116008        91.4576019637
       14.5900000000         2.7572197669        81.9663783194
       14.5950000000         2.7625873150        83.8646230483
       14.6000000000         2.7679133975        93.3558466925
       14.6050000000         2.7731971734        91.4576019637
       14.6100000000         2.7784378082       116.1347834388
       14.6150000000         2.7836344746        95.2540914214
       14.6200000000         2.7887863517       100.9488256079
       14.6250000000         2.7938926261        93.3558466925
       14.6300000000         2.7989524915       106.6435597945
       14.6350000000         2.8039651488       100.9488256079
       14.6400000000         2.8089298065       114.2365387099
       14.6450000000         2.8138456806       108.5418045234
       14.6500000000         2.8187119949       125.6260070830
       14.6550000000         2.8235279808       118.0330281676
       14.6600000000         2.8282928779       129.4224965408
       14.6650000000         2.8330059337       125.6260070830
       14.6700000000         2.8376664041       123.7277623542
       14.6750000000         2.8422735530       137.0154754562
       14.6800000000         2.8468266529       121.8295176253
       14.6850000000         2.8513249849       140.8119649139
       14.6900000000         2.8557678386       131.3207412696
       14.6950000000         2.8601545124       140.8119649139
       14.7000000000         2.8644843137       140.8119649139
       14.7050000000         2.8687565587       146.5066991004
       14.7100000000         2.8729705727       152.2014332870
       14.7150000000         2.8771256904       142.7102096427
       14.7200000000         2.8812212555       155.9979227447
       14.7250000000         2.8852566214       137.0154754562
       14.7300000000         2.8892311508       154.0996780159
       14.7350000000         2.8931442161       154.0996780159
       14.7400000000         2.8969951993       154.0996780159
       14.7450000000         2.9007834924       159.7944122024
       14.7500000000         2.9045084972       167.3873911178
       14.7550000000         2.9081696254       161.6926569313
       14.7600000000         2.9117662988       165.4891463890
       14.7650000000         2.9152979496       165.4891463890
       14.7700000000         2.9187640200       173.0821253044
       14.7750000000         2.9221639628       171.1838805755
       14.7800000000         2.9254972409       163.5909016601
       14.7850000000         2.9287633281       184.4715936775
       14.7900000000         2.9319617086       169.2856358467
       14.7950000000         2.9350918773       176.8786147621
       14.8000000000         2.9381533400       184.4715936775
       14.8050000000         2.9411456132       182.5733489487
       14.8100000000         2.9440682244       184.4715936775
       14.8150000000         2.9469207121       178.7768594910
       14.8200000000         2.9497026258       195.8610620506
       14.8250000000         2.9524135262       201.5557962372
       14.8300000000         2.9550529853       192.0645725929
       14.8350000000         2.9576205863       205.3522856949
       14.8400000000         2.9601159237       192.0645725929
       14.8450000000         2.9625386034       207.2505304238
       14.8500000000         2.9648882429       199.6575515084
       14.8550000000         2.9671644712       199.6575515084
       14.8600000000         2.9693669288       203.4540409661
       14.8650000000         2.9714952679       216.7417540680
       14.8700000000         2.9735491525       209.1487751526
       14.8750000000         2.9755282581       205.3522856949
       14.8800000000         2.9774322724       222.4364882546
       14.8850000000         2.9792608945       207.2505304238
       14.8900000000         2.9810138358       222.4364882546
       14.8950000000         2.9826908194       230.0294671700
       14.9000000000         2.9842915806       228.1312224412
       14.9050000000         2.9858158665       237.6224460854
       14.9100000000         2.9872634364       220.5382435257
       14.9150000000         2.9886340618       226.2329777123
       14.9200000000         2.9899275262       235.7242013566
       14.9250000000         2.9911436254       226.2329777123
       14.9300000000         2.9922821673       250.9101591874
       14.9350000000         2.9933429721       237.6224460854
       14.9400000000         2.9943258724       230.0294671700
       14.9450000000         2.9952307128       222.4364882546
       14.9500000000         2.9960573507       245.2154250008
       14.9550000000         2.9968056553       245.2154250008
       14.9600000000         2.9974755085       252.8084039163
       14.9650000000         2.9980668046       231.9277118989
       14.9700000000         2.9985794501       249.0119144586
       14.9750000000         2.9990133642       260.4013828317
       14.9800000000         2.9993684783       245.2154250008
       14.9850000000         2.9996447363       254.7066486451
       14.9900000000         2.9998420946       247.1136697297
       14.9950000000         2.9999605221       252.8084039163
       15.0000000000         3.0000000000       250.9101591874
       15.0050000000         2.9999605221       260.4013828317
       15.0100000000         2.9998420946       264.1978722894
       15.0150000000         2.9996447363       256.6048933740
       15.0200000000         2.9993684783       256.6048933740
       15.0250000000         2.9990133642       245.2154250008
       15.0300000000         2.9985794501       258.5031381028
       15.0350000000         2.9980668046       252.8084039163
       15.0400000000         2.9974755085       264.1978722894
       15.0450000000         2.9968056553       256.6048933740
       15.0500000000         2.9960573507       264.1978722894
       15.0550000000         2.9952307128       267.9943617471
       15.0600000000         2.9943258724       262.2996275605
       15.0650000000         2.9933429721       271.7908512048
       15.0700000000         2.9922821673       264.1978722894
       15.0750000000         2.9911436254       281.2820748491
       15.0800000000         2.9899275262       279.3838301202
       15.0850000000         2.9886340618       258.5031381028
       15.0900000000         2.9872634364       267.9943617471
       15.0950000000         2.9858158665       269.8926064759
       15.1000000000         2.9842915806       273.6890959337
       15.1050000000         2.9826908194       260.4013828317
       15.1100000000         2.9810138358       288.8750537645
       15.1150000000         2.9792608945       269.8926064759
       15.1200000000         2.9774322724       269.8926064759
       15.1250000000         2.9755282581       281.2820748491
       15.1300000000         2.9735491525       283.1803195779
       15.1350000000         2.9714952679       277.4855853914
       15.1400000000         2.9693669288       271.7908512048
       15.1450000000         2.9671644712       285.0785643068
       15.1500000000         2.9648882429       275.5873406625
       15.1550000000         2.9625386034       275.5873406625
       15.1600000000         2.9601159237       269.8926064759
       15.1650000000         2.9576205863       281.2820748491
       15.1700000000         2.9550529853       273.6890959337
       15.1750000000         2.9524135262       273.6890959337
       15.1800000000         2.9497026258       271.7908512048
       15.1850000000         2.9469207121       273.6890959337
       15.1900000000         2.9440682244       273.6890959337
       15.1950000000         2.9411456132       271.7908512048
       15.2000000000         2.9381533400       283.1803195779
       15.2050000000         2.9350918773       267.9943617471
       15.2100000000         2.9319617086       275.5873406625
       15.2150000000         2.9287633281       269.8926064759
       15.2200000000         2.9254972409       277.4855853914
       15.2250000000         2.9221639628       266.0961170182
       15.2300000000         2.9187640200       267.9943617471
       15.2350000000         2.9152979496       260.4013828317
       15.2400000000         2.9117662988       275.5873406625
       15.2450000000         2.9081696254       267.9943617471
       15.2500000000         2.9045084972       267.9943617471
       15.2550000000         2.9007834924       266.0961170182
       15.2600000000         2.8969951993       260.4013828317
       15.2650000000         2.8931442161       273.6890959337
       15.2700000000         2.8892311508       262.2996275605
       15.2750000000         2.8852566214       275.5873406625
       15.2800000000         2.8812212555       250.9101591874
       15.2850000000         2.8771256904       260.4013828317
       15.2900000000         2.8729705727       256.6048933740
       15.2950000000         2.8687565587       267.9943617471
       15.3000000000         2.8644843137       264.1978722894
       15.3050000000         2.8601545124       266.0961170182
       15.3100000000         2.8557678386       249.0119144586
       15.3150000000         2.8513249849       254.7066486451
       15.3200000000         2.8468266529       254.7066486451
       15.3250000000         2.8422735530       252.8084039163
       15.3300000000         2.8376664041       252.8084039163
       15.3350000000         2.8330059337       241.4189355431
       15.3400000000         2.8282928779       241.4189355431
       15.3450000000         2.8235279808       250.9101591874
       15.3500000000         2.8187119949       230.0294671700
       15.3550000000         2.8138456806       247.1136697297
       15.3600000000         2.8089298065       239.5206908143
       15.3650000000         2.8039651488       245.2154250008
       15.3700000000         2.7989524915       230.0294671700
       15.3750000000         2.7938926261       230.0294671700
       15.3800000000         2.7887863517       233.8259566277
       15.3850000000         2.7836344746       233.8259566277
       15.3900000000         2.7784378082       230.0294671700
       15.3950000000         2.7731971734       230.0294671700
       15.4000000000         2.7679133975       209.1487751526
       15.4050000000         2.7625873150       230.0294671700
       15.4100000000         2.7572197669       214.8435093392
       15.4150000000         2.7518116008       214.8435093392
       15.4200000000         2.7463636708       209.1487751526
       15.4250000000         2.7408768371       209.1487751526
       15.4300000000         2.7353519661       195.8610620506
       15.4350000000         2.7297899303       211.0470198815
       15.4400000000         2.7241916080       197.7593067795
       15.4450000000         2.7185578833       174.9803700332
       15.4500000000         2.7128896458       199.6575515084
       15.4550000000         2.7071877905       192.0645725929
       15.4600000000         2.7014532179       205.3522856949
       15.4650000000         2.6956868334       184.4715936775
       15.4700000000         2.6898895478       190.1663278641
       15.4750000000         2.6840622763       184.4715936775
       15.4800000000         2.6782059394       192.0645725929
       15.4850000000         2.6723214616       184.4715936775
       15.4900000000         2.6664097723       188.2680831352
       15.4950000000         2.6604718049       180.6751042198
       15.5000000000         2.6545084972       169.2856358467
       15.5050000000         2.6485207908       182.5733489487
       15.5100000000         2.6425096312       171.1838805755
       15.5150000000         2.6364759678       169.2856358467
       15.5200000000         2.6304207531       161.6926569313
       15.5250000000         2.6243449436       146.5066991004
       15.5300000000         2.6182494985       155.9979227447
       15.5350000000         2.6121353805       146.5066991004
       15.5400000000         2.6060035550       144.6084543716
       15.5450000000         2.5998549903       146.5066991004
       15.5500000000         2.5936906573       138.9137201850
       15.5550000000         2.5875115295       137.0154754562
       15.5600000000         2.5813185826       135.1172307273
       15.5650000000         2.5751127946       133.2189859985
       15.5700000000         2.5688951453       131.3207412696
       15.5750000000         2.5626666168       129.4224965408
       15.5800000000         2.5564281924       133.2189859985
       15.5850000000         2.5501808574       116.1347834388
       15.5900000000         2.5439255983       133.2189859985
       15.5950000000         2.5376634028       131.3207412696
       15.6000000000         2.5313952598       125.6260070830
       15.6050000000         2.5251221591       123.7277623542
       15.6100000000         2.5188450913       119.9312728965
       15.6150000000         2.5125650477       108.5418045234
       15.6200000000         2.5062830199       121.8295176253
       15.6250000000         2.5000000000       116.1347834388
       15.6300000000         2.4937169801        89.5593572348
       15.6350000000         2.4874349523        80.0681335906
       15.6400000000         2.4811549087        61.0856863020
       15.6450000000         2.4748778409        25.0190364538
       15.6500000000         2.4686047402        -9.1493686656
       15.6550000000         2.4623365972        -3.4546344790
       15.6600000000         2.4560744017        -1.5563897502
       15.6650000000         2.4498191426         4.1383444364
       15.6700000000         2.4435718076         0.3418549787
       15.6750000000         2.4373333832        -5.3528792079
       15.6800000000         2.4311048547        -1.5563897502
       15.6850000000         2.4248872054       -30.0300606830
       15.6900000000         2.4186814174      -121.1458076680
       15.6950000000         2.4124884705       -64.1984658024
       15.7000000000         2.4063093427       -96.4686261929
       15.7050000000         2.4001450097       -75.5879341755
       15.7100000000         2.3939964450       -96.4686261929
       15.7150000000         2.3878646195      -100.2651156506
       15.7200000000         2.3817505015      -104.0616051083
       15.7250000000         2.3756550564      -126.8405418545
       15.7300000000         2.3695792469      -113.5528287526
       15.7350000000         2.3635240322      -119.2475629391
       15.7400000000         2.3574903688      -107.8580945660
       15.7450000000         2.3514792092      -124.9422971257
       15.7500000000         2.3454915028      -124.9422971257
       15.7550000000         2.3395281951      -121.1458076680
       15.7600000000         2.3335902277      -124.9422971257
       15.7650000000         2.3276785384      -123.0440523968
       15.7700000000         2.3217940606      -123.0440523968
       15.7750000000         2.3159377237      -134.4335207699
       15.7800000000         2.3101104522      -132.5352760411
       15.7850000000         2.3043131666      -134.4335207699
       15.7900000000         2.2985467821      -134.4335207699
       15.7950000000         2.2928122095      -145.8229891431
       15.8000000000         2.2871103542      -134.4335207699
       15.8050000000         2.2814421167      -145.8229891431
       15.8100000000         2.2758083920      -128.7387865834
       15.8150000000         2.2702100697      -142.0264996854
       15.8200000000         2.2646480339      -124.9422971257
       15.8250000000         2.2591231629      -149.6194786008
       15.8300000000         2.2536363292      -153.4159680585
       15.8350000000         2.2481883992      -142.0264996854
       15.8400000000         2.2427802331      -172.3984153470
       15.8450000000         2.2374126850      -153.4159680585
       15.8500000000         2.2320866025      -161.0089469739
       15.8550000000         2.2268028266      -166.7036811605
       15.8600000000         2.2215621918      -164.8054364316
       15.8650000000         2.2163655254      -166.7036811605
       15.8700000000         2.2112136483      -183.7878837202
       15.8750000000         2.2061073739      -187.5843731779
       15.8800000000         2.2010475085      -159.1107022450
       15.8850000000         2.1960348512      -179.9913942624
       15.8900000000         2.1910701935      -172.3984153470
       15.8950000000         2.1861543194      -176.1949048047
       15.9000000000         2.1812880051      -178.0931495336
       15.9050000000         2.1764720192      -187.5843731779
       15.9100000000         2.1717071221      -183.7878837202
       15.9150000000         2.1669940663      -178.0931495336
       15.9200000000         2.1623335959      -189.4826179067
       15.9250000000         2.1577264470      -174.2966600759
       15.9300000000         2.1531733471      -183.7878837202
       15.9350000000         2.1486750151      -181.8896389913
       15.9400000000         2.1442321614      -202.7703310087
       15.9450000000         2.1398454876      -187.5843731779
       15.9500000000         2.1355156863      -206.5668204664
       15.9550000000         2.1312434413      -189.4826179067
       15.9600000000         2.1270294273      -200.8720862798
       15.9650000000         2.1228743096      -195.1773520933
       15.9700000000         2.1187787445      -202.7703310087
       15.9750000000         2.1147433786      -216.0580441107
       15.9800000000         2.1107688492      -202.7703310087
       15.9850000000         2.1068557839      -210.3633099241
       15.9900000000         2.1030048007      -206.5668204664
       15.9950000000         2.0992165076      -200.8720862798
       16.0000000000         2.0954915028      -198.9738415510
       16.0050000000         2.0918303746      -217.9562888395
       16.0100000000         2.0882337012      -204.6685757375
       16.0150000000         2.0847020504      -217.9562888395
       16.0200000000         2.0812359800      -210.3633099241
       16.0250000000         2.0778360372      -208.4650651953
       16.0300000000         2.0745027591      -229.3457572126
       16.0350000000         2.0712366719      -212.2615546530
       16.0400000000         2.0680382914      -219.8545335684
       16.0450000000         2.0649081227      -204.6685757375
       16.0500000000         2.0618466600      -223.6510230261
       16.0550000000         2.0588543868      -219.8545335684
       16.0600000000         2.0559317756      -242.6334703146
       16.0650000000         2.0530792879      -210.3633099241
       16.0700000000         2.0502973742      -244.5317150435
       16.0750000000         2.0475864738      -217.9562888395
       16.0800000000         2.0449470147      -242.6334703146
       16.0850000000         2.0423794137      -240.7352255858
       16.0900000000         2.0398840763      -223.6510230261
       16.0950000000         2.0374613966      -231.2440019415
       16.1000000000         2.0351117571      -233.1422466704
       16.1050000000         2.0328355288      -231.2440019415
       16.1100000000         2.0306330712      -246.4299597723
       16.1150000000         2.0285047321      -238.8369808569
       16.1200000000         2.0264508475      -246.4299597723
       16.1250000000         2.0244717419      -246.4299597723
       16.1300000000         2.0225677276      -240.7352255858
       16.1350000000         2.0207391055      -252.1246939589
       16.1400000000         2.0189861642      -240.7352255858
       16.1450000000         2.0173091806      -257.8194281455
       16.1500000000         2.0157084194      -252.1246939589
       16.1550000000         2.0141841335      -261.6159176032
       16.1600000000         2.0127365636      -252.1246939589
       16.1650000000         2.0113659382      -244.5317150435
       16.1700000000         2.0100724738      -259.7176728743
       16.1750000000         2.0088563746      -267.3106517897
       16.1800000000         2.0077178327      -265.4124070609
       16.1850000000         2.0066570279      -255.9211834166
       16.1900000000         2.0056741276      -255.9211834166
       16.1950000000         2.0047692872      -265.4124070609
       16.2000000000         2.0039426493      -286.2930990783
       16.2050000000         2.0031943447      -271.1071412474
       16.2100000000         2.0025244915      -271.1071412474
       16.2150000000         2.0019331954      -276.8018754340
       16.2200000000         2.0014205499      -282.4966096206
       16.2250000000         2.0009866358      -255.9211834166
       16.2300000000         2.0006315217      -280.5983648917
       16.2350000000         2.0003552637      -271.1071412474
       16.2400000000         2.0001579054      -290.0895885360
       16.2450000000         2.0000394779      -278.7001201629
       16.2500000000         2.0000000000      -290.0895885360
       16.2550000000         2.0000394779      -273.0053859763
       16.2600000000         2.0001579054      -280.5983648917
       16.2650000000         2.0003552637      -273.0053859763
       16.2700000000         2.0006315217      -282.4966096206
       16.2750000000         2.0009866358      -282.4966096206
       16.2800000000         2.0014205499      -293.8860779937
       16.2850000000         2.0019331954      -288.1913438071
       16.2900000000         2.0025244915      -282.4966096206
       16.2950000000         2.0031943447      -280.5983648917
       16.3000000000         2.0039426493      -286.2930990783
       16.3050000000         2.0047692872      -303.3773016380
       16.3100000000         2.0056741276      -293.8860779937
       16.3150000000         2.0066570279      -309.0720358245
       16.3200000000         2.0077178327      -290.0895885360
       16.3250000000         2.0088563746      -286.2930990783
       16.3300000000         2.0100724738      -286.2930990783
       16.3350000000         2.0113659382      -307.1737910957
       16.3400000000         2.0127365636      -280.5983648917
       16.3450000000         2.0141841335      -286.2930990783
       16.3500000000         2.0157084194      -295.7843227225
       16.3550000000         2.0173091806      -291.9878332648
       16.3600000000         2.0189861642      -280.5983648917
       16.3650000000         2.0207391055      -280.5983648917
       16.3700000000         2.0225677276      -291.9878332648
       16.3750000000         2.0244717419      -282.4966096206
       16.3800000000         2.0264508475      -290.0895885360
       16.3850000000         2.0285047321      -282.4966096206
       16.3900000000         2.0306330712      -291.9878332648
       16.3950000000         2.0328355288      -273.0053859763
       16.4000000000         2.0351117571      -293.8860779937
       16.4050000000         2.0374613966      -299.5808121802
       16.4100000000         2.0398840763      -282.4966096206
       16.4150000000         2.0423794137      -284.3948543494
       16.4200000000         2.0449470147      -288.1913438071
       16.4250000000         2.0475864738      -288.1913438071
       16.4300000000         2.0502973742      -288.1913438071
       16.4350000000         2.0530792879      -280.5983648917
       16.4400000000         2.0559317756      -282.4966096206
       16.4450000000         2.0588543868      -291.9878332648
       16.4500000000         2.0618466600      -293.8860779937
       16.4550000000         2.0649081227      -278.7001201629
       16.4600000000         2.0680382914      -282.4966096206
       16.4650000000         2.0712366719      -286.2930990783
       16.4700000000         2.0745027591      -295.7843227225
       16.4750000000         2.0778360372      -278.7001201629
       16.4800000000         2.0812359800      -284.3948543494
       16.4850000000         2.0847020504      -288.1913438071
       16.4900000000         2.0882337012      -278.7001201629
       16.4950000000         2.0918303746      -290.0895885360
       16.5000000000         2.0954915028      -280.5983648917
       16.5050000000         2.0992165076      -284.3948543494
       16.5100000000         2.1030048007      -273.0053859763
       16.5150000000         2.1068557839      -276.8018754340
       16.5200000000         2.1107688492      -286.2930990783
       16.5250000000         2.1147433786      -282.4966096206
       16.5300000000         2.1187787445      -274.9036307051
       16.5350000000         2.1228743096      -280.5983648917
       16.5400000000         2.1270294273      -274.9036307051
       16.5450000000         2.1312434413      -301.4790569091
       16.5500000000         2.1355156863      -269.2088965186
       16.5550000000         2.1398454876      -286.2930990783
       16.5600000000         2.1442321614      -271.1071412474
       16.5650000000         2.1486750151      -265.4124070609
       16.5700000000         2.1531733471      -295.7843227225
       16.5750000000         2.1577264470      -273.0053859763
       16.5800000000         2.1623335959      -280.5983648917
       16.5850000000         2.1669940663      -255.9211834166
       16.5900000000         2.1717071221      -263.5141623320
       16.5950000000         2.1764720192      -273.0053859763
       16.6000000000         2.1812880051      -265.4124070609
       16.6050000000         2.1861543194      -267.3106517897
       16.6100000000         2.1910701935      -274.9036307051
       16.6150000000         2.1960348512      -255.9211834166
       16.6200000000         2.2010475085      -273.0053859763
       16.6250000000         2.2061073739      -261.6159176032
       16.6300000000         2.2112136483      -263.5141623320
       16.6350000000         2.2163655254      -261.6159176032
       16.6400000000         2.2215621918      -246.4299597723
       16.6450000000         2.2268028266      -278.7001201629
       16.6500000000         2.2320866025      -248.3282045012
       16.6550000000         2.2374126850      -261.6159176032
       16.6600000000         2.2427802331      -250.2264492300
       16.6650000000         2.2481883992      -233.1422466704
       16.6700000000         2.2536363292      -255.9211834166
       16.6750000000         2.2591231629      -233.1422466704
       16.6800000000         2.2646480339      -255.9211834166
       16.6850000000         2.2702100697      -225.5492677549
       16.6900000000         2.2758083920      -242.6334703146
       16.6950000000         2.2814421167      -233.1422466704
       16.7000000000         2.2871103542      -219.8545335684
       16.7050000000         2.2928122095      -242.6334703146
       16.7100000000         2.2985467821      -233.1422466704
       16.7150000000         2.3043131666      -233.1422466704
       16.7200000000         2.3101104522      -236.9387361281
       16.7250000000         2.3159377237      -219.8545335684
       16.7300000000         2.3217940606      -225.5492677549
       16.7350000000         2.3276785384      -219.8545335684
       16.7400000000         2.3335902277      -231.2440019415
       16.7450000000         2.3395281951      -233.1422466704
       16.7500000000         2.3454915028      -216.0580441107
       16.7550000000         2.3514792092      -212.2615546530
       16.7600000000         2.3574903688      -221.7527782972
       16.7650000000         2.3635240322      -200.8720862798
       16.7700000000         2.3695792469      -225.5492677549
       16.7750000000         2.3756550564      -200.8720862798
       16.7800000000         2.3817505015      -191.3808626356
       16.7850000000         2.3878646195      -202.7703310087
       16.7900000000         2.3939964450      -195.1773520933
       16.7950000000         2.4001450097      -198.9738415510
       16.8000000000         2.4063093427      -204.6685757375
       16.8050000000         2.4124884705      -191.3808626356
       16.8100000000         2.4186814174      -179.9913942624
       16.8150000000         2.4248872054      -200.8720862798
       16.8200000000         2.4311048547      -176.1949048047
       16.8250000000         2.4373333832      -198.9738415510
       16.8300000000         2.4435718076      -179.9913942624
       16.8350000000         2.4498191426      -181.8896389913
       16.8400000000         2.4560744017      -176.1949048047
       16.8450000000         2.4623365972      -174.2966600759
       16.8500000000         2.4686047402      -179.9913942624
       16.8550000000         2.4748778409      -159.1107022450
       16.8600000000         2.4811549087      -170.5001706182
       16.8650000000         2.4874349523      -164.8054364316
       16.8700000000         2.4937169801      -153.4159680585
       16.8750000000         2.5000000000      -157.2124575162
       16.8800000000         2.5062830199      -142.0264996854
       16.8850000000         2.5125650477      -134.4335207699
       16.8900000000         2.5188450913      -123.0440523968
       16.8950000000         2.5251221591       -75.5879341755
       16.9000000000         2.5313952598       -43.3177737850
       16.9050000000         2.5376634028        -7.2511239367
       16.9100000000         2.5439255983        17.4260575384
       16.9150000000         2.5501808574        -1.5563897502
       16.9200000000         2.5564281924        -9.1493686656
       16.9250000000         2.5626666168        -1.5563897502
       16.9300000000         2.5688951453         0.3418549787
       16.9350000000         2.5751127946         6.0365891652
       16.9400000000         2.5813185826        -3.4546344790
       16.9450000000         2.5875115295        -1.5563897502
       16.9500000000         2.5936906573        49.6962179289
       16.9550000000         2.5998549903        68.6786652174
       16.9600000000         2.6060035550        53.4927073866
       16.9650000000         2.6121353805        61.0856863020
       16.9700000000         2.6182494985        51.5944626577
       16.9750000000         2.6243449436        57.2891968443
       16.9800000000         2.6304207531        44.0014837423
       16.9850000000         2.6364759678        62.9839310309
       16.9900000000         2.6425096312        61.0856863020
       16.9950000000         2.6485207908        68.6786652174
       17.0000000000         2.6545084972        74.3733994040
       17.0050000000         2.6604718049        78.1698888617
       17.0100000000         2.6664097723        62.9839310309
       17.0150000000         2.6723214616        68.6786652174
       17.0200000000         2.6782059394        76.2716441328
       17.0250000000         2.6840622763        81.9663783194
       17.0300000000         2.6898895478        74.3733994040
       17.0350000000         2.6956868334        70.5769099463
       17.0400000000         2.7014532179        78.1698888617
       17.0450000000         2.7071877905        83.8646230483
       17.0500000000         2.7128896458        85.7628677771
       17.0550000000         2.7185578833        89.5593572348
       17.0600000000         2.7241916080        83.8646230483
       17.0650000000         2.7297899303        78.1698888617
       17.0700000000         2.7353519661        97.1523361502
       17.0750000000         2.7408768371        95.2540914214
       17.0800000000         2.7463636708        95.2540914214
       17.0850000000         2.7518116008        97.1523361502
       17.0900000000         2.7572197669        91.4576019637
       17.0950000000         2.7625873150        95.2540914214
       17.1000000000         2.7679133975       102.8470703368
       17.1050000000         2.7731971734       119.9312728965
       17.1100000000         2.7784378082       106.6435597945
       17.1150000000         2.7836344746        99.0505808791
       17.1200000000         2.7887863517       104.7453150657
       17.1250000000         2.7938926261       110.4400492522
       17.1300000000         2.7989524915       116.1347834388
       17.1350000000         2.8039651488       127.5242518119
       17.1400000000         2.8089298065        91.4576019637
       17.1450000000         2.8138456806       129.4224965408
       17.1500000000         2.8187119949       123.7277623542
       17.1550000000         2.8235279808       127.5242518119
       17.1600000000         2.8282928779       133.2189859985
       17.1650000000         2.8330059337       131.3207412696
       17.1700000000         2.8376664041       133.2189859985
       17.1750000000         2.8422735530       138.9137201850
       17.1800000000         2.8468266529       123.7277623542
       17.1850000000         2.8513249849       148.4049438293
       17.1900000000         2.8557678386       148.4049438293
       17.1950000000         2.8601545124       116.1347834388
       17.2000000000         2.8644843137       142.7102096427
       17.2050000000         2.8687565587       146.5066991004
       17.2100000000         2.8729705727       152.2014332870
       17.2150000000         2.8771256904       146.5066991004
       17.2200000000         2.8812212555       157.8961674736
       17.2250000000         2.8852566214       154.0996780159
       17.2300000000         2.8892311508       148.4049438293
       17.2350000000         2.8931442161       169.2856358467
       17.2400000000         2.8969951993       159.7944122024
       17.2450000000         2.9007834924       159.7944122024
       17.2500000000         2.9045084972       167.3873911178
       17.2550000000         2.9081696254       159.7944122024
       17.2600000000         2.9117662988       174.9803700332
       17.2650000000         2.9152979496       182.5733489487
       17.2700000000         2.9187640200       184.4715936775
       17.2750000000         2.9221639628       178.7768594910
       17.2800000000         2.9254972409       171.1838805755
       17.2850000000         2.9287633281       180.6751042198
       17.2900000000         2.9319617086       190.1663278641
       17.2950000000         2.9350918773       178.7768594910
       17.3000000000         2.9381533400       199.6575515084
       17.3050000000         2.9411456132       178.7768594910
       17.3100000000         2.9440682244       197.7593067795
       17.3150000000         2.9469207121       188.2680831352
       17.3200000000         2.9497026258       190.1663278641
       17.3250000000         2.9524135262       192.0645725929
       17.3300000000         2.9550529853       188.2680831352
       17.3350000000         2.9576205863       203.4540409661
       17.3400000000         2.9601159237       197.7593067795
       17.3450000000         2.9625386034       203.4540409661
       17.3500000000         2.9648882429       201.5557962372
       17.3550000000         2.9671644712       190.1663278641
       17.3600000000         2.9693669288       199.6575515084
       17.3650000000         2.9714952679       188.2680831352
       17.3700000000         2.9735491525       211.0470198815
       17.3750000000         2.9755282581       195.8610620506
       17.3800000000         2.9774322724       218.6399987969
       17.3850000000         2.9792608945       203.4540409661
       17.3900000000         2.9810138358       192.0645725929
       17.3950000000         2.9826908194       216.7417540680
       17.4000000000         2.9842915806       205.3522856949
       17.4050000000         2.9858158665       228.1312224412
       17.4100000000         2.9872634364       212.9452646103
       17.4150000000         2.9886340618       209.1487751526
       17.4200000000         2.9899275262       214.8435093392
       17.4250000000         2.9911436254       195.8610620506
       17.4300000000         2.9922821673       214.8435093392
       17.4350000000         2.9933429721       226.2329777123
       17.4400000000         2.9943258724       209.1487751526
       17.4450000000         2.9952307128       220.5382435257
       17.4500000000         2.9960573507       220.5382435257
       17.4550000000         2.9968056553       214.8435093392
       17.4600000000         2.9974755085       207.2505304238
       17.4650000000         2.9980668046       220.5382435257
       17.4700000000         2.9985794501       220.5382435257
       17.4750000000         2.9990133642       228.1312224412
       17.4800000000         2.9993684783       228.1312224412
       17.4850000000         2.9996447363       230.0294671700
       17.4900000000         2.9998420946       222.4364882546
       17.4950000000         2.9999605221       239.5206908143
       17.5000000000         3.0000000000       230.0294671700
       17.5050000000         2.9999605221       239.5206908143
       17.5100000000         2.9998420946       228.1312224412
       17.5150000000         2.9996447363       214.8435093392
       17.5200000000         2.9993684783       245.2154250008
       17.5250000000         2.9990133642       235.7242013566
       17.5300000000         2.9985794501       231.9277118989
       17.5350000000         2.9980668046       241.4189355431
       17.5400000000         2.9974755085       230.0294671700
       17.5450000000         2.9968056553       243.3171802720
       17.5500000000         2.9960573507       233.8259566277
       17.5550000000         2.9952307128       243.3171802720
       17.5600000000         2.9943258724       254.7066486451
       17.5650000000         2.9933429721       222.4364882546
       17.5700000000         2.9922821673       260.4013828317
       17.5750000000         2.9911436254       231.9277118989
       17.5800000000         2.9899275262       243.3171802720
       17.5850000000         2.9886340618       243.3171802720
       17.5900000000         2.9872634364       249.0119144586
       17.5950000000         2.9858158665       256.6048933740
       17.6000000000         2.9842915806       237.6224460854
       17.6050000000         2.9826908194       243.3171802720
       17.6100000000         2.9810138358       245.2154250008
       17.6150000000         2.9792608945       258.5031381028
       17.6200000000         2.9774322724       262.2996275605
       17.6250000000         2.9755282581       243.3171802720
       17.6300000000         2.9735491525       239.5206908143
       17.6350000000         2.9714952679       252.8084039163
       17.6400000000         2.9693669288       247.1136697297
       17.6450000000         2.9671644712       254.7066486451
       17.6500000000         2.9648882429       235.7242013566
       17.6550000000         2.9625386034       260.4013828317
       17.6600000000         2.9601159237       250.9101591874
       17.6650000000         2.9576205863       254.7066486451
       17.6700000000         2.9550529853       266.0961170182
       17.6750000000         2.9524135262       249.0119144586
       17.6800000000         2.9497026258       264.1978722894
       17.6850000000         2.9469207121       247.1136697297
       17.6900000000         2.9440682244       277.4855853914
       17.6950000000         2.9411456132       264.1978722894
       17.7000000000         2.9381533400       250.9101591874
       17.7050000000         2.9350918773       258.5031381028
       17.7100000000         2.9319617086       252.8084039163
       17.7150000000         2.9287633281       258.5031381028
       17.7200000000         2.9254972409       256.6048933740
       17.7250000000         2.9221639628       262.2996275605
       17.7300000000         2.9187640200       252.8084039163
       17.7350000000         2.9152979496       262.2996275605
       17.7400000000         2.9117662988       266.0961170182
       17.7450000000         2.9081696254       266.0961170182
       17.7500000000         2.9045084972       262.2996275605
       17.7550000000         2.9007834924       260.4013828317
       17.7600000000         2.8969951993       266.0961170182
       17.7650000000         2.8931442161       256.6048933740
       17.7700000000         2.8892311508       254.7066486451
       17.7750000000         2.8852566214       260.4013828317
       17.7800000000         2.8812212555       256.6048933740
       17.7850000000         2.8771256904       262.2996275605
       17.7900000000         2.8729705727       247.1136697297
       17.7950000000         2.8687565587       273.6890959337
       17.8000000000         2.8644843137       258.5031381028
       17.8050000000         2.8601545124       262.2996275605
       17.8100000000         2.8557678386       262.2996275605
       17.8150000000         2.8513249849       266.0961170182
       17.8200000000         2.8468266529       254.7066486451
       17.8250000000         2.8422735530       264.1978722894
       17.8300000000         2.8376664041       267.9943617471
       17.8350000000         2.8330059337       254.7066486451
       17.8400000000         2.8282928779       250.9101591874
       17.8450000000         2.8235279808       252.8084039163
       17.8500000000         2.8187119949       252.8084039163
       17.8550000000         2.8138456806       245.2154250008
       17.8600000000         2.8089298065       247.1136697297
       17.8650000000         2.8039651488       252.8084039163
       17.8700000000         2.7989524915       249.0119144586
       17.8750000000         2.7938926261       233.8259566277
       17.8800000000         2.7887863517       230.0294671700
       17.8850000000         2.7836344746       231.9277118989
       17.8900000000         2.7784378082       252.8084039163
       17.8950000000         2.7731971734       243.3171802720
       17.9000000000         2.7679133975       241.4189355431
       17.9050000000         2.7625873150       226.2329777123
       17.9100000000         2.7572197669       228.1312224412
       17.9150000000         2.7518116008       233.8259566277
       17.9200000000         2.7463636708       212.9452646103
       17.9250000000         2.7408768371       228.1312224412
       17.9300000000         2.7353519661       216.7417540680
       17.9350000000         2.7297899303       222.4364882546
       17.9400000000         2.7241916080       224.3347329835
       17.9450000000         2.7185578833       212.9452646103
       17.9500000000         2.7128896458       216.7417540680
       17.9550000000         2.7071877905       211.0470198815
       17.9600000000         2.7014532179       205.3522856949
       17.9650000000         2.6956868334       205.3522856949
       17.9700000000         2.6898895478       201.5557962372
       17.9750000000         2.6840622763       188.2680831352
       17.9800000000         2.6782059394       197.7593067795
       17.9850000000         2.6723214616       192.0645725929
       17.9900000000         2.6664097723       201.5557962372
       17.9950000000         2.6604718049       180.6751042198
       18.0000000000         2.6545084972       174.9803700332
       18.0050000000         2.6485207908       182.5733489487
       18.0100000000         2.6425096312       174.9803700332
       18.0150000000         2.6364759678       192.0645725929
       18.0200000000         2.6304207531       169.2856358467
       18.0250000000         2.6243449436       176.8786147621
       18.0300000000         2.6182494985       169.2856358467
       18.0350000000         2.6121353805       154.0996780159
       18.0400000000         2.6060035550       161.6926569313
       18.0450000000         2.5998549903       155.9979227447
       18.0500000000         2.5936906573       157.8961674736
       18.0550000000         2.5875115295       155.9979227447
       18.0600000000         2.5813185826       146.5066991004
       18.0650000000         2.5751127946       148.4049438293
       18.0700000000         2.5688951453       142.7102096427
       18.0750000000         2.5626666168       137.0154754562
       18.0800000000         2.5564281924       137.0154754562
       18.0850000000         2.5501808574       138.9137201850
       18.0900000000         2.5439255983       131.3207412696
       18.0950000000         2.5376634028       129.4224965408
       18.1000000000         2.5313952598       125.6260070830
       18.1050000000         2.5251221591       125.6260070830
       18.1100000000         2.5188450913       121.8295176253
       18.1150000000         2.5125650477       119.9312728965
       18.1200000000         2.5062830199       116.1347834388
       18.1250000000         2.5000000000       108.5418045234
       18.1300000000         2.4937169801       102.8470703368
       18.1350000000         2.4874349523        97.1523361502
       18.1400000000         2.4811549087        68.6786652174
       18.1450000000         2.4748778409        38.3067495558
       18.1500000000         2.4686047402         0.3418549787
       18.1550000000         2.4623365972        -7.2511239367
       18.1600000000         2.4560744017         2.2400997075
       18.1650000000         2.4498191426         4.1383444364
       18.1700000000         2.4435718076         2.2400997075
       18.1750000000         2.4373333832         6.0365891652
       18.1800000000         2.4311048547        -7.2511239367
       18.1850000000         2.4248872054       -37.6230395984
       18.1900000000         2.4186814174      -111.6545840237
       18.1950000000         2.4124884705       -58.5037316158
       18.2000000000         2.4063093427       -98.3668709217
       18.2050000000         2.4001450097       -75.5879341755
       18.2100000000         2.3939964450      -104.0616051083
       18.2150000000         2.3878646195       -73.6896894466
       18.2200000000         2.3817505015      -115.4510734814
       18.2250000000         2.3756550564      -104.0616051083
       18.2300000000         2.3695792469      -105.9598498371
       18.2350000000         2.3635240322       -98.3668709217
       18.2400000000         2.3574903688      -102.1633603794
       18.2450000000         2.3514792092      -113.5528287526
       18.2500000000         2.3454915028      -104.0616051083
       18.2550000000         2.3395281951      -115.4510734814
       18.2600000000         2.3335902277      -111.6545840237
       18.2650000000         2.3276785384      -113.5528287526
       18.2700000000         2.3217940606      -126.8405418545
       18.2750000000         2.3159377237      -123.0440523968
       18.2800000000         2.3101104522      -124.9422971257
       18.2850000000         2.3043131666      -119.2475629391
       18.2900000000         2.2985467821      -130.6370313122
       18.2950000000         2.2928122095      -130.6370313122
       18.3000000000         2.2871103542      -124.9422971257
       18.3050000000         2.2814421167      -126.8405418545
       18.3100000000         2.2758083920      -138.2300102277
       18.3150000000         2.2702100697      -136.3317654988
       18.3200000000         2.2646480339      -142.0264996854
       18.3250000000         2.2591231629      -143.9247444142
       18.3300000000         2.2536363292      -151.5177233296
       18.3350000000         2.2481883992      -149.6194786008
       18.3400000000         2.2427802331      -149.6194786008
       18.3450000000         2.2374126850      -151.5177233296
       18.3500000000         2.2320866025      -145.8229891431
       18.3550000000         2.2268028266      -157.2124575162
       18.3600000000         2.2215621918      -174.2966600759
       18.3650000000         2.2163655254      -155.3142127873
       18.3700000000         2.2112136483      -147.7212338719
       18.3750000000         2.2061073739      -161.0089469739
       18.3800000000         2.2010475085      -161.0089469739
       18.3850000000         2.1960348512      -170.5001706182
       18.3900000000         2.1910701935      -172.3984153470
       18.3950000000         2.1861543194      -179.9913942624
       18.4000000000         2.1812880051      -172.3984153470
       18.4050000000         2.1764720192      -179.9913942624
       18.4100000000         2.1717071221      -185.6861284490
       18.4150000000         2.1669940663      -189.4826179067
       18.4200000000         2.1623335959      -149.6194786008
       18.4250000000         2.1577264470      -193.2791073644
       18.4300000000         2.1531733471      -185.6861284490
       18.4350000000         2.1486750151      -193.2791073644
       18.4400000000         2.1442321614      -191.3808626356
       18.4450000000         2.1398454876      -189.4826179067
       18.4500000000         2.1355156863      -219.8545335684
       18.4550000000         2.1312434413      -185.6861284490
       18.4600000000         2.1270294273      -212.2615546530
       18.4650000000         2.1228743096      -193.2791073644
       18.4700000000         2.1187787445      -217.9562888395
       18.4750000000         2.1147433786      -208.4650651953
       18.4800000000         2.1107688492      -214.1597993818
       18.4850000000         2.1068557839      -219.8545335684
       18.4900000000         2.1030048007      -210.3633099241
       18.4950000000         2.0992165076      -210.3633099241
       18.5000000000         2.0954915028      -219.8545335684
       18.5050000000         2.0918303746      -233.1422466704
       18.5100000000         2.0882337012      -225.5492677549
       18.5150000000         2.0847020504      -240.7352255858
       18.5200000000         2.0812359800      -225.5492677549
       18.5250000000         2.0778360372      -255.9211834166
       18.5300000000         2.0745027591      -233.1422466704
       18.5350000000         2.0712366719      -238.8369808569
       18.5400000000         2.0680382914      -229.3457572126
       18.5450000000         2.0649081227      -240.7352255858
       18.5500000000         2.0618466600      -255.9211834166
       18.5550000000         2.0588543868      -221.7527782972
       18.5600000000         2.0559317756      -280.5983648917
       18.5650000000         2.0530792879      -252.1246939589
       18.5700000000         2.0502973742      -263.5141623320
       18.5750000000         2.0475864738      -261.6159176032
       18.5800000000         2.0449470147      -248.3282045012
       18.5850000000         2.0423794137      -252.1246939589
       18.5900000000         2.0398840763      -246.4299597723
       18.5950000000         2.0374613966      -273.0053859763
       18.6000000000         2.0351117571      -265.4124070609
       18.6050000000         2.0328355288      -255.9211834166
       18.6100000000         2.0306330712      -263.5141623320
       18.6150000000         2.0285047321      -250.2264492300
       18.6200000000         2.0264508475      -257.8194281455
       18.6250000000         2.0244717419      -271.1071412474
       18.6300000000         2.0225677276      -261.6159176032
       18.6350000000         2.0207391055      -280.5983648917
       18.6400000000         2.0189861642      -273.0053859763
       18.6450000000         2.0173091806      -263.5141623320
       18.6500000000         2.0157084194      -278.7001201629
       18.6550000000         2.0141841335      -257.8194281455
       18.6600000000         2.0127365636      -290.0895885360
       18.6650000000         2.0113659382      -244.5317150435
       18.6700000000         2.0100724738      -280.5983648917
       18.6750000000         2.0088563746      -265.4124070609
       18.6800000000         2.0077178327      -271.1071412474
       18.6850000000         2.0066570279      -267.3106517897
       18.6900000000         2.0056741276      -259.7176728743
       18.6950000000         2.0047692872      -286.2930990783
       18.7000000000         2.0039426493      -259.7176728743
       18.7050000000         2.0031943447      -286.2930990783
       18.7100000000         2.0025244915      -263.5141623320
       18.7150000000         2.0019331954      -282.4966096206
       18.7200000000         2.0014205499      -265.4124070609
       18.7250000000         2.0009866358      -284.3948543494
       18.7300000000         2.0006315217      -291.9878332648
       18.7350000000         2.0003552637      -278.7001201629
       18.7400000000         2.0001579054      -280.5983648917
       18.7450000000         2.0000394779      -280.5983648917
       18.7500000000         2.0000000000      -278.7001201629
       18.7550000000         2.0000394779      -299.5808121802
       18.7600000000         2.0001579054      -280.5983648917
       18.7650000000         2.0003552637      -284.3948543494
       18.7700000000         2.0006315217      -261.6159176032
       18.7750000000         2.0009866358      -286.2930990783
       18.7800000000         2.0014205499      -284.3948543494
       18.7850000000         2.0019331954      -286.2930990783
       18.7900000000         2.0025244915      -282.4966096206
       18.7950000000         2.0031943447      -280.5983648917
       18.8000000000         2.0039426493      -293.8860779937
       18.8050000000         2.0047692872      -273.0053859763
       18.8100000000         2.0056741276      -301.4790569091
       18.8150000000         2.0066570279      -293.8860779937
       18.8200000000         2.0077178327      -278.7001201629
       18.8250000000         2.0088563746      -291.9878332648
       18.8300000000         2.0100724738      -276.8018754340
       18.8350000000         2.0113659382      -295.7843227225
       18.8400000000         2.0127365636      -274.9036307051
       18.8450000000         2.0141841335      -286.2930990783
       18.8500000000         2.0157084194      -282.4966096206
       18.8550000000         2.0173091806      -288.1913438071
       18.8600000000         2.0189861642      -286.2930990783
       18.8650000000         2.0207391055      -286.2930990783
       18.8700000000         2.0225677276      -290.0895885360
       18.8750000000         2.0244717419      -307.1737910957
       18.8800000000         2.0264508475      -280.5983648917
       18.8850000000         2.0285047321      -318.5632594688
       18.8900000000         2.0306330712      -274.9036307051
       18.8950000000         2.0328355288      -299.5808121802
       18.9000000000         2.0351117571      -282.4966096206
       18.9050000000         2.0374613966      -293.8860779937
       18.9100000000         2.0398840763      -293.8860779937
       18.9150000000         2.0423794137      -280.5983648917
       18.9200000000         2.0449470147      -286.2930990783
       18.9250000000         2.0475864738      -288.1913438071
       18.9300000000         2.0502973742      -295.7843227225
       18.9350000000         2.0530792879      -295.7843227225
       18.9400000000         2.0559317756      -278.7001201629
       18.9450000000         2.0588543868      -288.1913438071
       18.9500000000         2.0618466600      -280.5983648917
       18.9550000000         2.0649081227      -286.2930990783
       18.9600000000         2.0680382914      -291.9878332648
       18.9650000000         2.0712366719      -291.9878332648
       18.9700000000         2.0745027591      -301.4790569091
       18.9750000000         2.0778360372      -267.3106517897
       18.9800000000         2.0812359800      -288.1913438071
       18.9850000000         2.0847020504      -274.9036307051
       18.9900000000         2.0882337012      -280.5983648917
       18.9950000000         2.0918303746      -271.1071412474
       19.0000000000         2.0954915028      -278.7001201629
       19.0050000000         2.0992165076      -267.3106517897
       19.0100000000         2.1030048007      -278.7001201629
       19.0150000000         2.1068557839      -265.4124070609
       19.0200000000         2.1107688492      -282.4966096206
       19.0250000000         2.1147433786      -276.8018754340
       19.0300000000         2.1187787445      -284.3948543494
       19.0350000000         2.1228743096      -278.7001201629
       19.0400000000         2.1270294273      -271.1071412474
       19.0450000000         2.1312434413      -301.4790569091
       19.0500000000         2.1355156863      -291.9878332648
       19.0550000000         2.1398454876      -271.1071412474
       19.0600000000         2.1442321614      -261.6159176032
       19.0650000000         2.1486750151      -282.4966096206
       19.0700000000         2.1531733471      -261.6159176032
       19.0750000000         2.1577264470      -273.0053859763
       19.0800000000         2.1623335959      -255.9211834166
       19.0850000000         2.1669940663      -280.5983648917
       19.0900000000         2.1717071221      -273.0053859763
       19.0950000000         2.1764720192      -273.0053859763
       19.1000000000         2.1812880051      -276.8018754340
       19.1050000000         2.1861543194      -263.5141623320
       19.1100000000         2.1910701935      -276.8018754340
       19.1150000000         2.1960348512      -255.9211834166
       19.1200000000         2.2010475085      -261.6159176032
       19.1250000000         2.2061073739      -254.0229386877
       19.1300000000         2.2112136483      -276.8018754340
       19.1350000000         2.2163655254      -254.0229386877
       19.1400000000         2.2215621918      -261.6159176032
       19.1450000000         2.2268028266      -250.2264492300
       19.1500000000         2.2320866025      -257.8194281455
       19.1550000000         2.2374126850      -269.2088965186
       19.1600000000         2.2427802331      -244.5317150435
       19.1650000000         2.2481883992      -263.5141623320
       19.1700000000         2.2536363292      -252.1246939589
       19.1750000000         2.2591231629      -252.1246939589
       19.1800000000         2.2646480339      -259.7176728743
       19.1850000000         2.2702100697      -248.3282045012
       19.1900000000         2.2758083920      -250.2264492300
       19.1950000000         2.2814421167      -246.4299597723
       19.2000000000         2.2871103542      -263.5141623320
       19.2050000000         2.2928122095      -244.5317150435
       19.2100000000         2.2985467821      -254.0229386877
       19.2150000000         2.3043131666      -240.7352255858
       19.2200000000         2.3101104522      -227.4475124838
       19.2250000000         2.3159377237      -250.2264492300
       19.2300000000         2.3217940606      -225.5492677549
       19.2350000000         2.3276785384      -248.3282045012
       19.2400000000         2.3335902277      -236.9387361281
       19.2450000000         2.3395281951      -227.4475124838
       19.2500000000         2.3454915028      -248.3282045012
       19.2550000000         2.3514792092      -217.9562888395
       19.2600000000         2.3574903688      -240.7352255858
       19.2650000000         2.3635240322      -236.9387361281
       19.2700000000         2.3695792469      -219.8545335684
       19.2750000000         2.3756550564      -246.4299597723
       19.2800000000         2.3817505015      -208.4650651953
       19.2850000000         2.3878646195      -229.3457572126
       19.2900000000         2.3939964450      -214.1597993818
       19.2950000000         2.4001450097      -212.2615546530
       19.3000000000         2.4063093427      -219.8545335684
       19.3050000000         2.4124884705      -216.0580441107
       19.3100000000         2.4186814174      -200.8720862798
       19.3150000000         2.4248872054      -219.8545335684
       19.3200000000         2.4311048547      -206.5668204664
       19.3250000000         2.4373333832      -200.8720862798
       19.3300000000         2.4435718076      -204.6685757375
       19.3350000000         2.4498191426      -191.3808626356
       19.3400000000         2.4560744017      -189.4826179067
       19.3450000000         2.4623365972      -189.4826179067
       19.3500000000         2.4686047402      -187.5843731779
       19.3550000000         2.4748778409      -179.9913942624
       19.3600000000         2.4811549087      -189.4826179067
       19.3650000000         2.4874349523      -179.9913942624
       19.3700000000         2.4937169801      -178.0931495336
       19.3750000000         2.5000000000      -178.0931495336
       19.3800000000         2.5062830199      -151.5177233296
       19.3850000000         2.5125650477      -147.7212338719
       19.3900000000         2.5188450913      -113.5528287526
       19.3950000000         2.5251221591       -77.4861789043
       19.4000000000         2.5313952598       -41.4195290561
       19.4050000000         2.5376634028        -5.3528792079
       19.4100000000         2.5439255983        11.7313233518
       19.4150000000         2.5501808574        -3.4546344790
       19.4200000000         2.5564281924         2.2400997075
       19.4250000000         2.5626666168        -9.1493686656
       19.4300000000         2.5688951453        -5.3528792079
       19.4350000000         2.5751127946         6.0365891652
       19.4400000000         2.5813185826        -1.5563897502
       19.4450000000         2.5875115295        -1.5563897502
       19.4500000000         2.5936906573        15.5278128095
       19.4550000000         2.5998549903        87.6611125060
       19.4600000000         2.6060035550        47.7979732000
       19.4650000000         2.6121353805        70.5769099463
       19.4700000000         2.6182494985        55.3909521154
       19.4750000000         2.6243449436        68.6786652174
       19.4800000000         2.6304207531        61.0856863020
       19.4850000000         2.6364759678        68.6786652174
       19.4900000000         2.6425096312        78.1698888617
       19.4950000000         2.6485207908        78.1698888617
       19.5000000000         2.6545084972        80.0681335906
       19.5050000000         2.6604718049        78.1698888617
       19.5100000000         2.6664097723        68.6786652174
       19.5150000000         2.6723214616        72.4751546751
       19.5200000000         2.6782059394        81.9663783194
       19.5250000000         2.6840622763        74.3733994040
       19.5300000000         2.6898895478        81.9663783194
       19.5350000000         2.6956868334        81.9663783194
       19.5400000000         2.7014532179        87.6611125060
       19.5450000000         2.7071877905        76.2716441328
       19.5500000000         2.7128896458        89.5593572348
       19.5550000000         2.7185578833        83.8646230483
       19.5600000000         2.7241916080        87.6611125060
       19.5650000000         2.7297899303        97.1523361502
       19.5700000000         2.7353519661        85.7628677771
       19.5750000000         2.7408768371        97.1523361502
       19.5800000000         2.7463636708        97.1523361502
       19.5850000000         2.7518116008       102.8470703368
       19.5900000000         2.7572197669        91.4576019637
       19.5950000000         2.7625873150       114.2365387099
       19.6000000000         2.7679133975       102.8470703368
       19.6050000000         2.7731971734       106.6435597945
       19.6100000000         2.7784378082       114.2365387099
       19.6150000000         2.7836344746       108.5418045234
       19.6200000000         2.7887863517       106.6435597945
       19.6250000000         2.7938926261       108.5418045234
       19.6300000000         2.7989524915       106.6435597945
       19.6350000000         2.8039651488       118.0330281676
       19.6400000000         2.8089298065       104.7453150657
       19.6450000000         2.8138456806       110.4400492522
       19.6500000000         2.8187119949       114.2365387099
       19.6550000000         2.8235279808       114.2365387099
       19.6600000000         2.8282928779       119.9312728965
       19.6650000000         2.8330059337       116.1347834388
       19.6700000000         2.8376664041       127.5242518119
       19.6750000000         2.8422735530       129.4224965408
       19.6800000000         2.8468266529       131.3207412696
       19.6850000000         2.8513249849       146.5066991004
       19.6900000000         2.8557678386       137.0154754562
       19.6950000000         2.8601545124       133.2189859985
       19.7000000000         2.8644843137       144.6084543716
       19.7050000000         2.8687565587       148.4049438293
       19.7100000000         2.8729705727       144.6084543716
       19.7150000000         2.8771256904       150.3031885581
       19.7200000000         2.8812212555       138.9137201850
       19.7250000000         2.8852566214       161.6926569313
       19.7300000000         2.8892311508       165.4891463890
       19.7350000000         2.8931442161       154.0996780159
       19.7400000000         2.8969951993       169.2856358467
       19.7450000000         2.9007834924       152.2014332870
       19.7500000000         2.9045084972       161.6926569313
       19.7550000000         2.9081696254       155.9979227447
       19.7600000000         2.9117662988       159.7944122024
       19.7650000000         2.9152979496       169.2856358467
       19.7700000000         2.9187640200       163.5909016601
       19.7750000000         2.9221639628       165.4891463890
       19.7800000000         2.9254972409       188.2680831352
       19.7850000000         2.9287633281       169.2856358467
       19.7900000000         2.9319617086       173.0821253044
       19.7950000000         2.9350918773       178.7768594910
       19.8000000000         2.9381533400       173.0821253044
       19.8050000000         2.9411456132       192.0645725929
       19.8100000000         2.9440682244       180.6751042198
       19.8150000000         2.9469207121       192.0645725929
       19.8200000000         2.9497026258       182.5733489487
       19.8250000000         2.9524135262       182.5733489487
       19.8300000000         2.9550529853       197.7593067795
       19.8350000000         2.9576205863       190.1663278641
       19.8400000000         2.9601159237       192.0645725929
       19.8450000000         2.9625386034       214.8435093392
       19.8500000000         2.9648882429       192.0645725929
       19.8550000000         2.9671644712       211.0470198815
       19.8600000000         2.9693669288       212.9452646103
       19.8650000000         2.9714952679       211.0470198815
       19.8700000000         2.9735491525       201.5557962372
       19.8750000000         2.9755282581       218.6399987969
       19.8800000000         2.9774322724       203.4540409661
       19.8850000000         2.9792608945       222.4364882546
       19.8900000000         2.9810138358       220.5382435257
       19.8950000000         2.9826908194       214.8435093392
       19.9000000000         2.9842915806       222.4364882546
       19.9050000000         2.9858158665       211.0470198815
       19.9100000000         2.9872634364       214.8435093392
       19.9150000000         2.9886340618       220.5382435257
       19.9200000000         2.9899275262       235.7242013566
       19.9250000000         2.9911436254       212.9452646103
       19.9300000000         2.9922821673       237.6224460854
       19.9350000000         2.9933429721       220.5382435257
       19.9400000000         2.9943258724       231.9277118989
       19.9450000000         2.9952307128       233.8259566277
       19.9500000000         2.9960573507       230.0294671700
       19.9550000000         2.9968056553       243.3171802720
       19.9600000000         2.9974755085       241.4189355431
       19.9650000000         2.9980668046       243.3171802720
       19.9700000000         2.9985794501       243.3171802720
       19.9750000000         2.9990133642       230.0294671700
       19.9800000000         2.9993684783       239.5206908143
       19.9850000000         2.9996447363       237.6224460854
       19.9900000000         2.9998420946       233.8259566277
       19.9950000000         2.9999605221       254.7066486451
