        0.0000000000         3.0000000000        -5.3528792079
        0.0050000000         2.9999975326       -20.5388370387
        0.0100000000         2.9999901304        13.6295680807
        0.0150000000         2.9999777936        -9.1493686656
        0.0200000000         2.9999605221         6.0365891652
        0.0250000000         2.9999383162        -3.4546344790
        0.0300000000         2.9999111762        57.2891968443
        0.0350000000         2.9998791022       157.8961674736
        0.0400000000         2.9998420946        85.7628677771
        0.0450000000         2.9998001538       152.2014332870
        0.0500000000         2.9997532802       133.2189859985
        0.0550000000         2.9997014742       146.5066991004
        0.0600000000         2.9996447363       142.7102096427
        0.0650000000         2.9995830672       146.5066991004
        0.0700000000         2.9995164673       173.0821253044
        0.0750000000         2.9994449375       165.4891463890
        0.0800000000         2.9993684783       152.2014332870
        0.0850000000         2.9992870906       169.2856358467
        0.0900000000         2.9992007751       174.9803700332
        0.0950000000         2.9991095326       157.8961674736
        0.1000000000         2.9990133642       173.0821253044
        0.1050000000         2.9989122707       199.6575515084
        0.1100000000         2.9988062532       140.8119649139
        0.1150000000         2.9986953126       188.2680831352
        0.1200000000         2.9985794501       193.9628173218
        0.1250000000         2.9984586669       203.4540409661
        0.1300000000         2.9983329640       199.6575515084
        0.1350000000         2.9982023428       192.0645725929
        0.1400000000         2.9980668046       212.9452646103
        0.1450000000         2.9979263506       193.9628173218
        0.1500000000         2.9977809823       218.6399987969
        0.1550000000         2.9976307011       205.3522856949
        0.1600000000         2.9974755085       230.0294671700
        0.1650000000         2.9973154060       218.6399987969
        0.1700000000         2.9971503952       218.6399987969
        0.1750000000         2.9969804777       228.1312224412
        0.1800000000         2.9968056553       224.3347329835
        0.1850000000         2.9966259295       228.1312224412
        0.1900000000         2.9964413023       235.7242013566
        0.1950000000         2.9962517754       230.0294671700
        0.2000000000         2.9960573507       224.3347329835
        0.2050000000         2.9958580301       243.3171802720
        0.2100000000         2.9956538155       243.3171802720
        0.2150000000         2.9954447091       237.6224460854
        0.2200000000         2.9952307128       233.8259566277
        0.2250000000         2.9950118289       230.0294671700
        0.2300000000         2.9947880593       260.4013828317
        0.2350000000         2.9945594064       230.0294671700
        0.2400000000         2.9943258724       243.3171802720
        0.2450000000         2.9940874596       243.3171802720
        0.2500000000         2.9938441703       241.4189355431
        0.2550000000         2.9935960070       252.8084039163
        0.2600000000         2.9933429721       239.5206908143
        0.2650000000         2.9930850681       258.5031381028
        0.2700000000         2.9928222976       258.5031381028
        0.2750000000         2.9925546631       254.7066486451
        0.2800000000         2.9922821673       260.4013828317
        0.2850000000         2.9920048128       239.5206908143
        0.2900000000         2.9917226025       264.1978722894
        0.2950000000         2.9914355391       254.7066486451
        0.3000000000         2.9911436254       266.0961170182
        0.3050000000         2.9908468643       266.0961170182
        0.3100000000         2.9905452587       252.8084039163
        0.3150000000         2.9902388117       260.4013828317
        0.3200000000         2.9899275262       256.6048933740
        0.3250000000         2.9896114053       262.2996275605
        0.3300000000         2.9892904522       258.5031381028
        0.3350000000         2.9889646699       267.9943617471
        0.3400000000         2.9886340618       249.0119144586
        0.3450000000         2.9882986310       267.9943617471
        0.3500000000         2.9879583810       264.1978722894
        0.3550000000         2.9876133150       252.8084039163
        0.3600000000         2.9872634364       267.9943617471
        0.3650000000         2.9869087487       256.6048933740
        0.3700000000         2.9865492555       271.7908512048
        0.3750000000         2.9861849602       256.6048933740
        0.3800000000         2.9858158665       273.6890959337
        0.3850000000         2.9854419779       260.4013828317
        0.3900000000         2.9850632982       252.8084039163
        0.3950000000         2.9846798312       262.2996275605
        0.4000000000         2.9842915806       252.8084039163
        0.4050000000         2.9838985502       269.8926064759
        0.4100000000         2.9835007439       256.6048933740
        0.4150000000         2.9830981656       267.9943617471
        0.4200000000         2.9826908194       260.4013828317
        0.4250000000         2.9822787092       254.7066486451
        0.4300000000         2.9818618391       271.7908512048
        0.4350000000         2.9814402133       252.8084039163
        0.4400000000         2.9810138358       266.0961170182
        0.4450000000         2.9805827109       249.0119144586
        0.4500000000         2.9801468428       269.8926064759
        0.4550000000         2.9797062359       250.9101591874
        0.4600000000         2.9792608945       271.7908512048
        0.4650000000         2.9788108230       252.8084039163
        0.4700000000         2.9783560258       275.5873406625
        0.4750000000         2.9778965074       249.0119144586
        0.4800000000         2.9774322724       252.8084039163
        0.4850000000         2.9769633253       273.6890959337
        0.4900000000         2.9764896708       256.6048933740
        0.4950000000         2.9760113135       279.3838301202
        0.5000000000         2.9755282581       252.8084039163
        0.5050000000         2.9750405096       267.9943617471
        0.5100000000         2.9745480725       252.8084039163
        0.5150000000         2.9740509518       256.6048933740
        0.5200000000         2.9735491525       258.5031381028
        0.5250000000         2.9730426794       243.3171802720
        0.5300000000         2.9725315376       264.1978722894
        0.5350000000         2.9720157321       241.4189355431
        0.5400000000         2.9714952679       269.8926064759
        0.5450000000         2.9709701504       249.0119144586
        0.5500000000         2.9704403845       266.0961170182
        0.5550000000         2.9699059755       258.5031381028
        0.5600000000         2.9693669288       258.5031381028
        0.5650000000         2.9688232496       264.1978722894
        0.5700000000         2.9682749434       250.9101591874
        0.5750000000         2.9677220154       266.0961170182
        0.5800000000         2.9671644712       250.9101591874
        0.5850000000         2.9666023163       262.2996275605
        0.5900000000         2.9660355562       260.4013828317
        0.5950000000         2.9654641966       252.8084039163
        0.6000000000         2.9648882429       260.4013828317
        0.6050000000         2.9643077011       266.0961170182
        0.6100000000         2.9637225767       267.9943617471
        0.6150000000         2.9631328755       252.8084039163
        0.6200000000         2.9625386034       266.0961170182
        0.6250000000         2.9619397663       254.7066486451
        0.6300000000         2.9613363699       260.4013828317
        0.6350000000         2.9607284204       254.7066486451
        0.6400000000         2.9601159237       245.2154250008
        0.6450000000         2.9594988858       252.8084039163
        0.6500000000         2.9588773128       249.0119144586
        0.6550000000         2.9582512110       266.0961170182
        0.6600000000         2.9576205863       237.6224460854
        0.6650000000         2.9569854451       252.8084039163
        0.6700000000         2.9563457937       252.8084039163
        0.6750000000         2.9557016383       252.8084039163
        0.6800000000         2.9550529853       258.5031381028
        0.6850000000         2.9543998412       235.7242013566
        0.6900000000         2.9537422123       262.2996275605
        0.6950000000         2.9530801051       260.4013828317
        0.7000000000         2.9524135262       254.7066486451
        0.7050000000         2.9517424822       254.7066486451
        0.7100000000         2.9510669797       247.1136697297
        0.7150000000         2.9503870253       267.9943617471
        0.7200000000         2.9497026258       254.7066486451
        0.7250000000         2.9490137879       252.8084039163
        0.7300000000         2.9483205184       254.7066486451
        0.7350000000         2.9476228242       250.9101591874
        0.7400000000         2.9469207121       266.0961170182
        0.7450000000         2.9462141891       241.4189355431
        0.7500000000         2.9455032621       254.7066486451
        0.7550000000         2.9447879382       235.7242013566
        0.7600000000         2.9440682244       245.2154250008
        0.7650000000         2.9433441279       239.5206908143
        0.7700000000         2.9426156557       243.3171802720
        0.7750000000         2.9418828150       249.0119144586
        0.7800000000         2.9411456132       231.9277118989
        0.7850000000         2.9404040575       249.0119144586
        0.7900000000         2.9396581551       231.9277118989
        0.7950000000         2.9389079135       241.4189355431
        0.8000000000         2.9381533400       243.3171802720
        0.8050000000         2.9373944422       243.3171802720
        0.8100000000         2.9366312274       254.7066486451
        0.8150000000         2.9358637033       237.6224460854
        0.8200000000         2.9350918773       245.2154250008
        0.8250000000         2.9343157572       250.9101591874
        0.8300000000         2.9335353506       230.0294671700
        0.8350000000         2.9327506651       250.9101591874
        0.8400000000         2.9319617086       230.0294671700
        0.8450000000         2.9311684888       235.7242013566
        0.8500000000         2.9303710135       239.5206908143
        0.8550000000         2.9295692906       226.2329777123
        0.8600000000         2.9287633281       245.2154250008
        0.8650000000         2.9279531338       233.8259566277
        0.8700000000         2.9271387158       243.3171802720
        0.8750000000         2.9263200822       233.8259566277
        0.8800000000         2.9254972409       218.6399987969
        0.8850000000         2.9246702001       241.4189355431
        0.8900000000         2.9238389680       235.7242013566
        0.8950000000         2.9230035528       233.8259566277
        0.9000000000         2.9221639628       230.0294671700
        0.9050000000         2.9213202061       226.2329777123
        0.9100000000         2.9204722911       247.1136697297
        0.9150000000         2.9196202263       216.7417540680
        0.9200000000         2.9187640200       235.7242013566
        0.9250000000         2.9179036807       212.9452646103
        0.9300000000         2.9170392168       218.6399987969
        0.9350000000         2.9161706369       226.2329777123
        0.9400000000         2.9152979496       216.7417540680
        0.9450000000         2.9144211635       222.4364882546
        0.9500000000         2.9135402871       228.1312224412
        0.9550000000         2.9126553293       211.0470198815
        0.9600000000         2.9117662988       230.0294671700
        0.9650000000         2.9108732043       230.0294671700
        0.9700000000         2.9099760547       228.1312224412
        0.9750000000         2.9090748587       230.0294671700
        0.9800000000         2.9081696254       224.3347329835
        0.9850000000         2.9072603635       230.0294671700
        0.9900000000         2.9063470822       233.8259566277
        0.9950000000         2.9054297904       222.4364882546
        1.0000000000         2.9045084972       224.3347329835
        1.0050000000         2.9035832116       218.6399987969
        1.0100000000         2.9026539429       220.5382435257
        1.0150000000         2.9017207001       228.1312224412
        1.0200000000         2.9007834924       222.4364882546
        1.0250000000         2.8998423292       214.8435093392
        1.0300000000         2.8988972198       230.0294671700
        1.0350000000         2.8979481733       192.0645725929
        1.0400000000         2.8969951993       226.2329777123
        1.0450000000         2.8960383071       224.3347329835
        1.0500000000         2.8950775062       209.1487751526
        1.0550000000         2.8941128060       220.5382435257
        1.0600000000         2.8931442161       220.5382435257
        1.0650000000         2.8921717460       226.2329777123
        1.0700000000         2.8911954053       230.0294671700
        1.0750000000         2.8902152037       222.4364882546
        1.0800000000         2.8892311508       230.0294671700
        1.0850000000         2.8882432563       214.8435093392
        1.0900000000         2.8872515301       220.5382435257
        1.0950000000         2.8862559818       220.5382435257
        1.1000000000         2.8852566214       222.4364882546
        1.1050000000         2.8842534586       222.4364882546
        1.1100000000         2.8832465034       220.5382435257
        1.1150000000         2.8822357657       205.3522856949
        1.1200000000         2.8812212555       209.1487751526
        1.1250000000         2.8802029828       216.7417540680
        1.1300000000         2.8791809576       209.1487751526
        1.1350000000         2.8781551901       220.5382435257
        1.1400000000         2.8771256904       222.4364882546
        1.1450000000         2.8760924685       222.4364882546
        1.1500000000         2.8750555348       218.6399987969
        1.1550000000         2.8740148995       220.5382435257
        1.1600000000         2.8729705727       212.9452646103
        1.1650000000         2.8719225649       222.4364882546
        1.1700000000         2.8708708864       218.6399987969
        1.1750000000         2.8698155475       216.7417540680
        1.1800000000         2.8687565587       211.0470198815
        1.1850000000         2.8676939304       205.3522856949
        1.1900000000         2.8666276731       207.2505304238
        1.1950000000         2.8655577974       216.7417540680
        1.2000000000         2.8644843137       211.0470198815
        1.2050000000         2.8634072327       220.5382435257
        1.2100000000         2.8623265651       199.6575515084
        1.2150000000         2.8612423214       222.4364882546
        1.2200000000         2.8601545124       212.9452646103
        1.2250000000         2.8590631489       212.9452646103
        1.2300000000         2.8579682415       212.9452646103
        1.2350000000         2.8568698011       222.4364882546
        1.2400000000         2.8557678386       212.9452646103
        1.2450000000         2.8546623648       203.4540409661
        1.2500000000         2.8535533906       212.9452646103
        1.2550000000         2.8524409270       205.3522856949
        1.2600000000         2.8513249849       207.2505304238
        1.2650000000         2.8502055754       212.9452646103
        1.2700000000         2.8490827095       203.4540409661
        1.2750000000         2.8479563983       209.1487751526
        1.2800000000         2.8468266529       203.4540409661
        1.2850000000         2.8456934845       197.7593067795
        1.2900000000         2.8445569042       205.3522856949
        1.2950000000         2.8434169233       193.9628173218
        1.3000000000         2.8422735530       201.5557962372
        1.3050000000         2.8411268046       199.6575515084
        1.3100000000         2.8399766894       199.6575515084
        1.3150000000         2.8388232187       205.3522856949
        1.3200000000         2.8376664041       192.0645725929
        1.3250000000         2.8365062568       207.2505304238
        1.3300000000         2.8353427883       195.8610620506
        1.3350000000         2.8341760101       205.3522856949
        1.3400000000         2.8330059337       188.2680831352
        1.3450000000         2.8318325707       192.0645725929
        1.3500000000         2.8306559327       190.1663278641
        1.3550000000         2.8294760312       195.8610620506
        1.3600000000         2.8282928779       193.9628173218
        1.3650000000         2.8271064845       195.8610620506
        1.3700000000         2.8259168627       205.3522856949
        1.3750000000         2.8247240242       176.8786147621
        1.3800000000         2.8235279808       201.5557962372
        1.3850000000         2.8223287443       188.2680831352
        1.3900000000         2.8211263266       192.0645725929
        1.3950000000         2.8199207395       182.5733489487
        1.4000000000         2.8187119949       188.2680831352
        1.4050000000         2.8175001047       188.2680831352
        1.4100000000         2.8162850810       178.7768594910
        1.4150000000         2.8150669356       192.0645725929
        1.4200000000         2.8138456806       182.5733489487
        1.4250000000         2.8126213282       190.1663278641
        1.4300000000         2.8113938902       178.7768594910
        1.4350000000         2.8101633790       178.7768594910
        1.4400000000         2.8089298065       182.5733489487
        1.4450000000         2.8076931851       174.9803700332
        1.4500000000         2.8064535268       182.5733489487
        1.4550000000         2.8052108440       173.0821253044
        1.4600000000         2.8039651488       186.3698384064
        1.4650000000         2.8027164537       178.7768594910
        1.4700000000         2.8014647708       182.5733489487
        1.4750000000         2.8002101127       190.1663278641
        1.4800000000         2.7989524915       178.7768594910
        1.4850000000         2.7976919199       182.5733489487
        1.4900000000         2.7964284101       180.6751042198
        1.4950000000         2.7951619747       178.7768594910
        1.5000000000         2.7938926261       182.5733489487
        1.5050000000         2.7926203770       169.2856358467
        1.5100000000         2.7913452398       188.2680831352
        1.5150000000         2.7900672272       176.8786147621
        1.5200000000         2.7887863517       178.7768594910
        1.5250000000         2.7875026260       176.8786147621
        1.5300000000         2.7862160628       176.8786147621
        1.5350000000         2.7849266747       188.2680831352
        1.5400000000         2.7836344746       173.0821253044
        1.5450000000         2.7823394750       171.1838805755
        1.5500000000         2.7810416889       180.6751042198
        1.5550000000         2.7797411291       167.3873911178
        1.5600000000         2.7784378082       169.2856358467
        1.5650000000         2.7771317394       173.0821253044
        1.5700000000         2.7758229353       169.2856358467
        1.5750000000         2.7745114090       174.9803700332
        1.5800000000         2.7731971734       165.4891463890
        1.5850000000         2.7718802414       178.7768594910
        1.5900000000         2.7705606261       167.3873911178
        1.5950000000         2.7692383404       174.9803700332
        1.6000000000         2.7679133975       176.8786147621
        1.6050000000         2.7665858104       163.5909016601
        1.6100000000         2.7652555922       167.3873911178
        1.6150000000         2.7639227560       169.2856358467
        1.6200000000         2.7625873150       163.5909016601
        1.6250000000         2.7612492824       161.6926569313
        1.6300000000         2.7599086713       157.8961674736
        1.6350000000         2.7585654951       165.4891463890
        1.6400000000         2.7572197669       161.6926569313
        1.6450000000         2.7558715001       167.3873911178
        1.6500000000         2.7545207079       163.5909016601
        1.6550000000         2.7531674037       169.2856358467
        1.6600000000         2.7518116008       161.6926569313
        1.6650000000         2.7504533127       152.2014332870
        1.6700000000         2.7490925527       169.2856358467
        1.6750000000         2.7477293342       159.7944122024
        1.6800000000         2.7463636708       161.6926569313
        1.6850000000         2.7449955758       154.0996780159
        1.6900000000         2.7436250629       154.0996780159
        1.6950000000         2.7422521454       161.6926569313
        1.7000000000         2.7408768371       152.2014332870
        1.7050000000         2.7394991513       154.0996780159
        1.7100000000         2.7381191018       157.8961674736
        1.7150000000         2.7367367022       163.5909016601
        1.7200000000         2.7353519661       142.7102096427
        1.7250000000         2.7339649071       152.2014332870
        1.7300000000         2.7325755390       152.2014332870
        1.7350000000         2.7311838755       154.0996780159
        1.7400000000         2.7297899303       157.8961674736
        1.7450000000         2.7283937172       148.4049438293
        1.7500000000         2.7269952499       150.3031885581
        1.7550000000         2.7255945422       144.6084543716
        1.7600000000         2.7241916080       140.8119649139
        1.7650000000         2.7227864612       148.4049438293
        1.7700000000         2.7213791155       159.7944122024
        1.7750000000         2.7199695849       146.5066991004
        1.7800000000         2.7185578833       144.6084543716
        1.7850000000         2.7171440246       159.7944122024
        1.7900000000         2.7157280228       152.2014332870
        1.7950000000         2.7143098919       146.5066991004
        1.8000000000         2.7128896458       154.0996780159
        1.8050000000         2.7114672985       144.6084543716
        1.8100000000         2.7100428642       138.9137201850
        1.8150000000         2.7086163568       146.5066991004
        1.8200000000         2.7071877905       148.4049438293
        1.8250000000         2.7057571793       133.2189859985
        1.8300000000         2.7043245374       146.5066991004
        1.8350000000         2.7028898788       144.6084543716
        1.8400000000         2.7014532179       138.9137201850
        1.8450000000         2.7000145686       154.0996780159
        1.8500000000         2.6985739453       148.4049438293
        1.8550000000         2.6971313622       144.6084543716
        1.8600000000         2.6956868334       150.3031885581
        1.8650000000         2.6942403733       131.3207412696
        1.8700000000         2.6927919961       148.4049438293
        1.8750000000         2.6913417162       138.9137201850
        1.8800000000         2.6898895478       148.4049438293
        1.8850000000         2.6884355052       133.2189859985
        1.8900000000         2.6869796029       129.4224965408
        1.8950000000         2.6855218551       129.4224965408
        1.9000000000         2.6840622763       137.0154754562
        1.9050000000         2.6826008809       137.0154754562
        1.9100000000         2.6811376834       131.3207412696
        1.9150000000         2.6796726980       142.7102096427
        1.9200000000         2.6782059394       135.1172307273
        1.9250000000         2.6767374219       137.0154754562
        1.9300000000         2.6752671601       137.0154754562
        1.9350000000         2.6737951685       121.8295176253
        1.9400000000         2.6723214616       118.0330281676
        1.9450000000         2.6708460539       138.9137201850
        1.9500000000         2.6693689601       129.4224965408
        1.9550000000         2.6678901947       125.6260070830
        1.9600000000         2.6664097723       131.3207412696
        1.9650000000         2.6649277074       121.8295176253
        1.9700000000         2.6634440148       123.7277623542
        1.9750000000         2.6619587091       116.1347834388
        1.9800000000         2.6604718049       131.3207412696
        1.9850000000         2.6589833169       127.5242518119
        1.9900000000         2.6574932598       127.5242518119
        1.9950000000         2.6560016483       137.0154754562
        2.0000000000         2.6545084972       123.7277623542
        2.0050000000         2.6530138211       123.7277623542
        2.0100000000         2.6515176348       119.9312728965
        2.0150000000         2.6500199531       125.6260070830
        2.0200000000         2.6485207908       108.5418045234
        2.0250000000         2.6470201626       125.6260070830
        2.0300000000         2.6455180834       127.5242518119
        2.0350000000         2.6440145680       125.6260070830
        2.0400000000         2.6425096312       123.7277623542
        2.0450000000         2.6410032880       123.7277623542
        2.0500000000         2.6394955530       123.7277623542
        2.0550000000         2.6379864413       123.7277623542
        2.0600000000         2.6364759678       118.0330281676
        2.0650000000         2.6349641472       116.1347834388
        2.0700000000         2.6334509947       123.7277623542
        2.0750000000         2.6319365250       119.9312728965
        2.0800000000         2.6304207531       119.9312728965
        2.0850000000         2.6289036941       104.7453150657
        2.0900000000         2.6273853628       118.0330281676
        2.0950000000         2.6258657743       104.7453150657
        2.1000000000         2.6243449436       116.1347834388
        2.1050000000         2.6228228856       108.5418045234
        2.1100000000         2.6212996154       116.1347834388
        2.1150000000         2.6197751480       106.6435597945
        2.1200000000         2.6182494985       100.9488256079
        2.1250000000         2.6167226819        97.1523361502
        2.1300000000         2.6151947133       108.5418045234
        2.1350000000         2.6136656078        99.0505808791
        2.1400000000         2.6121353805       100.9488256079
        2.1450000000         2.6106040464       106.6435597945
        2.1500000000         2.6090716207        97.1523361502
        2.1550000000         2.6075381185        99.0505808791
        2.1600000000         2.6060035550        89.5593572348
        2.1650000000         2.6044679452        93.3558466925
        2.1700000000         2.6029313044        99.0505808791
        2.1750000000         2.6013936477        93.3558466925
        2.1800000000         2.5998549903        99.0505808791
        2.1850000000         2.5983153473        85.7628677771
        2.1900000000         2.5967747340        74.3733994040
        2.1950000000         2.5952331656        85.7628677771
        2.2000000000         2.5936906573        95.2540914214
        2.2050000000         2.5921472243        97.1523361502
        2.2100000000         2.5906028818        85.7628677771
        2.2150000000         2.5890576451        81.9663783194
        2.2200000000         2.5875115295        93.3558466925
        2.2250000000         2.5859645501        72.4751546751
        2.2300000000         2.5844167224        91.4576019637
        2.2350000000         2.5828680614        81.9663783194
        2.2400000000         2.5813185826        91.4576019637
        2.2450000000         2.5797683012        85.7628677771
        2.2500000000         2.5782172325        97.1523361502
        2.2550000000         2.5766653919        91.4576019637
        2.2600000000         2.5751127946        81.9663783194
        2.2650000000         2.5735594559        91.4576019637
        2.2700000000         2.5720053913        76.2716441328
        2.2750000000         2.5704506160        83.8646230483
        2.2800000000         2.5688951453        81.9663783194
        2.2850000000         2.5673389947        74.3733994040
        2.2900000000         2.5657821795        76.2716441328
        2.2950000000         2.5642247151        66.7804204886
        2.3000000000         2.5626666168        80.0681335906
        2.3050000000         2.5611079000        72.4751546751
        2.3100000000         2.5595485800        78.1698888617
        2.3150000000         2.5579886724        76.2716441328
        2.3200000000         2.5564281924        74.3733994040
        2.3250000000         2.5548671555        76.2716441328
        2.3300000000         2.5533055771        62.9839310309
        2.3350000000         2.5517434726        76.2716441328
        2.3400000000         2.5501808574        72.4751546751
        2.3450000000         2.5486177470        66.7804204886
        2.3500000000         2.5470541567        66.7804204886
        2.3550000000         2.5454901020        72.4751546751
        2.3600000000         2.5439255983        76.2716441328
        2.3650000000         2.5423606611        70.5769099463
        2.3700000000         2.5407953058        70.5769099463
        2.3750000000         2.5392295479        68.6786652174
        2.3800000000         2.5376634028        61.0856863020
        2.3850000000         2.5360968859        72.4751546751
        2.3900000000         2.5345300129        72.4751546751
        2.3950000000         2.5329627990        70.5769099463
        2.4000000000         2.5313952598        68.6786652174
        2.4050000000         2.5298274107        76.2716441328
        2.4100000000         2.5282592672        62.9839310309
        2.4150000000         2.5266908449        72.4751546751
        2.4200000000         2.5251221591        66.7804204886
        2.4250000000         2.5235532254        72.4751546751
        2.4300000000         2.5219840592        61.0856863020
        2.4350000000         2.5204146760        78.1698888617
        2.4400000000         2.5188450913        70.5769099463
        2.4450000000         2.5172753207        72.4751546751
        2.4500000000         2.5157053795        62.9839310309
        2.4550000000         2.5141352834        66.7804204886
        2.4600000000         2.5125650477        70.5769099463
        2.4650000000         2.5109946880        55.3909521154
        2.4700000000         2.5094242199        70.5769099463
        2.4750000000         2.5078536587        57.2891968443
        2.4800000000         2.5062830199        47.7979732000
        2.4850000000         2.5047123192        42.1032390135
        2.4900000000         2.5031415720        25.0190364538
        2.4950000000         2.5015707937        30.7137706403
        2.5000000000         2.5000000000        25.0190364538
        2.5050000000         2.4984292063        11.7313233518
        2.5100000000         2.4968584280         6.0365891652
        2.5150000000         2.4952876808        -5.3528792079
        2.5200000000         2.4937169801        -3.4546344790
        2.5250000000         2.4921463413        -3.4546344790
        2.5300000000         2.4905757801        -3.4546344790
        2.5350000000         2.4890053120        -5.3528792079
        2.5400000000         2.4874349523        -1.5563897502
        2.5450000000         2.4858647166        -5.3528792079
        2.5500000000         2.4842946205        -3.4546344790
        2.5550000000         2.4827246793        -5.3528792079
        2.5600000000         2.4811549087        -1.5563897502
        2.5650000000         2.4795853240         0.3418549787
        2.5700000000         2.4780159408         0.3418549787
        2.5750000000         2.4764467746       -18.6405923099
        2.5800000000         2.4748778409      -111.6545840237
        2.5850000000         2.4733091551       -66.0967105312
        2.5900000000         2.4717407328       -83.1809130909
        2.5950000000         2.4701725893       -69.8931999889
        2.6000000000         2.4686047402       -81.2826683620
        2.6050000000         2.4670372010       -73.6896894466
        2.6100000000         2.4654699871       -77.4861789043
        2.6150000000         2.4639031141       -98.3668709217
        2.6200000000         2.4623365972       -83.1809130909
        2.6250000000         2.4607704521       -92.6721367352
        2.6300000000         2.4592046942       -73.6896894466
        2.6350000000         2.4576393389       -86.9774025486
        2.6400000000         2.4560744017       -92.6721367352
        2.6450000000         2.4545098980       -86.9774025486
        2.6500000000         2.4529458433       -73.6896894466
        2.6550000000         2.4513822530       -88.8756472775
        2.6600000000         2.4498191426       -90.7738920063
        2.6650000000         2.4482565274       -98.3668709217
        2.6700000000         2.4466944229       -98.3668709217
        2.6750000000         2.4451328445       -86.9774025486
        2.6800000000         2.4435718076       -88.8756472775
        2.6850000000         2.4420113276       -90.7738920063
        2.6900000000         2.4404514200      -100.2651156506
        2.6950000000         2.4388921000       -90.7738920063
        2.7000000000         2.4373333832       -98.3668709217
        2.7050000000         2.4357752849       -85.0791578197
        2.7100000000         2.4342178205      -104.0616051083
        2.7150000000         2.4326610053       -90.7738920063
        2.7200000000         2.4311048547       -92.6721367352
        2.7250000000         2.4295493840       -86.9774025486
        2.7300000000         2.4279946087      -100.2651156506
        2.7350000000         2.4264405441       -92.6721367352
        2.7400000000         2.4248872054      -107.8580945660
        2.7450000000         2.4233346081       -94.5703814640
        2.7500000000         2.4217827675       -98.3668709217
        2.7550000000         2.4202316988      -123.0440523968
        2.7600000000         2.4186814174      -105.9598498371
        2.7650000000         2.4171319386      -105.9598498371
        2.7700000000         2.4155832776      -105.9598498371
        2.7750000000         2.4140354499      -109.7563392948
        2.7800000000         2.4124884705      -107.8580945660
        2.7850000000         2.4109423549      -121.1458076680
        2.7900000000         2.4093971182      -111.6545840237
        2.7950000000         2.4078527757      -123.0440523968
        2.8000000000         2.4063093427      -113.5528287526
        2.8050000000         2.4047668344      -115.4510734814
        2.8100000000         2.4032252660      -121.1458076680
        2.8150000000         2.4016846527      -130.6370313122
        2.8200000000         2.4001450097      -113.5528287526
        2.8250000000         2.3986063523      -113.5528287526
        2.8300000000         2.3970686956      -117.3493182103
        2.8350000000         2.3955320548      -111.6545840237
        2.8400000000         2.3939964450      -126.8405418545
        2.8450000000         2.3924618815      -121.1458076680
        2.8500000000         2.3909283793      -132.5352760411
        2.8550000000         2.3893959536      -117.3493182103
        2.8600000000         2.3878646195      -126.8405418545
        2.8650000000         2.3863343922      -123.0440523968
        2.8700000000         2.3848052867      -134.4335207699
        2.8750000000         2.3832773181      -132.5352760411
        2.8800000000         2.3817505015      -130.6370313122
        2.8850000000         2.3802248520      -126.8405418545
        2.8900000000         2.3787003846      -130.6370313122
        2.8950000000         2.3771771144      -121.1458076680
        2.9000000000         2.3756550564      -126.8405418545
        2.9050000000         2.3741342257      -126.8405418545
        2.9100000000         2.3726146372      -138.2300102277
        2.9150000000         2.3710963059      -145.8229891431
        2.9200000000         2.3695792469      -136.3317654988
        2.9250000000         2.3680634750      -143.9247444142
        2.9300000000         2.3665490053      -128.7387865834
        2.9350000000         2.3650358528      -143.9247444142
        2.9400000000         2.3635240322      -138.2300102277
        2.9450000000         2.3620135587      -140.1282549565
        2.9500000000         2.3605044470      -142.0264996854
        2.9550000000         2.3589967120      -136.3317654988
        2.9600000000         2.3574903688      -136.3317654988
        2.9650000000         2.3559854320      -136.3317654988
        2.9700000000         2.3544819166      -145.8229891431
        2.9750000000         2.3529798374      -126.8405418545
        2.9800000000         2.3514792092      -147.7212338719
        2.9850000000         2.3499800469      -142.0264996854
        2.9900000000         2.3484823652      -138.2300102277
        2.9950000000         2.3469861789      -157.2124575162
        3.0000000000         2.3454915028      -142.0264996854
        3.0050000000         2.3439983517      -142.0264996854
        3.0100000000         2.3425067402      -142.0264996854
        3.0150000000         2.3410166831      -124.9422971257
        3.0200000000         2.3395281951      -149.6194786008
        3.0250000000         2.3380412909      -147.7212338719
        3.0300000000         2.3365559852      -142.0264996854
        3.0350000000         2.3350722926      -138.2300102277
        3.0400000000         2.3335902277      -153.4159680585
        3.0450000000         2.3321098053      -143.9247444142
        3.0500000000         2.3306310399      -164.8054364316
        3.0550000000         2.3291539461      -140.1282549565
        3.0600000000         2.3276785384      -151.5177233296
        3.0650000000         2.3262048315      -145.8229891431
        3.0700000000         2.3247328399      -153.4159680585
        3.0750000000         2.3232625781      -142.0264996854
        3.0800000000         2.3217940606      -132.5352760411
        3.0850000000         2.3203273020      -157.2124575162
        3.0900000000         2.3188623166      -140.1282549565
        3.0950000000         2.3173991191      -157.2124575162
        3.1000000000         2.3159377237      -145.8229891431
        3.1050000000         2.3144781449      -142.0264996854
        3.1100000000         2.3130203971      -151.5177233296
        3.1150000000         2.3115644948      -134.4335207699
        3.1200000000         2.3101104522      -172.3984153470
        3.1250000000         2.3086582838      -143.9247444142
        3.1300000000         2.3072080039      -130.6370313122
        3.1350000000         2.3057596267      -143.9247444142
        3.1400000000         2.3043131666      -130.6370313122
        3.1450000000         2.3028686378      -153.4159680585
        3.1500000000         2.3014260547      -140.1282549565
        3.1550000000         2.2999854314      -136.3317654988
        3.1600000000         2.2985467821      -140.1282549565
        3.1650000000         2.2971101212      -143.9247444142
        3.1700000000         2.2956754626      -136.3317654988
        3.1750000000         2.2942428207      -130.6370313122
        3.1800000000         2.2928122095      -140.1282549565
        3.1850000000         2.2913836432      -140.1282549565
        3.1900000000         2.2899571358      -143.9247444142
        3.1950000000         2.2885327015      -145.8229891431
        3.2000000000         2.2871103542      -140.1282549565
        3.2050000000         2.2856901081      -130.6370313122
        3.2100000000         2.2842719772      -147.7212338719
        3.2150000000         2.2828559754      -143.9247444142
        3.2200000000         2.2814421167      -136.3317654988
        3.2250000000         2.2800304151      -149.6194786008
        3.2300000000         2.2786208845      -153.4159680585
        3.2350000000         2.2772135388      -142.0264996854
        3.2400000000         2.2758083920      -155.3142127873
        3.2450000000         2.2744054578      -143.9247444142
        3.2500000000         2.2730047501      -145.8229891431
        3.2550000000         2.2716062828      -143.9247444142
        3.2600000000         2.2702100697      -151.5177233296
        3.2650000000         2.2688161245      -143.9247444142
        3.2700000000         2.2674244610      -151.5177233296
        3.2750000000         2.2660350929      -151.5177233296
        3.2800000000         2.2646480339      -134.4335207699
        3.2850000000         2.2632632978      -155.3142127873
        3.2900000000         2.2618808982      -143.9247444142
        3.2950000000         2.2605008487      -153.4159680585
        3.3000000000         2.2591231629      -164.8054364316
        3.3050000000         2.2577478546      -170.5001706182
        3.3100000000         2.2563749371      -157.2124575162
        3.3150000000         2.2550044242      -161.0089469739
        3.3200000000         2.2536363292      -153.4159680585
        3.3250000000         2.2522706658      -162.9071917028
        3.3300000000         2.2509074473      -151.5177233296
        3.3350000000         2.2495466873      -157.2124575162
        3.3400000000         2.2481883992      -149.6194786008
        3.3450000000         2.2468325963      -161.0089469739
        3.3500000000         2.2454792921      -162.9071917028
        3.3550000000         2.2441284999      -157.2124575162
        3.3600000000         2.2427802331      -164.8054364316
        3.3650000000         2.2414345049      -155.3142127873
        3.3700000000         2.2400913287      -172.3984153470
        3.3750000000         2.2387507176      -164.8054364316
        3.3800000000         2.2374126850      -168.6019258893
        3.3850000000         2.2360772440      -176.1949048047
        3.3900000000         2.2347444078      -178.0931495336
        3.3950000000         2.2334141896      -168.6019258893
        3.4000000000         2.2320866025      -178.0931495336
        3.4050000000         2.2307616596      -168.6019258893
        3.4100000000         2.2294393739      -166.7036811605
        3.4150000000         2.2281197586      -185.6861284490
        3.4200000000         2.2268028266      -164.8054364316
        3.4250000000         2.2254885910      -191.3808626356
        3.4300000000         2.2241770647      -164.8054364316
        3.4350000000         2.2228682606      -187.5843731779
        3.4400000000         2.2215621918      -179.9913942624
        3.4450000000         2.2202588709      -179.9913942624
        3.4500000000         2.2189583111      -179.9913942624
        3.4550000000         2.2176605250      -181.8896389913
        3.4600000000         2.2163655254      -176.1949048047
        3.4650000000         2.2150733253      -191.3808626356
        3.4700000000         2.2137839372      -176.1949048047
        3.4750000000         2.2124973740      -195.1773520933
        3.4800000000         2.2112136483      -176.1949048047
        3.4850000000         2.2099327728      -189.4826179067
        3.4900000000         2.2086547602      -181.8896389913
        3.4950000000         2.2073796230      -183.7878837202
        3.5000000000         2.2061073739      -195.1773520933
        3.5050000000         2.2048380253      -183.7878837202
        3.5100000000         2.2035715899      -191.3808626356
        3.5150000000         2.2023080801      -195.1773520933
        3.5200000000         2.2010475085      -187.5843731779
        3.5250000000         2.1997898873      -202.7703310087
        3.5300000000         2.1985352292      -179.9913942624
        3.5350000000         2.1972835463      -208.4650651953
        3.5400000000         2.1960348512      -189.4826179067
        3.5450000000         2.1947891560      -212.2615546530
        3.5500000000         2.1935464732      -202.7703310087
        3.5550000000         2.1923068149      -185.6861284490
        3.5600000000         2.1910701935      -200.8720862798
        3.5650000000         2.1898366210      -183.7878837202
        3.5700000000         2.1886061098      -197.0755968221
        3.5750000000         2.1873786718      -187.5843731779
        3.5800000000         2.1861543194      -197.0755968221
        3.5850000000         2.1849330644      -181.8896389913
        3.5900000000         2.1837149190      -185.6861284490
        3.5950000000         2.1824998953      -189.4826179067
        3.6000000000         2.1812880051      -197.0755968221
        3.6050000000         2.1800792605      -206.5668204664
        3.6100000000         2.1788736734      -187.5843731779
        3.6150000000         2.1776712557      -197.0755968221
        3.6200000000         2.1764720192      -185.6861284490
        3.6250000000         2.1752759758      -189.4826179067
        3.6300000000         2.1740831373      -200.8720862798
        3.6350000000         2.1728935155      -183.7878837202
        3.6400000000         2.1717071221      -193.2791073644
        3.6450000000         2.1705239688      -189.4826179067
        3.6500000000         2.1693440673      -191.3808626356
        3.6550000000         2.1681674293      -204.6685757375
        3.6600000000         2.1669940663      -189.4826179067
        3.6650000000         2.1658239899      -208.4650651953
        3.6700000000         2.1646572117      -187.5843731779
        3.6750000000         2.1634937432      -225.5492677549
        3.6800000000         2.1623335959      -195.1773520933
        3.6850000000         2.1611767813      -208.4650651953
        3.6900000000         2.1600233106      -212.2615546530
        3.6950000000         2.1588731954      -198.9738415510
        3.7000000000         2.1577264470      -216.0580441107
        3.7050000000         2.1565830767      -206.5668204664
        3.7100000000         2.1554430958      -202.7703310087
        3.7150000000         2.1543065155      -206.5668204664
        3.7200000000         2.1531733471      -219.8545335684
        3.7250000000         2.1520436017      -200.8720862798
        3.7300000000         2.1509172905      -204.6685757375
        3.7350000000         2.1497944246      -212.2615546530
        3.7400000000         2.1486750151      -210.3633099241
        3.7450000000         2.1475590730      -227.4475124838
        3.7500000000         2.1464466094      -216.0580441107
        3.7550000000         2.1453376352      -204.6685757375
        3.7600000000         2.1442321614      -227.4475124838
        3.7650000000         2.1431301989      -200.8720862798
        3.7700000000         2.1420317585      -231.2440019415
        3.7750000000         2.1409368511      -231.2440019415
        3.7800000000         2.1398454876      -214.1597993818
        3.7850000000         2.1387576786      -231.2440019415
        3.7900000000         2.1376734349      -233.1422466704
        3.7950000000         2.1365927673      -223.6510230261
        3.8000000000         2.1355156863      -236.9387361281
        3.8050000000         2.1344422026      -227.4475124838
        3.8100000000         2.1333723269      -235.0404913992
        3.8150000000         2.1323060696      -248.3282045012
        3.8200000000         2.1312434413      -223.6510230261
        3.8250000000         2.1301844525      -248.3282045012
        3.8300000000         2.1291291136      -225.5492677549
        3.8350000000         2.1280774351      -236.9387361281
        3.8400000000         2.1270294273      -261.6159176032
        3.8450000000         2.1259851005      -225.5492677549
        3.8500000000         2.1249444652      -261.6159176032
        3.8550000000         2.1239075315      -229.3457572126
        3.8600000000         2.1228743096      -248.3282045012
        3.8650000000         2.1218448099      -225.5492677549
        3.8700000000         2.1208190424      -219.8545335684
        3.8750000000         2.1197970172      -267.3106517897
        3.8800000000         2.1187787445      -240.7352255858
        3.8850000000         2.1177642343      -252.1246939589
        3.8900000000         2.1167534966      -231.2440019415
        3.8950000000         2.1157465414      -242.6334703146
        3.9000000000         2.1147433786      -254.0229386877
        3.9050000000         2.1137440182      -254.0229386877
        3.9100000000         2.1127484699      -252.1246939589
        3.9150000000         2.1117567437      -248.3282045012
        3.9200000000         2.1107688492      -225.5492677549
        3.9250000000         2.1097847963      -273.0053859763
        3.9300000000         2.1088045947      -242.6334703146
        3.9350000000         2.1078282540      -250.2264492300
        3.9400000000         2.1068557839      -254.0229386877
        3.9450000000         2.1058871940      -246.4299597723
        3.9500000000         2.1049224938      -257.8194281455
        3.9550000000         2.1039616929      -236.9387361281
        3.9600000000         2.1030048007      -261.6159176032
        3.9650000000         2.1020518267      -240.7352255858
        3.9700000000         2.1011027802      -265.4124070609
        3.9750000000         2.1001576708      -248.3282045012
        3.9800000000         2.0992165076      -265.4124070609
        3.9850000000         2.0982792999      -267.3106517897
        3.9900000000         2.0973460571      -238.8369808569
        3.9950000000         2.0964167884      -259.7176728743
        4.0000000000         2.0954915028      -236.9387361281
        4.0050000000         2.0945702096      -257.8194281455
        4.0100000000         2.0936529178      -263.5141623320
        4.0150000000         2.0927396365      -257.8194281455
        4.0200000000         2.0918303746      -271.1071412474
        4.0250000000         2.0909251413      -244.5317150435
        4.0300000000         2.0900239453      -274.9036307051
        4.0350000000         2.0891267957      -265.4124070609
        4.0400000000         2.0882337012      -261.6159176032
        4.0450000000         2.0873446707      -254.0229386877
        4.0500000000         2.0864597129      -255.9211834166
        4.0550000000         2.0855788365      -273.0053859763
        4.0600000000         2.0847020504      -257.8194281455
        4.0650000000         2.0838293631      -263.5141623320
        4.0700000000         2.0829607832      -252.1246939589
        4.0750000000         2.0820963193      -263.5141623320
        4.0800000000         2.0812359800      -252.1246939589
        4.0850000000         2.0803797737      -280.5983648917
        4.0900000000         2.0795277089      -265.4124070609
        4.0950000000         2.0786797939      -265.4124070609
        4.1000000000         2.0778360372      -257.8194281455
        4.1050000000         2.0769964472      -261.6159176032
        4.1100000000         2.0761610320      -273.0053859763
        4.1150000000         2.0753297999      -259.7176728743
        4.1200000000         2.0745027591      -278.7001201629
        4.1250000000         2.0736799178      -261.6159176032
        4.1300000000         2.0728612842      -267.3106517897
        4.1350000000         2.0720468662      -265.4124070609
        4.1400000000         2.0712366719      -269.2088965186
        4.1450000000         2.0704307094      -267.3106517897
        4.1500000000         2.0696289865      -261.6159176032
        4.1550000000         2.0688315112      -265.4124070609
        4.1600000000         2.0680382914      -273.0053859763
        4.1650000000         2.0672493349      -278.7001201629
        4.1700000000         2.0664646494      -261.6159176032
        4.1750000000         2.0656842428      -278.7001201629
        4.1800000000         2.0649081227      -273.0053859763
        4.1850000000         2.0641362967      -274.9036307051
        4.1900000000         2.0633687726      -278.7001201629
        4.1950000000         2.0626055578      -267.3106517897
        4.2000000000         2.0618466600      -286.2930990783
        4.2050000000         2.0610920865      -235.0404913992
        4.2100000000         2.0603418449      -280.5983648917
        4.2150000000         2.0595959425      -271.1071412474
        4.2200000000         2.0588543868      -278.7001201629
        4.2250000000         2.0581171850      -280.5983648917
        4.2300000000         2.0573843443      -280.5983648917
        4.2350000000         2.0566558721      -269.2088965186
        4.2400000000         2.0559317756      -282.4966096206
        4.2450000000         2.0552120618      -269.2088965186
        4.2500000000         2.0544967379      -280.5983648917
        4.2550000000         2.0537858109      -280.5983648917
        4.2600000000         2.0530792879      -274.9036307051
        4.2650000000         2.0523771758      -273.0053859763
        4.2700000000         2.0516794816      -274.9036307051
        4.2750000000         2.0509862121      -291.9878332648
        4.2800000000         2.0502973742      -274.9036307051
        4.2850000000         2.0496129747      -254.0229386877
        4.2900000000         2.0489330203      -265.4124070609
        4.2950000000         2.0482575178      -278.7001201629
        4.3000000000         2.0475864738      -269.2088965186
        4.3050000000         2.0469198949      -280.5983648917
        4.3100000000         2.0462577877      -273.0053859763
        4.3150000000         2.0456001588      -276.8018754340
        4.3200000000         2.0449470147      -273.0053859763
        4.3250000000         2.0442983617      -290.0895885360
        4.3300000000         2.0436542063      -267.3106517897
        4.3350000000         2.0430145549      -276.8018754340
        4.3400000000         2.0423794137      -274.9036307051
        4.3450000000         2.0417487890      -271.1071412474
        4.3500000000         2.0411226872      -271.1071412474
        4.3550000000         2.0405011142      -267.3106517897
        4.3600000000         2.0398840763      -301.4790569091
        4.3650000000         2.0392715796      -265.4124070609
        4.3700000000         2.0386636301      -280.5983648917
        4.3750000000         2.0380602337      -274.9036307051
        4.3800000000         2.0374613966      -284.3948543494
        4.3850000000         2.0368671245      -261.6159176032
        4.3900000000         2.0362774233      -274.9036307051
        4.3950000000         2.0356922989      -280.5983648917
        4.4000000000         2.0351117571      -274.9036307051
        4.4050000000         2.0345358034      -286.2930990783
        4.4100000000         2.0339644438      -263.5141623320
        4.4150000000         2.0333976837      -295.7843227225
        4.4200000000         2.0328355288      -263.5141623320
        4.4250000000         2.0322779846      -278.7001201629
        4.4300000000         2.0317250566      -280.5983648917
        4.4350000000         2.0311767504      -280.5983648917
        4.4400000000         2.0306330712      -282.4966096206
        4.4450000000         2.0300940245      -282.4966096206
        4.4500000000         2.0295596155      -271.1071412474
        4.4550000000         2.0290298496      -286.2930990783
        4.4600000000         2.0285047321      -267.3106517897
        4.4650000000         2.0279842679      -282.4966096206
        4.4700000000         2.0274684624      -288.1913438071
        4.4750000000         2.0269573206      -284.3948543494
        4.4800000000         2.0264508475      -288.1913438071
        4.4850000000         2.0259490482      -280.5983648917
        4.4900000000         2.0254519275      -303.3773016380
        4.4950000000         2.0249594904      -291.9878332648
        4.5000000000         2.0244717419      -288.1913438071
        4.5050000000         2.0239886865      -280.5983648917
        4.5100000000         2.0235103292      -286.2930990783
        4.5150000000         2.0230366747      -267.3106517897
        4.5200000000         2.0225677276      -295.7843227225
        4.5250000000         2.0221034926      -286.2930990783
        4.5300000000         2.0216439742      -293.8860779937
        4.5350000000         2.0211891770      -290.0895885360
        4.5400000000         2.0207391055      -290.0895885360
        4.5450000000         2.0202937641      -286.2930990783
        4.5500000000         2.0198531572      -288.1913438071
        4.5550000000         2.0194172891      -291.9878332648
        4.5600000000         2.0189861642      -299.5808121802
        4.5650000000         2.0185597867      -290.0895885360
        4.5700000000         2.0181381609      -291.9878332648
        4.5750000000         2.0177212908      -290.0895885360
        4.5800000000         2.0173091806      -293.8860779937
        4.5850000000         2.0169018344      -297.6825674514
        4.5900000000         2.0164992561      -293.8860779937
        4.5950000000         2.0161014498      -293.8860779937
        4.6000000000         2.0157084194      -282.4966096206
        4.6050000000         2.0153201688      -273.0053859763
        4.6100000000         2.0149367018      -297.6825674514
        4.6150000000         2.0145580221      -286.2930990783
        4.6200000000         2.0141841335      -295.7843227225
        4.6250000000         2.0138150398      -295.7843227225
        4.6300000000         2.0134507445      -286.2930990783
        4.6350000000         2.0130912513      -290.0895885360
        4.6400000000         2.0127365636      -278.7001201629
        4.6450000000         2.0123866850      -301.4790569091
        4.6500000000         2.0120416190      -278.7001201629
        4.6550000000         2.0117013690      -290.0895885360
        4.6600000000         2.0113659382      -288.1913438071
        4.6650000000         2.0110353301      -293.8860779937
        4.6700000000         2.0107095478      -286.2930990783
        4.6750000000         2.0103885947      -290.0895885360
        4.6800000000         2.0100724738      -297.6825674514
        4.6850000000         2.0097611883      -295.7843227225
        4.6900000000         2.0094547413      -286.2930990783
        4.6950000000         2.0091531357      -286.2930990783
        4.7000000000         2.0088563746      -288.1913438071
        4.7050000000         2.0085644609      -307.1737910957
        4.7100000000         2.0082773975      -286.2930990783
        4.7150000000         2.0079951872      -324.2579936553
        4.7200000000         2.0077178327      -282.4966096206
        4.7250000000         2.0074453369      -297.6825674514
        4.7300000000         2.0071777024      -286.2930990783
        4.7350000000         2.0069149319      -301.4790569091
        4.7400000000         2.0066570279      -309.0720358245
        4.7450000000         2.0064039930      -286.2930990783
        4.7500000000         2.0061558297      -301.4790569091
        4.7550000000         2.0059125404      -297.6825674514
        4.7600000000         2.0056741276      -295.7843227225
        4.7650000000         2.0054405936      -310.9702805534
        4.7700000000         2.0052119407      -293.8860779937
        4.7750000000         2.0049881711      -310.9702805534
        4.7800000000         2.0047692872      -301.4790569091
        4.7850000000         2.0045552909      -303.3773016380
        4.7900000000         2.0043461845      -293.8860779937
        4.7950000000         2.0041419699      -310.9702805534
        4.8000000000         2.0039426493      -312.8685252822
        4.8050000000         2.0037482246      -309.0720358245
        4.8100000000         2.0035586977      -307.1737910957
        4.8150000000         2.0033740705      -309.0720358245
        4.8200000000         2.0031943447      -295.7843227225
        4.8250000000         2.0030195223      -303.3773016380
        4.8300000000         2.0028496048      -310.9702805534
        4.8350000000         2.0026845940      -301.4790569091
        4.8400000000         2.0025244915      -303.3773016380
        4.8450000000         2.0023692989      -303.3773016380
        4.8500000000         2.0022190177      -318.5632594688
        4.8550000000         2.0020736494      -305.2755463668
        4.8600000000         2.0019331954      -305.2755463668
        4.8650000000         2.0017976572      -318.5632594688
        4.8700000000         2.0016670360      -309.0720358245
        4.8750000000         2.0015413331      -305.2755463668
        4.8800000000         2.0014205499      -314.7667700111
        4.8850000000         2.0013046874      -310.9702805534
        4.8900000000         2.0011937468      -307.1737910957
        4.8950000000         2.0010877293      -305.2755463668
        4.9000000000         2.0009866358      -305.2755463668
        4.9050000000         2.0008904674      -297.6825674514
        4.9100000000         2.0007992249      -310.9702805534
        4.9150000000         2.0007129094      -310.9702805534
        4.9200000000         2.0006315217      -307.1737910957
        4.9250000000         2.0005550625      -293.8860779937
        4.9300000000         2.0004835327      -295.7843227225
        4.9350000000         2.0004169328      -312.8685252822
        4.9400000000         2.0003552637      -307.1737910957
        4.9450000000         2.0002985258      -305.2755463668
        4.9500000000         2.0002467198      -291.9878332648
        4.9550000000         2.0001998462      -301.4790569091
        4.9600000000         2.0001579054      -309.0720358245
        4.9650000000         2.0001208978      -299.5808121802
        4.9700000000         2.0000888238      -310.9702805534
        4.9750000000         2.0000616838      -293.8860779937
        4.9800000000         2.0000394779      -312.8685252822
        4.9850000000         2.0000222064      -295.7843227225
        4.9900000000         2.0000098696      -303.3773016380
        4.9950000000         2.0000024674      -297.6825674514
        5.0000000000         2.0000000000      -303.3773016380
        5.0050000000         2.0000024674      -310.9702805534
        5.0100000000         2.0000098696      -309.0720358245
        5.0150000000         2.0000222064      -307.1737910957
        5.0200000000         2.0000394779      -297.6825674514
        5.0250000000         2.0000616838      -301.4790569091
        5.0300000000         2.0000888238      -312.8685252822
        5.0350000000         2.0001208978      -297.6825674514
        5.0400000000         2.0001579054      -288.1913438071
        5.0450000000         2.0001998462      -293.8860779937
        5.0500000000         2.0002467198      -303.3773016380
        5.0550000000         2.0002985258      -293.8860779937
        5.0600000000         2.0003552637      -303.3773016380
        5.0650000000         2.0004169328      -288.1913438071
        5.0700000000         2.0004835327      -295.7843227225
        5.0750000000         2.0005550625      -265.4124070609
        5.0800000000         2.0006315217      -309.0720358245
        5.0850000000         2.0007129094      -280.5983648917
        5.0900000000         2.0007992249      -293.8860779937
        5.0950000000         2.0008904674      -310.9702805534
        5.1000000000         2.0009866358      -288.1913438071
        5.1050000000         2.0010877293      -309.0720358245
        5.1100000000         2.0011937468      -303.3773016380
        5.1150000000         2.0013046874      -280.5983648917
        5.1200000000         2.0014205499      -309.0720358245
        5.1250000000         2.0015413331      -295.7843227225
        5.1300000000         2.0016670360      -288.1913438071
        5.1350000000         2.0017976572      -291.9878332648
        5.1400000000         2.0019331954      -293.8860779937
        5.1450000000         2.0020736494      -297.6825674514
        5.1500000000         2.0022190177      -299.5808121802
        5.1550000000         2.0023692989      -309.0720358245
        5.1600000000         2.0025244915      -290.0895885360
        5.1650000000         2.0026845940      -307.1737910957
        5.1700000000         2.0028496048      -297.6825674514
        5.1750000000         2.0030195223      -303.3773016380
        5.1800000000         2.0031943447      -307.1737910957
        5.1850000000         2.0033740705      -297.6825674514
        5.1900000000         2.0035586977      -303.3773016380
        5.1950000000         2.0037482246      -318.5632594688
        5.2000000000         2.0039426493      -309.0720358245
        5.2050000000         2.0041419699      -318.5632594688
        5.2100000000         2.0043461845      -286.2930990783
        5.2150000000         2.0045552909      -303.3773016380
        5.2200000000         2.0047692872      -310.9702805534
        5.2250000000         2.0049881711      -303.3773016380
        5.2300000000         2.0052119407      -328.0544831131
        5.2350000000         2.0054405936      -307.1737910957
        5.2400000000         2.0056741276      -297.6825674514
        5.2450000000         2.0059125404      -309.0720358245
        5.2500000000         2.0061558297      -318.5632594688
        5.2550000000         2.0064039930      -309.0720358245
        5.2600000000         2.0066570279      -316.6650147399
        5.2650000000         2.0069149319      -301.4790569091
        5.2700000000         2.0071777024      -305.2755463668
        5.2750000000         2.0074453369      -293.8860779937
        5.2800000000         2.0077178327      -301.4790569091
        5.2850000000         2.0079951872      -320.4615041976
        5.2900000000         2.0082773975      -310.9702805534
        5.2950000000         2.0085644609      -293.8860779937
        5.3000000000         2.0088563746      -310.9702805534
        5.3050000000         2.0091531357      -293.8860779937
        5.3100000000         2.0094547413      -324.2579936553
        5.3150000000         2.0097611883      -293.8860779937
        5.3200000000         2.0100724738      -318.5632594688
        5.3250000000         2.0103885947      -322.3597489265
        5.3300000000         2.0107095478      -288.1913438071
        5.3350000000         2.0110353301      -310.9702805534
        5.3400000000         2.0113659382      -312.8685252822
        5.3450000000         2.0117013690      -310.9702805534
        5.3500000000         2.0120416190      -312.8685252822
        5.3550000000         2.0123866850      -310.9702805534
        5.3600000000         2.0127365636      -303.3773016380
        5.3650000000         2.0130912513      -310.9702805534
        5.3700000000         2.0134507445      -318.5632594688
        5.3750000000         2.0138150398      -312.8685252822
        5.3800000000         2.0141841335      -310.9702805534
        5.3850000000         2.0145580221      -307.1737910957
        5.3900000000         2.0149367018      -316.6650147399
        5.3950000000         2.0153201688      -324.2579936553
        5.4000000000         2.0157084194      -310.9702805534
        5.4050000000         2.0161014498      -322.3597489265
        5.4100000000         2.0164992561      -301.4790569091
        5.4150000000         2.0169018344      -307.1737910957
        5.4200000000         2.0173091806      -314.7667700111
        5.4250000000         2.0177212908      -310.9702805534
        5.4300000000         2.0181381609      -318.5632594688
        5.4350000000         2.0185597867      -318.5632594688
        5.4400000000         2.0189861642      -318.5632594688
        5.4450000000         2.0194172891      -305.2755463668
        5.4500000000         2.0198531572      -307.1737910957
        5.4550000000         2.0202937641      -326.1562383842
        5.4600000000         2.0207391055      -307.1737910957
        5.4650000000         2.0211891770      -318.5632594688
        5.4700000000         2.0216439742      -284.3948543494
        5.4750000000         2.0221034926      -326.1562383842
        5.4800000000         2.0225677276      -322.3597489265
        5.4850000000         2.0230366747      -303.3773016380
        5.4900000000         2.0235103292      -318.5632594688
        5.4950000000         2.0239886865      -312.8685252822
        5.5000000000         2.0244717419      -318.5632594688
        5.5050000000         2.0249594904      -310.9702805534
        5.5100000000         2.0254519275      -324.2579936553
        5.5150000000         2.0259490482      -307.1737910957
        5.5200000000         2.0264508475      -310.9702805534
        5.5250000000         2.0269573206      -318.5632594688
        5.5300000000         2.0274684624      -310.9702805534
        5.5350000000         2.0279842679      -310.9702805534
        5.5400000000         2.0285047321      -307.1737910957
        5.5450000000         2.0290298496      -312.8685252822
        5.5500000000         2.0295596155      -310.9702805534
        5.5550000000         2.0300940245      -318.5632594688
        5.5600000000         2.0306330712      -309.0720358245
        5.5650000000         2.0311767504      -310.9702805534
        5.5700000000         2.0317250566      -307.1737910957
        5.5750000000         2.0322779846      -303.3773016380
        5.5800000000         2.0328355288      -307.1737910957
        5.5850000000         2.0333976837      -297.6825674514
        5.5900000000         2.0339644438      -299.5808121802
        5.5950000000         2.0345358034      -301.4790569091
        5.6000000000         2.0351117571      -291.9878332648
        5.6050000000         2.0356922989      -309.0720358245
        5.6100000000         2.0362774233      -299.5808121802
        5.6150000000         2.0368671245      -305.2755463668
        5.6200000000         2.0374613966      -284.3948543494
        5.6250000000         2.0380602337      -303.3773016380
        5.6300000000         2.0386636301      -303.3773016380
        5.6350000000         2.0392715796      -307.1737910957
        5.6400000000         2.0398840763      -273.0053859763
        5.6450000000         2.0405011142      -299.5808121802
        5.6500000000         2.0411226872      -305.2755463668
        5.6550000000         2.0417487890      -307.1737910957
        5.6600000000         2.0423794137      -299.5808121802
        5.6650000000         2.0430145549      -305.2755463668
        5.6700000000         2.0436542063      -295.7843227225
        5.6750000000         2.0442983617      -303.3773016380
        5.6800000000         2.0449470147      -286.2930990783
        5.6850000000         2.0456001588      -295.7843227225
        5.6900000000         2.0462577877      -297.6825674514
        5.6950000000         2.0469198949      -295.7843227225
        5.7000000000         2.0475864738      -278.7001201629
        5.7050000000         2.0482575178      -297.6825674514
        5.7100000000         2.0489330203      -286.2930990783
        5.7150000000         2.0496129747      -301.4790569091
        5.7200000000         2.0502973742      -282.4966096206
        5.7250000000         2.0509862121      -291.9878332648
        5.7300000000         2.0516794816      -286.2930990783
        5.7350000000         2.0523771758      -286.2930990783
        5.7400000000         2.0530792879      -295.7843227225
        5.7450000000         2.0537858109      -295.7843227225
        5.7500000000         2.0544967379      -290.0895885360
        5.7550000000         2.0552120618      -297.6825674514
        5.7600000000         2.0559317756      -290.0895885360
        5.7650000000         2.0566558721      -295.7843227225
        5.7700000000         2.0573843443      -276.8018754340
        5.7750000000         2.0581171850      -288.1913438071
        5.7800000000         2.0588543868      -286.2930990783
        5.7850000000         2.0595959425      -286.2930990783
        5.7900000000         2.0603418449      -286.2930990783
        5.7950000000         2.0610920865      -273.0053859763
        5.8000000000         2.0618466600      -288.1913438071
        5.8050000000         2.0626055578      -280.5983648917
        5.8100000000         2.0633687726      -293.8860779937
        5.8150000000         2.0641362967      -286.2930990783
        5.8200000000         2.0649081227      -286.2930990783
        5.8250000000         2.0656842428      -282.4966096206
        5.8300000000         2.0664646494      -293.8860779937
        5.8350000000         2.0672493349      -276.8018754340
        5.8400000000         2.0680382914      -307.1737910957
        5.8450000000         2.0688315112      -276.8018754340
        5.8500000000         2.0696289865      -263.5141623320
        5.8550000000         2.0704307094      -284.3948543494
        5.8600000000         2.0712366719      -282.4966096206
        5.8650000000         2.0720468662      -278.7001201629
        5.8700000000         2.0728612842      -276.8018754340
        5.8750000000         2.0736799178      -267.3106517897
        5.8800000000         2.0745027591      -280.5983648917
        5.8850000000         2.0753297999      -284.3948543494
        5.8900000000         2.0761610320      -273.0053859763
        5.8950000000         2.0769964472      -293.8860779937
        5.9000000000         2.0778360372      -271.1071412474
        5.9050000000         2.0786797939      -295.7843227225
        5.9100000000         2.0795277089      -265.4124070609
        5.9150000000         2.0803797737      -276.8018754340
        5.9200000000         2.0812359800      -280.5983648917
        5.9250000000         2.0820963193      -271.1071412474
        5.9300000000         2.0829607832      -280.5983648917
        5.9350000000         2.0838293631      -274.9036307051
        5.9400000000         2.0847020504      -274.9036307051
        5.9450000000         2.0855788365      -278.7001201629
        5.9500000000         2.0864597129      -269.2088965186
        5.9550000000         2.0873446707      -273.0053859763
        5.9600000000         2.0882337012      -291.9878332648
        5.9650000000         2.0891267957      -284.3948543494
        5.9700000000         2.0900239453      -282.4966096206
        5.9750000000         2.0909251413      -261.6159176032
        5.9800000000         2.0918303746      -276.8018754340
        5.9850000000         2.0927396365      -271.1071412474
        5.9900000000         2.0936529178      -278.7001201629
        5.9950000000         2.0945702096      -280.5983648917
        6.0000000000         2.0954915028      -259.7176728743
        6.0050000000         2.0964167884      -278.7001201629
        6.0100000000         2.0973460571      -278.7001201629
        6.0150000000         2.0982792999      -284.3948543494
        6.0200000000         2.0992165076      -265.4124070609
        6.0250000000         2.1001576708      -278.7001201629
        6.0300000000         2.1011027802      -263.5141623320
        6.0350000000         2.1020518267      -276.8018754340
        6.0400000000         2.1030048007      -271.1071412474
        6.0450000000         2.1039616929      -282.4966096206
        6.0500000000         2.1049224938      -259.7176728743
        6.0550000000         2.1058871940      -278.7001201629
        6.0600000000         2.1068557839      -274.9036307051
        6.0650000000         2.1078282540      -280.5983648917
        6.0700000000         2.1088045947      -278.7001201629
        6.0750000000         2.1097847963      -267.3106517897
        6.0800000000         2.1107688492      -280.5983648917
        6.0850000000         2.1117567437      -271.1071412474
        6.0900000000         2.1127484699      -267.3106517897
        6.0950000000         2.1137440182      -271.1071412474
        6.1000000000         2.1147433786      -276.8018754340
        6.1050000000         2.1157465414      -271.1071412474
        6.1100000000         2.1167534966      -271.1071412474
        6.1150000000         2.1177642343      -280.5983648917
        6.1200000000         2.1187787445      -269.2088965186
        6.1250000000         2.1197970172      -282.4966096206
        6.1300000000         2.1208190424      -265.4124070609
        6.1350000000         2.1218448099      -288.1913438071
        6.1400000000         2.1228743096      -271.1071412474
        6.1450000000         2.1239075315      -271.1071412474
        6.1500000000         2.1249444652      -255.9211834166
        6.1550000000         2.1259851005      -267.3106517897
        6.1600000000         2.1270294273      -278.7001201629
        6.1650000000         2.1280774351      -278.7001201629
        6.1700000000         2.1291291136      -261.6159176032
        6.1750000000         2.1301844525      -257.8194281455
        6.1800000000         2.1312434413      -267.3106517897
        6.1850000000         2.1323060696      -257.8194281455
        6.1900000000         2.1333723269      -276.8018754340
        6.1950000000         2.1344422026      -255.9211834166
        6.2000000000         2.1355156863      -267.3106517897
        6.2050000000         2.1365927673      -259.7176728743
        6.2100000000         2.1376734349      -248.3282045012
        6.2150000000         2.1387576786      -257.8194281455
        6.2200000000         2.1398454876      -242.6334703146
        6.2250000000         2.1409368511      -257.8194281455
        6.2300000000         2.1420317585      -255.9211834166
        6.2350000000         2.1431301989      -259.7176728743
        6.2400000000         2.1442321614      -265.4124070609
        6.2450000000         2.1453376352      -254.0229386877
        6.2500000000         2.1464466094      -257.8194281455
        6.2550000000         2.1475590730      -248.3282045012
        6.2600000000         2.1486750151      -255.9211834166
        6.2650000000         2.1497944246      -248.3282045012
        6.2700000000         2.1509172905      -265.4124070609
        6.2750000000         2.1520436017      -248.3282045012
        6.2800000000         2.1531733471      -248.3282045012
        6.2850000000         2.1543065155      -255.9211834166
        6.2900000000         2.1554430958      -231.2440019415
        6.2950000000         2.1565830767      -255.9211834166
        6.3000000000         2.1577264470      -244.5317150435
        6.3050000000         2.1588731954      -248.3282045012
        6.3100000000         2.1600233106      -236.9387361281
        6.3150000000         2.1611767813      -246.4299597723
        6.3200000000         2.1623335959      -254.0229386877
        6.3250000000         2.1634937432      -248.3282045012
        6.3300000000         2.1646572117      -254.0229386877
        6.3350000000         2.1658239899      -248.3282045012
        6.3400000000         2.1669940663      -246.4299597723
        6.3450000000         2.1681674293      -242.6334703146
        6.3500000000         2.1693440673      -233.1422466704
        6.3550000000         2.1705239688      -250.2264492300
        6.3600000000         2.1717071221      -254.0229386877
        6.3650000000         2.1728935155      -242.6334703146
        6.3700000000         2.1740831373      -248.3282045012
        6.3750000000         2.1752759758      -235.0404913992
        6.3800000000         2.1764720192      -255.9211834166
        6.3850000000         2.1776712557      -240.7352255858
        6.3900000000         2.1788736734      -219.8545335684
        6.3950000000         2.1800792605      -250.2264492300
        6.4000000000         2.1812880051      -223.6510230261
        6.4050000000         2.1824998953      -259.7176728743
        6.4100000000         2.1837149190      -233.1422466704
        6.4150000000         2.1849330644      -250.2264492300
        6.4200000000         2.1861543194      -236.9387361281
        6.4250000000         2.1873786718      -231.2440019415
        6.4300000000         2.1886061098      -242.6334703146
        6.4350000000         2.1898366210      -219.8545335684
        6.4400000000         2.1910701935      -250.2264492300
        6.4450000000         2.1923068149      -227.4475124838
        6.4500000000         2.1935464732      -229.3457572126
        6.4550000000         2.1947891560      -231.2440019415
        6.4600000000         2.1960348512      -221.7527782972
        6.4650000000         2.1972835463      -236.9387361281
        6.4700000000         2.1985352292      -206.5668204664
        6.4750000000         2.1997898873      -231.2440019415
        6.4800000000         2.2010475085      -235.0404913992
        6.4850000000         2.2023080801      -210.3633099241
        6.4900000000         2.2035715899      -214.1597993818
        6.4950000000         2.2048380253      -235.0404913992
        6.5000000000         2.2061073739      -231.2440019415
        6.5050000000         2.2073796230      -223.6510230261
        6.5100000000         2.2086547602      -236.9387361281
        6.5150000000         2.2099327728      -202.7703310087
        6.5200000000         2.2112136483      -250.2264492300
        6.5250000000         2.2124973740      -195.1773520933
        6.5300000000         2.2137839372      -225.5492677549
        6.5350000000         2.2150733253      -221.7527782972
        6.5400000000         2.2163655254      -212.2615546530
        6.5450000000         2.2176605250      -206.5668204664
        6.5500000000         2.2189583111      -233.1422466704
        6.5550000000         2.2202588709      -195.1773520933
        6.5600000000         2.2215621918      -219.8545335684
        6.5650000000         2.2228682606      -206.5668204664
        6.5700000000         2.2241770647      -216.0580441107
        6.5750000000         2.2254885910      -219.8545335684
        6.5800000000         2.2268028266      -216.0580441107
        6.5850000000         2.2281197586      -214.1597993818
        6.5900000000         2.2294393739      -217.9562888395
        6.5950000000         2.2307616596      -216.0580441107
        6.6000000000         2.2320866025      -219.8545335684
        6.6050000000         2.2334141896      -216.0580441107
        6.6100000000         2.2347444078      -204.6685757375
        6.6150000000         2.2360772440      -208.4650651953
        6.6200000000         2.2374126850      -212.2615546530
        6.6250000000         2.2387507176      -210.3633099241
        6.6300000000         2.2400913287      -214.1597993818
        6.6350000000         2.2414345049      -217.9562888395
        6.6400000000         2.2427802331      -210.3633099241
        6.6450000000         2.2441284999      -219.8545335684
        6.6500000000         2.2454792921      -208.4650651953
        6.6550000000         2.2468325963      -225.5492677549
        6.6600000000         2.2481883992      -217.9562888395
        6.6650000000         2.2495466873      -216.0580441107
        6.6700000000         2.2509074473      -233.1422466704
        6.6750000000         2.2522706658      -217.9562888395
        6.6800000000         2.2536363292      -208.4650651953
        6.6850000000         2.2550044242      -217.9562888395
        6.6900000000         2.2563749371      -206.5668204664
        6.6950000000         2.2577478546      -219.8545335684
        6.7000000000         2.2591231629      -223.6510230261
        6.7050000000         2.2605008487      -210.3633099241
        6.7100000000         2.2618808982      -202.7703310087
        6.7150000000         2.2632632978      -217.9562888395
        6.7200000000         2.2646480339      -210.3633099241
        6.7250000000         2.2660350929      -210.3633099241
        6.7300000000         2.2674244610      -216.0580441107
        6.7350000000         2.2688161245      -212.2615546530
        6.7400000000         2.2702100697      -229.3457572126
        6.7450000000         2.2716062828      -212.2615546530
        6.7500000000         2.2730047501      -212.2615546530
        6.7550000000         2.2744054578      -214.1597993818
        6.7600000000         2.2758083920      -216.0580441107
        6.7650000000         2.2772135388      -198.9738415510
        6.7700000000         2.2786208845      -217.9562888395
        6.7750000000         2.2800304151      -214.1597993818
        6.7800000000         2.2814421167      -212.2615546530
        6.7850000000         2.2828559754      -216.0580441107
        6.7900000000         2.2842719772      -206.5668204664
        6.7950000000         2.2856901081      -219.8545335684
        6.8000000000         2.2871103542      -225.5492677549
        6.8050000000         2.2885327015      -210.3633099241
        6.8100000000         2.2899571358      -223.6510230261
        6.8150000000         2.2913836432      -198.9738415510
        6.8200000000         2.2928122095      -212.2615546530
        6.8250000000         2.2942428207      -221.7527782972
        6.8300000000         2.2956754626      -214.1597993818
        6.8350000000         2.2971101212      -202.7703310087
        6.8400000000         2.2985467821      -225.5492677549
        6.8450000000         2.2999854314      -198.9738415510
        6.8500000000         2.3014260547      -214.1597993818
        6.8550000000         2.3028686378      -217.9562888395
        6.8600000000         2.3043131666      -200.8720862798
        6.8650000000         2.3057596267      -204.6685757375
        6.8700000000         2.3072080039      -214.1597993818
        6.8750000000         2.3086582838      -221.7527782972
        6.8800000000         2.3101104522      -179.9913942624
        6.8850000000         2.3115644948      -214.1597993818
        6.8900000000         2.3130203971      -208.4650651953
        6.8950000000         2.3144781449      -219.8545335684
        6.9000000000         2.3159377237      -212.2615546530
        6.9050000000         2.3173991191      -212.2615546530
        6.9100000000         2.3188623166      -206.5668204664
        6.9150000000         2.3203273020      -202.7703310087
        6.9200000000         2.3217940606      -197.0755968221
        6.9250000000         2.3232625781      -221.7527782972
        6.9300000000         2.3247328399      -206.5668204664
        6.9350000000         2.3262048315      -206.5668204664
        6.9400000000         2.3276785384      -197.0755968221
        6.9450000000         2.3291539461      -195.1773520933
        6.9500000000         2.3306310399      -204.6685757375
        6.9550000000         2.3321098053      -212.2615546530
        6.9600000000         2.3335902277      -195.1773520933
        6.9650000000         2.3350722926      -217.9562888395
        6.9700000000         2.3365559852      -208.4650651953
        6.9750000000         2.3380412909      -193.2791073644
        6.9800000000         2.3395281951      -210.3633099241
        6.9850000000         2.3410166831      -197.0755968221
        6.9900000000         2.3425067402      -202.7703310087
        6.9950000000         2.3439983517      -187.5843731779
        7.0000000000         2.3454915028      -202.7703310087
        7.0050000000         2.3469861789      -187.5843731779
        7.0100000000         2.3484823652      -206.5668204664
        7.0150000000         2.3499800469      -187.5843731779
        7.0200000000         2.3514792092      -189.4826179067
        7.0250000000         2.3529798374      -200.8720862798
        7.0300000000         2.3544819166      -202.7703310087
        7.0350000000         2.3559854320      -204.6685757375
        7.0400000000         2.3574903688      -191.3808626356
        7.0450000000         2.3589967120      -202.7703310087
        7.0500000000         2.3605044470      -181.8896389913
        7.0550000000         2.3620135587      -187.5843731779
        7.0600000000         2.3635240322      -193.2791073644
        7.0650000000         2.3650358528      -195.1773520933
        7.0700000000         2.3665490053      -181.8896389913
        7.0750000000         2.3680634750      -193.2791073644
        7.0800000000         2.3695792469      -189.4826179067
        7.0850000000         2.3710963059      -178.0931495336
        7.0900000000         2.3726146372      -198.9738415510
        7.0950000000         2.3741342257      -179.9913942624
        7.1000000000         2.3756550564      -183.7878837202
        7.1050000000         2.3771771144      -187.5843731779
        7.1100000000         2.3787003846      -172.3984153470
        7.1150000000         2.3802248520      -183.7878837202
        7.1200000000         2.3817505015      -187.5843731779
        7.1250000000         2.3832773181      -176.1949048047
        7.1300000000         2.3848052867      -183.7878837202
        7.1350000000         2.3863343922      -179.9913942624
        7.1400000000         2.3878646195      -176.1949048047
        7.1450000000         2.3893959536      -166.7036811605
        7.1500000000         2.3909283793      -172.3984153470
        7.1550000000         2.3924618815      -202.7703310087
        7.1600000000         2.3939964450      -168.6019258893
        7.1650000000         2.3955320548      -174.2966600759
        7.1700000000         2.3970686956      -174.2966600759
        7.1750000000         2.3986063523      -178.0931495336
        7.1800000000         2.4001450097      -162.9071917028
        7.1850000000         2.4016846527      -166.7036811605
        7.1900000000         2.4032252660      -178.0931495336
        7.1950000000         2.4047668344      -159.1107022450
        7.2000000000         2.4063093427      -159.1107022450
        7.2050000000         2.4078527757      -157.2124575162
        7.2100000000         2.4093971182      -164.8054364316
        7.2150000000         2.4109423549      -161.0089469739
        7.2200000000         2.4124884705      -164.8054364316
        7.2250000000         2.4140354499      -159.1107022450
        7.2300000000         2.4155832776      -145.8229891431
        7.2350000000         2.4171319386      -155.3142127873
        7.2400000000         2.4186814174      -143.9247444142
        7.2450000000         2.4202316988      -157.2124575162
        7.2500000000         2.4217827675      -145.8229891431
        7.2550000000         2.4233346081      -149.6194786008
        7.2600000000         2.4248872054      -140.1282549565
        7.2650000000         2.4264405441      -147.7212338719
        7.2700000000         2.4279946087      -138.2300102277
        7.2750000000         2.4295493840      -126.8405418545
        7.2800000000         2.4311048547      -136.3317654988
        7.2850000000         2.4326610053      -145.8229891431
        7.2900000000         2.4342178205      -151.5177233296
        7.2950000000         2.4357752849      -136.3317654988
        7.3000000000         2.4373333832      -136.3317654988
        7.3050000000         2.4388921000      -138.2300102277
        7.3100000000         2.4404514200      -128.7387865834
        7.3150000000         2.4420113276      -130.6370313122
        7.3200000000         2.4435718076      -128.7387865834
        7.3250000000         2.4451328445      -134.4335207699
        7.3300000000         2.4466944229      -130.6370313122
        7.3350000000         2.4482565274      -123.0440523968
        7.3400000000         2.4498191426      -140.1282549565
        7.3450000000         2.4513822530      -119.2475629391
        7.3500000000         2.4529458433      -124.9422971257
        7.3550000000         2.4545098980      -132.5352760411
        7.3600000000         2.4560744017      -124.9422971257
        7.3650000000         2.4576393389      -134.4335207699
        7.3700000000         2.4592046942      -115.4510734814
        7.3750000000         2.4607704521      -104.0616051083
        7.3800000000         2.4623365972      -113.5528287526
        7.3850000000         2.4639031141      -115.4510734814
        7.3900000000         2.4654699871      -119.2475629391
        7.3950000000         2.4670372010      -111.6545840237
        7.4000000000         2.4686047402      -113.5528287526
        7.4050000000         2.4701725893      -111.6545840237
        7.4100000000         2.4717407328      -117.3493182103
        7.4150000000         2.4733091551      -115.4510734814
        7.4200000000         2.4748778409      -105.9598498371
        7.4250000000         2.4764467746      -107.8580945660
        7.4300000000         2.4780159408      -115.4510734814
        7.4350000000         2.4795853240      -102.1633603794
        7.4400000000         2.4811549087      -117.3493182103
        7.4450000000         2.4827246793      -100.2651156506
        7.4500000000         2.4842946205      -111.6545840237
        7.4550000000         2.4858647166      -104.0616051083
        7.4600000000         2.4874349523      -113.5528287526
        7.4650000000         2.4890053120      -104.0616051083
        7.4700000000         2.4905757801      -119.2475629391
        7.4750000000         2.4921463413       -98.3668709217
        7.4800000000         2.4937169801       -85.0791578197
        7.4850000000         2.4952876808       -73.6896894466
        7.4900000000         2.4968584280       -60.4019763446
        7.4950000000         2.4984292063       -58.5037316158
        7.5000000000         2.5000000000       -43.3177737850
        7.5050000000         2.5015707937       -35.7247948695
        7.5100000000         2.5031415720       -20.5388370387
        7.5150000000         2.5047123192       -20.5388370387
        7.5200000000         2.5062830199       -12.9458581233
        7.5250000000         2.5078536587        -3.4546344790
        7.5300000000         2.5094242199        -3.4546344790
        7.5350000000         2.5109946880        -1.5563897502
        7.5400000000         2.5125650477        -5.3528792079
        7.5450000000         2.5141352834         0.3418549787
        7.5500000000         2.5157053795         0.3418549787
        7.5550000000         2.5172753207         0.3418549787
        7.5600000000         2.5188450913         2.2400997075
        7.5650000000         2.5204146760        -1.5563897502
        7.5700000000         2.5219840592        -1.5563897502
        7.5750000000         2.5235532254         0.3418549787
        7.5800000000         2.5251221591        -3.4546344790
        7.5850000000         2.5266908449        36.4085048269
        7.5900000000         2.5282592672        81.9663783194
        7.5950000000         2.5298274107        42.1032390135
        7.6000000000         2.5313952598        59.1874415732
        7.6050000000         2.5329627990        53.4927073866
        7.6100000000         2.5345300129        62.9839310309
        7.6150000000         2.5360968859        44.0014837423
        7.6200000000         2.5376634028        68.6786652174
        7.6250000000         2.5392295479        53.4927073866
        7.6300000000         2.5407953058        55.3909521154
        7.6350000000         2.5423606611        61.0856863020
        7.6400000000         2.5439255983        57.2891968443
        7.6450000000         2.5454901020        47.7979732000
        7.6500000000         2.5470541567        55.3909521154
        7.6550000000         2.5486177470        61.0856863020
        7.6600000000         2.5501808574        57.2891968443
        7.6650000000         2.5517434726        55.3909521154
        7.6700000000         2.5533055771        66.7804204886
        7.6750000000         2.5548671555        53.4927073866
        7.6800000000         2.5564281924        49.6962179289
        7.6850000000         2.5579886724        47.7979732000
        7.6900000000         2.5595485800        61.0856863020
        7.6950000000         2.5611079000        45.8997284712
        7.7000000000         2.5626666168        57.2891968443
        7.7050000000         2.5642247151        51.5944626577
        7.7100000000         2.5657821795        47.7979732000
        7.7150000000         2.5673389947        61.0856863020
        7.7200000000         2.5688951453        49.6962179289
        7.7250000000         2.5704506160        61.0856863020
        7.7300000000         2.5720053913        55.3909521154
        7.7350000000         2.5735594559        61.0856863020
        7.7400000000         2.5751127946        57.2891968443
        7.7450000000         2.5766653919        70.5769099463
        7.7500000000         2.5782172325        62.9839310309
        7.7550000000         2.5797683012        57.2891968443
        7.7600000000         2.5813185826        72.4751546751
        7.7650000000         2.5828680614        66.7804204886
        7.7700000000         2.5844167224        66.7804204886
        7.7750000000         2.5859645501        62.9839310309
        7.7800000000         2.5875115295        57.2891968443
        7.7850000000         2.5890576451        61.0856863020
        7.7900000000         2.5906028818        61.0856863020
        7.7950000000         2.5921472243        62.9839310309
        7.8000000000         2.5936906573        62.9839310309
        7.8050000000         2.5952331656        62.9839310309
        7.8100000000         2.5967747340        70.5769099463
        7.8150000000         2.5983153473        68.6786652174
        7.8200000000         2.5998549903        72.4751546751
        7.8250000000         2.6013936477        66.7804204886
        7.8300000000         2.6029313044        68.6786652174
        7.8350000000         2.6044679452        78.1698888617
        7.8400000000         2.6060035550        70.5769099463
        7.8450000000         2.6075381185        72.4751546751
        7.8500000000         2.6090716207        70.5769099463
        7.8550000000         2.6106040464        68.6786652174
        7.8600000000         2.6121353805        68.6786652174
        7.8650000000         2.6136656078        70.5769099463
        7.8700000000         2.6151947133        61.0856863020
        7.8750000000         2.6167226819        68.6786652174
        7.8800000000         2.6182494985        57.2891968443
        7.8850000000         2.6197751480        62.9839310309
        7.8900000000         2.6212996154        66.7804204886
        7.8950000000         2.6228228856        70.5769099463
        7.9000000000         2.6243449436        64.8821757597
        7.9050000000         2.6258657743        68.6786652174
        7.9100000000         2.6273853628        45.8997284712
        7.9150000000         2.6289036941        70.5769099463
        7.9200000000         2.6304207531        74.3733994040
        7.9250000000         2.6319365250        78.1698888617
        7.9300000000         2.6334509947        76.2716441328
        7.9350000000         2.6349641472        78.1698888617
        7.9400000000         2.6364759678        78.1698888617
        7.9450000000         2.6379864413        74.3733994040
        7.9500000000         2.6394955530        76.2716441328
        7.9550000000         2.6410032880        72.4751546751
        7.9600000000         2.6425096312        83.8646230483
        7.9650000000         2.6440145680        76.2716441328
        7.9700000000         2.6455180834        72.4751546751
        7.9750000000         2.6470201626        83.8646230483
        7.9800000000         2.6485207908        80.0681335906
        7.9850000000         2.6500199531        89.5593572348
        7.9900000000         2.6515176348        83.8646230483
        7.9950000000         2.6530138211        72.4751546751
        8.0000000000         2.6545084972        81.9663783194
        8.0050000000         2.6560016483        68.6786652174
        8.0100000000         2.6574932598        83.8646230483
        8.0150000000         2.6589833169        80.0681335906
        8.0200000000         2.6604718049        81.9663783194
        8.0250000000         2.6619587091        85.7628677771
        8.0300000000         2.6634440148        85.7628677771
        8.0350000000         2.6649277074        85.7628677771
        8.0400000000         2.6664097723        85.7628677771
        8.0450000000         2.6678901947        91.4576019637
        8.0500000000         2.6693689601        91.4576019637
        8.0550000000         2.6708460539        85.7628677771
        8.0600000000         2.6723214616        85.7628677771
        8.0650000000         2.6737951685        85.7628677771
        8.0700000000         2.6752671601        93.3558466925
        8.0750000000         2.6767374219        91.4576019637
        8.0800000000         2.6782059394        93.3558466925
        8.0850000000         2.6796726980        99.0505808791
        8.0900000000         2.6811376834        99.0505808791
        8.0950000000         2.6826008809       110.4400492522
        8.1000000000         2.6840622763       100.9488256079
        8.1050000000         2.6855218551       108.5418045234
        8.1100000000         2.6869796029       102.8470703368
        8.1150000000         2.6884355052        97.1523361502
        8.1200000000         2.6898895478       104.7453150657
        8.1250000000         2.6913417162        99.0505808791
        8.1300000000         2.6927919961       104.7453150657
        8.1350000000         2.6942403733       102.8470703368
        8.1400000000         2.6956868334       116.1347834388
        8.1450000000         2.6971313622       106.6435597945
        8.1500000000         2.6985739453       106.6435597945
        8.1550000000         2.7000145686       110.4400492522
        8.1600000000         2.7014532179       114.2365387099
        8.1650000000         2.7028898788       116.1347834388
        8.1700000000         2.7043245374       110.4400492522
        8.1750000000         2.7057571793       100.9488256079
        8.1800000000         2.7071877905       106.6435597945
        8.1850000000         2.7086163568       100.9488256079
        8.1900000000         2.7100428642       112.3382939811
        8.1950000000         2.7114672985       102.8470703368
        8.2000000000         2.7128896458       118.0330281676
        8.2050000000         2.7143098919       100.9488256079
        8.2100000000         2.7157280228       114.2365387099
        8.2150000000         2.7171440246       100.9488256079
        8.2200000000         2.7185578833       112.3382939811
        8.2250000000         2.7199695849       108.5418045234
        8.2300000000         2.7213791155       104.7453150657
        8.2350000000         2.7227864612       116.1347834388
        8.2400000000         2.7241916080        93.3558466925
        8.2450000000         2.7255945422       121.8295176253
        8.2500000000         2.7269952499       102.8470703368
        8.2550000000         2.7283937172       116.1347834388
        8.2600000000         2.7297899303       108.5418045234
        8.2650000000         2.7311838755       114.2365387099
        8.2700000000         2.7325755390       119.9312728965
        8.2750000000         2.7339649071       123.7277623542
        8.2800000000         2.7353519661       123.7277623542
        8.2850000000         2.7367367022       118.0330281676
        8.2900000000         2.7381191018       116.1347834388
        8.2950000000         2.7394991513       114.2365387099
        8.3000000000         2.7408768371       127.5242518119
        8.3050000000         2.7422521454       119.9312728965
        8.3100000000         2.7436250629       125.6260070830
        8.3150000000         2.7449955758       118.0330281676
        8.3200000000         2.7463636708       119.9312728965
        8.3250000000         2.7477293342       118.0330281676
        8.3300000000         2.7490925527       104.7453150657
        8.3350000000         2.7504533127       125.6260070830
        8.3400000000         2.7518116008       116.1347834388
        8.3450000000         2.7531674037       116.1347834388
        8.3500000000         2.7545207079       138.9137201850
        8.3550000000         2.7558715001       118.0330281676
        8.3600000000         2.7572197669       118.0330281676
        8.3650000000         2.7585654951       112.3382939811
        8.3700000000         2.7599086713       123.7277623542
        8.3750000000         2.7612492824       131.3207412696
        8.3800000000         2.7625873150       118.0330281676
        8.3850000000         2.7639227560       129.4224965408
        8.3900000000         2.7652555922       125.6260070830
        8.3950000000         2.7665858104       131.3207412696
        8.4000000000         2.7679133975       121.8295176253
        8.4050000000         2.7692383404       129.4224965408
        8.4100000000         2.7705606261       119.9312728965
        8.4150000000         2.7718802414       127.5242518119
        8.4200000000         2.7731971734       137.0154754562
        8.4250000000         2.7745114090       131.3207412696
        8.4300000000         2.7758229353       142.7102096427
        8.4350000000         2.7771317394       131.3207412696
        8.4400000000         2.7784378082       142.7102096427
        8.4450000000         2.7797411291       140.8119649139
        8.4500000000         2.7810416889       135.1172307273
        8.4550000000         2.7823394750       144.6084543716
        8.4600000000         2.7836344746       131.3207412696
        8.4650000000         2.7849266747       144.6084543716
        8.4700000000         2.7862160628       131.3207412696
        8.4750000000         2.7875026260       148.4049438293
        8.4800000000         2.7887863517       144.6084543716
        8.4850000000         2.7900672272       146.5066991004
        8.4900000000         2.7913452398       137.0154754562
        8.4950000000         2.7926203770       146.5066991004
        8.5000000000         2.7938926261       148.4049438293
        8.5050000000         2.7951619747       155.9979227447
        8.5100000000         2.7964284101       146.5066991004
        8.5150000000         2.7976919199       142.7102096427
        8.5200000000         2.7989524915       144.6084543716
        8.5250000000         2.8002101127       150.3031885581
        8.5300000000         2.8014647708       146.5066991004
        8.5350000000         2.8027164537       154.0996780159
        8.5400000000         2.8039651488       157.8961674736
        8.5450000000         2.8052108440       146.5066991004
        8.5500000000         2.8064535268       154.0996780159
        8.5550000000         2.8076931851       163.5909016601
        8.5600000000         2.8089298065       155.9979227447
        8.5650000000         2.8101633790       157.8961674736
        8.5700000000         2.8113938902       148.4049438293
        8.5750000000         2.8126213282       150.3031885581
        8.5800000000         2.8138456806       165.4891463890
        8.5850000000         2.8150669356       159.7944122024
        8.5900000000         2.8162850810       171.1838805755
        8.5950000000         2.8175001047       154.0996780159
        8.6000000000         2.8187119949       157.8961674736
        8.6050000000         2.8199207395       155.9979227447
        8.6100000000         2.8211263266       152.2014332870
        8.6150000000         2.8223287443       154.0996780159
        8.6200000000         2.8235279808       155.9979227447
        8.6250000000         2.8247240242       167.3873911178
        8.6300000000         2.8259168627       148.4049438293
        8.6350000000         2.8271064845       161.6926569313
        8.6400000000         2.8282928779       154.0996780159
        8.6450000000         2.8294760312       167.3873911178
        8.6500000000         2.8306559327       163.5909016601
        8.6550000000         2.8318325707       146.5066991004
        8.6600000000         2.8330059337       154.0996780159
        8.6650000000         2.8341760101       152.2014332870
        8.6700000000         2.8353427883       161.6926569313
        8.6750000000         2.8365062568       155.9979227447
        8.6800000000         2.8376664041       173.0821253044
        8.6850000000         2.8388232187       155.9979227447
        8.6900000000         2.8399766894       171.1838805755
        8.6950000000         2.8411268046       171.1838805755
        8.7000000000         2.8422735530       163.5909016601
        8.7050000000         2.8434169233       167.3873911178
        8.7100000000         2.8445569042       154.0996780159
        8.7150000000         2.8456934845       165.4891463890
        8.7200000000         2.8468266529       161.6926569313
        8.7250000000         2.8479563983       171.1838805755
        8.7300000000         2.8490827095       167.3873911178
        8.7350000000         2.8502055754       176.8786147621
        8.7400000000         2.8513249849       161.6926569313
        8.7450000000         2.8524409270       178.7768594910
        8.7500000000         2.8535533906       188.2680831352
        8.7550000000         2.8546623648       176.8786147621
        8.7600000000         2.8557678386       186.3698384064
        8.7650000000         2.8568698011       161.6926569313
        8.7700000000         2.8579682415       171.1838805755
        8.7750000000         2.8590631489       159.7944122024
        8.7800000000         2.8601545124       176.8786147621
        8.7850000000         2.8612423214       180.6751042198
        8.7900000000         2.8623265651       159.7944122024
        8.7950000000         2.8634072327       174.9803700332
        8.8000000000         2.8644843137       180.6751042198
        8.8050000000         2.8655577974       169.2856358467
        8.8100000000         2.8666276731       184.4715936775
        8.8150000000         2.8676939304       167.3873911178
        8.8200000000         2.8687565587       178.7768594910
        8.8250000000         2.8698155475       176.8786147621
        8.8300000000         2.8708708864       176.8786147621
        8.8350000000         2.8719225649       176.8786147621
        8.8400000000         2.8729705727       180.6751042198
        8.8450000000         2.8740148995       178.7768594910
        8.8500000000         2.8750555348       167.3873911178
        8.8550000000         2.8760924685       184.4715936775
        8.8600000000         2.8771256904       199.6575515084
        8.8650000000         2.8781551901       188.2680831352
        8.8700000000         2.8791809576       195.8610620506
        8.8750000000         2.8802029828       205.3522856949
        8.8800000000         2.8812212555       201.5557962372
        8.8850000000         2.8822357657       199.6575515084
        8.8900000000         2.8832465034       192.0645725929
        8.8950000000         2.8842534586       205.3522856949
        8.9000000000         2.8852566214       199.6575515084
        8.9050000000         2.8862559818       192.0645725929
        8.9100000000         2.8872515301       190.1663278641
        8.9150000000         2.8882432563       192.0645725929
        8.9200000000         2.8892311508       197.7593067795
        8.9250000000         2.8902152037       205.3522856949
        8.9300000000         2.8911954053       211.0470198815
        8.9350000000         2.8921717460       207.2505304238
        8.9400000000         2.8931442161       209.1487751526
        8.9450000000         2.8941128060       203.4540409661
        8.9500000000         2.8950775062       212.9452646103
        8.9550000000         2.8960383071       220.5382435257
        8.9600000000         2.8969951993       199.6575515084
        8.9650000000         2.8979481733       211.0470198815
        8.9700000000         2.8988972198       216.7417540680
        8.9750000000         2.8998423292       199.6575515084
        8.9800000000         2.9007834924       207.2505304238
        8.9850000000         2.9017207001       218.6399987969
        8.9900000000         2.9026539429       193.9628173218
        8.9950000000         2.9035832116       211.0470198815
        9.0000000000         2.9045084972       205.3522856949
        9.0050000000         2.9054297904       205.3522856949
        9.0100000000         2.9063470822       207.2505304238
        9.0150000000         2.9072603635       212.9452646103
        9.0200000000         2.9081696254       201.5557962372
        9.0250000000         2.9090748587       199.6575515084
        9.0300000000         2.9099760547       216.7417540680
        9.0350000000         2.9108732043       212.9452646103
        9.0400000000         2.9117662988       209.1487751526
        9.0450000000         2.9126553293       212.9452646103
        9.0500000000         2.9135402871       209.1487751526
        9.0550000000         2.9144211635       218.6399987969
        9.0600000000         2.9152979496       222.4364882546
        9.0650000000         2.9161706369       199.6575515084
        9.0700000000         2.9170392168       211.0470198815
        9.0750000000         2.9179036807       207.2505304238
        9.0800000000         2.9187640200       207.2505304238
        9.0850000000         2.9196202263       218.6399987969
        9.0900000000         2.9204722911       209.1487751526
        9.0950000000         2.9213202061       214.8435093392
        9.1000000000         2.9221639628       216.7417540680
        9.1050000000         2.9230035528       190.1663278641
        9.1100000000         2.9238389680       230.0294671700
        9.1150000000         2.9246702001       218.6399987969
        9.1200000000         2.9254972409       220.5382435257
        9.1250000000         2.9263200822       228.1312224412
        9.1300000000         2.9271387158       220.5382435257
        9.1350000000         2.9279531338       216.7417540680
        9.1400000000         2.9287633281       237.6224460854
        9.1450000000         2.9295692906       220.5382435257
        9.1500000000         2.9303710135       212.9452646103
        9.1550000000         2.9311684888       220.5382435257
        9.1600000000         2.9319617086       224.3347329835
        9.1650000000         2.9327506651       222.4364882546
        9.1700000000         2.9335353506       233.8259566277
        9.1750000000         2.9343157572       230.0294671700
        9.1800000000         2.9350918773       231.9277118989
        9.1850000000         2.9358637033       212.9452646103
        9.1900000000         2.9366312274       230.0294671700
        9.1950000000         2.9373944422       222.4364882546
        9.2000000000         2.9381533400       226.2329777123
        9.2050000000         2.9389079135       231.9277118989
        9.2100000000         2.9396581551       237.6224460854
        9.2150000000         2.9404040575       231.9277118989
        9.2200000000         2.9411456132       231.9277118989
        9.2250000000         2.9418828150       228.1312224412
        9.2300000000         2.9426156557       224.3347329835
        9.2350000000         2.9433441279       243.3171802720
        9.2400000000         2.9440682244       230.0294671700
        9.2450000000         2.9447879382       243.3171802720
        9.2500000000         2.9455032621       237.6224460854
        9.2550000000         2.9462141891       241.4189355431
        9.2600000000         2.9469207121       245.2154250008
        9.2650000000         2.9476228242       237.6224460854
        9.2700000000         2.9483205184       254.7066486451
        9.2750000000         2.9490137879       243.3171802720
        9.2800000000         2.9497026258       243.3171802720
        9.2850000000         2.9503870253       243.3171802720
        9.2900000000         2.9510669797       230.0294671700
        9.2950000000         2.9517424822       256.6048933740
        9.3000000000         2.9524135262       237.6224460854
        9.3050000000         2.9530801051       254.7066486451
        9.3100000000         2.9537422123       241.4189355431
        9.3150000000         2.9543998412       249.0119144586
        9.3200000000         2.9550529853       254.7066486451
        9.3250000000         2.9557016383       245.2154250008
        9.3300000000         2.9563457937       254.7066486451
        9.3350000000         2.9569854451       258.5031381028
        9.3400000000         2.9576205863       239.5206908143
        9.3450000000         2.9582512110       252.8084039163
        9.3500000000         2.9588773128       252.8084039163
        9.3550000000         2.9594988858       256.6048933740
        9.3600000000         2.9601159237       252.8084039163
        9.3650000000         2.9607284204       249.0119144586
        9.3700000000         2.9613363699       260.4013828317
        9.3750000000         2.9619397663       254.7066486451
        9.3800000000         2.9625386034       252.8084039163
        9.3850000000         2.9631328755       260.4013828317
        9.3900000000         2.9637225767       266.0961170182
        9.3950000000         2.9643077011       252.8084039163
        9.4000000000         2.9648882429       260.4013828317
        9.4050000000         2.9654641966       266.0961170182
        9.4100000000         2.9660355562       258.5031381028
        9.4150000000         2.9666023163       254.7066486451
        9.4200000000         2.9671644712       260.4013828317
        9.4250000000         2.9677220154       260.4013828317
        9.4300000000         2.9682749434       254.7066486451
        9.4350000000         2.9688232496       266.0961170182
        9.4400000000         2.9693669288       252.8084039163
        9.4450000000         2.9699059755       266.0961170182
        9.4500000000         2.9704403845       269.8926064759
        9.4550000000         2.9709701504       258.5031381028
        9.4600000000         2.9714952679       264.1978722894
        9.4650000000         2.9720157321       260.4013828317
        9.4700000000         2.9725315376       279.3838301202
        9.4750000000         2.9730426794       271.7908512048
        9.4800000000         2.9735491525       267.9943617471
        9.4850000000         2.9740509518       262.2996275605
        9.4900000000         2.9745480725       267.9943617471
        9.4950000000         2.9750405096       275.5873406625
        9.5000000000         2.9755282581       267.9943617471
        9.5050000000         2.9760113135       273.6890959337
        9.5100000000         2.9764896708       269.8926064759
        9.5150000000         2.9769633253       264.1978722894
        9.5200000000         2.9774322724       271.7908512048
        9.5250000000         2.9778965074       275.5873406625
        9.5300000000         2.9783560258       273.6890959337
        9.5350000000         2.9788108230       275.5873406625
        9.5400000000         2.9792608945       273.6890959337
        9.5450000000         2.9797062359       283.1803195779
        9.5500000000         2.9801468428       267.9943617471
        9.5550000000         2.9805827109       267.9943617471
        9.5600000000         2.9810138358       277.4855853914
        9.5650000000         2.9814402133       277.4855853914
        9.5700000000         2.9818618391       283.1803195779
        9.5750000000         2.9822787092       271.7908512048
        9.5800000000         2.9826908194       267.9943617471
        9.5850000000         2.9830981656       266.0961170182
        9.5900000000         2.9835007439       277.4855853914
        9.5950000000         2.9838985502       275.5873406625
        9.6000000000         2.9842915806       273.6890959337
        9.6050000000         2.9846798312       279.3838301202
        9.6100000000         2.9850632982       271.7908512048
        9.6150000000         2.9854419779       277.4855853914
        9.6200000000         2.9858158665       267.9943617471
        9.6250000000         2.9861849602       283.1803195779
        9.6300000000         2.9865492555       279.3838301202
        9.6350000000         2.9869087487       275.5873406625
        9.6400000000         2.9872634364       283.1803195779
        9.6450000000         2.9876133150       267.9943617471
        9.6500000000         2.9879583810       254.7066486451
        9.6550000000         2.9882986310       267.9943617471
        9.6600000000         2.9886340618       279.3838301202
        9.6650000000         2.9889646699       266.0961170182
        9.6700000000         2.9892904522       285.0785643068
        9.6750000000         2.9896114053       277.4855853914
        9.6800000000         2.9899275262       266.0961170182
        9.6850000000         2.9902388117       273.6890959337
        9.6900000000         2.9905452587       279.3838301202
        9.6950000000         2.9908468643       275.5873406625
        9.7000000000         2.9911436254       285.0785643068
        9.7050000000         2.9914355391       271.7908512048
        9.7100000000         2.9917226025       290.7732984933
        9.7150000000         2.9920048128       281.2820748491
        9.7200000000         2.9922821673       277.4855853914
        9.7250000000         2.9925546631       281.2820748491
        9.7300000000         2.9928222976       275.5873406625
        9.7350000000         2.9930850681       279.3838301202
        9.7400000000         2.9933429721       266.0961170182
        9.7450000000         2.9935960070       283.1803195779
        9.7500000000         2.9938441703       277.4855853914
        9.7550000000         2.9940874596       288.8750537645
        9.7600000000         2.9943258724       277.4855853914
        9.7650000000         2.9945594064       275.5873406625
        9.7700000000         2.9947880593       294.5697879510
        9.7750000000         2.9950118289       277.4855853914
        9.7800000000         2.9952307128       283.1803195779
        9.7850000000         2.9954447091       283.1803195779
        9.7900000000         2.9956538155       286.9768090356
        9.7950000000         2.9958580301       273.6890959337
        9.8000000000         2.9960573507       279.3838301202
        9.8050000000         2.9962517754       271.7908512048
        9.8100000000         2.9964413023       285.0785643068
        9.8150000000         2.9966259295       279.3838301202
        9.8200000000         2.9968056553       275.5873406625
        9.8250000000         2.9969804777       269.8926064759
        9.8300000000         2.9971503952       273.6890959337
        9.8350000000         2.9973154060       262.2996275605
        9.8400000000         2.9974755085       285.0785643068
        9.8450000000         2.9976307011       269.8926064759
        9.8500000000         2.9977809823       279.3838301202
        9.8550000000         2.9979263506       273.6890959337
        9.8600000000         2.9980668046       279.3838301202
        9.8650000000         2.9982023428       279.3838301202
        9.8700000000         2.9983329640       260.4013828317
        9.8750000000         2.9984586669       290.7732984933
        9.8800000000         2.9985794501       260.4013828317
        9.8850000000         2.9986953126       286.9768090356
        9.8900000000         2.9988062532       260.4013828317
        9.8950000000         2.9989122707       283.1803195779
        9.9000000000         2.9990133642       258.5031381028
        9.9050000000         2.9991095326       283.1803195779
        9.9100000000         2.9992007751       281.2820748491
        9.9150000000         2.9992870906       266.0961170182
        9.9200000000         2.9993684783       273.6890959337
        9.9250000000         2.9994449375       281.2820748491
        9.9300000000         2.9995164673       273.6890959337
        9.9350000000         2.9995830672       266.0961170182
        9.9400000000         2.9996447363       283.1803195779
        9.9450000000         2.9997014742       264.1978722894
        9.9500000000         2.9997532802       283.1803195779
        9.9550000000         2.9998001538       271.7908512048
        9.9600000000         2.9998420946       277.4855853914
        9.9650000000         2.9998791022       267.9943617471
        9.9700000000         2.9999111762       271.7908512048
        9.9750000000         2.9999383162       267.9943617471
        9.9800000000         2.9999605221       285.0785643068
        9.9850000000         2.9999777936       275.5873406625
        9.9900000000         2.9999901304       271.7908512048
        9.9950000000         2.9999975326       264.1978722894
       10.0000000000         3.0000000000       267.9943617471
       10.0050000000         2.9999975326       288.8750537645
       10.0100000000         2.9999901304       281.2820748491
       10.0150000000         2.9999777936       271.7908512048
       10.0200000000         2.9999605221       266.0961170182
       10.0250000000         2.9999383162       281.2820748491
       10.0300000000         2.9999111762       260.4013828317
       10.0350000000         2.9998791022       281.2820748491
       10.0400000000         2.9998420946       269.8926064759
       10.0450000000         2.9998001538       275.5873406625
       10.0500000000         2.9997532802       277.4855853914
       10.0550000000         2.9997014742       258.5031381028
       10.0600000000         2.9996447363       279.3838301202
       10.0650000000         2.9995830672       269.8926064759
       10.0700000000         2.9995164673       279.3838301202
       10.0750000000         2.9994449375       271.7908512048
       10.0800000000         2.9993684783       288.8750537645
       10.0850000000         2.9992870906       266.0961170182
       10.0900000000         2.9992007751       273.6890959337
       10.0950000000         2.9991095326       273.6890959337
       10.1000000000         2.9990133642       254.7066486451
       10.1050000000         2.9989122707       264.1978722894
       10.1100000000         2.9988062532       267.9943617471
       10.1150000000         2.9986953126       267.9943617471
       10.1200000000         2.9985794501       264.1978722894
       10.1250000000         2.9984586669       266.0961170182
       10.1300000000         2.9983329640       267.9943617471
       10.1350000000         2.9982023428       283.1803195779
       10.1400000000         2.9980668046       264.1978722894
       10.1450000000         2.9979263506       283.1803195779
       10.1500000000         2.9977809823       264.1978722894
       10.1550000000         2.9976307011       267.9943617471
       10.1600000000         2.9974755085       264.1978722894
       10.1650000000         2.9973154060       267.9943617471
       10.1700000000         2.9971503952       286.9768090356
       10.1750000000         2.9969804777       266.0961170182
       10.1800000000         2.9968056553       267.9943617471
       10.1850000000         2.9966259295       235.7242013566
       10.1900000000         2.9964413023       283.1803195779
       10.1950000000         2.9962517754       279.3838301202
       10.2000000000         2.9960573507       281.2820748491
       10.2050000000         2.9958580301       262.2996275605
       10.2100000000         2.9956538155       279.3838301202
       10.2150000000         2.9954447091       275.5873406625
       10.2200000000         2.9952307128       273.6890959337
       10.2250000000         2.9950118289       283.1803195779
       10.2300000000         2.9947880593       269.8926064759
       10.2350000000         2.9945594064       279.3838301202
       10.2400000000         2.9943258724       279.3838301202
       10.2450000000         2.9940874596       264.1978722894
       10.2500000000         2.9938441703       277.4855853914
       10.2550000000         2.9935960070       277.4855853914
       10.2600000000         2.9933429721       264.1978722894
       10.2650000000         2.9930850681       281.2820748491
       10.2700000000         2.9928222976       267.9943617471
       10.2750000000         2.9925546631       277.4855853914
       10.2800000000         2.9922821673       267.9943617471
       10.2850000000         2.9920048128       271.7908512048
       10.2900000000         2.9917226025       285.0785643068
       10.2950000000         2.9914355391       273.6890959337
       10.3000000000         2.9911436254       283.1803195779
       10.3050000000         2.9908468643       264.1978722894
       10.3100000000         2.9905452587       277.4855853914
       10.3150000000         2.9902388117       269.8926064759
       10.3200000000         2.9899275262       279.3838301202
       10.3250000000         2.9896114053       267.9943617471
       10.3300000000         2.9892904522       271.7908512048
       10.3350000000         2.9889646699       269.8926064759
       10.3400000000         2.9886340618       258.5031381028
       10.3450000000         2.9882986310       254.7066486451
       10.3500000000         2.9879583810       264.1978722894
       10.3550000000         2.9876133150       279.3838301202
       10.3600000000         2.9872634364       256.6048933740
       10.3650000000         2.9869087487       275.5873406625
       10.3700000000         2.9865492555       260.4013828317
       10.3750000000         2.9861849602       267.9943617471
       10.3800000000         2.9858158665       250.9101591874
       10.3850000000         2.9854419779       266.0961170182
       10.3900000000         2.9850632982       267.9943617471
       10.3950000000         2.9846798312       260.4013828317
       10.4000000000         2.9842915806       266.0961170182
       10.4050000000         2.9838985502       258.5031381028
       10.4100000000         2.9835007439       254.7066486451
       10.4150000000         2.9830981656       262.2996275605
       10.4200000000         2.9826908194       266.0961170182
       10.4250000000         2.9822787092       260.4013828317
       10.4300000000         2.9818618391       266.0961170182
       10.4350000000         2.9814402133       267.9943617471
       10.4400000000         2.9810138358       262.2996275605
       10.4450000000         2.9805827109       275.5873406625
       10.4500000000         2.9801468428       250.9101591874
       10.4550000000         2.9797062359       279.3838301202
       10.4600000000         2.9792608945       262.2996275605
       10.4650000000         2.9788108230       264.1978722894
       10.4700000000         2.9783560258       266.0961170182
       10.4750000000         2.9778965074       262.2996275605
       10.4800000000         2.9774322724       266.0961170182
       10.4850000000         2.9769633253       264.1978722894
       10.4900000000         2.9764896708       264.1978722894
       10.4950000000         2.9760113135       260.4013828317
       10.5000000000         2.9755282581       273.6890959337
       10.5050000000         2.9750405096       273.6890959337
       10.5100000000         2.9745480725       258.5031381028
       10.5150000000         2.9740509518       254.7066486451
       10.5200000000         2.9735491525       266.0961170182
       10.5250000000         2.9730426794       269.8926064759
       10.5300000000         2.9725315376       267.9943617471
       10.5350000000         2.9720157321       267.9943617471
       10.5400000000         2.9714952679       267.9943617471
       10.5450000000         2.9709701504       252.8084039163
       10.5500000000         2.9704403845       252.8084039163
       10.5550000000         2.9699059755       269.8926064759
       10.5600000000         2.9693669288       266.0961170182
       10.5650000000         2.9688232496       250.9101591874
       10.5700000000         2.9682749434       279.3838301202
       10.5750000000         2.9677220154       252.8084039163
       10.5800000000         2.9671644712       260.4013828317
       10.5850000000         2.9666023163       256.6048933740
       10.5900000000         2.9660355562       256.6048933740
       10.5950000000         2.9654641966       249.0119144586
       10.6000000000         2.9648882429       252.8084039163
       10.6050000000         2.9643077011       267.9943617471
       10.6100000000         2.9637225767       258.5031381028
       10.6150000000         2.9631328755       267.9943617471
       10.6200000000         2.9625386034       250.9101591874
       10.6250000000         2.9619397663       271.7908512048
       10.6300000000         2.9613363699       254.7066486451
       10.6350000000         2.9607284204       247.1136697297
       10.6400000000         2.9601159237       266.0961170182
       10.6450000000         2.9594988858       254.7066486451
       10.6500000000         2.9588773128       269.8926064759
       10.6550000000         2.9582512110       226.2329777123
       10.6600000000         2.9576205863       269.8926064759
       10.6650000000         2.9569854451       254.7066486451
       10.6700000000         2.9563457937       266.0961170182
       10.6750000000         2.9557016383       269.8926064759
       10.6800000000         2.9550529853       258.5031381028
       10.6850000000         2.9543998412       267.9943617471
       10.6900000000         2.9537422123       266.0961170182
       10.6950000000         2.9530801051       273.6890959337
       10.7000000000         2.9524135262       260.4013828317
       10.7050000000         2.9517424822       254.7066486451
       10.7100000000         2.9510669797       249.0119144586
       10.7150000000         2.9503870253       252.8084039163
       10.7200000000         2.9497026258       264.1978722894
       10.7250000000         2.9490137879       260.4013828317
       10.7300000000         2.9483205184       267.9943617471
       10.7350000000         2.9476228242       256.6048933740
       10.7400000000         2.9469207121       256.6048933740
       10.7450000000         2.9462141891       262.2996275605
       10.7500000000         2.9455032621       260.4013828317
       10.7550000000         2.9447879382       262.2996275605
       10.7600000000         2.9440682244       252.8084039163
       10.7650000000         2.9433441279       266.0961170182
       10.7700000000         2.9426156557       256.6048933740
       10.7750000000         2.9418828150       275.5873406625
       10.7800000000         2.9411456132       256.6048933740
       10.7850000000         2.9404040575       260.4013828317
       10.7900000000         2.9396581551       260.4013828317
       10.7950000000         2.9389079135       264.1978722894
       10.8000000000         2.9381533400       267.9943617471
       10.8050000000         2.9373944422       249.0119144586
       10.8100000000         2.9366312274       247.1136697297
       10.8150000000         2.9358637033       262.2996275605
       10.8200000000         2.9350918773       252.8084039163
       10.8250000000         2.9343157572       260.4013828317
       10.8300000000         2.9335353506       260.4013828317
       10.8350000000         2.9327506651       267.9943617471
       10.8400000000         2.9319617086       252.8084039163
       10.8450000000         2.9311684888       258.5031381028
       10.8500000000         2.9303710135       249.0119144586
       10.8550000000         2.9295692906       273.6890959337
       10.8600000000         2.9287633281       260.4013828317
       10.8650000000         2.9279531338       267.9943617471
       10.8700000000         2.9271387158       266.0961170182
       10.8750000000         2.9263200822       260.4013828317
       10.8800000000         2.9254972409       260.4013828317
       10.8850000000         2.9246702001       252.8084039163
       10.8900000000         2.9238389680       260.4013828317
       10.8950000000         2.9230035528       252.8084039163
       10.9000000000         2.9221639628       269.8926064759
       10.9050000000         2.9213202061       252.8084039163
       10.9100000000         2.9204722911       252.8084039163
       10.9150000000         2.9196202263       256.6048933740
       10.9200000000         2.9187640200       271.7908512048
       10.9250000000         2.9179036807       260.4013828317
       10.9300000000         2.9170392168       258.5031381028
       10.9350000000         2.9161706369       267.9943617471
       10.9400000000         2.9152979496       275.5873406625
       10.9450000000         2.9144211635       254.7066486451
       10.9500000000         2.9135402871       254.7066486451
       10.9550000000         2.9126553293       256.6048933740
       10.9600000000         2.9117662988       266.0961170182
       10.9650000000         2.9108732043       262.2996275605
       10.9700000000         2.9099760547       260.4013828317
       10.9750000000         2.9090748587       275.5873406625
       10.9800000000         2.9081696254       258.5031381028
       10.9850000000         2.9072603635       258.5031381028
       10.9900000000         2.9063470822       264.1978722894
       10.9950000000         2.9054297904       267.9943617471
       11.0000000000         2.9045084972       267.9943617471
       11.0050000000         2.9035832116       267.9943617471
       11.0100000000         2.9026539429       266.0961170182
       11.0150000000         2.9017207001       271.7908512048
       11.0200000000         2.9007834924       264.1978722894
       11.0250000000         2.8998423292       256.6048933740
       11.0300000000         2.8988972198       267.9943617471
       11.0350000000         2.8979481733       226.2329777123
       11.0400000000         2.8969951993       267.9943617471
       11.0450000000         2.8960383071       273.6890959337
       11.0500000000         2.8950775062       256.6048933740
       11.0550000000         2.8941128060       258.5031381028
       11.0600000000         2.8931442161       266.0961170182
       11.0650000000         2.8921717460       264.1978722894
       11.0700000000         2.8911954053       258.5031381028
       11.0750000000         2.8902152037       266.0961170182
       11.0800000000         2.8892311508       258.5031381028
       11.0850000000         2.8882432563       252.8084039163
       11.0900000000         2.8872515301       256.6048933740
       11.0950000000         2.8862559818       262.2996275605
       11.1000000000         2.8852566214       266.0961170182
       11.1050000000         2.8842534586       252.8084039163
       11.1100000000         2.8832465034       266.0961170182
       11.1150000000         2.8822357657       243.3171802720
       11.1200000000         2.8812212555       264.1978722894
       11.1250000000         2.8802029828       243.3171802720
       11.1300000000         2.8791809576       258.5031381028
       11.1350000000         2.8781551901       249.0119144586
       11.1400000000         2.8771256904       237.6224460854
       11.1450000000         2.8760924685       254.7066486451
       11.1500000000         2.8750555348       245.2154250008
       11.1550000000         2.8740148995       243.3171802720
       11.1600000000         2.8729705727       247.1136697297
       11.1650000000         2.8719225649       230.0294671700
       11.1700000000         2.8708708864       241.4189355431
       11.1750000000         2.8698155475       243.3171802720
       11.1800000000         2.8687565587       258.5031381028
       11.1850000000         2.8676939304       241.4189355431
       11.1900000000         2.8666276731       249.0119144586
       11.1950000000         2.8655577974       237.6224460854
       11.2000000000         2.8644843137       245.2154250008
       11.2050000000         2.8634072327       260.4013828317
       11.2100000000         2.8623265651       228.1312224412
       11.2150000000         2.8612423214       252.8084039163
       11.2200000000         2.8601545124       237.6224460854
       11.2250000000         2.8590631489       226.2329777123
       11.2300000000         2.8579682415       243.3171802720
       11.2350000000         2.8568698011       230.0294671700
       11.2400000000         2.8557678386       243.3171802720
       11.2450000000         2.8546623648       224.3347329835
       11.2500000000         2.8535533906       233.8259566277
       11.2550000000         2.8524409270       241.4189355431
       11.2600000000         2.8513249849       235.7242013566
       11.2650000000         2.8502055754       228.1312224412
       11.2700000000         2.8490827095       230.0294671700
       11.2750000000         2.8479563983       224.3347329835
       11.2800000000         2.8468266529       243.3171802720
       11.2850000000         2.8456934845       220.5382435257
       11.2900000000         2.8445569042       239.5206908143
       11.2950000000         2.8434169233       216.7417540680
       11.3000000000         2.8422735530       222.4364882546
       11.3050000000         2.8411268046       241.4189355431
       11.3100000000         2.8399766894       212.9452646103
       11.3150000000         2.8388232187       235.7242013566
       11.3200000000         2.8376664041       224.3347329835
       11.3250000000         2.8365062568       214.8435093392
       11.3300000000         2.8353427883       237.6224460854
       11.3350000000         2.8341760101       216.7417540680
       11.3400000000         2.8330059337       220.5382435257
       11.3450000000         2.8318325707       224.3347329835
       11.3500000000         2.8306559327       216.7417540680
       11.3550000000         2.8294760312       230.0294671700
       11.3600000000         2.8282928779       222.4364882546
       11.3650000000         2.8271064845       211.0470198815
       11.3700000000         2.8259168627       222.4364882546
       11.3750000000         2.8247240242       216.7417540680
       11.3800000000         2.8235279808       218.6399987969
       11.3850000000         2.8223287443       212.9452646103
       11.3900000000         2.8211263266       218.6399987969
       11.3950000000         2.8199207395       211.0470198815
       11.4000000000         2.8187119949       226.2329777123
       11.4050000000         2.8175001047       209.1487751526
       11.4100000000         2.8162850810       203.4540409661
       11.4150000000         2.8150669356       211.0470198815
       11.4200000000         2.8138456806       199.6575515084
       11.4250000000         2.8126213282       212.9452646103
       11.4300000000         2.8113938902       216.7417540680
       11.4350000000         2.8101633790       207.2505304238
       11.4400000000         2.8089298065       209.1487751526
       11.4450000000         2.8076931851       212.9452646103
       11.4500000000         2.8064535268       209.1487751526
       11.4550000000         2.8052108440       209.1487751526
       11.4600000000         2.8039651488       212.9452646103
       11.4650000000         2.8027164537       203.4540409661
       11.4700000000         2.8014647708       222.4364882546
       11.4750000000         2.8002101127       192.0645725929
       11.4800000000         2.7989524915       214.8435093392
       11.4850000000         2.7976919199       203.4540409661
       11.4900000000         2.7964284101       197.7593067795
       11.4950000000         2.7951619747       205.3522856949
       11.5000000000         2.7938926261       203.4540409661
       11.5050000000         2.7926203770       199.6575515084
       11.5100000000         2.7913452398       207.2505304238
       11.5150000000         2.7900672272       192.0645725929
       11.5200000000         2.7887863517       197.7593067795
       11.5250000000         2.7875026260       199.6575515084
       11.5300000000         2.7862160628       190.1663278641
       11.5350000000         2.7849266747       201.5557962372
       11.5400000000         2.7836344746       197.7593067795
       11.5450000000         2.7823394750       199.6575515084
       11.5500000000         2.7810416889       184.4715936775
       11.5550000000         2.7797411291       207.2505304238
       11.5600000000         2.7784378082       197.7593067795
       11.5650000000         2.7771317394       199.6575515084
       11.5700000000         2.7758229353       197.7593067795
       11.5750000000         2.7745114090       174.9803700332
       11.5800000000         2.7731971734       195.8610620506
       11.5850000000         2.7718802414       173.0821253044
       11.5900000000         2.7705606261       190.1663278641
       11.5950000000         2.7692383404       182.5733489487
       11.6000000000         2.7679133975       184.4715936775
       11.6050000000         2.7665858104       188.2680831352
       11.6100000000         2.7652555922       192.0645725929
       11.6150000000         2.7639227560       184.4715936775
       11.6200000000         2.7625873150       186.3698384064
       11.6250000000         2.7612492824       188.2680831352
       11.6300000000         2.7599086713       188.2680831352
       11.6350000000         2.7585654951       173.0821253044
       11.6400000000         2.7572197669       182.5733489487
       11.6450000000         2.7558715001       176.8786147621
       11.6500000000         2.7545207079       174.9803700332
       11.6550000000         2.7531674037       182.5733489487
       11.6600000000         2.7518116008       180.6751042198
       11.6650000000         2.7504533127       188.2680831352
       11.6700000000         2.7490925527       173.0821253044
       11.6750000000         2.7477293342       176.8786147621
       11.6800000000         2.7463636708       167.3873911178
       11.6850000000         2.7449955758       169.2856358467
       11.6900000000         2.7436250629       169.2856358467
       11.6950000000         2.7422521454       157.8961674736
       11.7000000000         2.7408768371       154.0996780159
       11.7050000000         2.7394991513       165.4891463890
       11.7100000000         2.7381191018       148.4049438293
       11.7150000000         2.7367367022       161.6926569313
       11.7200000000         2.7353519661       161.6926569313
       11.7250000000         2.7339649071       154.0996780159
       11.7300000000         2.7325755390       157.8961674736
       11.7350000000         2.7311838755       146.5066991004
       11.7400000000         2.7297899303       154.0996780159
       11.7450000000         2.7283937172       152.2014332870
       11.7500000000         2.7269952499       150.3031885581
       11.7550000000         2.7255945422       157.8961674736
       11.7600000000         2.7241916080       150.3031885581
       11.7650000000         2.7227864612       154.0996780159
       11.7700000000         2.7213791155       144.6084543716
       11.7750000000         2.7199695849       150.3031885581
       11.7800000000         2.7185578833       138.9137201850
       11.7850000000         2.7171440246       150.3031885581
       11.7900000000         2.7157280228       148.4049438293
       11.7950000000         2.7143098919       135.1172307273
       11.8000000000         2.7128896458       142.7102096427
       11.8050000000         2.7114672985       135.1172307273
       11.8100000000         2.7100428642       137.0154754562
       11.8150000000         2.7086163568       142.7102096427
       11.8200000000         2.7071877905       123.7277623542
       11.8250000000         2.7057571793       144.6084543716
       11.8300000000         2.7043245374       129.4224965408
       11.8350000000         2.7028898788       137.0154754562
       11.8400000000         2.7014532179       123.7277623542
       11.8450000000         2.7000145686       127.5242518119
       11.8500000000         2.6985739453       127.5242518119
       11.8550000000         2.6971313622       114.2365387099
       11.8600000000         2.6956868334       127.5242518119
       11.8650000000         2.6942403733       114.2365387099
       11.8700000000         2.6927919961       138.9137201850
       11.8750000000         2.6913417162       119.9312728965
       11.8800000000         2.6898895478       119.9312728965
       11.8850000000         2.6884355052       119.9312728965
       11.8900000000         2.6869796029       116.1347834388
       11.8950000000         2.6855218551       129.4224965408
       11.9000000000         2.6840622763       114.2365387099
       11.9050000000         2.6826008809        97.1523361502
       11.9100000000         2.6811376834       114.2365387099
       11.9150000000         2.6796726980       114.2365387099
       11.9200000000         2.6782059394       106.6435597945
       11.9250000000         2.6767374219       112.3382939811
       11.9300000000         2.6752671601       119.9312728965
       11.9350000000         2.6737951685       100.9488256079
       11.9400000000         2.6723214616       114.2365387099
       11.9450000000         2.6708460539       108.5418045234
       11.9500000000         2.6693689601        93.3558466925
       11.9550000000         2.6678901947       100.9488256079
       11.9600000000         2.6664097723       104.7453150657
       11.9650000000         2.6649277074        93.3558466925
       11.9700000000         2.6634440148        97.1523361502
       11.9750000000         2.6619587091       108.5418045234
       11.9800000000         2.6604718049        99.0505808791
       11.9850000000         2.6589833169       100.9488256079
       11.9900000000         2.6574932598        91.4576019637
       11.9950000000         2.6560016483        97.1523361502
       12.0000000000         2.6545084972        89.5593572348
       12.0050000000         2.6530138211        85.7628677771
       12.0100000000         2.6515176348        89.5593572348
       12.0150000000         2.6500199531        91.4576019637
       12.0200000000         2.6485207908        89.5593572348
       12.0250000000         2.6470201626        93.3558466925
       12.0300000000         2.6455180834        83.8646230483
       12.0350000000         2.6440145680        87.6611125060
       12.0400000000         2.6425096312        87.6611125060
       12.0450000000         2.6410032880        87.6611125060
       12.0500000000         2.6394955530        87.6611125060
       12.0550000000         2.6379864413        85.7628677771
       12.0600000000         2.6364759678        91.4576019637
       12.0650000000         2.6349641472        80.0681335906
       12.0700000000         2.6334509947        85.7628677771
       12.0750000000         2.6319365250        81.9663783194
       12.0800000000         2.6304207531        81.9663783194
       12.0850000000         2.6289036941        81.9663783194
       12.0900000000         2.6273853628        83.8646230483
       12.0950000000         2.6258657743        91.4576019637
       12.1000000000         2.6243449436        74.3733994040
       12.1050000000         2.6228228856        85.7628677771
       12.1100000000         2.6212996154        78.1698888617
       12.1150000000         2.6197751480        78.1698888617
       12.1200000000         2.6182494985        78.1698888617
       12.1250000000         2.6167226819        66.7804204886
       12.1300000000         2.6151947133        74.3733994040
       12.1350000000         2.6136656078        74.3733994040
       12.1400000000         2.6121353805        78.1698888617
       12.1450000000         2.6106040464        74.3733994040
       12.1500000000         2.6090716207        78.1698888617
       12.1550000000         2.6075381185        68.6786652174
       12.1600000000         2.6060035550        78.1698888617
       12.1650000000         2.6044679452        72.4751546751
       12.1700000000         2.6029313044        64.8821757597
       12.1750000000         2.6013936477        68.6786652174
       12.1800000000         2.5998549903        61.0856863020
       12.1850000000         2.5983153473        78.1698888617
       12.1900000000         2.5967747340        70.5769099463
       12.1950000000         2.5952331656        61.0856863020
       12.2000000000         2.5936906573        66.7804204886
       12.2050000000         2.5921472243        62.9839310309
       12.2100000000         2.5906028818        70.5769099463
       12.2150000000         2.5890576451        57.2891968443
       12.2200000000         2.5875115295        68.6786652174
       12.2250000000         2.5859645501        57.2891968443
       12.2300000000         2.5844167224        59.1874415732
       12.2350000000         2.5828680614        30.7137706403
       12.2400000000         2.5813185826        62.9839310309
       12.2450000000         2.5797683012        49.6962179289
       12.2500000000         2.5782172325        49.6962179289
       12.2550000000         2.5766653919        61.0856863020
       12.2600000000         2.5751127946        57.2891968443
       12.2650000000         2.5735594559        53.4927073866
       12.2700000000         2.5720053913        51.5944626577
       12.2750000000         2.5704506160        49.6962179289
       12.2800000000         2.5688951453        45.8997284712
       12.2850000000         2.5673389947        53.4927073866
       12.2900000000         2.5657821795        49.6962179289
       12.2950000000         2.5642247151        51.5944626577
       12.3000000000         2.5626666168        47.7979732000
       12.3050000000         2.5611079000        49.6962179289
       12.3100000000         2.5595485800        57.2891968443
       12.3150000000         2.5579886724        51.5944626577
       12.3200000000         2.5564281924        47.7979732000
       12.3250000000         2.5548671555        49.6962179289
       12.3300000000         2.5533055771        55.3909521154
       12.3350000000         2.5517434726        47.7979732000
       12.3400000000         2.5501808574        53.4927073866
       12.3450000000         2.5486177470        53.4927073866
       12.3500000000         2.5470541567        49.6962179289
       12.3550000000         2.5454901020        51.5944626577
       12.3600000000         2.5439255983        47.7979732000
       12.3650000000         2.5423606611        55.3909521154
       12.3700000000         2.5407953058        40.2049942846
       12.3750000000         2.5392295479        44.0014837423
       12.3800000000         2.5376634028        53.4927073866
       12.3850000000         2.5360968859        53.4927073866
       12.3900000000         2.5345300129        47.7979732000
       12.3950000000         2.5329627990        49.6962179289
       12.4000000000         2.5313952598        47.7979732000
       12.4050000000         2.5298274107        45.8997284712
       12.4100000000         2.5282592672        51.5944626577
       12.4150000000         2.5266908449        42.1032390135
       12.4200000000         2.5251221591        44.0014837423
       12.4250000000         2.5235532254        44.0014837423
       12.4300000000         2.5219840592        36.4085048269
       12.4350000000         2.5204146760        42.1032390135
       12.4400000000         2.5188450913        47.7979732000
       12.4450000000         2.5172753207        40.2049942846
       12.4500000000         2.5157053795        53.4927073866
       12.4550000000         2.5141352834        44.0014837423
       12.4600000000         2.5125650477        49.6962179289
       12.4650000000         2.5109946880        38.3067495558
       12.4700000000         2.5094242199        53.4927073866
       12.4750000000         2.5078536587        45.8997284712
       12.4800000000         2.5062830199        26.9172811826
       12.4850000000         2.5047123192        25.0190364538
       12.4900000000         2.5031415720         7.9348338941
       12.4950000000         2.5015707937         2.2400997075
       12.5000000000         2.5000000000        -5.3528792079
       12.5050000000         2.4984292063         0.3418549787
       12.5100000000         2.4968584280        -5.3528792079
       12.5150000000         2.4952876808        -5.3528792079
       12.5200000000         2.4937169801        -1.5563897502
       12.5250000000         2.4921463413         0.3418549787
       12.5300000000         2.4905757801         4.1383444364
       12.5350000000         2.4890053120         0.3418549787
       12.5400000000         2.4874349523         2.2400997075
       12.5450000000         2.4858647166         2.2400997075
       12.5500000000         2.4842946205         0.3418549787
       12.5550000000         2.4827246793        -5.3528792079
       12.5600000000         2.4811549087         0.3418549787
       12.5650000000         2.4795853240         2.2400997075
       12.5700000000         2.4780159408        -5.3528792079
       12.5750000000         2.4764467746       -16.7423475810
       12.5800000000         2.4748778409       -90.7738920063
       12.5850000000         2.4733091551       -58.5037316158
       12.5900000000         2.4717407328       -64.1984658024
       12.5950000000         2.4701725893       -60.4019763446
       12.6000000000         2.4686047402       -79.3844236332
       12.6050000000         2.4670372010       -64.1984658024
       12.6100000000         2.4654699871       -79.3844236332
       12.6150000000         2.4639031141       -90.7738920063
       12.6200000000         2.4623365972       -69.8931999889
       12.6250000000         2.4607704521       -90.7738920063
       12.6300000000         2.4592046942       -66.0967105312
       12.6350000000         2.4576393389       -90.7738920063
       12.6400000000         2.4560744017       -79.3844236332
       12.6450000000         2.4545098980       -85.0791578197
       12.6500000000         2.4529458433       -79.3844236332
       12.6550000000         2.4513822530       -83.1809130909
       12.6600000000         2.4498191426       -88.8756472775
       12.6650000000         2.4482565274       -79.3844236332
       12.6700000000         2.4466944229       -96.4686261929
       12.6750000000         2.4451328445       -83.1809130909
       12.6800000000         2.4435718076       -92.6721367352
       12.6850000000         2.4420113276       -92.6721367352
       12.6900000000         2.4404514200       -98.3668709217
       12.6950000000         2.4388921000       -94.5703814640
       12.7000000000         2.4373333832      -100.2651156506
       12.7050000000         2.4357752849       -86.9774025486
       12.7100000000         2.4342178205       -94.5703814640
       12.7150000000         2.4326610053       -96.4686261929
       12.7200000000         2.4311048547       -94.5703814640
       12.7250000000         2.4295493840      -126.8405418545
       12.7300000000         2.4279946087       -98.3668709217
       12.7350000000         2.4264405441      -100.2651156506
       12.7400000000         2.4248872054      -107.8580945660
       12.7450000000         2.4233346081      -104.0616051083
       12.7500000000         2.4217827675      -121.1458076680
       12.7550000000         2.4202316988       -98.3668709217
       12.7600000000         2.4186814174      -123.0440523968
       12.7650000000         2.4171319386      -104.0616051083
       12.7700000000         2.4155832776      -119.2475629391
       12.7750000000         2.4140354499      -104.0616051083
       12.7800000000         2.4124884705      -117.3493182103
       12.7850000000         2.4109423549      -123.0440523968
       12.7900000000         2.4093971182      -115.4510734814
       12.7950000000         2.4078527757      -121.1458076680
       12.8000000000         2.4063093427      -111.6545840237
       12.8050000000         2.4047668344      -128.7387865834
       12.8100000000         2.4032252660      -111.6545840237
       12.8150000000         2.4016846527      -126.8405418545
       12.8200000000         2.4001450097       -96.4686261929
       12.8250000000         2.3986063523      -115.4510734814
       12.8300000000         2.3970686956      -121.1458076680
       12.8350000000         2.3955320548      -119.2475629391
       12.8400000000         2.3939964450      -126.8405418545
       12.8450000000         2.3924618815      -115.4510734814
       12.8500000000         2.3909283793      -121.1458076680
       12.8550000000         2.3893959536      -128.7387865834
       12.8600000000         2.3878646195      -124.9422971257
       12.8650000000         2.3863343922      -130.6370313122
       12.8700000000         2.3848052867      -124.9422971257
       12.8750000000         2.3832773181      -126.8405418545
       12.8800000000         2.3817505015      -132.5352760411
       12.8850000000         2.3802248520      -132.5352760411
       12.8900000000         2.3787003846      -138.2300102277
       12.8950000000         2.3771771144      -132.5352760411
       12.9000000000         2.3756550564      -119.2475629391
       12.9050000000         2.3741342257      -134.4335207699
       12.9100000000         2.3726146372      -140.1282549565
       12.9150000000         2.3710963059      -138.2300102277
       12.9200000000         2.3695792469      -140.1282549565
       12.9250000000         2.3680634750      -136.3317654988
       12.9300000000         2.3665490053      -138.2300102277
       12.9350000000         2.3650358528      -147.7212338719
       12.9400000000         2.3635240322      -138.2300102277
       12.9450000000         2.3620135587      -149.6194786008
       12.9500000000         2.3605044470      -136.3317654988
       12.9550000000         2.3589967120      -149.6194786008
       12.9600000000         2.3574903688      -142.0264996854
       12.9650000000         2.3559854320      -147.7212338719
       12.9700000000         2.3544819166      -140.1282549565
       12.9750000000         2.3529798374      -140.1282549565
       12.9800000000         2.3514792092      -149.6194786008
       12.9850000000         2.3499800469      -155.3142127873
       12.9900000000         2.3484823652      -143.9247444142
       12.9950000000         2.3469861789      -151.5177233296
       13.0000000000         2.3454915028      -145.8229891431
       13.0050000000         2.3439983517      -161.0089469739
       13.0100000000         2.3425067402      -143.9247444142
       13.0150000000         2.3410166831      -157.2124575162
       13.0200000000         2.3395281951      -136.3317654988
       13.0250000000         2.3380412909      -157.2124575162
       13.0300000000         2.3365559852      -136.3317654988
       13.0350000000         2.3350722926      -161.0089469739
       13.0400000000         2.3335902277      -151.5177233296
       13.0450000000         2.3321098053      -161.0089469739
       13.0500000000         2.3306310399      -161.0089469739
       13.0550000000         2.3291539461      -161.0089469739
       13.0600000000         2.3276785384      -161.0089469739
       13.0650000000         2.3262048315      -157.2124575162
       13.0700000000         2.3247328399      -159.1107022450
       13.0750000000         2.3232625781      -164.8054364316
       13.0800000000         2.3217940606      -159.1107022450
       13.0850000000         2.3203273020      -166.7036811605
       13.0900000000         2.3188623166      -166.7036811605
       13.0950000000         2.3173991191      -172.3984153470
       13.1000000000         2.3159377237      -166.7036811605
       13.1050000000         2.3144781449      -168.6019258893
       13.1100000000         2.3130203971      -161.0089469739
       13.1150000000         2.3115644948      -181.8896389913
       13.1200000000         2.3101104522      -166.7036811605
       13.1250000000         2.3086582838      -178.0931495336
       13.1300000000         2.3072080039      -179.9913942624
       13.1350000000         2.3057596267      -179.9913942624
       13.1400000000         2.3043131666      -179.9913942624
       13.1450000000         2.3028686378      -151.5177233296
       13.1500000000         2.3014260547      -189.4826179067
       13.1550000000         2.2999854314      -185.6861284490
       13.1600000000         2.2985467821      -181.8896389913
       13.1650000000         2.2971101212      -179.9913942624
       13.1700000000         2.2956754626      -168.6019258893
       13.1750000000         2.2942428207      -206.5668204664
       13.1800000000         2.2928122095      -174.2966600759
       13.1850000000         2.2913836432      -189.4826179067
       13.1900000000         2.2899571358      -176.1949048047
       13.1950000000         2.2885327015      -170.5001706182
       13.2000000000         2.2871103542      -187.5843731779
       13.2050000000         2.2856901081      -181.8896389913
       13.2100000000         2.2842719772      -179.9913942624
       13.2150000000         2.2828559754      -187.5843731779
       13.2200000000         2.2814421167      -179.9913942624
       13.2250000000         2.2800304151      -185.6861284490
       13.2300000000         2.2786208845      -187.5843731779
       13.2350000000         2.2772135388      -185.6861284490
       13.2400000000         2.2758083920      -185.6861284490
       13.2450000000         2.2744054578      -179.9913942624
       13.2500000000         2.2730047501      -206.5668204664
       13.2550000000         2.2716062828      -178.0931495336
       13.2600000000         2.2702100697      -185.6861284490
       13.2650000000         2.2688161245      -189.4826179067
       13.2700000000         2.2674244610      -185.6861284490
       13.2750000000         2.2660350929      -193.2791073644
       13.2800000000         2.2646480339      -185.6861284490
       13.2850000000         2.2632632978      -191.3808626356
       13.2900000000         2.2618808982      -181.8896389913
       13.2950000000         2.2605008487      -195.1773520933
       13.3000000000         2.2591231629      -195.1773520933
       13.3050000000         2.2577478546      -189.4826179067
       13.3100000000         2.2563749371      -183.7878837202
       13.3150000000         2.2550044242      -200.8720862798
       13.3200000000         2.2536363292      -189.4826179067
       13.3250000000         2.2522706658      -185.6861284490
       13.3300000000         2.2509074473      -210.3633099241
       13.3350000000         2.2495466873      -189.4826179067
       13.3400000000         2.2481883992      -204.6685757375
       13.3450000000         2.2468325963      -185.6861284490
       13.3500000000         2.2454792921      -197.0755968221
       13.3550000000         2.2441284999      -202.7703310087
       13.3600000000         2.2427802331      -200.8720862798
       13.3650000000         2.2414345049      -202.7703310087
       13.3700000000         2.2400913287      -197.0755968221
       13.3750000000         2.2387507176      -206.5668204664
       13.3800000000         2.2374126850      -191.3808626356
       13.3850000000         2.2360772440      -198.9738415510
       13.3900000000         2.2347444078      -202.7703310087
       13.3950000000         2.2334141896      -197.0755968221
       13.4000000000         2.2320866025      -191.3808626356
       13.4050000000         2.2307616596      -191.3808626356
       13.4100000000         2.2294393739      -202.7703310087
       13.4150000000         2.2281197586      -193.2791073644
       13.4200000000         2.2268028266      -227.4475124838
       13.4250000000         2.2254885910      -197.0755968221
       13.4300000000         2.2241770647      -197.0755968221
       13.4350000000         2.2228682606      -195.1773520933
       13.4400000000         2.2215621918      -202.7703310087
       13.4450000000         2.2202588709      -204.6685757375
       13.4500000000         2.2189583111      -217.9562888395
       13.4550000000         2.2176605250      -191.3808626356
       13.4600000000         2.2163655254      -206.5668204664
       13.4650000000         2.2150733253      -204.6685757375
       13.4700000000         2.2137839372      -202.7703310087
       13.4750000000         2.2124973740      -210.3633099241
       13.4800000000         2.2112136483      -200.8720862798
       13.4850000000         2.2099327728      -200.8720862798
       13.4900000000         2.2086547602      -227.4475124838
       13.4950000000         2.2073796230      -210.3633099241
       13.5000000000         2.2061073739      -202.7703310087
       13.5050000000         2.2048380253      -210.3633099241
       13.5100000000         2.2035715899      -210.3633099241
       13.5150000000         2.2023080801      -206.5668204664
       13.5200000000         2.2010475085      -216.0580441107
       13.5250000000         2.1997898873      -200.8720862798
       13.5300000000         2.1985352292      -217.9562888395
       13.5350000000         2.1972835463      -212.2615546530
       13.5400000000         2.1960348512      -212.2615546530
       13.5450000000         2.1947891560      -217.9562888395
       13.5500000000         2.1935464732      -221.7527782972
       13.5550000000         2.1923068149      -210.3633099241
       13.5600000000         2.1910701935      -227.4475124838
       13.5650000000         2.1898366210      -219.8545335684
       13.5700000000         2.1886061098      -210.3633099241
       13.5750000000         2.1873786718      -219.8545335684
       13.5800000000         2.1861543194      -225.5492677549
       13.5850000000         2.1849330644      -217.9562888395
       13.5900000000         2.1837149190      -229.3457572126
       13.5950000000         2.1824998953      -231.2440019415
       13.6000000000         2.1812880051      -248.3282045012
       13.6050000000         2.1800792605      -233.1422466704
       13.6100000000         2.1788736734      -231.2440019415
       13.6150000000         2.1776712557      -238.8369808569
       13.6200000000         2.1764720192      -244.5317150435
       13.6250000000         2.1752759758      -233.1422466704
       13.6300000000         2.1740831373      -246.4299597723
       13.6350000000         2.1728935155      -231.2440019415
       13.6400000000         2.1717071221      -236.9387361281
       13.6450000000         2.1705239688      -236.9387361281
       13.6500000000         2.1693440673      -233.1422466704
       13.6550000000         2.1681674293      -242.6334703146
       13.6600000000         2.1669940663      -227.4475124838
       13.6650000000         2.1658239899      -244.5317150435
       13.6700000000         2.1646572117      -240.7352255858
       13.6750000000         2.1634937432      -227.4475124838
       13.6800000000         2.1623335959      -252.1246939589
       13.6850000000         2.1611767813      -233.1422466704
       13.6900000000         2.1600233106      -254.0229386877
       13.6950000000         2.1588731954      -233.1422466704
       13.7000000000         2.1577264470      -235.0404913992
       13.7050000000         2.1565830767      -240.7352255858
       13.7100000000         2.1554430958      -233.1422466704
       13.7150000000         2.1543065155      -254.0229386877
       13.7200000000         2.1531733471      -244.5317150435
       13.7250000000         2.1520436017      -236.9387361281
       13.7300000000         2.1509172905      -238.8369808569
       13.7350000000         2.1497944246      -238.8369808569
       13.7400000000         2.1486750151      -248.3282045012
       13.7450000000         2.1475590730      -246.4299597723
       13.7500000000         2.1464466094      -240.7352255858
       13.7550000000         2.1453376352      -242.6334703146
       13.7600000000         2.1442321614      -233.1422466704
       13.7650000000         2.1431301989      -250.2264492300
       13.7700000000         2.1420317585      -248.3282045012
       13.7750000000         2.1409368511      -255.9211834166
       13.7800000000         2.1398454876      -250.2264492300
       13.7850000000         2.1387576786      -219.8545335684
       13.7900000000         2.1376734349      -236.9387361281
       13.7950000000         2.1365927673      -233.1422466704
       13.8000000000         2.1355156863      -242.6334703146
       13.8050000000         2.1344422026      -254.0229386877
       13.8100000000         2.1333723269      -235.0404913992
       13.8150000000         2.1323060696      -244.5317150435
       13.8200000000         2.1312434413      -242.6334703146
       13.8250000000         2.1301844525      -255.9211834166
       13.8300000000         2.1291291136      -257.8194281455
       13.8350000000         2.1280774351      -240.7352255858
       13.8400000000         2.1270294273      -238.8369808569
       13.8450000000         2.1259851005      -236.9387361281
       13.8500000000         2.1249444652      -250.2264492300
       13.8550000000         2.1239075315      -261.6159176032
       13.8600000000         2.1228743096      -248.3282045012
       13.8650000000         2.1218448099      -254.0229386877
       13.8700000000         2.1208190424      -233.1422466704
       13.8750000000         2.1197970172      -261.6159176032
       13.8800000000         2.1187787445      -252.1246939589
       13.8850000000         2.1177642343      -248.3282045012
       13.8900000000         2.1167534966      -255.9211834166
       13.8950000000         2.1157465414      -242.6334703146
       13.9000000000         2.1147433786      -242.6334703146
       13.9050000000         2.1137440182      -242.6334703146
       13.9100000000         2.1127484699      -255.9211834166
       13.9150000000         2.1117567437      -248.3282045012
       13.9200000000         2.1107688492      -242.6334703146
       13.9250000000         2.1097847963      -252.1246939589
       13.9300000000         2.1088045947      -255.9211834166
       13.9350000000         2.1078282540      -242.6334703146
       13.9400000000         2.1068557839      -255.9211834166
       13.9450000000         2.1058871940      -250.2264492300
       13.9500000000         2.1049224938      -254.0229386877
       13.9550000000         2.1039616929      -244.5317150435
       13.9600000000         2.1030048007      -240.7352255858
       13.9650000000         2.1020518267      -269.2088965186
       13.9700000000         2.1011027802      -236.9387361281
       13.9750000000         2.1001576708      -271.1071412474
       13.9800000000         2.0992165076      -240.7352255858
       13.9850000000         2.0982792999      -265.4124070609
       13.9900000000         2.0973460571      -242.6334703146
       13.9950000000         2.0964167884      -231.2440019415
       14.0000000000         2.0954915028      -265.4124070609
       14.0050000000         2.0945702096      -255.9211834166
       14.0100000000         2.0936529178      -263.5141623320
       14.0150000000         2.0927396365      -248.3282045012
       14.0200000000         2.0918303746      -255.9211834166
       14.0250000000         2.0909251413      -261.6159176032
       14.0300000000         2.0900239453      -254.0229386877
       14.0350000000         2.0891267957      -252.1246939589
       14.0400000000         2.0882337012      -255.9211834166
       14.0450000000         2.0873446707      -280.5983648917
       14.0500000000         2.0864597129      -259.7176728743
       14.0550000000         2.0855788365      -257.8194281455
       14.0600000000         2.0847020504      -259.7176728743
       14.0650000000         2.0838293631      -265.4124070609
       14.0700000000         2.0829607832      -250.2264492300
       14.0750000000         2.0820963193      -259.7176728743
       14.0800000000         2.0812359800      -255.9211834166
       14.0850000000         2.0803797737      -261.6159176032
       14.0900000000         2.0795277089      -255.9211834166
       14.0950000000         2.0786797939      -263.5141623320
       14.1000000000         2.0778360372      -255.9211834166
       14.1050000000         2.0769964472      -263.5141623320
       14.1100000000         2.0761610320      -263.5141623320
       14.1150000000         2.0753297999      -261.6159176032
       14.1200000000         2.0745027591      -252.1246939589
       14.1250000000         2.0736799178      -255.9211834166
       14.1300000000         2.0728612842      -263.5141623320
       14.1350000000         2.0720468662      -269.2088965186
       14.1400000000         2.0712366719      -265.4124070609
       14.1450000000         2.0704307094      -261.6159176032
       14.1500000000         2.0696289865      -259.7176728743
       14.1550000000         2.0688315112      -263.5141623320
       14.1600000000         2.0680382914      -271.1071412474
       14.1650000000         2.0672493349      -263.5141623320
       14.1700000000         2.0664646494      -263.5141623320
       14.1750000000         2.0656842428      -261.6159176032
       14.1800000000         2.0649081227      -278.7001201629
       14.1850000000         2.0641362967      -274.9036307051
       14.1900000000         2.0633687726      -259.7176728743
       14.1950000000         2.0626055578      -273.0053859763
       14.2000000000         2.0618466600      -265.4124070609
       14.2050000000         2.0610920865      -271.1071412474
       14.2100000000         2.0603418449      -274.9036307051
       14.2150000000         2.0595959425      -276.8018754340
       14.2200000000         2.0588543868      -276.8018754340
       14.2250000000         2.0581171850      -248.3282045012
       14.2300000000         2.0573843443      -271.1071412474
       14.2350000000         2.0566558721      -273.0053859763
       14.2400000000         2.0559317756      -276.8018754340
       14.2450000000         2.0552120618      -269.2088965186
       14.2500000000         2.0544967379      -267.3106517897
       14.2550000000         2.0537858109      -271.1071412474
       14.2600000000         2.0530792879      -273.0053859763
       14.2650000000         2.0523771758      -267.3106517897
       14.2700000000         2.0516794816      -267.3106517897
       14.2750000000         2.0509862121      -265.4124070609
       14.2800000000         2.0502973742      -257.8194281455
       14.2850000000         2.0496129747      -265.4124070609
       14.2900000000         2.0489330203      -248.3282045012
       14.2950000000         2.0482575178      -278.7001201629
       14.3000000000         2.0475864738      -244.5317150435
       14.3050000000         2.0469198949      -250.2264492300
       14.3100000000         2.0462577877      -265.4124070609
       14.3150000000         2.0456001588      -265.4124070609
       14.3200000000         2.0449470147      -271.1071412474
       14.3250000000         2.0442983617      -254.0229386877
       14.3300000000         2.0436542063      -274.9036307051
       14.3350000000         2.0430145549      -246.4299597723
       14.3400000000         2.0423794137      -276.8018754340
       14.3450000000         2.0417487890      -271.1071412474
       14.3500000000         2.0411226872      -250.2264492300
       14.3550000000         2.0405011142      -257.8194281455
       14.3600000000         2.0398840763      -261.6159176032
       14.3650000000         2.0392715796      -282.4966096206
       14.3700000000         2.0386636301      -255.9211834166
       14.3750000000         2.0380602337      -284.3948543494
       14.3800000000         2.0374613966      -269.2088965186
       14.3850000000         2.0368671245      -276.8018754340
       14.3900000000         2.0362774233      -284.3948543494
       14.3950000000         2.0356922989      -276.8018754340
       14.4000000000         2.0351117571      -293.8860779937
       14.4050000000         2.0345358034      -276.8018754340
       14.4100000000         2.0339644438      -280.5983648917
       14.4150000000         2.0333976837      -269.2088965186
       14.4200000000         2.0328355288      -297.6825674514
       14.4250000000         2.0322779846      -274.9036307051
       14.4300000000         2.0317250566      -299.5808121802
       14.4350000000         2.0311767504      -271.1071412474
       14.4400000000         2.0306330712      -293.8860779937
       14.4450000000         2.0300940245      -288.1913438071
       14.4500000000         2.0295596155      -295.7843227225
       14.4550000000         2.0290298496      -282.4966096206
       14.4600000000         2.0285047321      -307.1737910957
       14.4650000000         2.0279842679      -295.7843227225
       14.4700000000         2.0274684624      -290.0895885360
       14.4750000000         2.0269573206      -299.5808121802
       14.4800000000         2.0264508475      -303.3773016380
       14.4850000000         2.0259490482      -291.9878332648
       14.4900000000         2.0254519275      -303.3773016380
       14.4950000000         2.0249594904      -290.0895885360
       14.5000000000         2.0244717419      -291.9878332648
       14.5050000000         2.0239886865      -297.6825674514
       14.5100000000         2.0235103292      -286.2930990783
       14.5150000000         2.0230366747      -312.8685252822
       14.5200000000         2.0225677276      -316.6650147399
       14.5250000000         2.0221034926      -291.9878332648
       14.5300000000         2.0216439742      -303.3773016380
       14.5350000000         2.0211891770      -291.9878332648
       14.5400000000         2.0207391055      -307.1737910957
       14.5450000000         2.0202937641      -309.0720358245
       14.5500000000         2.0198531572      -303.3773016380
       14.5550000000         2.0194172891      -322.3597489265
       14.5600000000         2.0189861642      -303.3773016380
       14.5650000000         2.0185597867      -297.6825674514
       14.5700000000         2.0181381609      -318.5632594688
       14.5750000000         2.0177212908      -301.4790569091
       14.5800000000         2.0173091806      -316.6650147399
       14.5850000000         2.0169018344      -309.0720358245
       14.5900000000         2.0164992561      -316.6650147399
       14.5950000000         2.0161014498      -303.3773016380
       14.6000000000         2.0157084194      -310.9702805534
       14.6050000000         2.0153201688      -318.5632594688
       14.6100000000         2.0149367018      -318.5632594688
       14.6150000000         2.0145580221      -309.0720358245
       14.6200000000         2.0141841335      -322.3597489265
       14.6250000000         2.0138150398      -314.7667700111
       14.6300000000         2.0134507445      -312.8685252822
       14.6350000000         2.0130912513      -312.8685252822
       14.6400000000         2.0127365636      -320.4615041976
       14.6450000000         2.0123866850      -299.5808121802
       14.6500000000         2.0120416190      -312.8685252822
       14.6550000000         2.0117013690      -316.6650147399
       14.6600000000         2.0113659382      -316.6650147399
       14.6650000000         2.0110353301      -324.2579936553
       14.6700000000         2.0107095478      -309.0720358245
       14.6750000000         2.0103885947      -322.3597489265
       14.6800000000         2.0100724738      -293.8860779937
       14.6850000000         2.0097611883      -329.9527278419
       14.6900000000         2.0094547413      -324.2579936553
       14.6950000000         2.0091531357      -316.6650147399
       14.7000000000         2.0088563746      -312.8685252822
       14.7050000000         2.0085644609      -312.8685252822
       14.7100000000         2.0082773975      -329.9527278419
       14.7150000000         2.0079951872      -314.7667700111
       14.7200000000         2.0077178327      -324.2579936553
       14.7250000000         2.0074453369      -320.4615041976
       14.7300000000         2.0071777024      -310.9702805534
       14.7350000000         2.0069149319      -309.0720358245
       14.7400000000         2.0066570279      -322.3597489265
       14.7450000000         2.0064039930      -299.5808121802
       14.7500000000         2.0061558297      -328.0544831131
       14.7550000000         2.0059125404      -318.5632594688
       14.7600000000         2.0056741276      -316.6650147399
       14.7650000000         2.0054405936      -316.6650147399
       14.7700000000         2.0052119407      -324.2579936553
       14.7750000000         2.0049881711      -290.0895885360
       14.7800000000         2.0047692872      -318.5632594688
       14.7850000000         2.0045552909      -314.7667700111
       14.7900000000         2.0043461845      -312.8685252822
       14.7950000000         2.0041419699      -318.5632594688
       14.8000000000         2.0039426493      -305.2755463668
       14.8050000000         2.0037482246      -309.0720358245
       14.8100000000         2.0035586977      -326.1562383842
       14.8150000000         2.0033740705      -307.1737910957
       14.8200000000         2.0031943447      -291.9878332648
       14.8250000000         2.0030195223      -309.0720358245
       14.8300000000         2.0028496048      -303.3773016380
       14.8350000000         2.0026845940      -318.5632594688
       14.8400000000         2.0025244915      -307.1737910957
       14.8450000000         2.0023692989      -312.8685252822
       14.8500000000         2.0022190177      -305.2755463668
       14.8550000000         2.0020736494      -312.8685252822
       14.8600000000         2.0019331954      -318.5632594688
       14.8650000000         2.0017976572      -320.4615041976
       14.8700000000         2.0016670360      -309.0720358245
       14.8750000000         2.0015413331      -312.8685252822
       14.8800000000         2.0014205499      -322.3597489265
       14.8850000000         2.0013046874      -312.8685252822
       14.8900000000         2.0011937468      -295.7843227225
       14.8950000000         2.0010877293      -312.8685252822
       14.9000000000         2.0009866358      -310.9702805534
       14.9050000000         2.0008904674      -310.9702805534
       14.9100000000         2.0007992249      -314.7667700111
       14.9150000000         2.0007129094      -320.4615041976
       14.9200000000         2.0006315217      -320.4615041976
       14.9250000000         2.0005550625      -301.4790569091
       14.9300000000         2.0004835327      -310.9702805534
       14.9350000000         2.0004169328      -303.3773016380
       14.9400000000         2.0003552637      -314.7667700111
       14.9450000000         2.0002985258      -307.1737910957
       14.9500000000         2.0002467198      -326.1562383842
       14.9550000000         2.0001998462      -297.6825674514
       14.9600000000         2.0001579054      -310.9702805534
       14.9650000000         2.0001208978      -326.1562383842
       14.9700000000         2.0000888238      -312.8685252822
       14.9750000000         2.0000616838      -316.6650147399
       14.9800000000         2.0000394779      -314.7667700111
       14.9850000000         2.0000222064      -309.0720358245
       14.9900000000         2.0000098696      -316.6650147399
       14.9950000000         2.0000024674      -318.5632594688
       15.0000000000         2.0000000000      -316.6650147399
       15.0050000000         2.0000024674      -305.2755463668
       15.0100000000         2.0000098696      -310.9702805534
       15.0150000000         2.0000222064      -314.7667700111
       15.0200000000         2.0000394779      -312.8685252822
       15.0250000000         2.0000616838      -303.3773016380
       15.0300000000         2.0000888238      -316.6650147399
       15.0350000000         2.0001208978      -314.7667700111
       15.0400000000         2.0001579054      -310.9702805534
       15.0450000000         2.0001998462      -326.1562383842
       15.0500000000         2.0002467198      -312.8685252822
       15.0550000000         2.0002985258      -322.3597489265
       15.0600000000         2.0003552637      -312.8685252822
       15.0650000000         2.0004169328      -314.7667700111
       15.0700000000         2.0004835327      -307.1737910957
       15.0750000000         2.0005550625      -362.2228882324
       15.0800000000         2.0006315217      -326.1562383842
       15.0850000000         2.0007129094      -314.7667700111
       15.0900000000         2.0007992249      -326.1562383842
       15.0950000000         2.0008904674      -318.5632594688
       15.1000000000         2.0009866358      -316.6650147399
       15.1050000000         2.0010877293      -318.5632594688
       15.1100000000         2.0011937468      -320.4615041976
       15.1150000000         2.0013046874      -331.8509725708
       15.1200000000         2.0014205499      -320.4615041976
       15.1250000000         2.0015413331      -324.2579936553
       15.1300000000         2.0016670360      -309.0720358245
       15.1350000000         2.0017976572      -341.3421962150
       15.1400000000         2.0019331954      -333.7492172996
       15.1450000000         2.0020736494      -324.2579936553
       15.1500000000         2.0022190177      -318.5632594688
       15.1550000000         2.0023692989      -316.6650147399
       15.1600000000         2.0025244915      -347.0369304016
       15.1650000000         2.0026845940      -324.2579936553
       15.1700000000         2.0028496048      -328.0544831131
       15.1750000000         2.0030195223      -326.1562383842
       15.1800000000         2.0031943447      -320.4615041976
       15.1850000000         2.0033740705      -339.4439514862
       15.1900000000         2.0035586977      -316.6650147399
       15.1950000000         2.0037482246      -331.8509725708
       15.2000000000         2.0039426493      -326.1562383842
       15.2050000000         2.0041419699      -326.1562383842
       15.2100000000         2.0043461845      -341.3421962150
       15.2150000000         2.0045552909      -347.0369304016
       15.2200000000         2.0047692872      -333.7492172996
       15.2250000000         2.0049881711      -328.0544831131
       15.2300000000         2.0052119407      -328.0544831131
       15.2350000000         2.0054405936      -326.1562383842
       15.2400000000         2.0056741276      -341.3421962150
       15.2450000000         2.0059125404      -337.5457067573
       15.2500000000         2.0061558297      -337.5457067573
       15.2550000000         2.0064039930      -328.0544831131
       15.2600000000         2.0066570279      -337.5457067573
       15.2650000000         2.0069149319      -333.7492172996
       15.2700000000         2.0071777024      -305.2755463668
       15.2750000000         2.0074453369      -322.3597489265
       15.2800000000         2.0077178327      -328.0544831131
       15.2850000000         2.0079951872      -328.0544831131
       15.2900000000         2.0082773975      -320.4615041976
       15.2950000000         2.0085644609      -326.1562383842
       15.3000000000         2.0088563746      -322.3597489265
       15.3050000000         2.0091531357      -320.4615041976
       15.3100000000         2.0094547413      -331.8509725708
       15.3150000000         2.0097611883      -303.3773016380
       15.3200000000         2.0100724738      -322.3597489265
       15.3250000000         2.0103885947      -331.8509725708
       15.3300000000         2.0107095478      -316.6650147399
       15.3350000000         2.0110353301      -312.8685252822
       15.3400000000         2.0113659382      -310.9702805534
       15.3450000000         2.0117013690      -316.6650147399
       15.3500000000         2.0120416190      -324.2579936553
       15.3550000000         2.0123866850      -310.9702805534
       15.3600000000         2.0127365636      -331.8509725708
       15.3650000000         2.0130912513      -307.1737910957
       15.3700000000         2.0134507445      -288.1913438071
       15.3750000000         2.0138150398      -322.3597489265
       15.3800000000         2.0141841335      -310.9702805534
       15.3850000000         2.0145580221      -301.4790569091
       15.3900000000         2.0149367018      -309.0720358245
       15.3950000000         2.0153201688      -309.0720358245
       15.4000000000         2.0157084194      -310.9702805534
       15.4050000000         2.0161014498      -297.6825674514
       15.4100000000         2.0164992561      -322.3597489265
       15.4150000000         2.0169018344      -316.6650147399
       15.4200000000         2.0173091806      -305.2755463668
       15.4250000000         2.0177212908      -320.4615041976
       15.4300000000         2.0181381609      -307.1737910957
       15.4350000000         2.0185597867      -305.2755463668
       15.4400000000         2.0189861642      -307.1737910957
       15.4450000000         2.0194172891      -305.2755463668
       15.4500000000         2.0198531572      -303.3773016380
       15.4550000000         2.0202937641      -293.8860779937
       15.4600000000         2.0207391055      -307.1737910957
       15.4650000000         2.0211891770      -314.7667700111
       15.4700000000         2.0216439742      -305.2755463668
       15.4750000000         2.0221034926      -312.8685252822
       15.4800000000         2.0225677276      -303.3773016380
       15.4850000000         2.0230366747      -316.6650147399
       15.4900000000         2.0235103292      -312.8685252822
       15.4950000000         2.0239886865      -309.0720358245
       15.5000000000         2.0244717419      -326.1562383842
       15.5050000000         2.0249594904      -301.4790569091
       15.5100000000         2.0254519275      -310.9702805534
       15.5150000000         2.0259490482      -310.9702805534
       15.5200000000         2.0264508475      -301.4790569091
       15.5250000000         2.0269573206      -322.3597489265
       15.5300000000         2.0274684624      -314.7667700111
       15.5350000000         2.0279842679      -310.9702805534
       15.5400000000         2.0285047321      -305.2755463668
       15.5450000000         2.0290298496      -303.3773016380
       15.5500000000         2.0295596155      -299.5808121802
       15.5550000000         2.0300940245      -320.4615041976
       15.5600000000         2.0306330712      -297.6825674514
       15.5650000000         2.0311767504      -312.8685252822
       15.5700000000         2.0317250566      -293.8860779937
       15.5750000000         2.0322779846      -307.1737910957
       15.5800000000         2.0328355288      -303.3773016380
       15.5850000000         2.0333976837      -295.7843227225
       15.5900000000         2.0339644438      -290.0895885360
       15.5950000000         2.0345358034      -318.5632594688
       15.6000000000         2.0351117571      -293.8860779937
       15.6050000000         2.0356922989      -310.9702805534
       15.6100000000         2.0362774233      -299.5808121802
       15.6150000000         2.0368671245      -307.1737910957
       15.6200000000         2.0374613966      -286.2930990783
       15.6250000000         2.0380602337      -288.1913438071
       15.6300000000         2.0386636301      -288.1913438071
       15.6350000000         2.0392715796      -316.6650147399
       15.6400000000         2.0398840763      -280.5983648917
       15.6450000000         2.0405011142      -301.4790569091
       15.6500000000         2.0411226872      -288.1913438071
       15.6550000000         2.0417487890      -293.8860779937
       15.6600000000         2.0423794137      -291.9878332648
       15.6650000000         2.0430145549      -309.0720358245
       15.6700000000         2.0436542063      -307.1737910957
       15.6750000000         2.0442983617      -293.8860779937
       15.6800000000         2.0449470147      -290.0895885360
       15.6850000000         2.0456001588      -293.8860779937
       15.6900000000         2.0462577877      -286.2930990783
       15.6950000000         2.0469198949      -309.0720358245
       15.7000000000         2.0475864738      -295.7843227225
       15.7050000000         2.0482575178      -293.8860779937
       15.7100000000         2.0489330203      -282.4966096206
       15.7150000000         2.0496129747      -291.9878332648
       15.7200000000         2.0502973742      -301.4790569091
       15.7250000000         2.0509862121      -316.6650147399
       15.7300000000         2.0516794816      -284.3948543494
       15.7350000000         2.0523771758      -303.3773016380
       15.7400000000         2.0530792879      -295.7843227225
       15.7450000000         2.0537858109      -310.9702805534
       15.7500000000         2.0544967379      -301.4790569091
       15.7550000000         2.0552120618      -303.3773016380
       15.7600000000         2.0559317756      -318.5632594688
       15.7650000000         2.0566558721      -297.6825674514
       15.7700000000         2.0573843443      -299.5808121802
       15.7750000000         2.0581171850      -301.4790569091
       15.7800000000         2.0588543868      -316.6650147399
       15.7850000000         2.0595959425      -310.9702805534
       15.7900000000         2.0603418449      -303.3773016380
       15.7950000000         2.0610920865      -310.9702805534
       15.8000000000         2.0618466600      -309.0720358245
       15.8050000000         2.0626055578      -312.8685252822
       15.8100000000         2.0633687726      -299.5808121802
       15.8150000000         2.0641362967      -318.5632594688
       15.8200000000         2.0649081227      -307.1737910957
       15.8250000000         2.0656842428      -293.8860779937
       15.8300000000         2.0664646494      -307.1737910957
       15.8350000000         2.0672493349      -297.6825674514
       15.8400000000         2.0680382914      -320.4615041976
       15.8450000000         2.0688315112      -305.2755463668
       15.8500000000         2.0696289865      -303.3773016380
       15.8550000000         2.0704307094      -307.1737910957
       15.8600000000         2.0712366719      -307.1737910957
       15.8650000000         2.0720468662      -310.9702805534
       15.8700000000         2.0728612842      -309.0720358245
       15.8750000000         2.0736799178      -312.8685252822
       15.8800000000         2.0745027591      -307.1737910957
       15.8850000000         2.0753297999      -295.7843227225
       15.8900000000         2.0761610320      -312.8685252822
       15.8950000000         2.0769964472      -301.4790569091
       15.9000000000         2.0778360372      -326.1562383842
       15.9050000000         2.0786797939      -309.0720358245
       15.9100000000         2.0795277089      -303.3773016380
       15.9150000000         2.0803797737      -299.5808121802
       15.9200000000         2.0812359800      -310.9702805534
       15.9250000000         2.0820963193      -299.5808121802
       15.9300000000         2.0829607832      -295.7843227225
       15.9350000000         2.0838293631      -297.6825674514
       15.9400000000         2.0847020504      -310.9702805534
       15.9450000000         2.0855788365      -301.4790569091
       15.9500000000         2.0864597129      -301.4790569091
       15.9550000000         2.0873446707      -295.7843227225
       15.9600000000         2.0882337012      -293.8860779937
       15.9650000000         2.0891267957      -303.3773016380
       15.9700000000         2.0900239453      -293.8860779937
       15.9750000000         2.0909251413      -297.6825674514
       15.9800000000         2.0918303746      -293.8860779937
       15.9850000000         2.0927396365      -288.1913438071
       15.9900000000         2.0936529178      -309.0720358245
       15.9950000000         2.0945702096      -286.2930990783
       16.0000000000         2.0954915028      -301.4790569091
       16.0050000000         2.0964167884      -282.4966096206
       16.0100000000         2.0973460571      -297.6825674514
       16.0150000000         2.0982792999      -276.8018754340
       16.0200000000         2.0992165076      -290.0895885360
       16.0250000000         2.1001576708      -290.0895885360
       16.0300000000         2.1011027802      -291.9878332648
       16.0350000000         2.1020518267      -267.3106517897
       16.0400000000         2.1030048007      -291.9878332648
       16.0450000000         2.1039616929      -267.3106517897
       16.0500000000         2.1049224938      -290.0895885360
       16.0550000000         2.1058871940      -267.3106517897
       16.0600000000         2.1068557839      -282.4966096206
       16.0650000000         2.1078282540      -271.1071412474
       16.0700000000         2.1088045947      -274.9036307051
       16.0750000000         2.1097847963      -278.7001201629
       16.0800000000         2.1107688492      -263.5141623320
       16.0850000000         2.1117567437      -291.9878332648
       16.0900000000         2.1127484699      -274.9036307051
       16.0950000000         2.1137440182      -265.4124070609
       16.1000000000         2.1147433786      -261.6159176032
       16.1050000000         2.1157465414      -278.7001201629
       16.1100000000         2.1167534966      -274.9036307051
       16.1150000000         2.1177642343      -269.2088965186
       16.1200000000         2.1187787445      -250.2264492300
       16.1250000000         2.1197970172      -255.9211834166
       16.1300000000         2.1208190424      -278.7001201629
       16.1350000000         2.1218448099      -255.9211834166
       16.1400000000         2.1228743096      -273.0053859763
       16.1450000000         2.1239075315      -257.8194281455
       16.1500000000         2.1249444652      -269.2088965186
       16.1550000000         2.1259851005      -250.2264492300
       16.1600000000         2.1270294273      -265.4124070609
       16.1650000000         2.1280774351      -250.2264492300
       16.1700000000         2.1291291136      -259.7176728743
       16.1750000000         2.1301844525      -263.5141623320
       16.1800000000         2.1312434413      -259.7176728743
       16.1850000000         2.1323060696      -261.6159176032
       16.1900000000         2.1333723269      -244.5317150435
       16.1950000000         2.1344422026      -273.0053859763
       16.2000000000         2.1355156863      -240.7352255858
       16.2050000000         2.1365927673      -263.5141623320
       16.2100000000         2.1376734349      -246.4299597723
       16.2150000000         2.1387576786      -261.6159176032
       16.2200000000         2.1398454876      -255.9211834166
       16.2250000000         2.1409368511      -248.3282045012
       16.2300000000         2.1420317585      -250.2264492300
       16.2350000000         2.1431301989      -248.3282045012
       16.2400000000         2.1442321614      -255.9211834166
       16.2450000000         2.1453376352      -246.4299597723
       16.2500000000         2.1464466094      -252.1246939589
       16.2550000000         2.1475590730      -248.3282045012
       16.2600000000         2.1486750151      -250.2264492300
       16.2650000000         2.1497944246      -250.2264492300
       16.2700000000         2.1509172905      -248.3282045012
       16.2750000000         2.1520436017      -248.3282045012
       16.2800000000         2.1531733471      -261.6159176032
       16.2850000000         2.1543065155      -242.6334703146
       16.2900000000         2.1554430958      -271.1071412474
       16.2950000000         2.1565830767      -235.0404913992
       16.3000000000         2.1577264470      -246.4299597723
       16.3050000000         2.1588731954      -252.1246939589
       16.3100000000         2.1600233106      -240.7352255858
       16.3150000000         2.1611767813      -261.6159176032
       16.3200000000         2.1623335959      -236.9387361281
       16.3250000000         2.1634937432      -252.1246939589
       16.3300000000         2.1646572117      -242.6334703146
       16.3350000000         2.1658239899      -248.3282045012
       16.3400000000         2.1669940663      -263.5141623320
       16.3450000000         2.1681674293      -240.7352255858
       16.3500000000         2.1693440673      -244.5317150435
       16.3550000000         2.1705239688      -240.7352255858
       16.3600000000         2.1717071221      -257.8194281455
       16.3650000000         2.1728935155      -254.0229386877
       16.3700000000         2.1740831373      -242.6334703146
       16.3750000000         2.1752759758      -257.8194281455
       16.3800000000         2.1764720192      -235.0404913992
       16.3850000000         2.1776712557      -255.9211834166
       16.3900000000         2.1788736734      -250.2264492300
       16.3950000000         2.1800792605      -252.1246939589
       16.4000000000         2.1812880051      -254.0229386877
       16.4050000000         2.1824998953      -233.1422466704
       16.4100000000         2.1837149190      -265.4124070609
       16.4150000000         2.1849330644      -240.7352255858
       16.4200000000         2.1861543194      -261.6159176032
       16.4250000000         2.1873786718      -244.5317150435
       16.4300000000         2.1886061098      -238.8369808569
       16.4350000000         2.1898366210      -250.2264492300
       16.4400000000         2.1910701935      -235.0404913992
       16.4450000000         2.1923068149      -248.3282045012
       16.4500000000         2.1935464732      -235.0404913992
       16.4550000000         2.1947891560      -244.5317150435
       16.4600000000         2.1960348512      -242.6334703146
       16.4650000000         2.1972835463      -238.8369808569
       16.4700000000         2.1985352292      -233.1422466704
       16.4750000000         2.1997898873      -231.2440019415
       16.4800000000         2.2010475085      -233.1422466704
       16.4850000000         2.2023080801      -242.6334703146
       16.4900000000         2.2035715899      -225.5492677549
       16.4950000000         2.2048380253      -238.8369808569
       16.5000000000         2.2061073739      -236.9387361281
       16.5050000000         2.2073796230      -244.5317150435
       16.5100000000         2.2086547602      -235.0404913992
       16.5150000000         2.2099327728      -233.1422466704
       16.5200000000         2.2112136483      -250.2264492300
       16.5250000000         2.2124973740      -244.5317150435
       16.5300000000         2.2137839372      -219.8545335684
       16.5350000000         2.2150733253      -242.6334703146
       16.5400000000         2.2163655254      -225.5492677549
       16.5450000000         2.2176605250      -233.1422466704
       16.5500000000         2.2189583111      -238.8369808569
       16.5550000000         2.2202588709      -221.7527782972
       16.5600000000         2.2215621918      -248.3282045012
       16.5650000000         2.2228682606      -227.4475124838
       16.5700000000         2.2241770647      -229.3457572126
       16.5750000000         2.2254885910      -231.2440019415
       16.5800000000         2.2268028266      -225.5492677549
       16.5850000000         2.2281197586      -223.6510230261
       16.5900000000         2.2294393739      -219.8545335684
       16.5950000000         2.2307616596      -221.7527782972
       16.6000000000         2.2320866025      -227.4475124838
       16.6050000000         2.2334141896      -219.8545335684
       16.6100000000         2.2347444078      -219.8545335684
       16.6150000000         2.2360772440      -225.5492677549
       16.6200000000         2.2374126850      -212.2615546530
       16.6250000000         2.2387507176      -225.5492677549
       16.6300000000         2.2400913287      -225.5492677549
       16.6350000000         2.2414345049      -221.7527782972
       16.6400000000         2.2427802331      -216.0580441107
       16.6450000000         2.2441284999      -206.5668204664
       16.6500000000         2.2454792921      -227.4475124838
       16.6550000000         2.2468325963      -219.8545335684
       16.6600000000         2.2481883992      -223.6510230261
       16.6650000000         2.2495466873      -212.2615546530
       16.6700000000         2.2509074473      -223.6510230261
       16.6750000000         2.2522706658      -223.6510230261
       16.6800000000         2.2536363292      -227.4475124838
       16.6850000000         2.2550044242      -233.1422466704
       16.6900000000         2.2563749371      -212.2615546530
       16.6950000000         2.2577478546      -233.1422466704
       16.7000000000         2.2591231629      -212.2615546530
       16.7050000000         2.2605008487      -214.1597993818
       16.7100000000         2.2618808982      -208.4650651953
       16.7150000000         2.2632632978      -219.8545335684
       16.7200000000         2.2646480339      -202.7703310087
       16.7250000000         2.2660350929      -217.9562888395
       16.7300000000         2.2674244610      -210.3633099241
       16.7350000000         2.2688161245      -219.8545335684
       16.7400000000         2.2702100697      -217.9562888395
       16.7450000000         2.2716062828      -204.6685757375
       16.7500000000         2.2730047501      -200.8720862798
       16.7550000000         2.2744054578      -204.6685757375
       16.7600000000         2.2758083920      -204.6685757375
       16.7650000000         2.2772135388      -200.8720862798
       16.7700000000         2.2786208845      -202.7703310087
       16.7750000000         2.2800304151      -193.2791073644
       16.7800000000         2.2814421167      -198.9738415510
       16.7850000000         2.2828559754      -191.3808626356
       16.7900000000         2.2842719772      -208.4650651953
       16.7950000000         2.2856901081      -187.5843731779
       16.8000000000         2.2871103542      -202.7703310087
       16.8050000000         2.2885327015      -200.8720862798
       16.8100000000         2.2899571358      -178.0931495336
       16.8150000000         2.2913836432      -210.3633099241
       16.8200000000         2.2928122095      -174.2966600759
       16.8250000000         2.2942428207      -210.3633099241
       16.8300000000         2.2956754626      -189.4826179067
       16.8350000000         2.2971101212      -195.1773520933
       16.8400000000         2.2985467821      -189.4826179067
       16.8450000000         2.2999854314      -166.7036811605
       16.8500000000         2.3014260547      -195.1773520933
       16.8550000000         2.3028686378      -164.8054364316
       16.8600000000         2.3043131666      -191.3808626356
       16.8650000000         2.3057596267      -174.2966600759
       16.8700000000         2.3072080039      -197.0755968221
       16.8750000000         2.3086582838      -176.1949048047
       16.8800000000         2.3101104522      -176.1949048047
       16.8850000000         2.3115644948      -183.7878837202
       16.8900000000         2.3130203971      -161.0089469739
       16.8950000000         2.3144781449      -195.1773520933
       16.9000000000         2.3159377237      -168.6019258893
       16.9050000000         2.3173991191      -178.0931495336
       16.9100000000         2.3188623166      -179.9913942624
       16.9150000000         2.3203273020      -161.0089469739
       16.9200000000         2.3217940606      -181.8896389913
       16.9250000000         2.3232625781      -162.9071917028
       16.9300000000         2.3247328399      -179.9913942624
       16.9350000000         2.3262048315      -176.1949048047
       16.9400000000         2.3276785384      -166.7036811605
       16.9450000000         2.3291539461      -176.1949048047
       16.9500000000         2.3306310399      -155.3142127873
       16.9550000000         2.3321098053      -161.0089469739
       16.9600000000         2.3335902277      -166.7036811605
       16.9650000000         2.3350722926      -183.7878837202
       16.9700000000         2.3365559852      -155.3142127873
       16.9750000000         2.3380412909      -178.0931495336
       16.9800000000         2.3395281951      -166.7036811605
       16.9850000000         2.3410166831      -174.2966600759
       16.9900000000         2.3425067402      -161.0089469739
       16.9950000000         2.3439983517      -166.7036811605
       17.0000000000         2.3454915028      -164.8054364316
       17.0050000000         2.3469861789      -172.3984153470
       17.0100000000         2.3484823652      -155.3142127873
       17.0150000000         2.3499800469      -166.7036811605
       17.0200000000         2.3514792092      -172.3984153470
       17.0250000000         2.3529798374      -155.3142127873
       17.0300000000         2.3544819166      -181.8896389913
       17.0350000000         2.3559854320      -153.4159680585
       17.0400000000         2.3574903688      -170.5001706182
       17.0450000000         2.3589967120      -145.8229891431
       17.0500000000         2.3605044470      -157.2124575162
       17.0550000000         2.3620135587      -164.8054364316
       17.0600000000         2.3635240322      -153.4159680585
       17.0650000000         2.3650358528      -164.8054364316
       17.0700000000         2.3665490053      -153.4159680585
       17.0750000000         2.3680634750      -164.8054364316
       17.0800000000         2.3695792469      -149.6194786008
       17.0850000000         2.3710963059      -164.8054364316
       17.0900000000         2.3726146372      -149.6194786008
       17.0950000000         2.3741342257      -142.0264996854
       17.1000000000         2.3756550564      -151.5177233296
       17.1050000000         2.3771771144      -151.5177233296
       17.1100000000         2.3787003846      -145.8229891431
       17.1150000000         2.3802248520      -143.9247444142
       17.1200000000         2.3817505015      -136.3317654988
       17.1250000000         2.3832773181      -149.6194786008
       17.1300000000         2.3848052867      -136.3317654988
       17.1350000000         2.3863343922      -145.8229891431
       17.1400000000         2.3878646195      -130.6370313122
       17.1450000000         2.3893959536      -147.7212338719
       17.1500000000         2.3909283793      -134.4335207699
       17.1550000000         2.3924618815      -126.8405418545
       17.1600000000         2.3939964450      -130.6370313122
       17.1650000000         2.3955320548      -128.7387865834
       17.1700000000         2.3970686956      -128.7387865834
       17.1750000000         2.3986063523      -123.0440523968
       17.1800000000         2.4001450097      -113.5528287526
       17.1850000000         2.4016846527      -121.1458076680
       17.1900000000         2.4032252660      -107.8580945660
       17.1950000000         2.4047668344      -121.1458076680
       17.2000000000         2.4063093427      -100.2651156506
       17.2050000000         2.4078527757      -117.3493182103
       17.2100000000         2.4093971182      -100.2651156506
       17.2150000000         2.4109423549      -107.8580945660
       17.2200000000         2.4124884705      -109.7563392948
       17.2250000000         2.4140354499      -105.9598498371
       17.2300000000         2.4155832776      -111.6545840237
       17.2350000000         2.4171319386      -109.7563392948
       17.2400000000         2.4186814174      -113.5528287526
       17.2450000000         2.4202316988       -94.5703814640
       17.2500000000         2.4217827675       -86.9774025486
       17.2550000000         2.4233346081       -94.5703814640
       17.2600000000         2.4248872054      -100.2651156506
       17.2650000000         2.4264405441      -111.6545840237
       17.2700000000         2.4279946087      -126.8405418545
       17.2750000000         2.4295493840       -98.3668709217
       17.2800000000         2.4311048547      -104.0616051083
       17.2850000000         2.4326610053      -100.2651156506
       17.2900000000         2.4342178205      -104.0616051083
       17.2950000000         2.4357752849       -98.3668709217
       17.3000000000         2.4373333832      -100.2651156506
       17.3050000000         2.4388921000      -100.2651156506
       17.3100000000         2.4404514200      -102.1633603794
       17.3150000000         2.4420113276      -100.2651156506
       17.3200000000         2.4435718076       -90.7738920063
       17.3250000000         2.4451328445       -94.5703814640
       17.3300000000         2.4466944229       -96.4686261929
       17.3350000000         2.4482565274       -98.3668709217
       17.3400000000         2.4498191426       -85.0791578197
       17.3450000000         2.4513822530      -100.2651156506
       17.3500000000         2.4529458433       -90.7738920063
       17.3550000000         2.4545098980       -98.3668709217
       17.3600000000         2.4560744017      -100.2651156506
       17.3650000000         2.4576393389       -96.4686261929
       17.3700000000         2.4592046942       -92.6721367352
       17.3750000000         2.4607704521       -90.7738920063
       17.3800000000         2.4623365972      -107.8580945660
       17.3850000000         2.4639031141       -90.7738920063
       17.3900000000         2.4654699871       -94.5703814640
       17.3950000000         2.4670372010       -86.9774025486
       17.4000000000         2.4686047402       -86.9774025486
       17.4050000000         2.4701725893       -88.8756472775
       17.4100000000         2.4717407328       -88.8756472775
       17.4150000000         2.4733091551       -88.8756472775
       17.4200000000         2.4748778409       -85.0791578197
       17.4250000000         2.4764467746       -83.1809130909
       17.4300000000         2.4780159408       -75.5879341755
       17.4350000000         2.4795853240       -90.7738920063
       17.4400000000         2.4811549087       -83.1809130909
       17.4450000000         2.4827246793       -75.5879341755
       17.4500000000         2.4842946205       -75.5879341755
       17.4550000000         2.4858647166       -75.5879341755
       17.4600000000         2.4874349523       -88.8756472775
       17.4650000000         2.4890053120       -79.3844236332
       17.4700000000         2.4905757801       -83.1809130909
       17.4750000000         2.4921463413       -73.6896894466
       17.4800000000         2.4937169801       -58.5037316158
       17.4850000000         2.4952876808       -50.9107527004
       17.4900000000         2.4968584280       -37.6230395984
       17.4950000000         2.4984292063       -33.8265501407
       17.5000000000         2.5000000000       -16.7423475810
       17.5050000000         2.5015707937       -11.0476133944
       17.5100000000         2.5031415720        -5.3528792079
       17.5150000000         2.5047123192         0.3418549787
       17.5200000000         2.5062830199        -1.5563897502
       17.5250000000         2.5078536587        -7.2511239367
       17.5300000000         2.5094242199        -3.4546344790
       17.5350000000         2.5109946880         2.2400997075
       17.5400000000         2.5125650477        -5.3528792079
       17.5450000000         2.5141352834         7.9348338941
       17.5500000000         2.5157053795        -3.4546344790
       17.5550000000         2.5172753207         2.2400997075
       17.5600000000         2.5188450913        -1.5563897502
       17.5650000000         2.5204146760        -3.4546344790
       17.5700000000         2.5219840592         2.2400997075
       17.5750000000         2.5235532254         0.3418549787
       17.5800000000         2.5251221591        30.7137706403
       17.5850000000         2.5266908449        53.4927073866
       17.5900000000         2.5282592672        47.7979732000
       17.5950000000         2.5298274107        42.1032390135
       17.6000000000         2.5313952598        47.7979732000
       17.6050000000         2.5329627990        45.8997284712
       17.6100000000         2.5345300129        42.1032390135
       17.6150000000         2.5360968859        40.2049942846
       17.6200000000         2.5376634028        38.3067495558
       17.6250000000         2.5392295479        40.2049942846
       17.6300000000         2.5407953058        34.5102600981
       17.6350000000         2.5423606611        40.2049942846
       17.6400000000         2.5439255983        30.7137706403
       17.6450000000         2.5454901020        15.5278128095
       17.6500000000         2.5470541567        32.6120153692
       17.6550000000         2.5486177470        30.7137706403
       17.6600000000         2.5501808574        40.2049942846
       17.6650000000         2.5517434726        25.0190364538
       17.6700000000         2.5533055771        32.6120153692
       17.6750000000         2.5548671555        28.8155259115
       17.6800000000         2.5564281924        26.9172811826
       17.6850000000         2.5579886724        30.7137706403
       17.6900000000         2.5595485800        30.7137706403
       17.6950000000         2.5611079000        30.7137706403
       17.7000000000         2.5626666168        23.1207917249
       17.7050000000         2.5642247151        38.3067495558
       17.7100000000         2.5657821795        30.7137706403
       17.7150000000         2.5673389947        38.3067495558
       17.7200000000         2.5688951453        36.4085048269
       17.7250000000         2.5704506160        36.4085048269
       17.7300000000         2.5720053913        36.4085048269
       17.7350000000         2.5735594559        40.2049942846
       17.7400000000         2.5751127946        44.0014837423
       17.7450000000         2.5766653919        40.2049942846
       17.7500000000         2.5782172325        34.5102600981
       17.7550000000         2.5797683012        40.2049942846
       17.7600000000         2.5813185826        42.1032390135
       17.7650000000         2.5828680614        40.2049942846
       17.7700000000         2.5844167224        36.4085048269
       17.7750000000         2.5859645501        36.4085048269
       17.7800000000         2.5875115295        40.2049942846
       17.7850000000         2.5890576451        47.7979732000
       17.7900000000         2.5906028818        47.7979732000
       17.7950000000         2.5921472243        51.5944626577
       17.8000000000         2.5936906573        42.1032390135
       17.8050000000         2.5952331656        45.8997284712
       17.8100000000         2.5967747340        42.1032390135
       17.8150000000         2.5983153473        47.7979732000
       17.8200000000         2.5998549903        53.4927073866
       17.8250000000         2.6013936477        47.7979732000
       17.8300000000         2.6029313044        47.7979732000
       17.8350000000         2.6044679452        47.7979732000
       17.8400000000         2.6060035550        47.7979732000
       17.8450000000         2.6075381185        51.5944626577
       17.8500000000         2.6090716207        64.8821757597
       17.8550000000         2.6106040464        30.7137706403
       17.8600000000         2.6121353805        62.9839310309
       17.8650000000         2.6136656078        49.6962179289
       17.8700000000         2.6151947133        57.2891968443
       17.8750000000         2.6167226819        45.8997284712
       17.8800000000         2.6182494985        61.0856863020
       17.8850000000         2.6197751480        55.3909521154
       17.8900000000         2.6212996154        53.4927073866
       17.8950000000         2.6228228856        45.8997284712
       17.9000000000         2.6243449436        53.4927073866
       17.9050000000         2.6258657743        64.8821757597
       17.9100000000         2.6273853628        66.7804204886
       17.9150000000         2.6289036941        55.3909521154
       17.9200000000         2.6304207531        57.2891968443
       17.9250000000         2.6319365250        59.1874415732
       17.9300000000         2.6334509947        57.2891968443
       17.9350000000         2.6349641472        64.8821757597
       17.9400000000         2.6364759678        49.6962179289
       17.9450000000         2.6379864413        64.8821757597
       17.9500000000         2.6394955530        51.5944626577
       17.9550000000         2.6410032880        68.6786652174
       17.9600000000         2.6425096312        59.1874415732
       17.9650000000         2.6440145680        61.0856863020
       17.9700000000         2.6455180834        66.7804204886
       17.9750000000         2.6470201626        66.7804204886
       17.9800000000         2.6485207908        81.9663783194
       17.9850000000         2.6500199531        53.4927073866
       17.9900000000         2.6515176348        62.9839310309
       17.9950000000         2.6530138211        62.9839310309
       18.0000000000         2.6545084972        42.1032390135
       18.0050000000         2.6560016483        57.2891968443
       18.0100000000         2.6574932598        55.3909521154
       18.0150000000         2.6589833169        64.8821757597
       18.0200000000         2.6604718049        62.9839310309
       18.0250000000         2.6619587091        78.1698888617
       18.0300000000         2.6634440148        57.2891968443
       18.0350000000         2.6649277074        80.0681335906
       18.0400000000         2.6664097723        68.6786652174
       18.0450000000         2.6678901947        68.6786652174
       18.0500000000         2.6693689601        72.4751546751
       18.0550000000         2.6708460539        72.4751546751
       18.0600000000         2.6723214616        81.9663783194
       18.0650000000         2.6737951685        76.2716441328
       18.0700000000         2.6752671601        74.3733994040
       18.0750000000         2.6767374219        78.1698888617
       18.0800000000         2.6782059394        74.3733994040
       18.0850000000         2.6796726980        70.5769099463
       18.0900000000         2.6811376834        76.2716441328
       18.0950000000         2.6826008809        68.6786652174
       18.1000000000         2.6840622763        68.6786652174
       18.1050000000         2.6855218551        70.5769099463
       18.1100000000         2.6869796029        81.9663783194
       18.1150000000         2.6884355052        83.8646230483
       18.1200000000         2.6898895478        85.7628677771
       18.1250000000         2.6913417162        80.0681335906
       18.1300000000         2.6927919961        72.4751546751
       18.1350000000         2.6942403733        80.0681335906
       18.1400000000         2.6956868334        78.1698888617
       18.1450000000         2.6971313622        91.4576019637
       18.1500000000         2.6985739453        95.2540914214
       18.1550000000         2.7000145686        91.4576019637
       18.1600000000         2.7014532179        89.5593572348
       18.1650000000         2.7028898788        91.4576019637
       18.1700000000         2.7043245374        91.4576019637
       18.1750000000         2.7057571793       100.9488256079
       18.1800000000         2.7071877905        87.6611125060
       18.1850000000         2.7086163568       100.9488256079
       18.1900000000         2.7100428642        99.0505808791
       18.1950000000         2.7114672985        93.3558466925
       18.2000000000         2.7128896458        99.0505808791
       18.2050000000         2.7143098919       100.9488256079
       18.2100000000         2.7157280228       102.8470703368
       18.2150000000         2.7171440246        97.1523361502
       18.2200000000         2.7185578833        87.6611125060
       18.2250000000         2.7199695849        95.2540914214
       18.2300000000         2.7213791155        99.0505808791
       18.2350000000         2.7227864612       112.3382939811
       18.2400000000         2.7241916080        99.0505808791
       18.2450000000         2.7255945422       100.9488256079
       18.2500000000         2.7269952499       104.7453150657
       18.2550000000         2.7283937172        97.1523361502
       18.2600000000         2.7297899303       108.5418045234
       18.2650000000         2.7311838755       100.9488256079
       18.2700000000         2.7325755390        99.0505808791
       18.2750000000         2.7339649071       114.2365387099
       18.2800000000         2.7353519661        97.1523361502
       18.2850000000         2.7367367022       123.7277623542
       18.2900000000         2.7381191018       114.2365387099
       18.2950000000         2.7394991513       116.1347834388
       18.3000000000         2.7408768371       121.8295176253
       18.3050000000         2.7422521454       104.7453150657
       18.3100000000         2.7436250629       118.0330281676
       18.3150000000         2.7449955758       104.7453150657
       18.3200000000         2.7463636708       119.9312728965
       18.3250000000         2.7477293342       112.3382939811
       18.3300000000         2.7490925527       108.5418045234
       18.3350000000         2.7504533127       118.0330281676
       18.3400000000         2.7518116008       108.5418045234
       18.3450000000         2.7531674037       125.6260070830
       18.3500000000         2.7545207079       112.3382939811
       18.3550000000         2.7558715001       127.5242518119
       18.3600000000         2.7572197669       121.8295176253
       18.3650000000         2.7585654951       118.0330281676
       18.3700000000         2.7599086713       127.5242518119
       18.3750000000         2.7612492824       131.3207412696
       18.3800000000         2.7625873150       131.3207412696
       18.3850000000         2.7639227560       133.2189859985
       18.3900000000         2.7652555922       131.3207412696
       18.3950000000         2.7665858104       118.0330281676
       18.4000000000         2.7679133975       121.8295176253
       18.4050000000         2.7692383404       131.3207412696
       18.4100000000         2.7705606261       129.4224965408
       18.4150000000         2.7718802414       138.9137201850
       18.4200000000         2.7731971734       135.1172307273
       18.4250000000         2.7745114090       146.5066991004
       18.4300000000         2.7758229353       137.0154754562
       18.4350000000         2.7771317394       131.3207412696
       18.4400000000         2.7784378082       138.9137201850
       18.4450000000         2.7797411291       146.5066991004
       18.4500000000         2.7810416889       137.0154754562
       18.4550000000         2.7823394750       137.0154754562
       18.4600000000         2.7836344746       163.5909016601
       18.4650000000         2.7849266747       140.8119649139
       18.4700000000         2.7862160628       142.7102096427
       18.4750000000         2.7875026260       148.4049438293
       18.4800000000         2.7887863517       142.7102096427
       18.4850000000         2.7900672272       138.9137201850
       18.4900000000         2.7913452398       154.0996780159
       18.4950000000         2.7926203770       146.5066991004
       18.5000000000         2.7938926261       146.5066991004
       18.5050000000         2.7951619747       127.5242518119
       18.5100000000         2.7964284101       161.6926569313
       18.5150000000         2.7976919199       146.5066991004
       18.5200000000         2.7989524915       154.0996780159
       18.5250000000         2.8002101127       150.3031885581
       18.5300000000         2.8014647708       161.6926569313
       18.5350000000         2.8027164537       161.6926569313
       18.5400000000         2.8039651488       157.8961674736
       18.5450000000         2.8052108440       178.7768594910
       18.5500000000         2.8064535268       152.2014332870
       18.5550000000         2.8076931851       159.7944122024
       18.5600000000         2.8089298065       174.9803700332
       18.5650000000         2.8101633790       171.1838805755
       18.5700000000         2.8113938902       169.2856358467
       18.5750000000         2.8126213282       163.5909016601
       18.5800000000         2.8138456806       167.3873911178
       18.5850000000         2.8150669356       152.2014332870
       18.5900000000         2.8162850810       167.3873911178
       18.5950000000         2.8175001047       167.3873911178
       18.6000000000         2.8187119949       173.0821253044
       18.6050000000         2.8199207395       167.3873911178
       18.6100000000         2.8211263266       167.3873911178
       18.6150000000         2.8223287443       169.2856358467
       18.6200000000         2.8235279808       169.2856358467
       18.6250000000         2.8247240242       169.2856358467
       18.6300000000         2.8259168627       182.5733489487
       18.6350000000         2.8271064845       171.1838805755
       18.6400000000         2.8282928779       165.4891463890
       18.6450000000         2.8294760312       188.2680831352
       18.6500000000         2.8306559327       174.9803700332
       18.6550000000         2.8318325707       192.0645725929
       18.6600000000         2.8330059337       190.1663278641
       18.6650000000         2.8341760101       182.5733489487
       18.6700000000         2.8353427883       186.3698384064
       18.6750000000         2.8365062568       176.8786147621
       18.6800000000         2.8376664041       192.0645725929
       18.6850000000         2.8388232187       184.4715936775
       18.6900000000         2.8399766894       178.7768594910
       18.6950000000         2.8411268046       195.8610620506
       18.7000000000         2.8422735530       174.9803700332
       18.7050000000         2.8434169233       207.2505304238
       18.7100000000         2.8445569042       178.7768594910
       18.7150000000         2.8456934845       199.6575515084
       18.7200000000         2.8468266529       192.0645725929
       18.7250000000         2.8479563983       184.4715936775
       18.7300000000         2.8490827095       199.6575515084
       18.7350000000         2.8502055754       184.4715936775
       18.7400000000         2.8513249849       199.6575515084
       18.7450000000         2.8524409270       184.4715936775
       18.7500000000         2.8535533906       212.9452646103
       18.7550000000         2.8546623648       197.7593067795
       18.7600000000         2.8557678386       199.6575515084
       18.7650000000         2.8568698011       192.0645725929
       18.7700000000         2.8579682415       193.9628173218
       18.7750000000         2.8590631489       199.6575515084
       18.7800000000         2.8601545124       195.8610620506
       18.7850000000         2.8612423214       216.7417540680
       18.7900000000         2.8623265651       207.2505304238
       18.7950000000         2.8634072327       205.3522856949
       18.8000000000         2.8644843137       199.6575515084
       18.8050000000         2.8655577974       209.1487751526
       18.8100000000         2.8666276731       192.0645725929
       18.8150000000         2.8676939304       205.3522856949
       18.8200000000         2.8687565587       209.1487751526
       18.8250000000         2.8698155475       197.7593067795
       18.8300000000         2.8708708864       214.8435093392
       18.8350000000         2.8719225649       203.4540409661
       18.8400000000         2.8729705727       207.2505304238
       18.8450000000         2.8740148995       207.2505304238
       18.8500000000         2.8750555348       214.8435093392
       18.8550000000         2.8760924685       209.1487751526
       18.8600000000         2.8771256904       222.4364882546
       18.8650000000         2.8781551901       220.5382435257
       18.8700000000         2.8791809576       214.8435093392
       18.8750000000         2.8802029828       230.0294671700
       18.8800000000         2.8812212555       222.4364882546
       18.8850000000         2.8822357657       220.5382435257
       18.8900000000         2.8832465034       214.8435093392
       18.8950000000         2.8842534586       214.8435093392
       18.9000000000         2.8852566214       220.5382435257
       18.9050000000         2.8862559818       222.4364882546
       18.9100000000         2.8872515301       214.8435093392
       18.9150000000         2.8882432563       243.3171802720
       18.9200000000         2.8892311508       226.2329777123
       18.9250000000         2.8902152037       220.5382435257
       18.9300000000         2.8911954053       220.5382435257
       18.9350000000         2.8921717460       218.6399987969
       18.9400000000         2.8931442161       220.5382435257
       18.9450000000         2.8941128060       212.9452646103
       18.9500000000         2.8950775062       214.8435093392
       18.9550000000         2.8960383071       233.8259566277
       18.9600000000         2.8969951993       211.0470198815
       18.9650000000         2.8979481733       216.7417540680
       18.9700000000         2.8988972198       220.5382435257
       18.9750000000         2.8998423292       233.8259566277
       18.9800000000         2.9007834924       222.4364882546
       18.9850000000         2.9017207001       222.4364882546
       18.9900000000         2.9026539429       220.5382435257
       18.9950000000         2.9035832116       226.2329777123
       19.0000000000         2.9045084972       218.6399987969
       19.0050000000         2.9054297904       226.2329777123
       19.0100000000         2.9063470822       212.9452646103
       19.0150000000         2.9072603635       222.4364882546
       19.0200000000         2.9081696254       211.0470198815
       19.0250000000         2.9090748587       237.6224460854
       19.0300000000         2.9099760547       214.8435093392
       19.0350000000         2.9108732043       233.8259566277
       19.0400000000         2.9117662988       216.7417540680
       19.0450000000         2.9126553293       226.2329777123
       19.0500000000         2.9135402871       228.1312224412
       19.0550000000         2.9144211635       230.0294671700
       19.0600000000         2.9152979496       235.7242013566
       19.0650000000         2.9161706369       230.0294671700
       19.0700000000         2.9170392168       222.4364882546
       19.0750000000         2.9179036807       241.4189355431
       19.0800000000         2.9187640200       224.3347329835
       19.0850000000         2.9196202263       230.0294671700
       19.0900000000         2.9204722911       224.3347329835
       19.0950000000         2.9213202061       224.3347329835
       19.1000000000         2.9221639628       230.0294671700
       19.1050000000         2.9230035528       231.9277118989
       19.1100000000         2.9238389680       231.9277118989
       19.1150000000         2.9246702001       239.5206908143
       19.1200000000         2.9254972409       237.6224460854
       19.1250000000         2.9263200822       230.0294671700
       19.1300000000         2.9271387158       235.7242013566
       19.1350000000         2.9279531338       226.2329777123
       19.1400000000         2.9287633281       247.1136697297
       19.1450000000         2.9295692906       237.6224460854
       19.1500000000         2.9303710135       241.4189355431
       19.1550000000         2.9311684888       231.9277118989
       19.1600000000         2.9319617086       230.0294671700
       19.1650000000         2.9327506651       249.0119144586
       19.1700000000         2.9335353506       241.4189355431
       19.1750000000         2.9343157572       258.5031381028
       19.1800000000         2.9350918773       237.6224460854
       19.1850000000         2.9358637033       230.0294671700
       19.1900000000         2.9366312274       245.2154250008
       19.1950000000         2.9373944422       239.5206908143
       19.2000000000         2.9381533400       245.2154250008
       19.2050000000         2.9389079135       243.3171802720
       19.2100000000         2.9396581551       237.6224460854
       19.2150000000         2.9404040575       250.9101591874
       19.2200000000         2.9411456132       233.8259566277
       19.2250000000         2.9418828150       245.2154250008
       19.2300000000         2.9426156557       233.8259566277
       19.2350000000         2.9433441279       241.4189355431
       19.2400000000         2.9440682244       252.8084039163
       19.2450000000         2.9447879382       243.3171802720
       19.2500000000         2.9455032621       252.8084039163
       19.2550000000         2.9462141891       252.8084039163
       19.2600000000         2.9469207121       243.3171802720
       19.2650000000         2.9476228242       254.7066486451
       19.2700000000         2.9483205184       228.1312224412
       19.2750000000         2.9490137879       267.9943617471
       19.2800000000         2.9497026258       250.9101591874
       19.2850000000         2.9503870253       243.3171802720
       19.2900000000         2.9510669797       250.9101591874
       19.2950000000         2.9517424822       233.8259566277
       19.3000000000         2.9524135262       260.4013828317
       19.3050000000         2.9530801051       241.4189355431
       19.3100000000         2.9537422123       250.9101591874
       19.3150000000         2.9543998412       249.0119144586
       19.3200000000         2.9550529853       258.5031381028
       19.3250000000         2.9557016383       262.2996275605
       19.3300000000         2.9563457937       245.2154250008
       19.3350000000         2.9569854451       256.6048933740
       19.3400000000         2.9576205863       241.4189355431
       19.3450000000         2.9582512110       258.5031381028
       19.3500000000         2.9588773128       256.6048933740
       19.3550000000         2.9594988858       241.4189355431
       19.3600000000         2.9601159237       249.0119144586
       19.3650000000         2.9607284204       237.6224460854
       19.3700000000         2.9613363699       262.2996275605
       19.3750000000         2.9619397663       247.1136697297
       19.3800000000         2.9625386034       252.8084039163
       19.3850000000         2.9631328755       243.3171802720
       19.3900000000         2.9637225767       269.8926064759
       19.3950000000         2.9643077011       252.8084039163
       19.4000000000         2.9648882429       249.0119144586
       19.4050000000         2.9654641966       266.0961170182
       19.4100000000         2.9660355562       252.8084039163
       19.4150000000         2.9666023163       252.8084039163
       19.4200000000         2.9671644712       254.7066486451
       19.4250000000         2.9677220154       249.0119144586
       19.4300000000         2.9682749434       260.4013828317
       19.4350000000         2.9688232496       250.9101591874
       19.4400000000         2.9693669288       252.8084039163
       19.4450000000         2.9699059755       239.5206908143
       19.4500000000         2.9704403845       241.4189355431
       19.4550000000         2.9709701504       264.1978722894
       19.4600000000         2.9714952679       243.3171802720
       19.4650000000         2.9720157321       266.0961170182
       19.4700000000         2.9725315376       235.7242013566
       19.4750000000         2.9730426794       260.4013828317
       19.4800000000         2.9735491525       249.0119144586
       19.4850000000         2.9740509518       252.8084039163
       19.4900000000         2.9745480725       249.0119144586
       19.4950000000         2.9750405096       249.0119144586
       19.5000000000         2.9755282581       254.7066486451
       19.5050000000         2.9760113135       237.6224460854
       19.5100000000         2.9764896708       247.1136697297
       19.5150000000         2.9769633253       249.0119144586
       19.5200000000         2.9774322724       249.0119144586
       19.5250000000         2.9778965074       250.9101591874
       19.5300000000         2.9783560258       230.0294671700
       19.5350000000         2.9788108230       252.8084039163
       19.5400000000         2.9792608945       237.6224460854
       19.5450000000         2.9797062359       243.3171802720
       19.5500000000         2.9801468428       243.3171802720
       19.5550000000         2.9805827109       245.2154250008
       19.5600000000         2.9810138358       254.7066486451
       19.5650000000         2.9814402133       243.3171802720
       19.5700000000         2.9818618391       250.9101591874
       19.5750000000         2.9822787092       239.5206908143
       19.5800000000         2.9826908194       237.6224460854
       19.5850000000         2.9830981656       245.2154250008
       19.5900000000         2.9835007439       250.9101591874
       19.5950000000         2.9838985502       256.6048933740
       19.6000000000         2.9842915806       241.4189355431
       19.6050000000         2.9846798312       254.7066486451
       19.6100000000         2.9850632982       243.3171802720
       19.6150000000         2.9854419779       241.4189355431
       19.6200000000         2.9858158665       252.8084039163
       19.6250000000         2.9861849602       243.3171802720
       19.6300000000         2.9865492555       258.5031381028
       19.6350000000         2.9869087487       252.8084039163
       19.6400000000         2.9872634364       254.7066486451
       19.6450000000         2.9876133150       252.8084039163
       19.6500000000         2.9879583810       237.6224460854
       19.6550000000         2.9882986310       264.1978722894
       19.6600000000         2.9886340618       252.8084039163
       19.6650000000         2.9889646699       264.1978722894
       19.6700000000         2.9892904522       252.8084039163
       19.6750000000         2.9896114053       243.3171802720
       19.6800000000         2.9899275262       237.6224460854
       19.6850000000         2.9902388117       243.3171802720
       19.6900000000         2.9905452587       256.6048933740
       19.6950000000         2.9908468643       252.8084039163
       19.7000000000         2.9911436254       266.0961170182
       19.7050000000         2.9914355391       243.3171802720
       19.7100000000         2.9917226025       249.0119144586
       19.7150000000         2.9920048128       258.5031381028
       19.7200000000         2.9922821673       264.1978722894
       19.7250000000         2.9925546631       260.4013828317
       19.7300000000         2.9928222976       254.7066486451
       19.7350000000         2.9930850681       267.9943617471
       19.7400000000         2.9933429721       266.0961170182
       19.7450000000         2.9935960070       254.7066486451
       19.7500000000         2.9938441703       252.8084039163
       19.7550000000         2.9940874596       245.2154250008
       19.7600000000         2.9943258724       267.9943617471
       19.7650000000         2.9945594064       241.4189355431
       19.7700000000         2.9947880593       243.3171802720
       19.7750000000         2.9950118289       267.9943617471
       19.7800000000         2.9952307128       250.9101591874
       19.7850000000         2.9954447091       254.7066486451
       19.7900000000         2.9956538155       258.5031381028
       19.7950000000         2.9958580301       267.9943617471
       19.8000000000         2.9960573507       269.8926064759
       19.8050000000         2.9962517754       252.8084039163
       19.8100000000         2.9964413023       271.7908512048
       19.8150000000         2.9966259295       264.1978722894
       19.8200000000         2.9968056553       260.4013828317
       19.8250000000         2.9969804777       273.6890959337
       19.8300000000         2.9971503952       283.1803195779
       19.8350000000         2.9973154060       252.8084039163
       19.8400000000         2.9974755085       262.2996275605
       19.8450000000         2.9976307011       273.6890959337
       19.8500000000         2.9977809823       258.5031381028
       19.8550000000         2.9979263506       247.1136697297
       19.8600000000         2.9980668046       264.1978722894
       19.8650000000         2.9982023428       281.2820748491
       19.8700000000         2.9983329640       262.2996275605
       19.8750000000         2.9984586669       273.6890959337
       19.8800000000         2.9985794501       262.2996275605
       19.8850000000         2.9986953126       281.2820748491
       19.8900000000         2.9988062532       266.0961170182
       19.8950000000         2.9989122707       283.1803195779
       19.9000000000         2.9990133642       269.8926064759
       19.9050000000         2.9991095326       269.8926064759
       19.9100000000         2.9992007751       267.9943617471
       19.9150000000         2.9992870906       266.0961170182
       19.9200000000         2.9993684783       267.9943617471
       19.9250000000         2.9994449375       256.6048933740
       19.9300000000         2.9995164673       283.1803195779
       19.9350000000         2.9995830672       264.1978722894
       19.9400000000         2.9996447363       271.7908512048
       19.9450000000         2.9997014742       286.9768090356
       19.9500000000         2.9997532802       266.0961170182
       19.9550000000         2.9998001538       285.0785643068
       19.9600000000         2.9998420946       260.4013828317
       19.9650000000         2.9998791022       283.1803195779
       19.9700000000         2.9999111762       256.6048933740
       19.9750000000         2.9999383162       271.7908512048
       19.9800000000         2.9999605221       273.6890959337
       19.9850000000         2.9999777936       271.7908512048
       19.9900000000         2.9999901304       264.1978722894
       19.9950000000         2.9999975326       273.6890959337
