        0.0000000000         3.0000000000         2.2400997075
        0.0050000000         2.9998791022        17.4260575384
        0.0100000000         2.9995164673        51.5944626577
        0.0150000000         2.9989122707        45.8997284712
        0.0200000000         2.9980668046        83.8646230483
        0.0250000000         2.9969804777        81.9663783194
        0.0300000000         2.9956538155        91.4576019637
        0.0350000000         2.9940874596       100.9488256079
        0.0400000000         2.9922821673       118.0330281676
        0.0450000000         2.9902388117       131.3207412696
        0.0500000000         2.9879583810       127.5242518119
        0.0550000000         2.9854419779       135.1172307273
        0.0600000000         2.9826908194       146.5066991004
        0.0650000000         2.9797062359       150.3031885581
        0.0700000000         2.9764896708       165.4891463890
        0.0750000000         2.9730426794       159.7944122024
        0.0800000000         2.9693669288       167.3873911178
        0.0850000000         2.9654641966       167.3873911178
        0.0900000000         2.9613363699       171.1838805755
        0.0950000000         2.9569854451       174.9803700332
        0.1000000000         2.9524135262       176.8786147621
        0.1050000000         2.9476228242       192.0645725929
        0.1100000000         2.9426156557       184.4715936775
        0.1150000000         2.9373944422       188.2680831352
        0.1200000000         2.9319617086       182.5733489487
        0.1250000000         2.9263200822       199.6575515084
        0.1300000000         2.9204722911       190.1663278641
        0.1350000000         2.9144211635       186.3698384064
        0.1400000000         2.9081696254       205.3522856949
        0.1450000000         2.9017207001       195.8610620506
        0.1500000000         2.8950775062       195.8610620506
        0.1550000000         2.8882432563       201.5557962372
        0.1600000000         2.8812212555       205.3522856949
        0.1650000000         2.8740148995       212.9452646103
        0.1700000000         2.8666276731       212.9452646103
        0.1750000000         2.8590631489       199.6575515084
        0.1800000000         2.8513249849       199.6575515084
        0.1850000000         2.8434169233       199.6575515084
        0.1900000000         2.8353427883       195.8610620506
        0.1950000000         2.8271064845       218.6399987969
        0.2000000000         2.8187119949       192.0645725929
        0.2050000000         2.8101633790       197.7593067795
        0.2100000000         2.8014647708       193.9628173218
        0.2150000000         2.7926203770       192.0645725929
        0.2200000000         2.7836344746       195.8610620506
        0.2250000000         2.7745114090       203.4540409661
        0.2300000000         2.7652555922       203.4540409661
        0.2350000000         2.7558715001       182.5733489487
        0.2400000000         2.7463636708       184.4715936775
        0.2450000000         2.7367367022       193.9628173218
        0.2500000000         2.7269952499       195.8610620506
        0.2550000000         2.7171440246       195.8610620506
        0.2600000000         2.7071877905       192.0645725929
        0.2650000000         2.6971313622       184.4715936775
        0.2700000000         2.6869796029       178.7768594910
        0.2750000000         2.6767374219       188.2680831352
        0.2800000000         2.6664097723       176.8786147621
        0.2850000000         2.6560016483       182.5733489487
        0.2900000000         2.6455180834       180.6751042198
        0.2950000000         2.6349641472       169.2856358467
        0.3000000000         2.6243449436       163.5909016601
        0.3050000000         2.6136656078       157.8961674736
        0.3100000000         2.6029313044       163.5909016601
        0.3150000000         2.5921472243       148.4049438293
        0.3200000000         2.5813185826       146.5066991004
        0.3250000000         2.5704506160       140.8119649139
        0.3300000000         2.5595485800       138.9137201850
        0.3350000000         2.5486177470       144.6084543716
        0.3400000000         2.5376634028       119.9312728965
        0.3450000000         2.5266908449       142.7102096427
        0.3500000000         2.5157053795       121.8295176253
        0.3550000000         2.5047123192       123.7277623542
        0.3600000000         2.4937169801       119.9312728965
        0.3650000000         2.4827246793        99.0505808791
        0.3700000000         2.4717407328        81.9663783194
        0.3750000000         2.4607704521        30.7137706403
        0.3800000000         2.4498191426        -5.3528792079
        0.3850000000         2.4388921000        -9.1493686656
        0.3900000000         2.4279946087        -1.5563897502
        0.3950000000         2.4171319386         9.8330786230
        0.4000000000         2.4063093427         0.3418549787
        0.4050000000         2.3955320548        -5.3528792079
        0.4100000000         2.3848052867        -3.4546344790
        0.4150000000         2.3741342257        -9.1493686656
        0.4200000000         2.3635240322      -142.0264996854
        0.4250000000         2.3529798374       -79.3844236332
        0.4300000000         2.3425067402       -98.3668709217
        0.4350000000         2.3321098053       -96.4686261929
        0.4400000000         2.3217940606       -90.7738920063
        0.4450000000         2.3115644948      -119.2475629391
        0.4500000000         2.3014260547      -107.8580945660
        0.4550000000         2.2913836432      -132.5352760411
        0.4600000000         2.2814421167       -98.3668709217
        0.4650000000         2.2716062828      -119.2475629391
        0.4700000000         2.2618808982      -113.5528287526
        0.4750000000         2.2522706658      -128.7387865834
        0.4800000000         2.2427802331      -140.1282549565
        0.4850000000         2.2334141896      -124.9422971257
        0.4900000000         2.2241770647      -126.8405418545
        0.4950000000         2.2150733253      -132.5352760411
        0.5000000000         2.2061073739      -143.9247444142
        0.5050000000         2.1972835463      -145.8229891431
        0.5100000000         2.1886061098      -153.4159680585
        0.5150000000         2.1800792605      -143.9247444142
        0.5200000000         2.1717071221      -149.6194786008
        0.5250000000         2.1634937432      -153.4159680585
        0.5300000000         2.1554430958      -153.4159680585
        0.5350000000         2.1475590730      -153.4159680585
        0.5400000000         2.1398454876      -157.2124575162
        0.5450000000         2.1323060696      -187.5843731779
        0.5500000000         2.1249444652      -161.0089469739
        0.5550000000         2.1177642343      -172.3984153470
        0.5600000000         2.1107688492      -176.1949048047
        0.5650000000         2.1039616929      -164.8054364316
        0.5700000000         2.0973460571      -164.8054364316
        0.5750000000         2.0909251413      -187.5843731779
        0.5800000000         2.0847020504      -179.9913942624
        0.5850000000         2.0786797939      -181.8896389913
        0.5900000000         2.0728612842      -183.7878837202
        0.5950000000         2.0672493349      -193.2791073644
        0.6000000000         2.0618466600      -195.1773520933
        0.6050000000         2.0566558721      -195.1773520933
        0.6100000000         2.0516794816      -206.5668204664
        0.6150000000         2.0469198949      -189.4826179067
        0.6200000000         2.0423794137      -212.2615546530
        0.6250000000         2.0380602337      -214.1597993818
        0.6300000000         2.0339644438      -212.2615546530
        0.6350000000         2.0300940245      -206.5668204664
        0.6400000000         2.0264508475      -206.5668204664
        0.6450000000         2.0230366747      -208.4650651953
        0.6500000000         2.0198531572      -221.7527782972
        0.6550000000         2.0169018344      -214.1597993818
        0.6600000000         2.0141841335      -219.8545335684
        0.6650000000         2.0117013690      -221.7527782972
        0.6700000000         2.0094547413      -221.7527782972
        0.6750000000         2.0074453369      -227.4475124838
        0.6800000000         2.0056741276      -235.0404913992
        0.6850000000         2.0041419699      -231.2440019415
        0.6900000000         2.0028496048      -223.6510230261
        0.6950000000         2.0017976572      -231.2440019415
        0.7000000000         2.0009866358      -233.1422466704
        0.7050000000         2.0004169328      -248.3282045012
        0.7100000000         2.0000888238      -235.0404913992
        0.7150000000         2.0000024674      -225.5492677549
        0.7200000000         2.0001579054      -240.7352255858
        0.7250000000         2.0005550625      -238.8369808569
        0.7300000000         2.0011937468      -254.0229386877
        0.7350000000         2.0020736494      -244.5317150435
        0.7400000000         2.0031943447      -236.9387361281
        0.7450000000         2.0045552909      -265.4124070609
        0.7500000000         2.0061558297      -235.0404913992
        0.7550000000         2.0079951872      -263.5141623320
        0.7600000000         2.0100724738      -248.3282045012
        0.7650000000         2.0123866850      -265.4124070609
        0.7700000000         2.0149367018      -233.1422466704
        0.7750000000         2.0177212908      -244.5317150435
        0.7800000000         2.0207391055      -273.0053859763
        0.7850000000         2.0239886865      -244.5317150435
        0.7900000000         2.0274684624      -276.8018754340
        0.7950000000         2.0311767504      -248.3282045012
        0.8000000000         2.0351117571      -261.6159176032
        0.8050000000         2.0392715796      -255.9211834166
        0.8100000000         2.0436542063      -255.9211834166
        0.8150000000         2.0482575178      -271.1071412474
        0.8200000000         2.0530792879      -244.5317150435
        0.8250000000         2.0581171850      -274.9036307051
        0.8300000000         2.0633687726      -257.8194281455
        0.8350000000         2.0688315112      -263.5141623320
        0.8400000000         2.0745027591      -263.5141623320
        0.8450000000         2.0803797737      -250.2264492300
        0.8500000000         2.0864597129      -267.3106517897
        0.8550000000         2.0927396365      -246.4299597723
        0.8600000000         2.0992165076      -274.9036307051
        0.8650000000         2.1058871940      -250.2264492300
        0.8700000000         2.1127484699      -261.6159176032
        0.8750000000         2.1197970172      -261.6159176032
        0.8800000000         2.1270294273      -238.8369808569
        0.8850000000         2.1344422026      -261.6159176032
        0.8900000000         2.1420317585      -235.0404913992
        0.8950000000         2.1497944246      -269.2088965186
        0.9000000000         2.1577264470      -242.6334703146
        0.9050000000         2.1658239899      -259.7176728743
        0.9100000000         2.1740831373      -238.8369808569
        0.9150000000         2.1824998953      -248.3282045012
        0.9200000000         2.1910701935      -255.9211834166
        0.9250000000         2.1997898873      -231.2440019415
        0.9300000000         2.2086547602      -240.7352255858
        0.9350000000         2.2176605250      -231.2440019415
        0.9400000000         2.2268028266      -250.2264492300
        0.9450000000         2.2360772440      -246.4299597723
        0.9500000000         2.2454792921      -233.1422466704
        0.9550000000         2.2550044242      -236.9387361281
        0.9600000000         2.2646480339      -240.7352255858
        0.9650000000         2.2744054578      -242.6334703146
        0.9700000000         2.2842719772      -233.1422466704
        0.9750000000         2.2942428207      -225.5492677549
        0.9800000000         2.3043131666      -231.2440019415
        0.9850000000         2.3144781449      -225.5492677549
        0.9900000000         2.3247328399      -225.5492677549
        0.9950000000         2.3350722926      -221.7527782972
        1.0000000000         2.3454915028      -200.8720862798
        1.0050000000         2.3559854320      -204.6685757375
        1.0100000000         2.3665490053      -219.8545335684
        1.0150000000         2.3771771144      -202.7703310087
        1.0200000000         2.3878646195      -206.5668204664
        1.0250000000         2.3986063523      -191.3808626356
        1.0300000000         2.4093971182      -195.1773520933
        1.0350000000         2.4202316988      -178.0931495336
        1.0400000000         2.4311048547      -208.4650651953
        1.0450000000         2.4420113276      -176.1949048047
        1.0500000000         2.4529458433      -189.4826179067
        1.0550000000         2.4639031141      -179.9913942624
        1.0600000000         2.4748778409      -168.6019258893
        1.0650000000         2.4858647166      -178.0931495336
        1.0700000000         2.4968584280      -159.1107022450
        1.0750000000         2.5078536587      -164.8054364316
        1.0800000000         2.5188450913      -149.6194786008
        1.0850000000         2.5298274107      -147.7212338719
        1.0900000000         2.5407953058       -81.2826683620
        1.0950000000         2.5517434726       -39.5212843272
        1.1000000000         2.5626666168         4.1383444364
        1.1050000000         2.5735594559        13.6295680807
        1.1100000000         2.5844167224         9.8330786230
        1.1150000000         2.5952331656         4.1383444364
        1.1200000000         2.6060035550         0.3418549787
        1.1250000000         2.6167226819        -7.2511239367
        1.1300000000         2.6273853628         0.3418549787
        1.1350000000         2.6379864413        -3.4546344790
        1.1400000000         2.6485207908        -1.5563897502
        1.1450000000         2.6589833169        13.6295680807
        1.1500000000         2.6693689601        99.0505808791
        1.1550000000         2.6796726980        47.7979732000
        1.1600000000         2.6898895478        66.7804204886
        1.1650000000         2.7000145686        70.5769099463
        1.1700000000         2.7100428642        70.5769099463
        1.1750000000         2.7199695849        81.9663783194
        1.1800000000         2.7297899303        66.7804204886
        1.1850000000         2.7394991513        97.1523361502
        1.1900000000         2.7490925527        93.3558466925
        1.1950000000         2.7585654951        93.3558466925
        1.2000000000         2.7679133975        91.4576019637
        1.2050000000         2.7771317394       100.9488256079
        1.2100000000         2.7862160628       110.4400492522
        1.2150000000         2.7951619747       114.2365387099
        1.2200000000         2.8039651488       114.2365387099
        1.2250000000         2.8126213282       108.5418045234
        1.2300000000         2.8211263266       116.1347834388
        1.2350000000         2.8294760312       108.5418045234
        1.2400000000         2.8376664041       116.1347834388
        1.2450000000         2.8456934845       116.1347834388
        1.2500000000         2.8535533906       119.9312728965
        1.2550000000         2.8612423214       135.1172307273
        1.2600000000         2.8687565587       129.4224965408
        1.2650000000         2.8760924685       144.6084543716
        1.2700000000         2.8832465034       125.6260070830
        1.2750000000         2.8902152037       146.5066991004
        1.2800000000         2.8969951993       131.3207412696
        1.2850000000         2.9035832116       121.8295176253
        1.2900000000         2.9099760547       152.2014332870
        1.2950000000         2.9161706369       146.5066991004
        1.3000000000         2.9221639628       148.4049438293
        1.3050000000         2.9279531338       144.6084543716
        1.3100000000         2.9335353506       157.8961674736
        1.3150000000         2.9389079135       163.5909016601
        1.3200000000         2.9440682244       161.6926569313
        1.3250000000         2.9490137879       171.1838805755
        1.3300000000         2.9537422123       157.8961674736
        1.3350000000         2.9582512110       180.6751042198
        1.3400000000         2.9625386034       180.6751042198
        1.3450000000         2.9666023163       178.7768594910
        1.3500000000         2.9704403845       188.2680831352
        1.3550000000         2.9740509518       176.8786147621
        1.3600000000         2.9774322724       192.0645725929
        1.3650000000         2.9805827109       193.9628173218
        1.3700000000         2.9835007439       201.5557962372
        1.3750000000         2.9861849602       190.1663278641
        1.3800000000         2.9886340618       209.1487751526
        1.3850000000         2.9908468643       205.3522856949
        1.3900000000         2.9928222976       207.2505304238
        1.3950000000         2.9945594064       209.1487751526
        1.4000000000         2.9960573507       207.2505304238
        1.4050000000         2.9973154060       222.4364882546
        1.4100000000         2.9983329640       220.5382435257
        1.4150000000         2.9991095326       226.2329777123
        1.4200000000         2.9996447363       214.8435093392
        1.4250000000         2.9999383162       233.8259566277
        1.4300000000         2.9999901304       216.7417540680
        1.4350000000         2.9998001538       228.1312224412
        1.4400000000         2.9993684783       233.8259566277
        1.4450000000         2.9986953126       226.2329777123
        1.4500000000         2.9977809823       224.3347329835
        1.4550000000         2.9966259295       233.8259566277
        1.4600000000         2.9952307128       230.0294671700
        1.4650000000         2.9935960070       245.2154250008
        1.4700000000         2.9917226025       226.2329777123
        1.4750000000         2.9896114053       228.1312224412
        1.4800000000         2.9872634364       222.4364882546
        1.4850000000         2.9846798312       228.1312224412
        1.4900000000         2.9818618391       254.7066486451
        1.4950000000         2.9788108230       233.8259566277
        1.5000000000         2.9755282581       239.5206908143
        1.5050000000         2.9720157321       230.0294671700
        1.5100000000         2.9682749434       237.6224460854
        1.5150000000         2.9643077011       243.3171802720
        1.5200000000         2.9601159237       239.5206908143
        1.5250000000         2.9557016383       235.7242013566
        1.5300000000         2.9510669797       243.3171802720
        1.5350000000         2.9462141891       226.2329777123
        1.5400000000         2.9411456132       243.3171802720
        1.5450000000         2.9358637033       233.8259566277
        1.5500000000         2.9303710135       239.5206908143
        1.5550000000         2.9246702001       243.3171802720
        1.5600000000         2.9187640200       228.1312224412
        1.5650000000         2.9126553293       239.5206908143
        1.5700000000         2.9063470822       224.3347329835
        1.5750000000         2.8998423292       245.2154250008
        1.5800000000         2.8931442161       241.4189355431
        1.5850000000         2.8862559818       235.7242013566
        1.5900000000         2.8791809576       230.0294671700
        1.5950000000         2.8719225649       233.8259566277
        1.6000000000         2.8644843137       228.1312224412
        1.6050000000         2.8568698011       226.2329777123
        1.6100000000         2.8490827095       220.5382435257
        1.6150000000         2.8411268046       230.0294671700
        1.6200000000         2.8330059337       218.6399987969
        1.6250000000         2.8247240242       224.3347329835
        1.6300000000         2.8162850810       216.7417540680
        1.6350000000         2.8076931851       230.0294671700
        1.6400000000         2.7989524915       212.9452646103
        1.6450000000         2.7900672272       220.5382435257
        1.6500000000         2.7810416889       220.5382435257
        1.6550000000         2.7718802414       218.6399987969
        1.6600000000         2.7625873150       212.9452646103
        1.6650000000         2.7531674037       209.1487751526
        1.6700000000         2.7436250629       211.0470198815
        1.6750000000         2.7339649071       218.6399987969
        1.6800000000         2.7241916080       192.0645725929
        1.6850000000         2.7143098919       199.6575515084
        1.6900000000         2.7043245374       201.5557962372
        1.6950000000         2.6942403733       203.4540409661
        1.7000000000         2.6840622763       209.1487751526
        1.7050000000         2.6737951685       192.0645725929
        1.7100000000         2.6634440148       192.0645725929
        1.7150000000         2.6530138211       188.2680831352
        1.7200000000         2.6425096312       171.1838805755
        1.7250000000         2.6319365250       182.5733489487
        1.7300000000         2.6212996154       184.4715936775
        1.7350000000         2.6106040464       182.5733489487
        1.7400000000         2.5998549903       169.2856358467
        1.7450000000         2.5890576451       157.8961674736
        1.7500000000         2.5782172325       161.6926569313
        1.7550000000         2.5673389947       159.7944122024
        1.7600000000         2.5564281924       152.2014332870
        1.7650000000         2.5454901020       155.9979227447
        1.7700000000         2.5345300129       150.3031885581
        1.7750000000         2.5235532254       138.9137201850
        1.7800000000         2.5125650477       140.8119649139
        1.7850000000         2.5015707937       133.2189859985
        1.7900000000         2.4905757801       135.1172307273
        1.7950000000         2.4795853240       112.3382939811
        1.8000000000         2.4686047402       108.5418045234
        1.8050000000         2.4576393389        59.1874415732
        1.8100000000         2.4466944229        34.5102600981
        1.8150000000         2.4357752849         9.8330786230
        1.8200000000         2.4248872054       -12.9458581233
        1.8250000000         2.4140354499         2.2400997075
        1.8300000000         2.4032252660        -5.3528792079
        1.8350000000         2.3924618815         0.3418549787
        1.8400000000         2.3817505015        -3.4546344790
        1.8450000000         2.3710963059       -79.3844236332
        1.8500000000         2.3605044470      -107.8580945660
        1.8550000000         2.3499800469       -67.9949552601
        1.8600000000         2.3395281951      -109.7563392948
        1.8650000000         2.3291539461       -79.3844236332
        1.8700000000         2.3188623166      -111.6545840237
        1.8750000000         2.3086582838       -92.6721367352
        1.8800000000         2.2985467821      -121.1458076680
        1.8850000000         2.2885327015      -107.8580945660
        1.8900000000         2.2786208845      -117.3493182103
        1.8950000000         2.2688161245      -111.6545840237
        1.9000000000         2.2591231629      -124.9422971257
        1.9050000000         2.2495466873      -134.4335207699
        1.9100000000         2.2400913287      -126.8405418545
        1.9150000000         2.2307616596      -124.9422971257
        1.9200000000         2.2215621918      -134.4335207699
        1.9250000000         2.2124973740      -136.3317654988
        1.9300000000         2.2035715899      -145.8229891431
        1.9350000000         2.1947891560      -136.3317654988
        1.9400000000         2.1861543194      -153.4159680585
        1.9450000000         2.1776712557      -147.7212338719
        1.9500000000         2.1693440673      -151.5177233296
        1.9550000000         2.1611767813      -151.5177233296
        1.9600000000         2.1531733471      -153.4159680585
        1.9650000000         2.1453376352      -153.4159680585
        1.9700000000         2.1376734349      -159.1107022450
        1.9750000000         2.1301844525      -161.0089469739
        1.9800000000         2.1228743096      -164.8054364316
        1.9850000000         2.1157465414      -170.5001706182
        1.9900000000         2.1088045947      -166.7036811605
        1.9950000000         2.1020518267      -174.2966600759
        2.0000000000         2.0954915028      -166.7036811605
        2.0050000000         2.0891267957      -181.8896389913
        2.0100000000         2.0829607832      -179.9913942624
        2.0150000000         2.0769964472      -187.5843731779
        2.0200000000         2.0712366719      -187.5843731779
        2.0250000000         2.0656842428      -183.7878837202
        2.0300000000         2.0603418449      -191.3808626356
        2.0350000000         2.0552120618      -195.1773520933
        2.0400000000         2.0502973742      -195.1773520933
        2.0450000000         2.0456001588      -204.6685757375
        2.0500000000         2.0411226872      -198.9738415510
        2.0550000000         2.0368671245      -212.2615546530
        2.0600000000         2.0328355288      -204.6685757375
        2.0650000000         2.0290298496      -202.7703310087
        2.0700000000         2.0254519275      -212.2615546530
        2.0750000000         2.0221034926      -204.6685757375
        2.0800000000         2.0189861642      -225.5492677549
        2.0850000000         2.0161014498      -210.3633099241
        2.0900000000         2.0134507445      -212.2615546530
        2.0950000000         2.0110353301      -231.2440019415
        2.1000000000         2.0088563746      -219.8545335684
        2.1050000000         2.0069149319      -227.4475124838
        2.1100000000         2.0052119407      -227.4475124838
        2.1150000000         2.0037482246      -225.5492677549
        2.1200000000         2.0025244915      -236.9387361281
        2.1250000000         2.0015413331      -227.4475124838
        2.1300000000         2.0007992249      -242.6334703146
        2.1350000000         2.0002985258      -252.1246939589
        2.1400000000         2.0000394779      -227.4475124838
        2.1450000000         2.0000222064      -261.6159176032
        2.1500000000         2.0002467198      -236.9387361281
        2.1550000000         2.0007129094      -242.6334703146
        2.1600000000         2.0014205499      -255.9211834166
        2.1650000000         2.0023692989      -242.6334703146
        2.1700000000         2.0035586977      -263.5141623320
        2.1750000000         2.0049881711      -240.7352255858
        2.1800000000         2.0066570279      -250.2264492300
        2.1850000000         2.0085644609      -259.7176728743
        2.1900000000         2.0107095478      -248.3282045012
        2.1950000000         2.0130912513      -265.4124070609
        2.2000000000         2.0157084194      -252.1246939589
        2.2050000000         2.0185597867      -257.8194281455
        2.2100000000         2.0216439742      -259.7176728743
        2.2150000000         2.0249594904      -250.2264492300
        2.2200000000         2.0285047321      -274.9036307051
        2.2250000000         2.0322779846      -246.4299597723
        2.2300000000         2.0362774233      -273.0053859763
        2.2350000000         2.0405011142      -263.5141623320
        2.2400000000         2.0449470147      -255.9211834166
        2.2450000000         2.0496129747      -273.0053859763
        2.2500000000         2.0544967379      -248.3282045012
        2.2550000000         2.0595959425      -276.8018754340
        2.2600000000         2.0649081227      -242.6334703146
        2.2650000000         2.0704307094      -276.8018754340
        2.2700000000         2.0761610320      -252.1246939589
        2.2750000000         2.0820963193      -265.4124070609
        2.2800000000         2.0882337012      -263.5141623320
        2.2850000000         2.0945702096      -252.1246939589
        2.2900000000         2.1011027802      -259.7176728743
        2.2950000000         2.1078282540      -259.7176728743
        2.3000000000         2.1147433786      -269.2088965186
        2.3050000000         2.1218448099      -259.7176728743
        2.3100000000         2.1291291136      -255.9211834166
        2.3150000000         2.1365927673      -259.7176728743
        2.3200000000         2.1442321614      -263.5141623320
        2.3250000000         2.1520436017      -255.9211834166
        2.3300000000         2.1600233106      -254.0229386877
        2.3350000000         2.1681674293      -240.7352255858
        2.3400000000         2.1764720192      -248.3282045012
        2.3450000000         2.1849330644      -233.1422466704
        2.3500000000         2.1935464732      -246.4299597723
        2.3550000000         2.2023080801      -240.7352255858
        2.3600000000         2.2112136483      -257.8194281455
        2.3650000000         2.2202588709      -233.1422466704
        2.3700000000         2.2294393739      -240.7352255858
        2.3750000000         2.2387507176      -233.1422466704
        2.3800000000         2.2481883992      -219.8545335684
        2.3850000000         2.2577478546      -240.7352255858
        2.3900000000         2.2674244610      -225.5492677549
        2.3950000000         2.2772135388      -233.1422466704
        2.4000000000         2.2871103542      -219.8545335684
        2.4050000000         2.2971101212      -217.9562888395
        2.4100000000         2.3072080039      -233.1422466704
        2.4150000000         2.3173991191      -214.1597993818
        2.4200000000         2.3276785384      -221.7527782972
        2.4250000000         2.3380412909      -219.8545335684
        2.4300000000         2.3484823652      -200.8720862798
        2.4350000000         2.3589967120      -217.9562888395
        2.4400000000         2.3695792469      -216.0580441107
        2.4450000000         2.3802248520      -212.2615546530
        2.4500000000         2.3909283793      -217.9562888395
        2.4550000000         2.4016846527      -191.3808626356
        2.4600000000         2.4124884705      -206.5668204664
        2.4650000000         2.4233346081      -212.2615546530
        2.4700000000         2.4342178205      -185.6861284490
        2.4750000000         2.4451328445      -191.3808626356
        2.4800000000         2.4560744017      -191.3808626356
        2.4850000000         2.4670372010      -195.1773520933
        2.4900000000         2.4780159408      -193.2791073644
        2.4950000000         2.4890053120      -195.1773520933
        2.5000000000         2.5000000000      -164.8054364316
        2.5050000000         2.5109946880      -197.0755968221
        2.5100000000         2.5219840592      -121.1458076680
        2.5150000000         2.5329627990       -81.2826683620
        2.5200000000         2.5439255983       -50.9107527004
        2.5250000000         2.5548671555       -18.6405923099
        2.5300000000         2.5657821795        15.5278128095
        2.5350000000         2.5766653919        -3.4546344790
        2.5400000000         2.5875115295         2.2400997075
        2.5450000000         2.5983153473        -3.4546344790
        2.5500000000         2.6090716207         2.2400997075
        2.5550000000         2.6197751480         7.9348338941
        2.5600000000         2.6304207531         2.2400997075
        2.5650000000         2.6410032880        -1.5563897502
        2.5700000000         2.6515176348         7.9348338941
        2.5750000000         2.6619587091        68.6786652174
        2.5800000000         2.6723214616        62.9839310309
        2.5850000000         2.6826008809        53.4927073866
        2.5900000000         2.6927919961        53.4927073866
        2.5950000000         2.7028898788        70.5769099463
        2.6000000000         2.7128896458        72.4751546751
        2.6050000000         2.7227864612        59.1874415732
        2.6100000000         2.7325755390        72.4751546751
        2.6150000000         2.7422521454        80.0681335906
        2.6200000000         2.7518116008        72.4751546751
        2.6250000000         2.7612492824        87.6611125060
        2.6300000000         2.7705606261        81.9663783194
        2.6350000000         2.7797411291        85.7628677771
        2.6400000000         2.7887863517        81.9663783194
        2.6450000000         2.7976919199        97.1523361502
        2.6500000000         2.8064535268        87.6611125060
        2.6550000000         2.8150669356       114.2365387099
        2.6600000000         2.8235279808       114.2365387099
        2.6650000000         2.8318325707       102.8470703368
        2.6700000000         2.8399766894       121.8295176253
        2.6750000000         2.8479563983       118.0330281676
        2.6800000000         2.8557678386       125.6260070830
        2.6850000000         2.8634072327       131.3207412696
        2.6900000000         2.8708708864       131.3207412696
        2.6950000000         2.8781551901       129.4224965408
        2.7000000000         2.8852566214       123.7277623542
        2.7050000000         2.8921717460       131.3207412696
        2.7100000000         2.8988972198       135.1172307273
        2.7150000000         2.9054297904       154.0996780159
        2.7200000000         2.9117662988       133.2189859985
        2.7250000000         2.9179036807       152.2014332870
        2.7300000000         2.9238389680       150.3031885581
        2.7350000000         2.9295692906       157.8961674736
        2.7400000000         2.9350918773       163.5909016601
        2.7450000000         2.9404040575       163.5909016601
        2.7500000000         2.9455032621       161.6926569313
        2.7550000000         2.9503870253       176.8786147621
        2.7600000000         2.9550529853       169.2856358467
        2.7650000000         2.9594988858       188.2680831352
        2.7700000000         2.9637225767       182.5733489487
        2.7750000000         2.9677220154       182.5733489487
        2.7800000000         2.9714952679       207.2505304238
        2.7850000000         2.9750405096       192.0645725929
        2.7900000000         2.9783560258       207.2505304238
        2.7950000000         2.9814402133       192.0645725929
        2.8000000000         2.9842915806       197.7593067795
        2.8050000000         2.9869087487       212.9452646103
        2.8100000000         2.9892904522       188.2680831352
        2.8150000000         2.9914355391       214.8435093392
        2.8200000000         2.9933429721       205.3522856949
        2.8250000000         2.9950118289       216.7417540680
        2.8300000000         2.9964413023       214.8435093392
        2.8350000000         2.9976307011       207.2505304238
        2.8400000000         2.9985794501       216.7417540680
        2.8450000000         2.9992870906       211.0470198815
        2.8500000000         2.9997532802       216.7417540680
        2.8550000000         2.9999777936       220.5382435257
        2.8600000000         2.9999605221       233.8259566277
        2.8650000000         2.9997014742       222.4364882546
        2.8700000000         2.9992007751       228.1312224412
        2.8750000000         2.9984586669       224.3347329835
        2.8800000000         2.9974755085       228.1312224412
        2.8850000000         2.9962517754       241.4189355431
        2.8900000000         2.9947880593       228.1312224412
        2.8950000000         2.9930850681       237.6224460854
        2.9000000000         2.9911436254       235.7242013566
        2.9050000000         2.9889646699       233.8259566277
        2.9100000000         2.9865492555       233.8259566277
        2.9150000000         2.9838985502       228.1312224412
        2.9200000000         2.9810138358       235.7242013566
        2.9250000000         2.9778965074       243.3171802720
        2.9300000000         2.9745480725       243.3171802720
        2.9350000000         2.9709701504       245.2154250008
        2.9400000000         2.9671644712       249.0119144586
        2.9450000000         2.9631328755       237.6224460854
        2.9500000000         2.9588773128       250.9101591874
        2.9550000000         2.9543998412       241.4189355431
        2.9600000000         2.9497026258       243.3171802720
        2.9650000000         2.9447879382       235.7242013566
        2.9700000000         2.9396581551       252.8084039163
        2.9750000000         2.9343157572       245.2154250008
        2.9800000000         2.9287633281       231.9277118989
        2.9850000000         2.9230035528       237.6224460854
        2.9900000000         2.9170392168       235.7242013566
        2.9950000000         2.9108732043       241.4189355431
        3.0000000000         2.9045084972       241.4189355431
        3.0050000000         2.8979481733       224.3347329835
        3.0100000000         2.8911954053       256.6048933740
        3.0150000000         2.8842534586       237.6224460854
        3.0200000000         2.8771256904       239.5206908143
        3.0250000000         2.8698155475       237.6224460854
        3.0300000000         2.8623265651       226.2329777123
        3.0350000000         2.8546623648       252.8084039163
        3.0400000000         2.8468266529       228.1312224412
        3.0450000000         2.8388232187       237.6224460854
        3.0500000000         2.8306559327       230.0294671700
        3.0550000000         2.8223287443       233.8259566277
        3.0600000000         2.8138456806       230.0294671700
        3.0650000000         2.8052108440       222.4364882546
        3.0700000000         2.7964284101       226.2329777123
        3.0750000000         2.7875026260       214.8435093392
        3.0800000000         2.7784378082       212.9452646103
        3.0850000000         2.7692383404       237.6224460854
        3.0900000000         2.7599086713       220.5382435257
        3.0950000000         2.7504533127       212.9452646103
        3.1000000000         2.7408768371       201.5557962372
        3.1050000000         2.7311838755       203.4540409661
        3.1100000000         2.7213791155       214.8435093392
        3.1150000000         2.7114672985       207.2505304238
        3.1200000000         2.7014532179       199.6575515084
        3.1250000000         2.6913417162       201.5557962372
        3.1300000000         2.6811376834       197.7593067795
        3.1350000000         2.6708460539       197.7593067795
        3.1400000000         2.6604718049       180.6751042198
        3.1450000000         2.6500199531       188.2680831352
        3.1500000000         2.6394955530       182.5733489487
        3.1550000000         2.6289036941       180.6751042198
        3.1600000000         2.6182494985       173.0821253044
        3.1650000000         2.6075381185       173.0821253044
        3.1700000000         2.5967747340       169.2856358467
        3.1750000000         2.5859645501       167.3873911178
        3.1800000000         2.5751127946       167.3873911178
        3.1850000000         2.5642247151       146.5066991004
        3.1900000000         2.5533055771       150.3031885581
        3.1950000000         2.5423606611       161.6926569313
        3.2000000000         2.5313952598       150.3031885581
        3.2050000000         2.5204146760       142.7102096427
        3.2100000000         2.5094242199       137.0154754562
        3.2150000000         2.4984292063       135.1172307273
        3.2200000000         2.4874349523       121.8295176253
        3.2250000000         2.4764467746       104.7453150657
        3.2300000000         2.4654699871        55.3909521154
        3.2350000000         2.4545098980        23.1207917249
        3.2400000000         2.4435718076       -18.6405923099
        3.2450000000         2.4326610053        -9.1493686656
        3.2500000000         2.4217827675         0.3418549787
        3.2550000000         2.4109423549         6.0365891652
        3.2600000000         2.4001450097        -9.1493686656
        3.2650000000         2.3893959536        -3.4546344790
        3.2700000000         2.3787003846       -22.4370817676
        3.2750000000         2.3680634750      -138.2300102277
        3.2800000000         2.3574903688       -73.6896894466
        3.2850000000         2.3469861789       -96.4686261929
        3.2900000000         2.3365559852       -98.3668709217
        3.2950000000         2.3262048315       -98.3668709217
        3.3000000000         2.3159377237      -102.1633603794
        3.3050000000         2.3057596267      -107.8580945660
        3.3100000000         2.2956754626      -123.0440523968
        3.3150000000         2.2856901081      -105.9598498371
        3.3200000000         2.2758083920      -100.2651156506
        3.3250000000         2.2660350929      -136.3317654988
        3.3300000000         2.2563749371      -121.1458076680
        3.3350000000         2.2468325963      -126.8405418545
        3.3400000000         2.2374126850      -136.3317654988
        3.3450000000         2.2281197586      -124.9422971257
        3.3500000000         2.2189583111      -111.6545840237
        3.3550000000         2.2099327728      -134.4335207699
        3.3600000000         2.2010475085      -157.2124575162
        3.3650000000         2.1923068149      -140.1282549565
        3.3700000000         2.1837149190      -149.6194786008
        3.3750000000         2.1752759758      -145.8229891431
        3.3800000000         2.1669940663      -149.6194786008
        3.3850000000         2.1588731954      -149.6194786008
        3.3900000000         2.1509172905      -151.5177233296
        3.3950000000         2.1431301989      -164.8054364316
        3.4000000000         2.1355156863      -155.3142127873
        3.4050000000         2.1280774351      -157.2124575162
        3.4100000000         2.1208190424      -168.6019258893
        3.4150000000         2.1137440182      -164.8054364316
        3.4200000000         2.1068557839      -172.3984153470
        3.4250000000         2.1001576708      -166.7036811605
        3.4300000000         2.0936529178      -181.8896389913
        3.4350000000         2.0873446707      -179.9913942624
        3.4400000000         2.0812359800      -181.8896389913
        3.4450000000         2.0753297999      -204.6685757375
        3.4500000000         2.0696289865      -168.6019258893
        3.4550000000         2.0641362967      -206.5668204664
        3.4600000000         2.0588543868      -181.8896389913
        3.4650000000         2.0537858109      -212.2615546530
        3.4700000000         2.0489330203      -195.1773520933
        3.4750000000         2.0442983617      -219.8545335684
        3.4800000000         2.0398840763      -197.0755968221
        3.4850000000         2.0356922989      -210.3633099241
        3.4900000000         2.0317250566      -216.0580441107
        3.4950000000         2.0279842679      -202.7703310087
        3.5000000000         2.0244717419      -219.8545335684
        3.5050000000         2.0211891770      -214.1597993818
        3.5100000000         2.0181381609      -225.5492677549
        3.5150000000         2.0153201688      -219.8545335684
        3.5200000000         2.0127365636      -233.1422466704
        3.5250000000         2.0103885947      -221.7527782972
        3.5300000000         2.0082773975      -229.3457572126
        3.5350000000         2.0064039930      -238.8369808569
        3.5400000000         2.0047692872      -240.7352255858
        3.5450000000         2.0033740705      -229.3457572126
        3.5500000000         2.0022190177      -236.9387361281
        3.5550000000         2.0013046874      -233.1422466704
        3.5600000000         2.0006315217      -242.6334703146
        3.5650000000         2.0001998462      -235.0404913992
        3.5700000000         2.0000098696      -252.1246939589
        3.5750000000         2.0000616838      -240.7352255858
        3.5800000000         2.0003552637      -248.3282045012
        3.5850000000         2.0008904674      -265.4124070609
        3.5900000000         2.0016670360      -242.6334703146
        3.5950000000         2.0026845940      -263.5141623320
        3.6000000000         2.0039426493      -248.3282045012
        3.6050000000         2.0054405936      -263.5141623320
        3.6100000000         2.0071777024      -252.1246939589
        3.6150000000         2.0091531357      -257.8194281455
        3.6200000000         2.0113659382      -259.7176728743
        3.6250000000         2.0138150398      -252.1246939589
        3.6300000000         2.0164992561      -290.0895885360
        3.6350000000         2.0194172891      -252.1246939589
        3.6400000000         2.0225677276      -246.4299597723
        3.6450000000         2.0259490482      -252.1246939589
        3.6500000000         2.0295596155      -261.6159176032
        3.6550000000         2.0333976837      -261.6159176032
        3.6600000000         2.0374613966      -255.9211834166
        3.6650000000         2.0417487890      -265.4124070609
        3.6700000000         2.0462577877      -271.1071412474
        3.6750000000         2.0509862121      -273.0053859763
        3.6800000000         2.0559317756      -252.1246939589
        3.6850000000         2.0610920865      -297.6825674514
        3.6900000000         2.0664646494      -269.2088965186
        3.6950000000         2.0720468662      -265.4124070609
        3.7000000000         2.0778360372      -261.6159176032
        3.7050000000         2.0838293631      -242.6334703146
        3.7100000000         2.0900239453      -265.4124070609
        3.7150000000         2.0964167884      -259.7176728743
        3.7200000000         2.1030048007      -254.0229386877
        3.7250000000         2.1097847963      -254.0229386877
        3.7300000000         2.1167534966      -235.0404913992
        3.7350000000         2.1239075315      -274.9036307051
        3.7400000000         2.1312434413      -248.3282045012
        3.7450000000         2.1387576786      -267.3106517897
        3.7500000000         2.1464466094      -248.3282045012
        3.7550000000         2.1543065155      -246.4299597723
        3.7600000000         2.1623335959      -265.4124070609
        3.7650000000         2.1705239688      -244.5317150435
        3.7700000000         2.1788736734      -261.6159176032
        3.7750000000         2.1873786718      -235.0404913992
        3.7800000000         2.1960348512      -269.2088965186
        3.7850000000         2.2048380253      -238.8369808569
        3.7900000000         2.2137839372      -257.8194281455
        3.7950000000         2.2228682606      -238.8369808569
        3.8000000000         2.2320866025      -242.6334703146
        3.8050000000         2.2414345049      -248.3282045012
        3.8100000000         2.2509074473      -221.7527782972
        3.8150000000         2.2605008487      -248.3282045012
        3.8200000000         2.2702100697      -235.0404913992
        3.8250000000         2.2800304151      -248.3282045012
        3.8300000000         2.2899571358      -233.1422466704
        3.8350000000         2.2999854314      -231.2440019415
        3.8400000000         2.3101104522      -231.2440019415
        3.8450000000         2.3203273020      -231.2440019415
        3.8500000000         2.3306310399      -229.3457572126
        3.8550000000         2.3410166831      -227.4475124838
        3.8600000000         2.3514792092      -221.7527782972
        3.8650000000         2.3620135587      -212.2615546530
        3.8700000000         2.3726146372      -216.0580441107
        3.8750000000         2.3832773181      -217.9562888395
        3.8800000000         2.3939964450      -210.3633099241
        3.8850000000         2.4047668344      -212.2615546530
        3.8900000000         2.4155832776      -187.5843731779
        3.8950000000         2.4264405441      -202.7703310087
        3.9000000000         2.4373333832      -193.2791073644
        3.9050000000         2.4482565274      -195.1773520933
        3.9100000000         2.4592046942      -212.2615546530
        3.9150000000         2.4701725893      -176.1949048047
        3.9200000000         2.4811549087      -189.4826179067
        3.9250000000         2.4921463413      -151.5177233296
        3.9300000000         2.5031415720      -176.1949048047
        3.9350000000         2.5141352834      -149.6194786008
        3.9400000000         2.5251221591      -115.4510734814
        3.9450000000         2.5360968859       -73.6896894466
        3.9500000000         2.5470541567       -33.8265501407
        3.9550000000         2.5579886724        -9.1493686656
        3.9600000000         2.5688951453         9.8330786230
        3.9650000000         2.5797683012         2.2400997075
        3.9700000000         2.5906028818        -1.5563897502
        3.9750000000         2.6013936477        -9.1493686656
        3.9800000000         2.6121353805        -5.3528792079
        3.9850000000         2.6228228856         0.3418549787
        3.9900000000         2.6334509947        -5.3528792079
        3.9950000000         2.6440145680        -1.5563897502
        4.0000000000         2.6545084972        13.6295680807
        4.0050000000         2.6649277074        74.3733994040
        4.0100000000         2.6752671601        61.0856863020
        4.0150000000         2.6855218551        61.0856863020
        4.0200000000         2.6956868334        57.2891968443
        4.0250000000         2.7057571793        61.0856863020
        4.0300000000         2.7157280228        78.1698888617
        4.0350000000         2.7255945422        57.2891968443
        4.0400000000         2.7353519661        81.9663783194
        4.0450000000         2.7449955758        78.1698888617
        4.0500000000         2.7545207079        81.9663783194
        4.0550000000         2.7639227560        91.4576019637
        4.0600000000         2.7731971734        83.8646230483
        4.0650000000         2.7823394750        95.2540914214
        4.0700000000         2.7913452398        85.7628677771
        4.0750000000         2.8002101127        95.2540914214
        4.0800000000         2.8089298065        99.0505808791
        4.0850000000         2.8175001047       102.8470703368
        4.0900000000         2.8259168627       108.5418045234
        4.0950000000         2.8341760101       112.3382939811
        4.1000000000         2.8422735530       116.1347834388
        4.1050000000         2.8502055754       112.3382939811
        4.1100000000         2.8579682415       131.3207412696
        4.1150000000         2.8655577974       129.4224965408
        4.1200000000         2.8729705727       129.4224965408
        4.1250000000         2.8802029828       131.3207412696
        4.1300000000         2.8872515301       112.3382939811
        4.1350000000         2.8941128060       142.7102096427
        4.1400000000         2.9007834924       148.4049438293
        4.1450000000         2.9072603635       142.7102096427
        4.1500000000         2.9135402871       150.3031885581
        4.1550000000         2.9196202263       159.7944122024
        4.1600000000         2.9254972409       155.9979227447
        4.1650000000         2.9311684888       167.3873911178
        4.1700000000         2.9366312274       157.8961674736
        4.1750000000         2.9418828150       167.3873911178
        4.1800000000         2.9469207121       176.8786147621
        4.1850000000         2.9517424822       173.0821253044
        4.1900000000         2.9563457937       176.8786147621
        4.1950000000         2.9607284204       190.1663278641
        4.2000000000         2.9648882429       197.7593067795
        4.2050000000         2.9688232496       192.0645725929
        4.2100000000         2.9725315376       205.3522856949
        4.2150000000         2.9760113135       184.4715936775
        4.2200000000         2.9792608945       197.7593067795
        4.2250000000         2.9822787092       192.0645725929
        4.2300000000         2.9850632982       209.1487751526
        4.2350000000         2.9876133150       205.3522856949
        4.2400000000         2.9899275262       209.1487751526
        4.2450000000         2.9920048128       207.2505304238
        4.2500000000         2.9938441703       203.4540409661
        4.2550000000         2.9954447091       212.9452646103
        4.2600000000         2.9968056553       207.2505304238
        4.2650000000         2.9979263506       214.8435093392
        4.2700000000         2.9988062532       220.5382435257
        4.2750000000         2.9994449375       226.2329777123
        4.2800000000         2.9998420946       216.7417540680
        4.2850000000         2.9999975326       224.3347329835
        4.2900000000         2.9999111762       224.3347329835
        4.2950000000         2.9995830672       245.2154250008
        4.3000000000         2.9990133642       233.8259566277
        4.3050000000         2.9982023428       235.7242013566
        4.3100000000         2.9971503952       226.2329777123
        4.3150000000         2.9958580301       235.7242013566
        4.3200000000         2.9943258724       235.7242013566
        4.3250000000         2.9925546631       247.1136697297
        4.3300000000         2.9905452587       230.0294671700
        4.3350000000         2.9882986310       243.3171802720
        4.3400000000         2.9858158665       207.2505304238
        4.3450000000         2.9830981656       239.5206908143
        4.3500000000         2.9801468428       239.5206908143
        4.3550000000         2.9769633253       233.8259566277
        4.3600000000         2.9735491525       252.8084039163
        4.3650000000         2.9699059755       245.2154250008
        4.3700000000         2.9660355562       250.9101591874
        4.3750000000         2.9619397663       249.0119144586
        4.3800000000         2.9576205863       235.7242013566
        4.3850000000         2.9530801051       245.2154250008
        4.3900000000         2.9483205184       241.4189355431
        4.3950000000         2.9433441279       254.7066486451
        4.4000000000         2.9381533400       245.2154250008
        4.4050000000         2.9327506651       249.0119144586
        4.4100000000         2.9271387158       245.2154250008
        4.4150000000         2.9213202061       249.0119144586
        4.4200000000         2.9152979496       247.1136697297
        4.4250000000         2.9090748587       243.3171802720
        4.4300000000         2.9026539429       247.1136697297
        4.4350000000         2.8960383071       252.8084039163
        4.4400000000         2.8892311508       249.0119144586
        4.4450000000         2.8822357657       239.5206908143
        4.4500000000         2.8750555348       239.5206908143
        4.4550000000         2.8676939304       254.7066486451
        4.4600000000         2.8601545124       250.9101591874
        4.4650000000         2.8524409270       237.6224460854
        4.4700000000         2.8445569042       247.1136697297
        4.4750000000         2.8365062568       226.2329777123
        4.4800000000         2.8282928779       250.9101591874
        4.4850000000         2.8199207395       231.9277118989
        4.4900000000         2.8113938902       228.1312224412
        4.4950000000         2.8027164537       230.0294671700
        4.5000000000         2.7938926261       226.2329777123
        4.5050000000         2.7849266747       237.6224460854
        4.5100000000         2.7758229353       218.6399987969
        4.5150000000         2.7665858104       226.2329777123
        4.5200000000         2.7572197669       218.6399987969
        4.5250000000         2.7477293342       216.7417540680
        4.5300000000         2.7381191018       214.8435093392
        4.5350000000         2.7283937172       237.6224460854
        4.5400000000         2.7185578833       212.9452646103
        4.5450000000         2.7086163568       224.3347329835
        4.5500000000         2.6985739453       203.4540409661
        4.5550000000         2.6884355052       205.3522856949
        4.5600000000         2.6782059394       205.3522856949
        4.5650000000         2.6678901947       199.6575515084
        4.5700000000         2.6574932598       203.4540409661
        4.5750000000         2.6470201626       193.9628173218
        4.5800000000         2.6364759678       190.1663278641
        4.5850000000         2.6258657743       182.5733489487
        4.5900000000         2.6151947133       188.2680831352
        4.5950000000         2.6044679452       169.2856358467
        4.6000000000         2.5936906573       167.3873911178
        4.6050000000         2.5828680614       165.4891463890
        4.6100000000         2.5720053913       167.3873911178
        4.6150000000         2.5611079000       161.6926569313
        4.6200000000         2.5501808574       146.5066991004
        4.6250000000         2.5392295479       152.2014332870
        4.6300000000         2.5282592672       137.0154754562
        4.6350000000         2.5172753207       138.9137201850
        4.6400000000         2.5062830199       148.4049438293
        4.6450000000         2.4952876808       127.5242518119
        4.6500000000         2.4842946205       138.9137201850
        4.6550000000         2.4733091551        93.3558466925
        4.6600000000         2.4623365972        45.8997284712
        4.6650000000         2.4513822530         2.2400997075
        4.6700000000         2.4404514200       -14.8441028521
        4.6750000000         2.4295493840        -5.3528792079
        4.6800000000         2.4186814174         6.0365891652
        4.6850000000         2.4078527757         0.3418549787
        4.6900000000         2.3970686956       -12.9458581233
        4.6950000000         2.3863343922        -1.5563897502
        4.7000000000         2.3756550564         0.3418549787
        4.7050000000         2.3650358528      -126.8405418545
        4.7100000000         2.3544819166       -86.9774025486
        4.7150000000         2.3439983517       -81.2826683620
        4.7200000000         2.3335902277      -107.8580945660
        4.7250000000         2.3232625781       -83.1809130909
        4.7300000000         2.3130203971      -111.6545840237
        4.7350000000         2.3028686378      -105.9598498371
        4.7400000000         2.2928122095      -143.9247444142
        4.7450000000         2.2828559754      -105.9598498371
        4.7500000000         2.2730047501      -105.9598498371
        4.7550000000         2.2632632978      -138.2300102277
        4.7600000000         2.2536363292      -117.3493182103
        4.7650000000         2.2441284999      -140.1282549565
        4.7700000000         2.2347444078      -126.8405418545
        4.7750000000         2.2254885910      -145.8229891431
        4.7800000000         2.2163655254      -140.1282549565
        4.7850000000         2.2073796230      -130.6370313122
        4.7900000000         2.1985352292      -145.8229891431
        4.7950000000         2.1898366210      -142.0264996854
        4.8000000000         2.1812880051      -166.7036811605
        4.8050000000         2.1728935155      -142.0264996854
        4.8100000000         2.1646572117      -168.6019258893
        4.8150000000         2.1565830767      -159.1107022450
        4.8200000000         2.1486750151      -174.2966600759
        4.8250000000         2.1409368511      -170.5001706182
        4.8300000000         2.1333723269      -166.7036811605
        4.8350000000         2.1259851005      -178.0931495336
        4.8400000000         2.1187787445      -179.9913942624
        4.8450000000         2.1117567437      -172.3984153470
        4.8500000000         2.1049224938      -193.2791073644
        4.8550000000         2.0982792999      -187.5843731779
        4.8600000000         2.0918303746      -179.9913942624
        4.8650000000         2.0855788365      -172.3984153470
        4.8700000000         2.0795277089      -197.0755968221
        4.8750000000         2.0736799178      -198.9738415510
        4.8800000000         2.0680382914      -197.0755968221
        4.8850000000         2.0626055578      -206.5668204664
        4.8900000000         2.0573843443      -212.2615546530
        4.8950000000         2.0523771758      -202.7703310087
        4.9000000000         2.0475864738      -219.8545335684
        4.9050000000         2.0430145549      -206.5668204664
        4.9100000000         2.0386636301      -217.9562888395
        4.9150000000         2.0345358034      -231.2440019415
        4.9200000000         2.0306330712      -202.7703310087
        4.9250000000         2.0269573206      -227.4475124838
        4.9300000000         2.0235103292      -223.6510230261
        4.9350000000         2.0202937641      -219.8545335684
        4.9400000000         2.0173091806      -231.2440019415
        4.9450000000         2.0145580221      -235.0404913992
        4.9500000000         2.0120416190      -221.7527782972
        4.9550000000         2.0097611883      -246.4299597723
        4.9600000000         2.0077178327      -227.4475124838
        4.9650000000         2.0059125404      -257.8194281455
        4.9700000000         2.0043461845      -229.3457572126
        4.9750000000         2.0030195223      -255.9211834166
        4.9800000000         2.0019331954      -240.7352255858
        4.9850000000         2.0010877293      -244.5317150435
        4.9900000000         2.0004835327      -231.2440019415
        4.9950000000         2.0001208978      -235.0404913992
        5.0000000000         2.0000000000      -255.9211834166
        5.0050000000         2.0001208978      -250.2264492300
        5.0100000000         2.0004835327      -252.1246939589
        5.0150000000         2.0010877293      -248.3282045012
        5.0200000000         2.0019331954      -257.8194281455
        5.0250000000         2.0030195223      -273.0053859763
        5.0300000000         2.0043461845      -257.8194281455
        5.0350000000         2.0059125404      -259.7176728743
        5.0400000000         2.0077178327      -273.0053859763
        5.0450000000         2.0097611883      -267.3106517897
        5.0500000000         2.0120416190      -261.6159176032
        5.0550000000         2.0145580221      -255.9211834166
        5.0600000000         2.0173091806      -257.8194281455
        5.0650000000         2.0202937641      -278.7001201629
        5.0700000000         2.0235103292      -259.7176728743
        5.0750000000         2.0269573206      -265.4124070609
        5.0800000000         2.0306330712      -257.8194281455
        5.0850000000         2.0345358034      -250.2264492300
        5.0900000000         2.0386636301      -271.1071412474
        5.0950000000         2.0430145549      -257.8194281455
        5.1000000000         2.0475864738      -282.4966096206
        5.1050000000         2.0523771758      -254.0229386877
        5.1100000000         2.0573843443      -276.8018754340
        5.1150000000         2.0626055578      -259.7176728743
        5.1200000000         2.0680382914      -265.4124070609
        5.1250000000         2.0736799178      -255.9211834166
        5.1300000000         2.0795277089      -271.1071412474
        5.1350000000         2.0855788365      -261.6159176032
        5.1400000000         2.0918303746      -255.9211834166
        5.1450000000         2.0982792999      -269.2088965186
        5.1500000000         2.1049224938      -255.9211834166
        5.1550000000         2.1117567437      -267.3106517897
        5.1600000000         2.1187787445      -246.4299597723
        5.1650000000         2.1259851005      -265.4124070609
        5.1700000000         2.1333723269      -261.6159176032
        5.1750000000         2.1409368511      -274.9036307051
        5.1800000000         2.1486750151      -259.7176728743
        5.1850000000         2.1565830767      -257.8194281455
        5.1900000000         2.1646572117      -257.8194281455
        5.1950000000         2.1728935155      -252.1246939589
        5.2000000000         2.1812880051      -259.7176728743
        5.2050000000         2.1898366210      -252.1246939589
        5.2100000000         2.1985352292      -269.2088965186
        5.2150000000         2.2073796230      -255.9211834166
        5.2200000000         2.2163655254      -252.1246939589
        5.2250000000         2.2254885910      -259.7176728743
        5.2300000000         2.2347444078      -231.2440019415
        5.2350000000         2.2441284999      -240.7352255858
        5.2400000000         2.2536363292      -242.6334703146
        5.2450000000         2.2632632978      -238.8369808569
        5.2500000000         2.2730047501      -254.0229386877
        5.2550000000         2.2828559754      -225.5492677549
        5.2600000000         2.2928122095      -235.0404913992
        5.2650000000         2.3028686378      -219.8545335684
        5.2700000000         2.3130203971      -219.8545335684
        5.2750000000         2.3232625781      -233.1422466704
        5.2800000000         2.3335902277      -210.3633099241
        5.2850000000         2.3439983517      -223.6510230261
        5.2900000000         2.3544819166      -187.5843731779
        5.2950000000         2.3650358528      -202.7703310087
        5.3000000000         2.3756550564      -181.8896389913
        5.3050000000         2.3863343922      -204.6685757375
        5.3100000000         2.3970686956      -189.4826179067
        5.3150000000         2.4078527757      -189.4826179067
        5.3200000000         2.4186814174      -181.8896389913
        5.3250000000         2.4295493840      -170.5001706182
        5.3300000000         2.4404514200      -181.8896389913
        5.3350000000         2.4513822530      -149.6194786008
        5.3400000000         2.4623365972      -166.7036811605
        5.3450000000         2.4733091551      -159.1107022450
        5.3500000000         2.4842946205      -151.5177233296
        5.3550000000         2.4952876808      -161.0089469739
        5.3600000000         2.5062830199      -136.3317654988
        5.3650000000         2.5172753207      -124.9422971257
        5.3700000000         2.5282592672      -117.3493182103
        5.3750000000         2.5392295479       -52.8089974292
        5.3800000000         2.5501808574       -12.9458581233
        5.3850000000         2.5611079000         9.8330786230
        5.3900000000         2.5720053913         7.9348338941
        5.3950000000         2.5828680614        -1.5563897502
        5.4000000000         2.5936906573       -11.0476133944
        5.4050000000         2.6044679452         0.3418549787
        5.4100000000         2.6151947133         9.8330786230
        5.4150000000         2.6258657743        11.7313233518
        5.4200000000         2.6364759678         0.3418549787
        5.4250000000         2.6470201626        -7.2511239367
        5.4300000000         2.6574932598        68.6786652174
        5.4350000000         2.6678901947        68.6786652174
        5.4400000000         2.6782059394        59.1874415732
        5.4450000000         2.6884355052        66.7804204886
        5.4500000000         2.6985739453        44.0014837423
        5.4550000000         2.7086163568        72.4751546751
        5.4600000000         2.7185578833        70.5769099463
        5.4650000000         2.7283937172        87.6611125060
        5.4700000000         2.7381191018        78.1698888617
        5.4750000000         2.7477293342        78.1698888617
        5.4800000000         2.7572197669        85.7628677771
        5.4850000000         2.7665858104        91.4576019637
        5.4900000000         2.7758229353        91.4576019637
        5.4950000000         2.7849266747        80.0681335906
        5.5000000000         2.7938926261        99.0505808791
        5.5050000000         2.8027164537        93.3558466925
        5.5100000000         2.8113938902        93.3558466925
        5.5150000000         2.8199207395        99.0505808791
        5.5200000000         2.8282928779       108.5418045234
        5.5250000000         2.8365062568       118.0330281676
        5.5300000000         2.8445569042       119.9312728965
        5.5350000000         2.8524409270       119.9312728965
        5.5400000000         2.8601545124       121.8295176253
        5.5450000000         2.8676939304       131.3207412696
        5.5500000000         2.8750555348       121.8295176253
        5.5550000000         2.8822357657       121.8295176253
        5.5600000000         2.8892311508       131.3207412696
        5.5650000000         2.8960383071       146.5066991004
        5.5700000000         2.9026539429       152.2014332870
        5.5750000000         2.9090748587       146.5066991004
        5.5800000000         2.9152979496       161.6926569313
        5.5850000000         2.9213202061       161.6926569313
        5.5900000000         2.9271387158       174.9803700332
        5.5950000000         2.9327506651       163.5909016601
        5.6000000000         2.9381533400       165.4891463890
        5.6050000000         2.9433441279       169.2856358467
        5.6100000000         2.9483205184       178.7768594910
        5.6150000000         2.9530801051       178.7768594910
        5.6200000000         2.9576205863       173.0821253044
        5.6250000000         2.9619397663       190.1663278641
        5.6300000000         2.9660355562       173.0821253044
        5.6350000000         2.9699059755       174.9803700332
        5.6400000000         2.9735491525       178.7768594910
        5.6450000000         2.9769633253       199.6575515084
        5.6500000000         2.9801468428       192.0645725929
        5.6550000000         2.9830981656       199.6575515084
        5.6600000000         2.9858158665       207.2505304238
        5.6650000000         2.9882986310       192.0645725929
        5.6700000000         2.9905452587       218.6399987969
        5.6750000000         2.9925546631       203.4540409661
        5.6800000000         2.9943258724       205.3522856949
        5.6850000000         2.9958580301       212.9452646103
        5.6900000000         2.9971503952       211.0470198815
        5.6950000000         2.9982023428       211.0470198815
        5.7000000000         2.9990133642       228.1312224412
        5.7050000000         2.9995830672       222.4364882546
        5.7100000000         2.9999111762       228.1312224412
        5.7150000000         2.9999975326       247.1136697297
        5.7200000000         2.9998420946       228.1312224412
        5.7250000000         2.9994449375       247.1136697297
        5.7300000000         2.9988062532       235.7242013566
        5.7350000000         2.9979263506       233.8259566277
        5.7400000000         2.9968056553       243.3171802720
        5.7450000000         2.9954447091       237.6224460854
        5.7500000000         2.9938441703       243.3171802720
        5.7550000000         2.9920048128       228.1312224412
        5.7600000000         2.9899275262       245.2154250008
        5.7650000000         2.9876133150       237.6224460854
        5.7700000000         2.9850632982       241.4189355431
        5.7750000000         2.9822787092       237.6224460854
        5.7800000000         2.9792608945       245.2154250008
        5.7850000000         2.9760113135       245.2154250008
        5.7900000000         2.9725315376       245.2154250008
        5.7950000000         2.9688232496       247.1136697297
        5.8000000000         2.9648882429       252.8084039163
        5.8050000000         2.9607284204       252.8084039163
        5.8100000000         2.9563457937       250.9101591874
        5.8150000000         2.9517424822       243.3171802720
        5.8200000000         2.9469207121       243.3171802720
        5.8250000000         2.9418828150       250.9101591874
        5.8300000000         2.9366312274       241.4189355431
        5.8350000000         2.9311684888       266.0961170182
        5.8400000000         2.9254972409       247.1136697297
        5.8450000000         2.9196202263       237.6224460854
        5.8500000000         2.9135402871       252.8084039163
        5.8550000000         2.9072603635       239.5206908143
        5.8600000000         2.9007834924       254.7066486451
        5.8650000000         2.8941128060       237.6224460854
        5.8700000000         2.8872515301       249.0119144586
        5.8750000000         2.8802029828       252.8084039163
        5.8800000000         2.8729705727       237.6224460854
        5.8850000000         2.8655577974       245.2154250008
        5.8900000000         2.8579682415       235.7242013566
        5.8950000000         2.8502055754       243.3171802720
        5.9000000000         2.8422735530       235.7242013566
        5.9050000000         2.8341760101       243.3171802720
        5.9100000000         2.8259168627       237.6224460854
        5.9150000000         2.8175001047       237.6224460854
        5.9200000000         2.8089298065       209.1487751526
        5.9250000000         2.8002101127       237.6224460854
        5.9300000000         2.7913452398       228.1312224412
        5.9350000000         2.7823394750       237.6224460854
        5.9400000000         2.7731971734       231.9277118989
        5.9450000000         2.7639227560       224.3347329835
        5.9500000000         2.7545207079       214.8435093392
        5.9550000000         2.7449955758       235.7242013566
        5.9600000000         2.7353519661       233.8259566277
        5.9650000000         2.7255945422       220.5382435257
        5.9700000000         2.7157280228       214.8435093392
        5.9750000000         2.7057571793       205.3522856949
        5.9800000000         2.6956868334       212.9452646103
        5.9850000000         2.6855218551       222.4364882546
        5.9900000000         2.6752671601       207.2505304238
        5.9950000000         2.6649277074       195.8610620506
        6.0000000000         2.6545084972       186.3698384064
        6.0050000000         2.6440145680       192.0645725929
        6.0100000000         2.6334509947       192.0645725929
        6.0150000000         2.6228228856       205.3522856949
        6.0200000000         2.6121353805       171.1838805755
        6.0250000000         2.6013936477       182.5733489487
        6.0300000000         2.5906028818       171.1838805755
        6.0350000000         2.5797683012       184.4715936775
        6.0400000000         2.5688951453       163.5909016601
        6.0450000000         2.5579886724       159.7944122024
        6.0500000000         2.5470541567       159.7944122024
        6.0550000000         2.5360968859       159.7944122024
        6.0600000000         2.5251221591       154.0996780159
        6.0650000000         2.5141352834       165.4891463890
        6.0700000000         2.5031415720       142.7102096427
        6.0750000000         2.4921463413       144.6084543716
        6.0800000000         2.4811549087       131.3207412696
        6.0850000000         2.4701725893       114.2365387099
        6.0900000000         2.4592046942        57.2891968443
        6.0950000000         2.4482565274        28.8155259115
        6.1000000000         2.4373333832       -14.8441028521
        6.1050000000         2.4264405441         2.2400997075
        6.1100000000         2.4155832776        -1.5563897502
        6.1150000000         2.4047668344         9.8330786230
        6.1200000000         2.3939964450        -3.4546344790
        6.1250000000         2.3832773181         4.1383444364
        6.1300000000         2.3726146372        -5.3528792079
        6.1350000000         2.3620135587      -136.3317654988
        6.1400000000         2.3514792092       -69.8931999889
        6.1450000000         2.3410166831       -73.6896894466
        6.1500000000         2.3306310399       -96.4686261929
        6.1550000000         2.3203273020       -98.3668709217
        6.1600000000         2.3101104522       -85.0791578197
        6.1650000000         2.2999854314      -104.0616051083
        6.1700000000         2.2899571358      -123.0440523968
        6.1750000000         2.2800304151      -123.0440523968
        6.1800000000         2.2702100697       -98.3668709217
        6.1850000000         2.2605008487      -121.1458076680
        6.1900000000         2.2509074473      -128.7387865834
        6.1950000000         2.2414345049      -128.7387865834
        6.2000000000         2.2320866025      -145.8229891431
        6.2050000000         2.2228682606      -132.5352760411
        6.2100000000         2.2137839372      -136.3317654988
        6.2150000000         2.2048380253      -142.0264996854
        6.2200000000         2.1960348512      -143.9247444142
        6.2250000000         2.1873786718      -147.7212338719
        6.2300000000         2.1788736734      -157.2124575162
        6.2350000000         2.1705239688      -143.9247444142
        6.2400000000         2.1623335959      -155.3142127873
        6.2450000000         2.1543065155      -161.0089469739
        6.2500000000         2.1464466094      -157.2124575162
        6.2550000000         2.1387576786      -161.0089469739
        6.2600000000         2.1312434413      -166.7036811605
        6.2650000000         2.1239075315      -179.9913942624
        6.2700000000         2.1167534966      -168.6019258893
        6.2750000000         2.1097847963      -181.8896389913
        6.2800000000         2.1030048007      -181.8896389913
        6.2850000000         2.0964167884      -183.7878837202
        6.2900000000         2.0900239453      -185.6861284490
        6.2950000000         2.0838293631      -187.5843731779
        6.3000000000         2.0778360372      -195.1773520933
        6.3050000000         2.0720468662      -181.8896389913
        6.3100000000         2.0664646494      -202.7703310087
        6.3150000000         2.0610920865      -193.2791073644
        6.3200000000         2.0559317756      -197.0755968221
        6.3250000000         2.0509862121      -210.3633099241
        6.3300000000         2.0462577877      -191.3808626356
        6.3350000000         2.0417487890      -221.7527782972
        6.3400000000         2.0374613966      -200.8720862798
        6.3450000000         2.0333976837      -208.4650651953
        6.3500000000         2.0295596155      -202.7703310087
        6.3550000000         2.0259490482      -210.3633099241
        6.3600000000         2.0225677276      -217.9562888395
        6.3650000000         2.0194172891      -217.9562888395
        6.3700000000         2.0164992561      -219.8545335684
        6.3750000000         2.0138150398      -217.9562888395
        6.3800000000         2.0113659382      -223.6510230261
        6.3850000000         2.0091531357      -221.7527782972
        6.3900000000         2.0071777024      -238.8369808569
        6.3950000000         2.0054405936      -242.6334703146
        6.4000000000         2.0039426493      -238.8369808569
        6.4050000000         2.0026845940      -242.6334703146
        6.4100000000         2.0016670360      -244.5317150435
        6.4150000000         2.0008904674      -246.4299597723
        6.4200000000         2.0003552637      -240.7352255858
        6.4250000000         2.0000616838      -252.1246939589
        6.4300000000         2.0000098696      -233.1422466704
        6.4350000000         2.0001998462      -261.6159176032
        6.4400000000         2.0006315217      -242.6334703146
        6.4450000000         2.0013046874      -252.1246939589
        6.4500000000         2.0022190177      -242.6334703146
        6.4550000000         2.0033740705      -231.2440019415
        6.4600000000         2.0047692872      -252.1246939589
        6.4650000000         2.0064039930      -250.2264492300
        6.4700000000         2.0082773975      -252.1246939589
        6.4750000000         2.0103885947      -255.9211834166
        6.4800000000         2.0127365636      -242.6334703146
        6.4850000000         2.0153201688      -273.0053859763
        6.4900000000         2.0181381609      -248.3282045012
        6.4950000000         2.0211891770      -261.6159176032
        6.5000000000         2.0244717419      -240.7352255858
        6.5050000000         2.0279842679      -261.6159176032
        6.5100000000         2.0317250566      -261.6159176032
        6.5150000000         2.0356922989      -254.0229386877
        6.5200000000         2.0398840763      -267.3106517897
        6.5250000000         2.0442983617      -248.3282045012
        6.5300000000         2.0489330203      -265.4124070609
        6.5350000000         2.0537858109      -236.9387361281
        6.5400000000         2.0588543868      -261.6159176032
        6.5450000000         2.0641362967      -267.3106517897
        6.5500000000         2.0696289865      -265.4124070609
        6.5550000000         2.0753297999      -261.6159176032
        6.5600000000         2.0812359800      -254.0229386877
        6.5650000000         2.0873446707      -271.1071412474
        6.5700000000         2.0936529178      -263.5141623320
        6.5750000000         2.1001576708      -255.9211834166
        6.5800000000         2.1068557839      -267.3106517897
        6.5850000000         2.1137440182      -248.3282045012
        6.5900000000         2.1208190424      -267.3106517897
        6.5950000000         2.1280774351      -261.6159176032
        6.6000000000         2.1355156863      -263.5141623320
        6.6050000000         2.1431301989      -246.4299597723
        6.6100000000         2.1509172905      -244.5317150435
        6.6150000000         2.1588731954      -263.5141623320
        6.6200000000         2.1669940663      -246.4299597723
        6.6250000000         2.1752759758      -263.5141623320
        6.6300000000         2.1837149190      -242.6334703146
        6.6350000000         2.1923068149      -259.7176728743
        6.6400000000         2.2010475085      -238.8369808569
        6.6450000000         2.2099327728      -250.2264492300
        6.6500000000         2.2189583111      -248.3282045012
        6.6550000000         2.2281197586      -236.9387361281
        6.6600000000         2.2374126850      -240.7352255858
        6.6650000000         2.2468325963      -233.1422466704
        6.6700000000         2.2563749371      -223.6510230261
        6.6750000000         2.2660350929      -242.6334703146
        6.6800000000         2.2758083920      -216.0580441107
        6.6850000000         2.2856901081      -235.0404913992
        6.6900000000         2.2956754626      -206.5668204664
        6.6950000000         2.3057596267      -210.3633099241
        6.7000000000         2.3159377237      -212.2615546530
        6.7050000000         2.3262048315      -206.5668204664
        6.7100000000         2.3365559852      -210.3633099241
        6.7150000000         2.3469861789      -204.6685757375
        6.7200000000         2.3574903688      -200.8720862798
        6.7250000000         2.3680634750      -191.3808626356
        6.7300000000         2.3787003846      -202.7703310087
        6.7350000000         2.3893959536      -189.4826179067
        6.7400000000         2.4001450097      -185.6861284490
        6.7450000000         2.4109423549      -191.3808626356
        6.7500000000         2.4217827675      -176.1949048047
        6.7550000000         2.4326610053      -164.8054364316
        6.7600000000         2.4435718076      -170.5001706182
        6.7650000000         2.4545098980      -172.3984153470
        6.7700000000         2.4654699871      -157.2124575162
        6.7750000000         2.4764467746      -174.2966600759
        6.7800000000         2.4874349523      -143.9247444142
        6.7850000000         2.4984292063      -162.9071917028
        6.7900000000         2.5094242199      -142.0264996854
        6.7950000000         2.5204146760      -130.6370313122
        6.8000000000         2.5313952598      -124.9422971257
        6.8050000000         2.5423606611       -64.1984658024
        6.8100000000         2.5533055771       -24.3353264964
        6.8150000000         2.5642247151        23.1207917249
        6.8200000000         2.5751127946         2.2400997075
        6.8250000000         2.5859645501        -5.3528792079
        6.8300000000         2.5967747340        -5.3528792079
        6.8350000000         2.6075381185       -28.1318159541
        6.8400000000         2.6182494985        -1.5563897502
        6.8450000000         2.6289036941        -3.4546344790
        6.8500000000         2.6394955530        -1.5563897502
        6.8550000000         2.6500199531         7.9348338941
        6.8600000000         2.6604718049        78.1698888617
        6.8650000000         2.6708460539        55.3909521154
        6.8700000000         2.6811376834        59.1874415732
        6.8750000000         2.6913417162        57.2891968443
        6.8800000000         2.7014532179        59.1874415732
        6.8850000000         2.7114672985        70.5769099463
        6.8900000000         2.7213791155        61.0856863020
        6.8950000000         2.7311838755        80.0681335906
        6.9000000000         2.7408768371        70.5769099463
        6.9050000000         2.7504533127        70.5769099463
        6.9100000000         2.7599086713        85.7628677771
        6.9150000000         2.7692383404        78.1698888617
        6.9200000000         2.7784378082        87.6611125060
        6.9250000000         2.7875026260        91.4576019637
        6.9300000000         2.7964284101        99.0505808791
        6.9350000000         2.8052108440       100.9488256079
        6.9400000000         2.8138456806        99.0505808791
        6.9450000000         2.8223287443       100.9488256079
        6.9500000000         2.8306559327       108.5418045234
        6.9550000000         2.8388232187       114.2365387099
        6.9600000000         2.8468266529       125.6260070830
        6.9650000000         2.8546623648       108.5418045234
        6.9700000000         2.8623265651       133.2189859985
        6.9750000000         2.8698155475       125.6260070830
        6.9800000000         2.8771256904       137.0154754562
        6.9850000000         2.8842534586       137.0154754562
        6.9900000000         2.8911954053       140.8119649139
        6.9950000000         2.8979481733       152.2014332870
        7.0000000000         2.9045084972       112.3382939811
        7.0050000000         2.9108732043       150.3031885581
        7.0100000000         2.9170392168       146.5066991004
        7.0150000000         2.9230035528       154.0996780159
        7.0200000000         2.9287633281       152.2014332870
        7.0250000000         2.9343157572       173.0821253044
        7.0300000000         2.9396581551       159.7944122024
        7.0350000000         2.9447879382       167.3873911178
        7.0400000000         2.9497026258       184.4715936775
        7.0450000000         2.9543998412       169.2856358467
        7.0500000000         2.9588773128       182.5733489487
        7.0550000000         2.9631328755       167.3873911178
        7.0600000000         2.9671644712       182.5733489487
        7.0650000000         2.9709701504       182.5733489487
        7.0700000000         2.9745480725       176.8786147621
        7.0750000000         2.9778965074       205.3522856949
        7.0800000000         2.9810138358       197.7593067795
        7.0850000000         2.9838985502       203.4540409661
        7.0900000000         2.9865492555       212.9452646103
        7.0950000000         2.9889646699       205.3522856949
        7.1000000000         2.9911436254       214.8435093392
        7.1050000000         2.9930850681       212.9452646103
        7.1100000000         2.9947880593       228.1312224412
        7.1150000000         2.9962517754       216.7417540680
        7.1200000000         2.9974755085       224.3347329835
        7.1250000000         2.9984586669       222.4364882546
        7.1300000000         2.9992007751       226.2329777123
        7.1350000000         2.9997014742       214.8435093392
        7.1400000000         2.9999605221       222.4364882546
        7.1450000000         2.9999777936       237.6224460854
        7.1500000000         2.9997532802       233.8259566277
        7.1550000000         2.9992870906       220.5382435257
        7.1600000000         2.9985794501       237.6224460854
        7.1650000000         2.9976307011       230.0294671700
        7.1700000000         2.9964413023       245.2154250008
        7.1750000000         2.9950118289       247.1136697297
        7.1800000000         2.9933429721       237.6224460854
        7.1850000000         2.9914355391       243.3171802720
        7.1900000000         2.9892904522       250.9101591874
        7.1950000000         2.9869087487       245.2154250008
        7.2000000000         2.9842915806       267.9943617471
        7.2050000000         2.9814402133       247.1136697297
        7.2100000000         2.9783560258       262.2996275605
        7.2150000000         2.9750405096       256.6048933740
        7.2200000000         2.9714952679       241.4189355431
        7.2250000000         2.9677220154       266.0961170182
        7.2300000000         2.9637225767       258.5031381028
        7.2350000000         2.9594988858       258.5031381028
        7.2400000000         2.9550529853       258.5031381028
        7.2450000000         2.9503870253       260.4013828317
        7.2500000000         2.9455032621       254.7066486451
        7.2550000000         2.9404040575       249.0119144586
        7.2600000000         2.9350918773       256.6048933740
        7.2650000000         2.9295692906       258.5031381028
        7.2700000000         2.9238389680       256.6048933740
        7.2750000000         2.9179036807       256.6048933740
        7.2800000000         2.9117662988       267.9943617471
        7.2850000000         2.9054297904       267.9943617471
        7.2900000000         2.8988972198       260.4013828317
        7.2950000000         2.8921717460       250.9101591874
        7.3000000000         2.8852566214       254.7066486451
        7.3050000000         2.8781551901       262.2996275605
        7.3100000000         2.8708708864       243.3171802720
        7.3150000000         2.8634072327       262.2996275605
        7.3200000000         2.8557678386       243.3171802720
        7.3250000000         2.8479563983       245.2154250008
        7.3300000000         2.8399766894       243.3171802720
        7.3350000000         2.8318325707       245.2154250008
        7.3400000000         2.8235279808       256.6048933740
        7.3450000000         2.8150669356       230.0294671700
        7.3500000000         2.8064535268       250.9101591874
        7.3550000000         2.7976919199       237.6224460854
        7.3600000000         2.7887863517       239.5206908143
        7.3650000000         2.7797411291       233.8259566277
        7.3700000000         2.7705606261       235.7242013566
        7.3750000000         2.7612492824       231.9277118989
        7.3800000000         2.7518116008       218.6399987969
        7.3850000000         2.7422521454       233.8259566277
        7.3900000000         2.7325755390       220.5382435257
        7.3950000000         2.7227864612       224.3347329835
        7.4000000000         2.7128896458       214.8435093392
        7.4050000000         2.7028898788       218.6399987969
        7.4100000000         2.6927919961       212.9452646103
        7.4150000000         2.6826008809       216.7417540680
        7.4200000000         2.6723214616       209.1487751526
        7.4250000000         2.6619587091       212.9452646103
        7.4300000000         2.6515176348       203.4540409661
        7.4350000000         2.6410032880       201.5557962372
        7.4400000000         2.6304207531       205.3522856949
        7.4450000000         2.6197751480       199.6575515084
        7.4500000000         2.6090716207       192.0645725929
        7.4550000000         2.5983153473       184.4715936775
        7.4600000000         2.5875115295       178.7768594910
        7.4650000000         2.5766653919       174.9803700332
        7.4700000000         2.5657821795       184.4715936775
        7.4750000000         2.5548671555       163.5909016601
        7.4800000000         2.5439255983       171.1838805755
        7.4850000000         2.5329627990       154.0996780159
        7.4900000000         2.5219840592       159.7944122024
        7.4950000000         2.5109946880       152.2014332870
        7.5000000000         2.5000000000       148.4049438293
        7.5050000000         2.4890053120       146.5066991004
        7.5100000000         2.4780159408       133.2189859985
        7.5150000000         2.4670372010        81.9663783194
        7.5200000000         2.4560744017        62.9839310309
        7.5250000000         2.4451328445        23.1207917249
        7.5300000000         2.4342178205       -18.6405923099
        7.5350000000         2.4233346081         0.3418549787
        7.5400000000         2.4124884705         0.3418549787
        7.5450000000         2.4016846527         7.9348338941
        7.5500000000         2.3909283793         0.3418549787
        7.5550000000         2.3802248520       -14.8441028521
        7.5600000000         2.3695792469      -136.3317654988
        7.5650000000         2.3589967120       -69.8931999889
        7.5700000000         2.3484823652       -92.6721367352
        7.5750000000         2.3380412909       -88.8756472775
        7.5800000000         2.3276785384      -105.9598498371
        7.5850000000         2.3173991191       -92.6721367352
        7.5900000000         2.3072080039      -107.8580945660
        7.5950000000         2.2971101212      -119.2475629391
        7.6000000000         2.2871103542      -111.6545840237
        7.6050000000         2.2772135388      -109.7563392948
        7.6100000000         2.2674244610      -121.1458076680
        7.6150000000         2.2577478546      -145.8229891431
        7.6200000000         2.2481883992      -128.7387865834
        7.6250000000         2.2387507176      -138.2300102277
        7.6300000000         2.2294393739      -126.8405418545
        7.6350000000         2.2202588709      -128.7387865834
        7.6400000000         2.2112136483      -142.0264996854
        7.6450000000         2.2023080801      -138.2300102277
        7.6500000000         2.1935464732      -143.9247444142
        7.6550000000         2.1849330644      -134.4335207699
        7.6600000000         2.1764720192      -145.8229891431
        7.6650000000         2.1681674293      -153.4159680585
        7.6700000000         2.1600233106      -159.1107022450
        7.6750000000         2.1520436017      -161.0089469739
        7.6800000000         2.1442321614      -145.8229891431
        7.6850000000         2.1365927673      -155.3142127873
        7.6900000000         2.1291291136      -170.5001706182
        7.6950000000         2.1218448099      -170.5001706182
        7.7000000000         2.1147433786      -172.3984153470
        7.7050000000         2.1078282540      -161.0089469739
        7.7100000000         2.1011027802      -176.1949048047
        7.7150000000         2.0945702096      -178.0931495336
        7.7200000000         2.0882337012      -170.5001706182
        7.7250000000         2.0820963193      -191.3808626356
        7.7300000000         2.0761610320      -183.7878837202
        7.7350000000         2.0704307094      -179.9913942624
        7.7400000000         2.0649081227      -195.1773520933
        7.7450000000         2.0595959425      -185.6861284490
        7.7500000000         2.0544967379      -216.0580441107
        7.7550000000         2.0496129747      -197.0755968221
        7.7600000000         2.0449470147      -216.0580441107
        7.7650000000         2.0405011142      -202.7703310087
        7.7700000000         2.0362774233      -217.9562888395
        7.7750000000         2.0322779846      -223.6510230261
        7.7800000000         2.0285047321      -204.6685757375
        7.7850000000         2.0249594904      -233.1422466704
        7.7900000000         2.0216439742      -214.1597993818
        7.7950000000         2.0185597867      -233.1422466704
        7.8000000000         2.0157084194      -217.9562888395
        7.8050000000         2.0130912513      -225.5492677549
        7.8100000000         2.0107095478      -216.0580441107
        7.8150000000         2.0085644609      -242.6334703146
        7.8200000000         2.0066570279      -225.5492677549
        7.8250000000         2.0049881711      -236.9387361281
        7.8300000000         2.0035586977      -225.5492677549
        7.8350000000         2.0023692989      -238.8369808569
        7.8400000000         2.0014205499      -242.6334703146
        7.8450000000         2.0007129094      -244.5317150435
        7.8500000000         2.0002467198      -235.0404913992
        7.8550000000         2.0000222064      -254.0229386877
        7.8600000000         2.0000394779      -233.1422466704
        7.8650000000         2.0002985258      -263.5141623320
        7.8700000000         2.0007992249      -244.5317150435
        7.8750000000         2.0015413331      -248.3282045012
        7.8800000000         2.0025244915      -248.3282045012
        7.8850000000         2.0037482246      -242.6334703146
        7.8900000000         2.0052119407      -271.1071412474
        7.8950000000         2.0069149319      -244.5317150435
        7.9000000000         2.0088563746      -280.5983648917
        7.9050000000         2.0110353301      -248.3282045012
        7.9100000000         2.0134507445      -263.5141623320
        7.9150000000         2.0161014498      -248.3282045012
        7.9200000000         2.0189861642      -252.1246939589
        7.9250000000         2.0221034926      -271.1071412474
        7.9300000000         2.0254519275      -263.5141623320
        7.9350000000         2.0290298496      -286.2930990783
        7.9400000000         2.0328355288      -252.1246939589
        7.9450000000         2.0368671245      -271.1071412474
        7.9500000000         2.0411226872      -271.1071412474
        7.9550000000         2.0456001588      -257.8194281455
        7.9600000000         2.0502973742      -269.2088965186
        7.9650000000         2.0552120618      -250.2264492300
        7.9700000000         2.0603418449      -263.5141623320
        7.9750000000         2.0656842428      -274.9036307051
        7.9800000000         2.0712366719      -257.8194281455
        7.9850000000         2.0769964472      -263.5141623320
        7.9900000000         2.0829607832      -257.8194281455
        7.9950000000         2.0891267957      -273.0053859763
        8.0000000000         2.0954915028      -254.0229386877
        8.0050000000         2.1020518267      -271.1071412474
        8.0100000000         2.1088045947      -259.7176728743
        8.0150000000         2.1157465414      -271.1071412474
        8.0200000000         2.1228743096      -257.8194281455
        8.0250000000         2.1301844525      -259.7176728743
        8.0300000000         2.1376734349      -271.1071412474
        8.0350000000         2.1453376352      -248.3282045012
        8.0400000000         2.1531733471      -248.3282045012
        8.0450000000         2.1611767813      -244.5317150435
        8.0500000000         2.1693440673      -246.4299597723
        8.0550000000         2.1776712557      -255.9211834166
        8.0600000000         2.1861543194      -250.2264492300
        8.0650000000         2.1947891560      -246.4299597723
        8.0700000000         2.2035715899      -227.4475124838
        8.0750000000         2.2124973740      -252.1246939589
        8.0800000000         2.2215621918      -235.0404913992
        8.0850000000         2.2307616596      -229.3457572126
        8.0900000000         2.2400913287      -244.5317150435
        8.0950000000         2.2495466873      -217.9562888395
        8.1000000000         2.2591231629      -233.1422466704
        8.1050000000         2.2688161245      -259.7176728743
        8.1100000000         2.2786208845      -223.6510230261
        8.1150000000         2.2885327015      -233.1422466704
        8.1200000000         2.2985467821      -217.9562888395
        8.1250000000         2.3086582838      -206.5668204664
        8.1300000000         2.3188623166      -206.5668204664
        8.1350000000         2.3291539461      -212.2615546530
        8.1400000000         2.3395281951      -219.8545335684
        8.1450000000         2.3499800469      -210.3633099241
        8.1500000000         2.3605044470      -212.2615546530
        8.1550000000         2.3710963059      -204.6685757375
        8.1600000000         2.3817505015      -204.6685757375
        8.1650000000         2.3924618815      -191.3808626356
        8.1700000000         2.4032252660      -206.5668204664
        8.1750000000         2.4140354499      -172.3984153470
        8.1800000000         2.4248872054      -200.8720862798
        8.1850000000         2.4357752849      -181.8896389913
        8.1900000000         2.4466944229      -174.2966600759
        8.1950000000         2.4576393389      -189.4826179067
        8.2000000000         2.4686047402      -161.0089469739
        8.2050000000         2.4795853240      -174.2966600759
        8.2100000000         2.4905757801      -153.4159680585
        8.2150000000         2.5015707937      -157.2124575162
        8.2200000000         2.5125650477      -143.9247444142
        8.2250000000         2.5235532254      -117.3493182103
        8.2300000000         2.5345300129       -54.7072421581
        8.2350000000         2.5454901020       -14.8441028521
        8.2400000000         2.5564281924        13.6295680807
        8.2450000000         2.5673389947        17.4260575384
        8.2500000000         2.5782172325        -5.3528792079
        8.2550000000         2.5890576451       -12.9458581233
        8.2600000000         2.5998549903        -5.3528792079
        8.2650000000         2.6106040464         2.2400997075
        8.2700000000         2.6212996154        -5.3528792079
        8.2750000000         2.6319365250         0.3418549787
        8.2800000000         2.6425096312         2.2400997075
        8.2850000000         2.6530138211        40.2049942846
        8.2900000000         2.6634440148        76.2716441328
        8.2950000000         2.6737951685        45.8997284712
        8.3000000000         2.6840622763        64.8821757597
        8.3050000000         2.6942403733        49.6962179289
        8.3100000000         2.7043245374        72.4751546751
        8.3150000000         2.7143098919        45.8997284712
        8.3200000000         2.7241916080        76.2716441328
        8.3250000000         2.7339649071        70.5769099463
        8.3300000000         2.7436250629        66.7804204886
        8.3350000000         2.7531674037        78.1698888617
        8.3400000000         2.7625873150        62.9839310309
        8.3450000000         2.7718802414        80.0681335906
        8.3500000000         2.7810416889        70.5769099463
        8.3550000000         2.7900672272        80.0681335906
        8.3600000000         2.7989524915        83.8646230483
        8.3650000000         2.8076931851        85.7628677771
        8.3700000000         2.8162850810        95.2540914214
        8.3750000000         2.8247240242        91.4576019637
        8.3800000000         2.8330059337        89.5593572348
        8.3850000000         2.8411268046        91.4576019637
        8.3900000000         2.8490827095        95.2540914214
        8.3950000000         2.8568698011       108.5418045234
        8.4000000000         2.8644843137       100.9488256079
        8.4050000000         2.8719225649       116.1347834388
        8.4100000000         2.8791809576       116.1347834388
        8.4150000000         2.8862559818       121.8295176253
        8.4200000000         2.8931442161       138.9137201850
        8.4250000000         2.8998423292       148.4049438293
        8.4300000000         2.9063470822       137.0154754562
        8.4350000000         2.9126553293       138.9137201850
        8.4400000000         2.9187640200       137.0154754562
        8.4450000000         2.9246702001       123.7277623542
        8.4500000000         2.9303710135       154.0996780159
        8.4550000000         2.9358637033       148.4049438293
        8.4600000000         2.9411456132       159.7944122024
        8.4650000000         2.9462141891       161.6926569313
        8.4700000000         2.9510669797       173.0821253044
        8.4750000000         2.9557016383       174.9803700332
        8.4800000000         2.9601159237       176.8786147621
        8.4850000000         2.9643077011       184.4715936775
        8.4900000000         2.9682749434       174.9803700332
        8.4950000000         2.9720157321       184.4715936775
        8.5000000000         2.9755282581       186.3698384064
        8.5050000000         2.9788108230       190.1663278641
        8.5100000000         2.9818618391       199.6575515084
        8.5150000000         2.9846798312       188.2680831352
        8.5200000000         2.9872634364       199.6575515084
        8.5250000000         2.9896114053       192.0645725929
        8.5300000000         2.9917226025       212.9452646103
        8.5350000000         2.9935960070       203.4540409661
        8.5400000000         2.9952307128       190.1663278641
        8.5450000000         2.9966259295       216.7417540680
        8.5500000000         2.9977809823       207.2505304238
        8.5550000000         2.9986953126       209.1487751526
        8.5600000000         2.9993684783       205.3522856949
        8.5650000000         2.9998001538       212.9452646103
        8.5700000000         2.9999901304       205.3522856949
        8.5750000000         2.9999383162       233.8259566277
        8.5800000000         2.9996447363       214.8435093392
        8.5850000000         2.9991095326       230.0294671700
        8.5900000000         2.9983329640       233.8259566277
        8.5950000000         2.9973154060       224.3347329835
        8.6000000000         2.9960573507       239.5206908143
        8.6050000000         2.9945594064       237.6224460854
        8.6100000000         2.9928222976       235.7242013566
        8.6150000000         2.9908468643       237.6224460854
        8.6200000000         2.9886340618       224.3347329835
        8.6250000000         2.9861849602       243.3171802720
        8.6300000000         2.9835007439       231.9277118989
        8.6350000000         2.9805827109       239.5206908143
        8.6400000000         2.9774322724       247.1136697297
        8.6450000000         2.9740509518       243.3171802720
        8.6500000000         2.9704403845       243.3171802720
        8.6550000000         2.9666023163       252.8084039163
        8.6600000000         2.9625386034       241.4189355431
        8.6650000000         2.9582512110       258.5031381028
        8.6700000000         2.9537422123       264.1978722894
        8.6750000000         2.9490137879       237.6224460854
        8.6800000000         2.9440682244       258.5031381028
        8.6850000000         2.9389079135       245.2154250008
        8.6900000000         2.9335353506       273.6890959337
        8.6950000000         2.9279531338       254.7066486451
        8.7000000000         2.9221639628       267.9943617471
        8.7050000000         2.9161706369       254.7066486451
        8.7100000000         2.9099760547       243.3171802720
        8.7150000000         2.9035832116       249.0119144586
        8.7200000000         2.8969951993       258.5031381028
        8.7250000000         2.8902152037       254.7066486451
        8.7300000000         2.8832465034       252.8084039163
        8.7350000000         2.8760924685       258.5031381028
        8.7400000000         2.8687565587       245.2154250008
        8.7450000000         2.8612423214       252.8084039163
        8.7500000000         2.8535533906       249.0119144586
        8.7550000000         2.8456934845       245.2154250008
        8.7600000000         2.8376664041       245.2154250008
        8.7650000000         2.8294760312       237.6224460854
        8.7700000000         2.8211263266       247.1136697297
        8.7750000000         2.8126213282       243.3171802720
        8.7800000000         2.8039651488       237.6224460854
        8.7850000000         2.7951619747       237.6224460854
        8.7900000000         2.7862160628       228.1312224412
        8.7950000000         2.7771317394       245.2154250008
        8.8000000000         2.7679133975       233.8259566277
        8.8050000000         2.7585654951       230.0294671700
        8.8100000000         2.7490925527       228.1312224412
        8.8150000000         2.7394991513       222.4364882546
        8.8200000000         2.7297899303       214.8435093392
        8.8250000000         2.7199695849       214.8435093392
        8.8300000000         2.7100428642       205.3522856949
        8.8350000000         2.7000145686       222.4364882546
        8.8400000000         2.6898895478       207.2505304238
        8.8450000000         2.6796726980       201.5557962372
        8.8500000000         2.6693689601       205.3522856949
        8.8550000000         2.6589833169       192.0645725929
        8.8600000000         2.6485207908       209.1487751526
        8.8650000000         2.6379864413       188.2680831352
        8.8700000000         2.6273853628       184.4715936775
        8.8750000000         2.6167226819       193.9628173218
        8.8800000000         2.6060035550       193.9628173218
        8.8850000000         2.5952331656       178.7768594910
        8.8900000000         2.5844167224       176.8786147621
        8.8950000000         2.5735594559       174.9803700332
        8.9000000000         2.5626666168       163.5909016601
        8.9050000000         2.5517434726       169.2856358467
        8.9100000000         2.5407953058       152.2014332870
        8.9150000000         2.5298274107       155.9979227447
        8.9200000000         2.5188450913       152.2014332870
        8.9250000000         2.5078536587       159.7944122024
        8.9300000000         2.4968584280       144.6084543716
        8.9350000000         2.4858647166       121.8295176253
        8.9400000000         2.4748778409       100.9488256079
        8.9450000000         2.4639031141        72.4751546751
        8.9500000000         2.4529458433        17.4260575384
        8.9550000000         2.4420113276        -3.4546344790
        8.9600000000         2.4311048547        -5.3528792079
        8.9650000000         2.4202316988         2.2400997075
        8.9700000000         2.4093971182         7.9348338941
        8.9750000000         2.3986063523        -7.2511239367
        8.9800000000         2.3878646195         0.3418549787
        8.9850000000         2.3771771144       -39.5212843272
        8.9900000000         2.3665490053      -134.4335207699
        8.9950000000         2.3559854320       -66.0967105312
        9.0000000000         2.3454915028       -92.6721367352
        9.0050000000         2.3350722926       -81.2826683620
        9.0100000000         2.3247328399      -100.2651156506
        9.0150000000         2.3144781449       -96.4686261929
        9.0200000000         2.3043131666      -121.1458076680
        9.0250000000         2.2942428207      -121.1458076680
        9.0300000000         2.2842719772      -111.6545840237
        9.0350000000         2.2744054578       -98.3668709217
        9.0400000000         2.2646480339      -115.4510734814
        9.0450000000         2.2550044242      -128.7387865834
        9.0500000000         2.2454792921      -134.4335207699
        9.0550000000         2.2360772440      -136.3317654988
        9.0600000000         2.2268028266      -134.4335207699
        9.0650000000         2.2176605250      -136.3317654988
        9.0700000000         2.2086547602      -143.9247444142
        9.0750000000         2.1997898873      -149.6194786008
        9.0800000000         2.1910701935      -151.5177233296
        9.0850000000         2.1824998953      -149.6194786008
        9.0900000000         2.1740831373      -149.6194786008
        9.0950000000         2.1658239899      -162.9071917028
        9.1000000000         2.1577264470      -157.2124575162
        9.1050000000         2.1497944246      -179.9913942624
        9.1100000000         2.1420317585      -161.0089469739
        9.1150000000         2.1344422026      -172.3984153470
        9.1200000000         2.1270294273      -170.5001706182
        9.1250000000         2.1197970172      -172.3984153470
        9.1300000000         2.1127484699      -183.7878837202
        9.1350000000         2.1058871940      -176.1949048047
        9.1400000000         2.0992165076      -189.4826179067
        9.1450000000         2.0927396365      -189.4826179067
        9.1500000000         2.0864597129      -183.7878837202
        9.1550000000         2.0803797737      -189.4826179067
        9.1600000000         2.0745027591      -178.0931495336
        9.1650000000         2.0688315112      -191.3808626356
        9.1700000000         2.0633687726      -197.0755968221
        9.1750000000         2.0581171850      -187.5843731779
        9.1800000000         2.0530792879      -206.5668204664
        9.1850000000         2.0482575178      -195.1773520933
        9.1900000000         2.0436542063      -223.6510230261
        9.1950000000         2.0392715796      -204.6685757375
        9.2000000000         2.0351117571      -212.2615546530
        9.2050000000         2.0311767504      -217.9562888395
        9.2100000000         2.0274684624      -204.6685757375
        9.2150000000         2.0239886865      -235.0404913992
        9.2200000000         2.0207391055      -216.0580441107
        9.2250000000         2.0177212908      -235.0404913992
        9.2300000000         2.0149367018      -248.3282045012
        9.2350000000         2.0123866850      -219.8545335684
        9.2400000000         2.0100724738      -235.0404913992
        9.2450000000         2.0079951872      -235.0404913992
        9.2500000000         2.0061558297      -233.1422466704
        9.2550000000         2.0045552909      -250.2264492300
        9.2600000000         2.0031943447      -225.5492677549
        9.2650000000         2.0020736494      -248.3282045012
        9.2700000000         2.0011937468      -233.1422466704
        9.2750000000         2.0005550625      -221.7527782972
        9.2800000000         2.0001579054      -259.7176728743
        9.2850000000         2.0000024674      -242.6334703146
        9.2900000000         2.0000888238      -274.9036307051
        9.2950000000         2.0004169328      -242.6334703146
        9.3000000000         2.0009866358      -261.6159176032
        9.3050000000         2.0017976572      -257.8194281455
        9.3100000000         2.0028496048      -265.4124070609
        9.3150000000         2.0041419699      -265.4124070609
        9.3200000000         2.0056741276      -263.5141623320
        9.3250000000         2.0074453369      -252.1246939589
        9.3300000000         2.0094547413      -263.5141623320
        9.3350000000         2.0117013690      -263.5141623320
        9.3400000000         2.0141841335      -261.6159176032
        9.3450000000         2.0169018344      -259.7176728743
        9.3500000000         2.0198531572      -259.7176728743
        9.3550000000         2.0230366747      -276.8018754340
        9.3600000000         2.0264508475      -261.6159176032
        9.3650000000         2.0300940245      -278.7001201629
        9.3700000000         2.0339644438      -252.1246939589
        9.3750000000         2.0380602337      -276.8018754340
        9.3800000000         2.0423794137      -255.9211834166
        9.3850000000         2.0469198949      -271.1071412474
        9.3900000000         2.0516794816      -265.4124070609
        9.3950000000         2.0566558721      -261.6159176032
        9.4000000000         2.0618466600      -267.3106517897
        9.4050000000         2.0672493349      -244.5317150435
        9.4100000000         2.0728612842      -263.5141623320
        9.4150000000         2.0786797939      -255.9211834166
        9.4200000000         2.0847020504      -263.5141623320
        9.4250000000         2.0909251413      -252.1246939589
        9.4300000000         2.0973460571      -248.3282045012
        9.4350000000         2.1039616929      -257.8194281455
        9.4400000000         2.1107688492      -246.4299597723
        9.4450000000         2.1177642343      -248.3282045012
        9.4500000000         2.1249444652      -246.4299597723
        9.4550000000         2.1323060696      -255.9211834166
        9.4600000000         2.1398454876      -252.1246939589
        9.4650000000         2.1475590730      -240.7352255858
        9.4700000000         2.1554430958      -240.7352255858
        9.4750000000         2.1634937432      -240.7352255858
        9.4800000000         2.1717071221      -242.6334703146
        9.4850000000         2.1800792605      -240.7352255858
        9.4900000000         2.1886061098      -235.0404913992
        9.4950000000         2.1972835463      -229.3457572126
        9.5000000000         2.2061073739      -240.7352255858
        9.5050000000         2.2150733253      -238.8369808569
        9.5100000000         2.2241770647      -235.0404913992
        9.5150000000         2.2334141896      -217.9562888395
        9.5200000000         2.2427802331      -242.6334703146
        9.5250000000         2.2522706658      -214.1597993818
        9.5300000000         2.2618808982      -240.7352255858
        9.5350000000         2.2716062828      -202.7703310087
        9.5400000000         2.2814421167      -202.7703310087
        9.5450000000         2.2913836432      -217.9562888395
        9.5500000000         2.3014260547      -214.1597993818
        9.5550000000         2.3115644948      -219.8545335684
        9.5600000000         2.3217940606      -212.2615546530
        9.5650000000         2.3321098053      -193.2791073644
        9.5700000000         2.3425067402      -208.4650651953
        9.5750000000         2.3529798374      -193.2791073644
        9.5800000000         2.3635240322      -197.0755968221
        9.5850000000         2.3741342257      -189.4826179067
        9.5900000000         2.3848052867      -191.3808626356
        9.5950000000         2.3955320548      -191.3808626356
        9.6000000000         2.4063093427      -181.8896389913
        9.6050000000         2.4171319386      -195.1773520933
        9.6100000000         2.4279946087      -161.0089469739
        9.6150000000         2.4388921000      -170.5001706182
        9.6200000000         2.4498191426      -168.6019258893
        9.6250000000         2.4607704521      -157.2124575162
        9.6300000000         2.4717407328      -189.4826179067
        9.6350000000         2.4827246793      -140.1282549565
        9.6400000000         2.4937169801      -155.3142127873
        9.6450000000         2.5047123192      -143.9247444142
        9.6500000000         2.5157053795      -123.0440523968
        9.6550000000         2.5266908449      -107.8580945660
        9.6600000000         2.5376634028       -52.8089974292
        9.6650000000         2.5486177470       -18.6405923099
        9.6700000000         2.5595485800         6.0365891652
        9.6750000000         2.5704506160         4.1383444364
        9.6800000000         2.5813185826         2.2400997075
        9.6850000000         2.5921472243        -3.4546344790
        9.6900000000         2.6029313044         0.3418549787
        9.6950000000         2.6136656078         0.3418549787
        9.7000000000         2.6243449436        -7.2511239367
        9.7050000000         2.6349641472        -1.5563897502
        9.7100000000         2.6455180834         0.3418549787
        9.7150000000         2.6560016483        66.7804204886
        9.7200000000         2.6664097723        66.7804204886
        9.7250000000         2.6767374219        57.2891968443
        9.7300000000         2.6869796029        59.1874415732
        9.7350000000         2.6971313622        51.5944626577
        9.7400000000         2.7071877905        78.1698888617
        9.7450000000         2.7171440246        61.0856863020
        9.7500000000         2.7269952499        93.3558466925
        9.7550000000         2.7367367022        70.5769099463
        9.7600000000         2.7463636708        70.5769099463
        9.7650000000         2.7558715001        76.2716441328
        9.7700000000         2.7652555922        70.5769099463
        9.7750000000         2.7745114090        81.9663783194
        9.7800000000         2.7836344746        83.8646230483
        9.7850000000         2.7926203770        87.6611125060
        9.7900000000         2.8014647708        97.1523361502
        9.7950000000         2.8101633790        99.0505808791
        9.8000000000         2.8187119949       104.7453150657
        9.8050000000         2.8271064845       104.7453150657
        9.8100000000         2.8353427883       100.9488256079
        9.8150000000         2.8434169233       108.5418045234
        9.8200000000         2.8513249849       116.1347834388
        9.8250000000         2.8590631489       112.3382939811
        9.8300000000         2.8666276731       119.9312728965
        9.8350000000         2.8740148995       118.0330281676
        9.8400000000         2.8812212555       116.1347834388
        9.8450000000         2.8882432563       119.9312728965
        9.8500000000         2.8950775062       127.5242518119
        9.8550000000         2.9017207001       129.4224965408
        9.8600000000         2.9081696254       133.2189859985
        9.8650000000         2.9144211635       135.1172307273
        9.8700000000         2.9204722911       144.6084543716
        9.8750000000         2.9263200822       152.2014332870
        9.8800000000         2.9319617086       129.4224965408
        9.8850000000         2.9373944422       163.5909016601
        9.8900000000         2.9426156557       163.5909016601
        9.8950000000         2.9476228242       169.2856358467
        9.9000000000         2.9524135262       169.2856358467
        9.9050000000         2.9569854451       169.2856358467
        9.9100000000         2.9613363699       184.4715936775
        9.9150000000         2.9654641966       178.7768594910
        9.9200000000         2.9693669288       182.5733489487
        9.9250000000         2.9730426794       182.5733489487
        9.9300000000         2.9764896708       190.1663278641
        9.9350000000         2.9797062359       188.2680831352
        9.9400000000         2.9826908194       192.0645725929
        9.9450000000         2.9854419779       205.3522856949
        9.9500000000         2.9879583810       199.6575515084
        9.9550000000         2.9902388117       178.7768594910
        9.9600000000         2.9922821673       209.1487751526
        9.9650000000         2.9940874596       192.0645725929
        9.9700000000         2.9956538155       211.0470198815
        9.9750000000         2.9969804777       212.9452646103
        9.9800000000         2.9980668046       205.3522856949
        9.9850000000         2.9989122707       207.2505304238
        9.9900000000         2.9995164673       216.7417540680
        9.9950000000         2.9998791022       220.5382435257
       10.0000000000         3.0000000000       216.7417540680
       10.0050000000         2.9998791022       231.9277118989
       10.0100000000         2.9995164673       228.1312224412
       10.0150000000         2.9989122707       230.0294671700
       10.0200000000         2.9980668046       224.3347329835
       10.0250000000         2.9969804777       226.2329777123
       10.0300000000         2.9956538155       233.8259566277
       10.0350000000         2.9940874596       241.4189355431
       10.0400000000         2.9922821673       220.5382435257
       10.0450000000         2.9902388117       245.2154250008
       10.0500000000         2.9879583810       233.8259566277
       10.0550000000         2.9854419779       235.7242013566
       10.0600000000         2.9826908194       237.6224460854
       10.0650000000         2.9797062359       220.5382435257
       10.0700000000         2.9764896708       258.5031381028
       10.0750000000         2.9730426794       237.6224460854
       10.0800000000         2.9693669288       252.8084039163
       10.0850000000         2.9654641966       249.0119144586
       10.0900000000         2.9613363699       228.1312224412
       10.0950000000         2.9569854451       249.0119144586
       10.1000000000         2.9524135262       252.8084039163
       10.1050000000         2.9476228242       250.9101591874
       10.1100000000         2.9426156557       260.4013828317
       10.1150000000         2.9373944422       245.2154250008
       10.1200000000         2.9319617086       245.2154250008
       10.1250000000         2.9263200822       241.4189355431
       10.1300000000         2.9204722911       250.9101591874
       10.1350000000         2.9144211635       252.8084039163
       10.1400000000         2.9081696254       241.4189355431
       10.1450000000         2.9017207001       252.8084039163
       10.1500000000         2.8950775062       235.7242013566
       10.1550000000         2.8882432563       267.9943617471
       10.1600000000         2.8812212555       258.5031381028
       10.1650000000         2.8740148995       245.2154250008
       10.1700000000         2.8666276731       249.0119144586
       10.1750000000         2.8590631489       218.6399987969
       10.1800000000         2.8513249849       260.4013828317
       10.1850000000         2.8434169233       254.7066486451
       10.1900000000         2.8353427883       243.3171802720
       10.1950000000         2.8271064845       249.0119144586
       10.2000000000         2.8187119949       249.0119144586
       10.2050000000         2.8101633790       241.4189355431
       10.2100000000         2.8014647708       237.6224460854
       10.2150000000         2.7926203770       245.2154250008
       10.2200000000         2.7836344746       203.4540409661
       10.2250000000         2.7745114090       241.4189355431
       10.2300000000         2.7652555922       228.1312224412
       10.2350000000         2.7558715001       224.3347329835
       10.2400000000         2.7463636708       226.2329777123
       10.2450000000         2.7367367022       233.8259566277
       10.2500000000         2.7269952499       226.2329777123
       10.2550000000         2.7171440246       228.1312224412
       10.2600000000         2.7071877905       195.8610620506
       10.2650000000         2.6971313622       222.4364882546
       10.2700000000         2.6869796029       218.6399987969
       10.2750000000         2.6767374219       224.3347329835
       10.2800000000         2.6664097723       205.3522856949
       10.2850000000         2.6560016483       212.9452646103
       10.2900000000         2.6455180834       192.0645725929
       10.2950000000         2.6349641472       211.0470198815
       10.3000000000         2.6243449436       201.5557962372
       10.3050000000         2.6136656078       188.2680831352
       10.3100000000         2.6029313044       193.9628173218
       10.3150000000         2.5921472243       176.8786147621
       10.3200000000         2.5813185826       180.6751042198
       10.3250000000         2.5704506160       165.4891463890
       10.3300000000         2.5595485800       169.2856358467
       10.3350000000         2.5486177470       157.8961674736
       10.3400000000         2.5376634028       155.9979227447
       10.3450000000         2.5266908449       157.8961674736
       10.3500000000         2.5157053795       152.2014332870
       10.3550000000         2.5047123192       148.4049438293
       10.3600000000         2.4937169801       148.4049438293
       10.3650000000         2.4827246793       133.2189859985
       10.3700000000         2.4717407328       102.8470703368
       10.3750000000         2.4607704521        74.3733994040
       10.3800000000         2.4498191426        30.7137706403
       10.3850000000         2.4388921000        -5.3528792079
       10.3900000000         2.4279946087        -1.5563897502
       10.3950000000         2.4171319386        -5.3528792079
       10.4000000000         2.4063093427         7.9348338941
       10.4050000000         2.3955320548        -3.4546344790
       10.4100000000         2.3848052867        25.0190364538
       10.4150000000         2.3741342257       -35.7247948695
       10.4200000000         2.3635240322      -130.6370313122
       10.4250000000         2.3529798374       -67.9949552601
       10.4300000000         2.3425067402      -111.6545840237
       10.4350000000         2.3321098053       -71.7914447178
       10.4400000000         2.3217940606      -119.2475629391
       10.4450000000         2.3115644948       -90.7738920063
       10.4500000000         2.3014260547      -121.1458076680
       10.4550000000         2.2913836432      -119.2475629391
       10.4600000000         2.2814421167      -109.7563392948
       10.4650000000         2.2716062828      -119.2475629391
       10.4700000000         2.2618808982      -109.7563392948
       10.4750000000         2.2522706658      -136.3317654988
       10.4800000000         2.2427802331      -111.6545840237
       10.4850000000         2.2334141896      -134.4335207699
       10.4900000000         2.2241770647      -123.0440523968
       10.4950000000         2.2150733253      -140.1282549565
       10.5000000000         2.2061073739      -138.2300102277
       10.5050000000         2.1972835463      -134.4335207699
       10.5100000000         2.1886061098      -145.8229891431
       10.5150000000         2.1800792605      -130.6370313122
       10.5200000000         2.1717071221      -140.1282549565
       10.5250000000         2.1634937432      -149.6194786008
       10.5300000000         2.1554430958      -151.5177233296
       10.5350000000         2.1475590730      -159.1107022450
       10.5400000000         2.1398454876      -168.6019258893
       10.5450000000         2.1323060696      -157.2124575162
       10.5500000000         2.1249444652      -164.8054364316
       10.5550000000         2.1177642343      -176.1949048047
       10.5600000000         2.1107688492      -179.9913942624
       10.5650000000         2.1039616929      -172.3984153470
       10.5700000000         2.0973460571      -178.0931495336
       10.5750000000         2.0909251413      -178.0931495336
       10.5800000000         2.0847020504      -189.4826179067
       10.5850000000         2.0786797939      -179.9913942624
       10.5900000000         2.0728612842      -202.7703310087
       10.5950000000         2.0672493349      -181.8896389913
       10.6000000000         2.0618466600      -183.7878837202
       10.6050000000         2.0566558721      -195.1773520933
       10.6100000000         2.0516794816      -195.1773520933
       10.6150000000         2.0469198949      -204.6685757375
       10.6200000000         2.0423794137      -216.0580441107
       10.6250000000         2.0380602337      -195.1773520933
       10.6300000000         2.0339644438      -217.9562888395
       10.6350000000         2.0300940245      -198.9738415510
       10.6400000000         2.0264508475      -206.5668204664
       10.6450000000         2.0230366747      -210.3633099241
       10.6500000000         2.0198531572      -219.8545335684
       10.6550000000         2.0169018344      -223.6510230261
       10.6600000000         2.0141841335      -236.9387361281
       10.6650000000         2.0117013690      -223.6510230261
       10.6700000000         2.0094547413      -236.9387361281
       10.6750000000         2.0074453369      -227.4475124838
       10.6800000000         2.0056741276      -246.4299597723
       10.6850000000         2.0041419699      -233.1422466704
       10.6900000000         2.0028496048      -240.7352255858
       10.6950000000         2.0017976572      -229.3457572126
       10.7000000000         2.0009866358      -223.6510230261
       10.7050000000         2.0004169328      -248.3282045012
       10.7100000000         2.0000888238      -248.3282045012
       10.7150000000         2.0000024674      -246.4299597723
       10.7200000000         2.0001579054      -242.6334703146
       10.7250000000         2.0005550625      -240.7352255858
       10.7300000000         2.0011937468      -257.8194281455
       10.7350000000         2.0020736494      -240.7352255858
       10.7400000000         2.0031943447      -278.7001201629
       10.7450000000         2.0045552909      -242.6334703146
       10.7500000000         2.0061558297      -263.5141623320
       10.7550000000         2.0079951872      -252.1246939589
       10.7600000000         2.0100724738      -257.8194281455
       10.7650000000         2.0123866850      -265.4124070609
       10.7700000000         2.0149367018      -242.6334703146
       10.7750000000         2.0177212908      -250.2264492300
       10.7800000000         2.0207391055      -248.3282045012
       10.7850000000         2.0239886865      -244.5317150435
       10.7900000000         2.0274684624      -263.5141623320
       10.7950000000         2.0311767504      -255.9211834166
       10.8000000000         2.0351117571      -259.7176728743
       10.8050000000         2.0392715796      -236.9387361281
       10.8100000000         2.0436542063      -259.7176728743
       10.8150000000         2.0482575178      -248.3282045012
       10.8200000000         2.0530792879      -242.6334703146
       10.8250000000         2.0581171850      -255.9211834166
       10.8300000000         2.0633687726      -233.1422466704
       10.8350000000         2.0688315112      -250.2264492300
       10.8400000000         2.0745027591      -250.2264492300
       10.8450000000         2.0803797737      -257.8194281455
       10.8500000000         2.0864597129      -254.0229386877
       10.8550000000         2.0927396365      -238.8369808569
       10.8600000000         2.0992165076      -259.7176728743
       10.8650000000         2.1058871940      -238.8369808569
       10.8700000000         2.1127484699      -255.9211834166
       10.8750000000         2.1197970172      -248.3282045012
       10.8800000000         2.1270294273      -244.5317150435
       10.8850000000         2.1344422026      -248.3282045012
       10.8900000000         2.1420317585      -236.9387361281
       10.8950000000         2.1497944246      -250.2264492300
       10.9000000000         2.1577264470      -233.1422466704
       10.9050000000         2.1658239899      -236.9387361281
       10.9100000000         2.1740831373      -233.1422466704
       10.9150000000         2.1824998953      -225.5492677549
       10.9200000000         2.1910701935      -240.7352255858
       10.9250000000         2.1997898873      -221.7527782972
       10.9300000000         2.2086547602      -235.0404913992
       10.9350000000         2.2176605250      -235.0404913992
       10.9400000000         2.2268028266      -216.0580441107
       10.9450000000         2.2360772440      -244.5317150435
       10.9500000000         2.2454792921      -216.0580441107
       10.9550000000         2.2550044242      -231.2440019415
       10.9600000000         2.2646480339      -216.0580441107
       10.9650000000         2.2744054578      -217.9562888395
       10.9700000000         2.2842719772      -217.9562888395
       10.9750000000         2.2942428207      -223.6510230261
       10.9800000000         2.3043131666      -197.0755968221
       10.9850000000         2.3144781449      -212.2615546530
       10.9900000000         2.3247328399      -195.1773520933
       10.9950000000         2.3350722926      -206.5668204664
       11.0000000000         2.3454915028      -198.9738415510
       11.0050000000         2.3559854320      -212.2615546530
       11.0100000000         2.3665490053      -197.0755968221
       11.0150000000         2.3771771144      -198.9738415510
       11.0200000000         2.3878646195      -195.1773520933
       11.0250000000         2.3986063523      -181.8896389913
       11.0300000000         2.4093971182      -200.8720862798
       11.0350000000         2.4202316988      -176.1949048047
       11.0400000000         2.4311048547      -191.3808626356
       11.0450000000         2.4420113276      -164.8054364316
       11.0500000000         2.4529458433      -166.7036811605
       11.0550000000         2.4639031141      -164.8054364316
       11.0600000000         2.4748778409      -157.2124575162
       11.0650000000         2.4858647166      -164.8054364316
       11.0700000000         2.4968584280      -149.6194786008
       11.0750000000         2.5078536587      -149.6194786008
       11.0800000000         2.5188450913      -117.3493182103
       11.0850000000         2.5298274107      -107.8580945660
       11.0900000000         2.5407953058       -47.1142632427
       11.0950000000         2.5517434726        -9.1493686656
       11.1000000000         2.5626666168         4.1383444364
       11.1050000000         2.5735594559         2.2400997075
       11.1100000000         2.5844167224         2.2400997075
       11.1150000000         2.5952331656       -14.8441028521
       11.1200000000         2.6060035550         2.2400997075
       11.1250000000         2.6167226819         6.0365891652
       11.1300000000         2.6273853628         0.3418549787
       11.1350000000         2.6379864413        -1.5563897502
       11.1400000000         2.6485207908         7.9348338941
       11.1450000000         2.6589833169        61.0856863020
       11.1500000000         2.6693689601        53.4927073866
       11.1550000000         2.6796726980        42.1032390135
       11.1600000000         2.6898895478        61.0856863020
       11.1650000000         2.7000145686        53.4927073866
       11.1700000000         2.7100428642        62.9839310309
       11.1750000000         2.7199695849        49.6962179289
       11.1800000000         2.7297899303        76.2716441328
       11.1850000000         2.7394991513        64.8821757597
       11.1900000000         2.7490925527        80.0681335906
       11.1950000000         2.7585654951        80.0681335906
       11.2000000000         2.7679133975        78.1698888617
       11.2050000000         2.7771317394        78.1698888617
       11.2100000000         2.7862160628        89.5593572348
       11.2150000000         2.7951619747        91.4576019637
       11.2200000000         2.8039651488        99.0505808791
       11.2250000000         2.8126213282        95.2540914214
       11.2300000000         2.8211263266        91.4576019637
       11.2350000000         2.8294760312       100.9488256079
       11.2400000000         2.8376664041       112.3382939811
       11.2450000000         2.8456934845       108.5418045234
       11.2500000000         2.8535533906       114.2365387099
       11.2550000000         2.8612423214       114.2365387099
       11.2600000000         2.8687565587       123.7277623542
       11.2650000000         2.8760924685       125.6260070830
       11.2700000000         2.8832465034       131.3207412696
       11.2750000000         2.8902152037       138.9137201850
       11.2800000000         2.8969951993       142.7102096427
       11.2850000000         2.9035832116       135.1172307273
       11.2900000000         2.9099760547       146.5066991004
       11.2950000000         2.9161706369       152.2014332870
       11.3000000000         2.9221639628       135.1172307273
       11.3050000000         2.9279531338       146.5066991004
       11.3100000000         2.9335353506       152.2014332870
       11.3150000000         2.9389079135       157.8961674736
       11.3200000000         2.9440682244       159.7944122024
       11.3250000000         2.9490137879       161.6926569313
       11.3300000000         2.9537422123       163.5909016601
       11.3350000000         2.9582512110       165.4891463890
       11.3400000000         2.9625386034       174.9803700332
       11.3450000000         2.9666023163       176.8786147621
       11.3500000000         2.9704403845       176.8786147621
       11.3550000000         2.9740509518       163.5909016601
       11.3600000000         2.9774322724       182.5733489487
       11.3650000000         2.9805827109       182.5733489487
       11.3700000000         2.9835007439       173.0821253044
       11.3750000000         2.9861849602       197.7593067795
       11.3800000000         2.9886340618       173.0821253044
       11.3850000000         2.9908468643       209.1487751526
       11.3900000000         2.9928222976       190.1663278641
       11.3950000000         2.9945594064       197.7593067795
       11.4000000000         2.9960573507       207.2505304238
       11.4050000000         2.9973154060       188.2680831352
       11.4100000000         2.9983329640       216.7417540680
       11.4150000000         2.9991095326       214.8435093392
       11.4200000000         2.9996447363       209.1487751526
       11.4250000000         2.9999383162       212.9452646103
       11.4300000000         2.9999901304       209.1487751526
       11.4350000000         2.9998001538       212.9452646103
       11.4400000000         2.9993684783       235.7242013566
       11.4450000000         2.9986953126       214.8435093392
       11.4500000000         2.9977809823       218.6399987969
       11.4550000000         2.9966259295       226.2329777123
       11.4600000000         2.9952307128       220.5382435257
       11.4650000000         2.9935960070       239.5206908143
       11.4700000000         2.9917226025       222.4364882546
       11.4750000000         2.9896114053       230.0294671700
       11.4800000000         2.9872634364       233.8259566277
       11.4850000000         2.9846798312       224.3347329835
       11.4900000000         2.9818618391       243.3171802720
       11.4950000000         2.9788108230       241.4189355431
       11.5000000000         2.9755282581       243.3171802720
       11.5050000000         2.9720157321       247.1136697297
       11.5100000000         2.9682749434       243.3171802720
       11.5150000000         2.9643077011       237.6224460854
       11.5200000000         2.9601159237       252.8084039163
       11.5250000000         2.9557016383       233.8259566277
       11.5300000000         2.9510669797       252.8084039163
       11.5350000000         2.9462141891       254.7066486451
       11.5400000000         2.9411456132       237.6224460854
       11.5450000000         2.9358637033       239.5206908143
       11.5500000000         2.9303710135       228.1312224412
       11.5550000000         2.9246702001       254.7066486451
       11.5600000000         2.9187640200       243.3171802720
       11.5650000000         2.9126553293       243.3171802720
       11.5700000000         2.9063470822       252.8084039163
       11.5750000000         2.8998423292       233.8259566277
       11.5800000000         2.8931442161       247.1136697297
       11.5850000000         2.8862559818       252.8084039163
       11.5900000000         2.8791809576       249.0119144586
       11.5950000000         2.8719225649       239.5206908143
       11.6000000000         2.8644843137       237.6224460854
       11.6050000000         2.8568698011       245.2154250008
       11.6100000000         2.8490827095       241.4189355431
       11.6150000000         2.8411268046       252.8084039163
       11.6200000000         2.8330059337       245.2154250008
       11.6250000000         2.8247240242       235.7242013566
       11.6300000000         2.8162850810       241.4189355431
       11.6350000000         2.8076931851       230.0294671700
       11.6400000000         2.7989524915       239.5206908143
       11.6450000000         2.7900672272       247.1136697297
       11.6500000000         2.7810416889       235.7242013566
       11.6550000000         2.7718802414       233.8259566277
       11.6600000000         2.7625873150       235.7242013566
       11.6650000000         2.7531674037       239.5206908143
       11.6700000000         2.7436250629       249.0119144586
       11.6750000000         2.7339649071       226.2329777123
       11.6800000000         2.7241916080       233.8259566277
       11.6850000000         2.7143098919       224.3347329835
       11.6900000000         2.7043245374       214.8435093392
       11.6950000000         2.6942403733       216.7417540680
       11.7000000000         2.6840622763       211.0470198815
       11.7050000000         2.6737951685       224.3347329835
       11.7100000000         2.6634440148       205.3522856949
       11.7150000000         2.6530138211       201.5557962372
       11.7200000000         2.6425096312       199.6575515084
       11.7250000000         2.6319365250       186.3698384064
       11.7300000000         2.6212996154       193.9628173218
       11.7350000000         2.6106040464       188.2680831352
       11.7400000000         2.5998549903       188.2680831352
       11.7450000000         2.5890576451       184.4715936775
       11.7500000000         2.5782172325       180.6751042198
       11.7550000000         2.5673389947       176.8786147621
       11.7600000000         2.5564281924       163.5909016601
       11.7650000000         2.5454901020       176.8786147621
       11.7700000000         2.5345300129       163.5909016601
       11.7750000000         2.5235532254       167.3873911178
       11.7800000000         2.5125650477       157.8961674736
       11.7850000000         2.5015707937       155.9979227447
       11.7900000000         2.4905757801       154.0996780159
       11.7950000000         2.4795853240       133.2189859985
       11.8000000000         2.4686047402       116.1347834388
       11.8050000000         2.4576393389        80.0681335906
       11.8100000000         2.4466944229        49.6962179289
       11.8150000000         2.4357752849         6.0365891652
       11.8200000000         2.4248872054       -11.0476133944
       11.8250000000         2.4140354499        13.6295680807
       11.8300000000         2.4032252660       -14.8441028521
       11.8350000000         2.3924618815         2.2400997075
       11.8400000000         2.3817505015         2.2400997075
       11.8450000000         2.3710963059       -60.4019763446
       11.8500000000         2.3605044470      -121.1458076680
       11.8550000000         2.3499800469       -66.0967105312
       11.8600000000         2.3395281951      -113.5528287526
       11.8650000000         2.3291539461       -77.4861789043
       11.8700000000         2.3188623166      -105.9598498371
       11.8750000000         2.3086582838       -85.0791578197
       11.8800000000         2.2985467821      -119.2475629391
       11.8850000000         2.2885327015      -119.2475629391
       11.8900000000         2.2786208845      -100.2651156506
       11.8950000000         2.2688161245      -113.5528287526
       11.9000000000         2.2591231629      -115.4510734814
       11.9050000000         2.2495466873      -140.1282549565
       11.9100000000         2.2400913287      -115.4510734814
       11.9150000000         2.2307616596      -126.8405418545
       11.9200000000         2.2215621918      -130.6370313122
       11.9250000000         2.2124973740      -115.4510734814
       11.9300000000         2.2035715899      -142.0264996854
       11.9350000000         2.1947891560      -151.5177233296
       11.9400000000         2.1861543194      -134.4335207699
       11.9450000000         2.1776712557      -136.3317654988
       11.9500000000         2.1693440673      -142.0264996854
       11.9550000000         2.1611767813      -153.4159680585
       11.9600000000         2.1531733471      -159.1107022450
       11.9650000000         2.1453376352      -155.3142127873
       11.9700000000         2.1376734349      -153.4159680585
       11.9750000000         2.1301844525      -157.2124575162
       11.9800000000         2.1228743096      -164.8054364316
       11.9850000000         2.1157465414      -181.8896389913
       11.9900000000         2.1088045947      -162.9071917028
       11.9950000000         2.1020518267      -181.8896389913
       12.0000000000         2.0954915028      -157.2124575162
       12.0050000000         2.0891267957      -181.8896389913
       12.0100000000         2.0829607832      -195.1773520933
       12.0150000000         2.0769964472      -187.5843731779
       12.0200000000         2.0712366719      -208.4650651953
       12.0250000000         2.0656842428      -189.4826179067
       12.0300000000         2.0603418449      -200.8720862798
       12.0350000000         2.0552120618      -204.6685757375
       12.0400000000         2.0502973742      -198.9738415510
       12.0450000000         2.0456001588      -221.7527782972
       12.0500000000         2.0411226872      -200.8720862798
       12.0550000000         2.0368671245      -219.8545335684
       12.0600000000         2.0328355288      -214.1597993818
       12.0650000000         2.0290298496      -212.2615546530
       12.0700000000         2.0254519275      -225.5492677549
       12.0750000000         2.0221034926      -219.8545335684
       12.0800000000         2.0189861642      -229.3457572126
       12.0850000000         2.0161014498      -233.1422466704
       12.0900000000         2.0134507445      -233.1422466704
       12.0950000000         2.0110353301      -223.6510230261
       12.1000000000         2.0088563746      -244.5317150435
       12.1050000000         2.0069149319      -231.2440019415
       12.1100000000         2.0052119407      -257.8194281455
       12.1150000000         2.0037482246      -221.7527782972
       12.1200000000         2.0025244915      -246.4299597723
       12.1250000000         2.0015413331      -236.9387361281
       12.1300000000         2.0007992249      -235.0404913992
       12.1350000000         2.0002985258      -254.0229386877
       12.1400000000         2.0000394779      -233.1422466704
       12.1450000000         2.0000222064      -259.7176728743
       12.1500000000         2.0002467198      -231.2440019415
       12.1550000000         2.0007129094      -248.3282045012
       12.1600000000         2.0014205499      -240.7352255858
       12.1650000000         2.0023692989      -246.4299597723
       12.1700000000         2.0035586977      -254.0229386877
       12.1750000000         2.0049881711      -246.4299597723
       12.1800000000         2.0066570279      -236.9387361281
       12.1850000000         2.0085644609      -273.0053859763
       12.1900000000         2.0107095478      -246.4299597723
       12.1950000000         2.0130912513      -244.5317150435
       12.2000000000         2.0157084194      -244.5317150435
       12.2050000000         2.0185597867      -238.8369808569
       12.2100000000         2.0216439742      -246.4299597723
       12.2150000000         2.0249594904      -255.9211834166
       12.2200000000         2.0285047321      -257.8194281455
       12.2250000000         2.0322779846      -242.6334703146
       12.2300000000         2.0362774233      -231.2440019415
       12.2350000000         2.0405011142      -261.6159176032
       12.2400000000         2.0449470147      -244.5317150435
       12.2450000000         2.0496129747      -261.6159176032
       12.2500000000         2.0544967379      -250.2264492300
       12.2550000000         2.0595959425      -248.3282045012
       12.2600000000         2.0649081227      -246.4299597723
       12.2650000000         2.0704307094      -236.9387361281
       12.2700000000         2.0761610320      -259.7176728743
       12.2750000000         2.0820963193      -242.6334703146
       12.2800000000         2.0882337012      -250.2264492300
       12.2850000000         2.0945702096      -246.4299597723
       12.2900000000         2.1011027802      -227.4475124838
       12.2950000000         2.1078282540      -252.1246939589
       12.3000000000         2.1147433786      -233.1422466704
       12.3050000000         2.1218448099      -250.2264492300
       12.3100000000         2.1291291136      -236.9387361281
       12.3150000000         2.1365927673      -235.0404913992
       12.3200000000         2.1442321614      -244.5317150435
       12.3250000000         2.1520436017      -221.7527782972
       12.3300000000         2.1600233106      -254.0229386877
       12.3350000000         2.1681674293      -236.9387361281
       12.3400000000         2.1764720192      -233.1422466704
       12.3450000000         2.1849330644      -248.3282045012
       12.3500000000         2.1935464732      -221.7527782972
       12.3550000000         2.2023080801      -238.8369808569
       12.3600000000         2.2112136483      -225.5492677549
       12.3650000000         2.2202588709      -227.4475124838
       12.3700000000         2.2294393739      -231.2440019415
       12.3750000000         2.2387507176      -240.7352255858
       12.3800000000         2.2481883992      -217.9562888395
       12.3850000000         2.2577478546      -223.6510230261
       12.3900000000         2.2674244610      -219.8545335684
       12.3950000000         2.2772135388      -221.7527782972
       12.4000000000         2.2871103542      -206.5668204664
       12.4050000000         2.2971101212      -206.5668204664
       12.4100000000         2.3072080039      -212.2615546530
       12.4150000000         2.3173991191      -210.3633099241
       12.4200000000         2.3276785384      -193.2791073644
       12.4250000000         2.3380412909      -204.6685757375
       12.4300000000         2.3484823652      -187.5843731779
       12.4350000000         2.3589967120      -200.8720862798
       12.4400000000         2.3695792469      -189.4826179067
       12.4450000000         2.3802248520      -181.8896389913
       12.4500000000         2.3909283793      -185.6861284490
       12.4550000000         2.4016846527      -172.3984153470
       12.4600000000         2.4124884705      -168.6019258893
       12.4650000000         2.4233346081      -176.1949048047
       12.4700000000         2.4342178205      -143.9247444142
       12.4750000000         2.4451328445      -181.8896389913
       12.4800000000         2.4560744017      -157.2124575162
       12.4850000000         2.4670372010      -172.3984153470
       12.4900000000         2.4780159408      -145.8229891431
       12.4950000000         2.4890053120      -151.5177233296
       12.5000000000         2.5000000000      -151.5177233296
       12.5050000000         2.5109946880      -138.2300102277
       12.5100000000         2.5219840592      -126.8405418545
       12.5150000000         2.5329627990       -67.9949552601
       12.5200000000         2.5439255983       -30.0300606830
       12.5250000000         2.5548671555         4.1383444364
       12.5300000000         2.5657821795         9.8330786230
       12.5350000000         2.5766653919        -1.5563897502
       12.5400000000         2.5875115295        -1.5563897502
       12.5450000000         2.5983153473        -7.2511239367
       12.5500000000         2.6090716207         0.3418549787
       12.5550000000         2.6197751480         2.2400997075
       12.5600000000         2.6304207531         2.2400997075
       12.5650000000         2.6410032880         4.1383444364
       12.5700000000         2.6515176348        38.3067495558
       12.5750000000         2.6619587091        74.3733994040
       12.5800000000         2.6723214616        42.1032390135
       12.5850000000         2.6826008809        70.5769099463
       12.5900000000         2.6927919961        51.5944626577
       12.5950000000         2.7028898788        61.0856863020
       12.6000000000         2.7128896458        57.2891968443
       12.6050000000         2.7227864612        87.6611125060
       12.6100000000         2.7325755390        72.4751546751
       12.6150000000         2.7422521454        78.1698888617
       12.6200000000         2.7518116008        78.1698888617
       12.6250000000         2.7612492824        70.5769099463
       12.6300000000         2.7705606261        91.4576019637
       12.6350000000         2.7797411291        87.6611125060
       12.6400000000         2.7887863517        97.1523361502
       12.6450000000         2.7976919199        83.8646230483
       12.6500000000         2.8064535268        99.0505808791
       12.6550000000         2.8150669356        97.1523361502
       12.6600000000         2.8235279808       108.5418045234
       12.6650000000         2.8318325707       112.3382939811
       12.6700000000         2.8399766894       104.7453150657
       12.6750000000         2.8479563983       104.7453150657
       12.6800000000         2.8557678386       114.2365387099
       12.6850000000         2.8634072327       108.5418045234
       12.6900000000         2.8708708864       131.3207412696
       12.6950000000         2.8781551901       118.0330281676
       12.7000000000         2.8852566214       123.7277623542
       12.7050000000         2.8921717460       123.7277623542
       12.7100000000         2.8988972198       127.5242518119
       12.7150000000         2.9054297904       133.2189859985
       12.7200000000         2.9117662988       133.2189859985
       12.7250000000         2.9179036807       146.5066991004
       12.7300000000         2.9238389680       137.0154754562
       12.7350000000         2.9295692906       148.4049438293
       12.7400000000         2.9350918773       154.0996780159
       12.7450000000         2.9404040575       138.9137201850
       12.7500000000         2.9455032621       154.0996780159
       12.7550000000         2.9503870253       150.3031885581
       12.7600000000         2.9550529853       161.6926569313
       12.7650000000         2.9594988858       171.1838805755
       12.7700000000         2.9637225767       169.2856358467
       12.7750000000         2.9677220154       167.3873911178
       12.7800000000         2.9714952679       174.9803700332
       12.7850000000         2.9750405096       184.4715936775
       12.7900000000         2.9783560258       178.7768594910
       12.7950000000         2.9814402133       188.2680831352
       12.8000000000         2.9842915806       190.1663278641
       12.8050000000         2.9869087487       176.8786147621
       12.8100000000         2.9892904522       197.7593067795
       12.8150000000         2.9914355391       188.2680831352
       12.8200000000         2.9933429721       205.3522856949
       12.8250000000         2.9950118289       173.0821253044
       12.8300000000         2.9964413023       193.9628173218
       12.8350000000         2.9976307011       205.3522856949
       12.8400000000         2.9985794501       188.2680831352
       12.8450000000         2.9992870906       211.0470198815
       12.8500000000         2.9997532802       190.1663278641
       12.8550000000         2.9999777936       209.1487751526
       12.8600000000         2.9999605221       199.6575515084
       12.8650000000         2.9997014742       209.1487751526
       12.8700000000         2.9992007751       212.9452646103
       12.8750000000         2.9984586669       224.3347329835
       12.8800000000         2.9974755085       214.8435093392
       12.8850000000         2.9962517754       226.2329777123
       12.8900000000         2.9947880593       212.9452646103
       12.8950000000         2.9930850681       205.3522856949
       12.9000000000         2.9911436254       237.6224460854
       12.9050000000         2.9889646699       231.9277118989
       12.9100000000         2.9865492555       230.0294671700
       12.9150000000         2.9838985502       230.0294671700
       12.9200000000         2.9810138358       233.8259566277
       12.9250000000         2.9778965074       243.3171802720
       12.9300000000         2.9745480725       212.9452646103
       12.9350000000         2.9709701504       245.2154250008
       12.9400000000         2.9671644712       230.0294671700
       12.9450000000         2.9631328755       235.7242013566
       12.9500000000         2.9588773128       237.6224460854
       12.9550000000         2.9543998412       222.4364882546
       12.9600000000         2.9497026258       239.5206908143
       12.9650000000         2.9447879382       228.1312224412
       12.9700000000         2.9396581551       233.8259566277
       12.9750000000         2.9343157572       250.9101591874
       12.9800000000         2.9287633281       241.4189355431
       12.9850000000         2.9230035528       243.3171802720
       12.9900000000         2.9170392168       239.5206908143
       12.9950000000         2.9108732043       226.2329777123
       13.0000000000         2.9045084972       239.5206908143
       13.0050000000         2.8979481733       237.6224460854
       13.0100000000         2.8911954053       233.8259566277
       13.0150000000         2.8842534586       249.0119144586
       13.0200000000         2.8771256904       226.2329777123
       13.0250000000         2.8698155475       233.8259566277
       13.0300000000         2.8623265651       222.4364882546
       13.0350000000         2.8546623648       228.1312224412
       13.0400000000         2.8468266529       249.0119144586
       13.0450000000         2.8388232187       222.4364882546
       13.0500000000         2.8306559327       247.1136697297
       13.0550000000         2.8223287443       207.2505304238
       13.0600000000         2.8138456806       220.5382435257
       13.0650000000         2.8052108440       228.1312224412
       13.0700000000         2.7964284101       233.8259566277
       13.0750000000         2.7875026260       233.8259566277
       13.0800000000         2.7784378082       224.3347329835
       13.0850000000         2.7692383404       205.3522856949
       13.0900000000         2.7599086713       230.0294671700
       13.0950000000         2.7504533127       212.9452646103
       13.1000000000         2.7408768371       220.5382435257
       13.1050000000         2.7311838755       228.1312224412
       13.1100000000         2.7213791155       216.7417540680
       13.1150000000         2.7114672985       207.2505304238
       13.1200000000         2.7014532179       209.1487751526
       13.1250000000         2.6913417162       193.9628173218
       13.1300000000         2.6811376834       207.2505304238
       13.1350000000         2.6708460539       197.7593067795
       13.1400000000         2.6604718049       199.6575515084
       13.1450000000         2.6500199531       192.0645725929
       13.1500000000         2.6394955530       203.4540409661
       13.1550000000         2.6289036941       184.4715936775
       13.1600000000         2.6182494985       188.2680831352
       13.1650000000         2.6075381185       205.3522856949
       13.1700000000         2.5967747340       184.4715936775
       13.1750000000         2.5859645501       182.5733489487
       13.1800000000         2.5751127946       182.5733489487
       13.1850000000         2.5642247151       173.0821253044
       13.1900000000         2.5533055771       169.2856358467
       13.1950000000         2.5423606611       159.7944122024
       13.2000000000         2.5313952598       161.6926569313
       13.2050000000         2.5204146760       159.7944122024
       13.2100000000         2.5094242199       154.0996780159
       13.2150000000         2.4984292063       146.5066991004
       13.2200000000         2.4874349523       129.4224965408
       13.2250000000         2.4764467746       118.0330281676
       13.2300000000         2.4654699871        95.2540914214
       13.2350000000         2.4545098980        38.3067495558
       13.2400000000         2.4435718076         7.9348338941
       13.2450000000         2.4326610053       -12.9458581233
       13.2500000000         2.4217827675         0.3418549787
       13.2550000000         2.4109423549        -1.5563897502
       13.2600000000         2.4001450097         9.8330786230
       13.2650000000         2.3893959536        -7.2511239367
       13.2700000000         2.3787003846       -35.7247948695
       13.2750000000         2.3680634750      -123.0440523968
       13.2800000000         2.3574903688       -66.0967105312
       13.2850000000         2.3469861789       -85.0791578197
       13.2900000000         2.3365559852       -79.3844236332
       13.2950000000         2.3262048315      -104.0616051083
       13.3000000000         2.3159377237       -88.8756472775
       13.3050000000         2.3057596267      -107.8580945660
       13.3100000000         2.2956754626      -113.5528287526
       13.3150000000         2.2856901081       -96.4686261929
       13.3200000000         2.2758083920      -100.2651156506
       13.3250000000         2.2660350929      -100.2651156506
       13.3300000000         2.2563749371      -123.0440523968
       13.3350000000         2.2468325963      -124.9422971257
       13.3400000000         2.2374126850      -123.0440523968
       13.3450000000         2.2281197586      -128.7387865834
       13.3500000000         2.2189583111      -130.6370313122
       13.3550000000         2.2099327728      -134.4335207699
       13.3600000000         2.2010475085      -136.3317654988
       13.3650000000         2.1923068149      -136.3317654988
       13.3700000000         2.1837149190      -142.0264996854
       13.3750000000         2.1752759758      -134.4335207699
       13.3800000000         2.1669940663      -142.0264996854
       13.3850000000         2.1588731954      -162.9071917028
       13.3900000000         2.1509172905      -138.2300102277
       13.3950000000         2.1431301989      -155.3142127873
       13.4000000000         2.1355156863      -149.6194786008
       13.4050000000         2.1280774351      -164.8054364316
       13.4100000000         2.1208190424      -157.2124575162
       13.4150000000         2.1137440182      -157.2124575162
       13.4200000000         2.1068557839      -168.6019258893
       13.4250000000         2.1001576708      -174.2966600759
       13.4300000000         2.0936529178      -181.8896389913
       13.4350000000         2.0873446707      -172.3984153470
       13.4400000000         2.0812359800      -181.8896389913
       13.4450000000         2.0753297999      -193.2791073644
       13.4500000000         2.0696289865      -164.8054364316
       13.4550000000         2.0641362967      -204.6685757375
       13.4600000000         2.0588543868      -179.9913942624
       13.4650000000         2.0537858109      -206.5668204664
       13.4700000000         2.0489330203      -204.6685757375
       13.4750000000         2.0442983617      -191.3808626356
       13.4800000000         2.0398840763      -206.5668204664
       13.4850000000         2.0356922989      -195.1773520933
       13.4900000000         2.0317250566      -225.5492677549
       13.4950000000         2.0279842679      -193.2791073644
       13.5000000000         2.0244717419      -227.4475124838
       13.5050000000         2.0211891770      -204.6685757375
       13.5100000000         2.0181381609      -219.8545335684
       13.5150000000         2.0153201688      -198.9738415510
       13.5200000000         2.0127365636      -202.7703310087
       13.5250000000         2.0103885947      -219.8545335684
       13.5300000000         2.0082773975      -216.0580441107
       13.5350000000         2.0064039930      -229.3457572126
       13.5400000000         2.0047692872      -221.7527782972
       13.5450000000         2.0033740705      -236.9387361281
       13.5500000000         2.0022190177      -204.6685757375
       13.5550000000         2.0013046874      -236.9387361281
       13.5600000000         2.0006315217      -219.8545335684
       13.5650000000         2.0001998462      -229.3457572126
       13.5700000000         2.0000098696      -217.9562888395
       13.5750000000         2.0000616838      -227.4475124838
       13.5800000000         2.0003552637      -236.9387361281
       13.5850000000         2.0008904674      -225.5492677549
       13.5900000000         2.0016670360      -246.4299597723
       13.5950000000         2.0026845940      -233.1422466704
       13.6000000000         2.0039426493      -240.7352255858
       13.6050000000         2.0054405936      -227.4475124838
       13.6100000000         2.0071777024      -267.3106517897
       13.6150000000         2.0091531357      -225.5492677549
       13.6200000000         2.0113659382      -248.3282045012
       13.6250000000         2.0138150398      -236.9387361281
       13.6300000000         2.0164992561      -246.4299597723
       13.6350000000         2.0194172891      -248.3282045012
       13.6400000000         2.0225677276      -242.6334703146
       13.6450000000         2.0259490482      -238.8369808569
       13.6500000000         2.0295596155      -242.6334703146
       13.6550000000         2.0333976837      -238.8369808569
       13.6600000000         2.0374613966      -259.7176728743
       13.6650000000         2.0417487890      -231.2440019415
       13.6700000000         2.0462577877      -255.9211834166
       13.6750000000         2.0509862121      -231.2440019415
       13.6800000000         2.0559317756      -252.1246939589
       13.6850000000         2.0610920865      -250.2264492300
       13.6900000000         2.0664646494      -227.4475124838
       13.6950000000         2.0720468662      -254.0229386877
       13.7000000000         2.0778360372      -225.5492677549
       13.7050000000         2.0838293631      -250.2264492300
       13.7100000000         2.0900239453      -246.4299597723
       13.7150000000         2.0964167884      -233.1422466704
       13.7200000000         2.1030048007      -254.0229386877
       13.7250000000         2.1097847963      -227.4475124838
       13.7300000000         2.1167534966      -240.7352255858
       13.7350000000         2.1239075315      -240.7352255858
       13.7400000000         2.1312434413      -229.3457572126
       13.7450000000         2.1387576786      -235.0404913992
       13.7500000000         2.1464466094      -248.3282045012
       13.7550000000         2.1543065155      -235.0404913992
       13.7600000000         2.1623335959      -248.3282045012
       13.7650000000         2.1705239688      -225.5492677549
       13.7700000000         2.1788736734      -244.5317150435
       13.7750000000         2.1873786718      -240.7352255858
       13.7800000000         2.1960348512      -227.4475124838
       13.7850000000         2.2048380253      -235.0404913992
       13.7900000000         2.2137839372      -217.9562888395
       13.7950000000         2.2228682606      -219.8545335684
       13.8000000000         2.2320866025      -219.8545335684
       13.8050000000         2.2414345049      -216.0580441107
       13.8100000000         2.2509074473      -219.8545335684
       13.8150000000         2.2605008487      -195.1773520933
       13.8200000000         2.2702100697      -214.1597993818
       13.8250000000         2.2800304151      -197.0755968221
       13.8300000000         2.2899571358      -200.8720862798
       13.8350000000         2.2999854314      -197.0755968221
       13.8400000000         2.3101104522      -210.3633099241
       13.8450000000         2.3203273020      -189.4826179067
       13.8500000000         2.3306310399      -210.3633099241
       13.8550000000         2.3410166831      -189.4826179067
       13.8600000000         2.3514792092      -195.1773520933
       13.8650000000         2.3620135587      -189.4826179067
       13.8700000000         2.3726146372      -191.3808626356
       13.8750000000         2.3832773181      -187.5843731779
       13.8800000000         2.3939964450      -174.2966600759
       13.8850000000         2.4047668344      -202.7703310087
       13.8900000000         2.4155832776      -166.7036811605
       13.8950000000         2.4264405441      -172.3984153470
       13.9000000000         2.4373333832      -179.9913942624
       13.9050000000         2.4482565274      -155.3142127873
       13.9100000000         2.4592046942      -170.5001706182
       13.9150000000         2.4701725893      -147.7212338719
       13.9200000000         2.4811549087      -168.6019258893
       13.9250000000         2.4921463413      -143.9247444142
       13.9300000000         2.5031415720      -143.9247444142
       13.9350000000         2.5141352834      -119.2475629391
       13.9400000000         2.5251221591      -109.7563392948
       13.9450000000         2.5360968859       -56.6054868869
       13.9500000000         2.5470541567       -20.5388370387
       13.9550000000         2.5579886724         9.8330786230
       13.9600000000         2.5688951453        11.7313233518
       13.9650000000         2.5797683012        -5.3528792079
       13.9700000000         2.5906028818        -5.3528792079
       13.9750000000         2.6013936477        -3.4546344790
       13.9800000000         2.6121353805        -1.5563897502
       13.9850000000         2.6228228856        -1.5563897502
       13.9900000000         2.6334509947         0.3418549787
       13.9950000000         2.6440145680         0.3418549787
       14.0000000000         2.6545084972        36.4085048269
       14.0050000000         2.6649277074        87.6611125060
       14.0100000000         2.6752671601        47.7979732000
       14.0150000000         2.6855218551        68.6786652174
       14.0200000000         2.6956868334        53.4927073866
       14.0250000000         2.7057571793        55.3909521154
       14.0300000000         2.7157280228        61.0856863020
       14.0350000000         2.7255945422        76.2716441328
       14.0400000000         2.7353519661        85.7628677771
       14.0450000000         2.7449955758        78.1698888617
       14.0500000000         2.7545207079        83.8646230483
       14.0550000000         2.7639227560        72.4751546751
       14.0600000000         2.7731971734        87.6611125060
       14.0650000000         2.7823394750        89.5593572348
       14.0700000000         2.7913452398        91.4576019637
       14.0750000000         2.8002101127        91.4576019637
       14.0800000000         2.8089298065        95.2540914214
       14.0850000000         2.8175001047        93.3558466925
       14.0900000000         2.8259168627        99.0505808791
       14.0950000000         2.8341760101        97.1523361502
       14.1000000000         2.8422735530       119.9312728965
       14.1050000000         2.8502055754       116.1347834388
       14.1100000000         2.8579682415       131.3207412696
       14.1150000000         2.8655577974       116.1347834388
       14.1200000000         2.8729705727       131.3207412696
       14.1250000000         2.8802029828       123.7277623542
       14.1300000000         2.8872515301       127.5242518119
       14.1350000000         2.8941128060       137.0154754562
       14.1400000000         2.9007834924       133.2189859985
       14.1450000000         2.9072603635       148.4049438293
       14.1500000000         2.9135402871       142.7102096427
       14.1550000000         2.9196202263       146.5066991004
       14.1600000000         2.9254972409       144.6084543716
       14.1650000000         2.9311684888       157.8961674736
       14.1700000000         2.9366312274       142.7102096427
       14.1750000000         2.9418828150       161.6926569313
       14.1800000000         2.9469207121       167.3873911178
       14.1850000000         2.9517424822       161.6926569313
       14.1900000000         2.9563457937       161.6926569313
       14.1950000000         2.9607284204       165.4891463890
       14.2000000000         2.9648882429       167.3873911178
       14.2050000000         2.9688232496       174.9803700332
       14.2100000000         2.9725315376       163.5909016601
       14.2150000000         2.9760113135       174.9803700332
       14.2200000000         2.9792608945       174.9803700332
       14.2250000000         2.9822787092       182.5733489487
       14.2300000000         2.9850632982       190.1663278641
       14.2350000000         2.9876133150       176.8786147621
       14.2400000000         2.9899275262       190.1663278641
       14.2450000000         2.9920048128       174.9803700332
       14.2500000000         2.9938441703       211.0470198815
       14.2550000000         2.9954447091       192.0645725929
       14.2600000000         2.9968056553       192.0645725929
       14.2650000000         2.9979263506       205.3522856949
       14.2700000000         2.9988062532       201.5557962372
       14.2750000000         2.9994449375       214.8435093392
       14.2800000000         2.9998420946       205.3522856949
       14.2850000000         2.9999975326       207.2505304238
       14.2900000000         2.9999111762       214.8435093392
       14.2950000000         2.9995830672       201.5557962372
       14.3000000000         2.9990133642       220.5382435257
       14.3050000000         2.9982023428       205.3522856949
       14.3100000000         2.9971503952       224.3347329835
       14.3150000000         2.9958580301       222.4364882546
       14.3200000000         2.9943258724       224.3347329835
       14.3250000000         2.9925546631       216.7417540680
       14.3300000000         2.9905452587       220.5382435257
       14.3350000000         2.9882986310       212.9452646103
       14.3400000000         2.9858158665       230.0294671700
       14.3450000000         2.9830981656       222.4364882546
       14.3500000000         2.9801468428       222.4364882546
       14.3550000000         2.9769633253       228.1312224412
       14.3600000000         2.9735491525       237.6224460854
       14.3650000000         2.9699059755       241.4189355431
       14.3700000000         2.9660355562       222.4364882546
       14.3750000000         2.9619397663       233.8259566277
       14.3800000000         2.9576205863       247.1136697297
       14.3850000000         2.9530801051       235.7242013566
       14.3900000000         2.9483205184       243.3171802720
       14.3950000000         2.9433441279       233.8259566277
       14.4000000000         2.9381533400       235.7242013566
       14.4050000000         2.9327506651       250.9101591874
       14.4100000000         2.9271387158       228.1312224412
       14.4150000000         2.9213202061       252.8084039163
       14.4200000000         2.9152979496       235.7242013566
       14.4250000000         2.9090748587       237.6224460854
       14.4300000000         2.9026539429       252.8084039163
       14.4350000000         2.8960383071       237.6224460854
       14.4400000000         2.8892311508       245.2154250008
       14.4450000000         2.8822357657       230.0294671700
       14.4500000000         2.8750555348       237.6224460854
       14.4550000000         2.8676939304       241.4189355431
       14.4600000000         2.8601545124       233.8259566277
       14.4650000000         2.8524409270       243.3171802720
       14.4700000000         2.8445569042       231.9277118989
       14.4750000000         2.8365062568       220.5382435257
       14.4800000000         2.8282928779       249.0119144586
       14.4850000000         2.8199207395       226.2329777123
       14.4900000000         2.8113938902       226.2329777123
       14.4950000000         2.8027164537       235.7242013566
       14.5000000000         2.7938926261       220.5382435257
       14.5050000000         2.7849266747       224.3347329835
       14.5100000000         2.7758229353       211.0470198815
       14.5150000000         2.7665858104       211.0470198815
       14.5200000000         2.7572197669       237.6224460854
       14.5250000000         2.7477293342       214.8435093392
       14.5300000000         2.7381191018       222.4364882546
       14.5350000000         2.7283937172       212.9452646103
       14.5400000000         2.7185578833       203.4540409661
       14.5450000000         2.7086163568       214.8435093392
       14.5500000000         2.6985739453       212.9452646103
       14.5550000000         2.6884355052       205.3522856949
       14.5600000000         2.6782059394       205.3522856949
       14.5650000000         2.6678901947       188.2680831352
       14.5700000000         2.6574932598       195.8610620506
       14.5750000000         2.6470201626       195.8610620506
       14.5800000000         2.6364759678       188.2680831352
       14.5850000000         2.6258657743       199.6575515084
       14.5900000000         2.6151947133       182.5733489487
       14.5950000000         2.6044679452       195.8610620506
       14.6000000000         2.5936906573       169.2856358467
       14.6050000000         2.5828680614       169.2856358467
       14.6100000000         2.5720053913       182.5733489487
       14.6150000000         2.5611079000       163.5909016601
       14.6200000000         2.5501808574       159.7944122024
       14.6250000000         2.5392295479       159.7944122024
       14.6300000000         2.5282592672       174.9803700332
       14.6350000000         2.5172753207       157.8961674736
       14.6400000000         2.5062830199       146.5066991004
       14.6450000000         2.4952876808       157.8961674736
       14.6500000000         2.4842946205       133.2189859985
       14.6550000000         2.4733091551       114.2365387099
       14.6600000000         2.4623365972        85.7628677771
       14.6650000000         2.4513822530        61.0856863020
       14.6700000000         2.4404514200        32.6120153692
       14.6750000000         2.4295493840        -5.3528792079
       14.6800000000         2.4186814174       -11.0476133944
       14.6850000000         2.4078527757         2.2400997075
       14.6900000000         2.3970686956        11.7313233518
       14.6950000000         2.3863343922       -28.1318159541
       14.7000000000         2.3756550564      -109.7563392948
       14.7050000000         2.3650358528       -75.5879341755
       14.7100000000         2.3544819166       -92.6721367352
       14.7150000000         2.3439983517       -73.6896894466
       14.7200000000         2.3335902277       -86.9774025486
       14.7250000000         2.3232625781       -92.6721367352
       14.7300000000         2.3130203971       -85.0791578197
       14.7350000000         2.3028686378      -115.4510734814
       14.7400000000         2.2928122095       -98.3668709217
       14.7450000000         2.2828559754      -105.9598498371
       14.7500000000         2.2730047501      -104.0616051083
       14.7550000000         2.2632632978      -111.6545840237
       14.7600000000         2.2536363292      -117.3493182103
       14.7650000000         2.2441284999      -124.9422971257
       14.7700000000         2.2347444078      -128.7387865834
       14.7750000000         2.2254885910      -124.9422971257
       14.7800000000         2.2163655254      -132.5352760411
       14.7850000000         2.2073796230      -130.6370313122
       14.7900000000         2.1985352292      -130.6370313122
       14.7950000000         2.1898366210      -143.9247444142
       14.8000000000         2.1812880051      -140.1282549565
       14.8050000000         2.1728935155      -134.4335207699
       14.8100000000         2.1646572117      -161.0089469739
       14.8150000000         2.1565830767      -151.5177233296
       14.8200000000         2.1486750151      -157.2124575162
       14.8250000000         2.1409368511      -157.2124575162
       14.8300000000         2.1333723269      -159.1107022450
       14.8350000000         2.1259851005      -161.0089469739
       14.8400000000         2.1187787445      -151.5177233296
       14.8450000000         2.1117567437      -172.3984153470
       14.8500000000         2.1049224938      -153.4159680585
       14.8550000000         2.0982792999      -191.3808626356
       14.8600000000         2.0918303746      -166.7036811605
       14.8650000000         2.0855788365      -185.6861284490
       14.8700000000         2.0795277089      -178.0931495336
       14.8750000000         2.0736799178      -176.1949048047
       14.8800000000         2.0680382914      -176.1949048047
       14.8850000000         2.0626055578      -178.0931495336
       14.8900000000         2.0573843443      -187.5843731779
       14.8950000000         2.0523771758      -191.3808626356
       14.9000000000         2.0475864738      -176.1949048047
       14.9050000000         2.0430145549      -210.3633099241
       14.9100000000         2.0386636301      -185.6861284490
       14.9150000000         2.0345358034      -208.4650651953
       14.9200000000         2.0306330712      -189.4826179067
       14.9250000000         2.0269573206      -189.4826179067
       14.9300000000         2.0235103292      -206.5668204664
       14.9350000000         2.0202937641      -197.0755968221
       14.9400000000         2.0173091806      -214.1597993818
       14.9450000000         2.0145580221      -197.0755968221
       14.9500000000         2.0120416190      -208.4650651953
       14.9550000000         2.0097611883      -202.7703310087
       14.9600000000         2.0077178327      -216.0580441107
       14.9650000000         2.0059125404      -208.4650651953
       14.9700000000         2.0043461845      -216.0580441107
       14.9750000000         2.0030195223      -212.2615546530
       14.9800000000         2.0019331954      -223.6510230261
       14.9850000000         2.0010877293      -221.7527782972
       14.9900000000         2.0004835327      -223.6510230261
       14.9950000000         2.0001208978      -227.4475124838
       15.0000000000         2.0000000000      -216.0580441107
       15.0050000000         2.0001208978      -233.1422466704
       15.0100000000         2.0004835327      -233.1422466704
       15.0150000000         2.0010877293      -236.9387361281
       15.0200000000         2.0019331954      -231.2440019415
       15.0250000000         2.0030195223      -225.5492677549
       15.0300000000         2.0043461845      -233.1422466704
       15.0350000000         2.0059125404      -242.6334703146
       15.0400000000         2.0077178327      -223.6510230261
       15.0450000000         2.0097611883      -248.3282045012
       15.0500000000         2.0120416190      -219.8545335684
       15.0550000000         2.0145580221      -244.5317150435
       15.0600000000         2.0173091806      -233.1422466704
       15.0650000000         2.0202937641      -240.7352255858
       15.0700000000         2.0235103292      -240.7352255858
       15.0750000000         2.0269573206      -221.7527782972
       15.0800000000         2.0306330712      -252.1246939589
       15.0850000000         2.0345358034      -235.0404913992
       15.0900000000         2.0386636301      -246.4299597723
       15.0950000000         2.0430145549      -248.3282045012
       15.1000000000         2.0475864738      -236.9387361281
       15.1050000000         2.0523771758      -257.8194281455
       15.1100000000         2.0573843443      -248.3282045012
       15.1150000000         2.0626055578      -233.1422466704
       15.1200000000         2.0680382914      -246.4299597723
       15.1250000000         2.0736799178      -236.9387361281
       15.1300000000         2.0795277089      -242.6334703146
       15.1350000000         2.0855788365      -252.1246939589
       15.1400000000         2.0918303746      -233.1422466704
       15.1450000000         2.0982792999      -246.4299597723
       15.1500000000         2.1049224938      -248.3282045012
       15.1550000000         2.1117567437      -250.2264492300
       15.1600000000         2.1187787445      -248.3282045012
       15.1650000000         2.1259851005      -231.2440019415
       15.1700000000         2.1333723269      -250.2264492300
       15.1750000000         2.1409368511      -233.1422466704
       15.1800000000         2.1486750151      -236.9387361281
       15.1850000000         2.1565830767      -233.1422466704
       15.1900000000         2.1646572117      -235.0404913992
       15.1950000000         2.1728935155      -240.7352255858
       15.2000000000         2.1812880051      -212.2615546530
       15.2050000000         2.1898366210      -229.3457572126
       15.2100000000         2.1985352292      -223.6510230261
       15.2150000000         2.2073796230      -214.1597993818
       15.2200000000         2.2163655254      -238.8369808569
       15.2250000000         2.2254885910      -204.6685757375
       15.2300000000         2.2347444078      -229.3457572126
       15.2350000000         2.2441284999      -238.8369808569
       15.2400000000         2.2536363292      -221.7527782972
       15.2450000000         2.2632632978      -231.2440019415
       15.2500000000         2.2730047501      -219.8545335684
       15.2550000000         2.2828559754      -204.6685757375
       15.2600000000         2.2928122095      -236.9387361281
       15.2650000000         2.3028686378      -197.0755968221
       15.2700000000         2.3130203971      -212.2615546530
       15.2750000000         2.3232625781      -212.2615546530
       15.2800000000         2.3335902277      -197.0755968221
       15.2850000000         2.3439983517      -212.2615546530
       15.2900000000         2.3544819166      -198.9738415510
       15.2950000000         2.3650358528      -202.7703310087
       15.3000000000         2.3756550564      -189.4826179067
       15.3050000000         2.3863343922      -206.5668204664
       15.3100000000         2.3970686956      -195.1773520933
       15.3150000000         2.4078527757      -189.4826179067
       15.3200000000         2.4186814174      -191.3808626356
       15.3250000000         2.4295493840      -174.2966600759
       15.3300000000         2.4404514200      -191.3808626356
       15.3350000000         2.4513822530      -176.1949048047
       15.3400000000         2.4623365972      -166.7036811605
       15.3450000000         2.4733091551      -176.1949048047
       15.3500000000         2.4842946205      -161.0089469739
       15.3550000000         2.4952876808      -178.0931495336
       15.3600000000         2.5062830199      -140.1282549565
       15.3650000000         2.5172753207      -143.9247444142
       15.3700000000         2.5282592672      -119.2475629391
       15.3750000000         2.5392295479       -73.6896894466
       15.3800000000         2.5501808574       -54.7072421581
       15.3850000000         2.5611079000        -1.5563897502
       15.3900000000         2.5720053913         9.8330786230
       15.3950000000         2.5828680614         2.2400997075
       15.4000000000         2.5936906573         2.2400997075
       15.4050000000         2.6044679452        -5.3528792079
       15.4100000000         2.6151947133        -3.4546344790
       15.4150000000         2.6258657743        -3.4546344790
       15.4200000000         2.6364759678        -5.3528792079
       15.4250000000         2.6470201626        -1.5563897502
       15.4300000000         2.6574932598        30.7137706403
       15.4350000000         2.6678901947        99.0505808791
       15.4400000000         2.6782059394        51.5944626577
       15.4450000000         2.6884355052        66.7804204886
       15.4500000000         2.6985739453        68.6786652174
       15.4550000000         2.7086163568        78.1698888617
       15.4600000000         2.7185578833        68.6786652174
       15.4650000000         2.7283937172        74.3733994040
       15.4700000000         2.7381191018        91.4576019637
       15.4750000000         2.7477293342        85.7628677771
       15.4800000000         2.7572197669        97.1523361502
       15.4850000000         2.7665858104        87.6611125060
       15.4900000000         2.7758229353        93.3558466925
       15.4950000000         2.7849266747        97.1523361502
       15.5000000000         2.7938926261        97.1523361502
       15.5050000000         2.8027164537       108.5418045234
       15.5100000000         2.8113938902        97.1523361502
       15.5150000000         2.8199207395       102.8470703368
       15.5200000000         2.8282928779        99.0505808791
       15.5250000000         2.8365062568       102.8470703368
       15.5300000000         2.8445569042       108.5418045234
       15.5350000000         2.8524409270       106.6435597945
       15.5400000000         2.8601545124       119.9312728965
       15.5450000000         2.8676939304       121.8295176253
       15.5500000000         2.8750555348       116.1347834388
       15.5550000000         2.8822357657       127.5242518119
       15.5600000000         2.8892311508       127.5242518119
       15.5650000000         2.8960383071       118.0330281676
       15.5700000000         2.9026539429       118.0330281676
       15.5750000000         2.9090748587       129.4224965408
       15.5800000000         2.9152979496       131.3207412696
       15.5850000000         2.9213202061       123.7277623542
       15.5900000000         2.9271387158       118.0330281676
       15.5950000000         2.9327506651       129.4224965408
       15.6000000000         2.9381533400       131.3207412696
       15.6050000000         2.9433441279       148.4049438293
       15.6100000000         2.9483205184       144.6084543716
       15.6150000000         2.9530801051       140.8119649139
       15.6200000000         2.9576205863       159.7944122024
       15.6250000000         2.9619397663       159.7944122024
       15.6300000000         2.9660355562       161.6926569313
       15.6350000000         2.9699059755       159.7944122024
       15.6400000000         2.9735491525       171.1838805755
       15.6450000000         2.9769633253       161.6926569313
       15.6500000000         2.9801468428       178.7768594910
       15.6550000000         2.9830981656       176.8786147621
       15.6600000000         2.9858158665       188.2680831352
       15.6650000000         2.9882986310       174.9803700332
       15.6700000000         2.9905452587       178.7768594910
       15.6750000000         2.9925546631       188.2680831352
       15.6800000000         2.9943258724       176.8786147621
       15.6850000000         2.9958580301       205.3522856949
       15.6900000000         2.9971503952       182.5733489487
       15.6950000000         2.9982023428       182.5733489487
       15.7000000000         2.9990133642       199.6575515084
       15.7050000000         2.9995830672       182.5733489487
       15.7100000000         2.9999111762       199.6575515084
       15.7150000000         2.9999975326       195.8610620506
       15.7200000000         2.9998420946       188.2680831352
       15.7250000000         2.9994449375       205.3522856949
       15.7300000000         2.9988062532       188.2680831352
       15.7350000000         2.9979263506       207.2505304238
       15.7400000000         2.9968056553       192.0645725929
       15.7450000000         2.9954447091       209.1487751526
       15.7500000000         2.9938441703       214.8435093392
       15.7550000000         2.9920048128       207.2505304238
       15.7600000000         2.9899275262       220.5382435257
       15.7650000000         2.9876133150       209.1487751526
       15.7700000000         2.9850632982       218.6399987969
       15.7750000000         2.9822787092       207.2505304238
       15.7800000000         2.9792608945       222.4364882546
       15.7850000000         2.9760113135       214.8435093392
       15.7900000000         2.9725315376       222.4364882546
       15.7950000000         2.9688232496       214.8435093392
       15.8000000000         2.9648882429       231.9277118989
       15.8050000000         2.9607284204       226.2329777123
       15.8100000000         2.9563457937       230.0294671700
       15.8150000000         2.9517424822       212.9452646103
       15.8200000000         2.9469207121       220.5382435257
       15.8250000000         2.9418828150       214.8435093392
       15.8300000000         2.9366312274       231.9277118989
       15.8350000000         2.9311684888       211.0470198815
       15.8400000000         2.9254972409       218.6399987969
       15.8450000000         2.9196202263       224.3347329835
       15.8500000000         2.9135402871       230.0294671700
       15.8550000000         2.9072603635       230.0294671700
       15.8600000000         2.9007834924       230.0294671700
       15.8650000000         2.8941128060       226.2329777123
       15.8700000000         2.8872515301       241.4189355431
       15.8750000000         2.8802029828       230.0294671700
       15.8800000000         2.8729705727       228.1312224412
       15.8850000000         2.8655577974       233.8259566277
       15.8900000000         2.8579682415       222.4364882546
       15.8950000000         2.8502055754       237.6224460854
       15.9000000000         2.8422735530       233.8259566277
       15.9050000000         2.8341760101       212.9452646103
       15.9100000000         2.8259168627       231.9277118989
       15.9150000000         2.8175001047       214.8435093392
       15.9200000000         2.8089298065       233.8259566277
       15.9250000000         2.8002101127       214.8435093392
       15.9300000000         2.7913452398       214.8435093392
       15.9350000000         2.7823394750       220.5382435257
       15.9400000000         2.7731971734       207.2505304238
       15.9450000000         2.7639227560       220.5382435257
       15.9500000000         2.7545207079       224.3347329835
       15.9550000000         2.7449955758       212.9452646103
       15.9600000000         2.7353519661       220.5382435257
       15.9650000000         2.7255945422       209.1487751526
       15.9700000000         2.7157280228       212.9452646103
       15.9750000000         2.7057571793       203.4540409661
       15.9800000000         2.6956868334       212.9452646103
       15.9850000000         2.6855218551       192.0645725929
       15.9900000000         2.6752671601       205.3522856949
       15.9950000000         2.6649277074       205.3522856949
       16.0000000000         2.6545084972       188.2680831352
       16.0050000000         2.6440145680       188.2680831352
       16.0100000000         2.6334509947       174.9803700332
       16.0150000000         2.6228228856       174.9803700332
       16.0200000000         2.6121353805       173.0821253044
       16.0250000000         2.6013936477       182.5733489487
       16.0300000000         2.5906028818       171.1838805755
       16.0350000000         2.5797683012       169.2856358467
       16.0400000000         2.5688951453       171.1838805755
       16.0450000000         2.5579886724       161.6926569313
       16.0500000000         2.5470541567       167.3873911178
       16.0550000000         2.5360968859       157.8961674736
       16.0600000000         2.5251221591       161.6926569313
       16.0650000000         2.5141352834       148.4049438293
       16.0700000000         2.5031415720       157.8961674736
       16.0750000000         2.4921463413       138.9137201850
       16.0800000000         2.4811549087       135.1172307273
       16.0850000000         2.4701725893       108.5418045234
       16.0900000000         2.4592046942        76.2716441328
       16.0950000000         2.4482565274        51.5944626577
       16.1000000000         2.4373333832        15.5278128095
       16.1050000000         2.4264405441       -12.9458581233
       16.1100000000         2.4155832776         6.0365891652
       16.1150000000         2.4047668344         2.2400997075
       16.1200000000         2.3939964450         2.2400997075
       16.1250000000         2.3832773181       -12.9458581233
       16.1300000000         2.3726146372      -111.6545840237
       16.1350000000         2.3620135587       -67.9949552601
       16.1400000000         2.3514792092       -90.7738920063
       16.1450000000         2.3410166831       -77.4861789043
       16.1500000000         2.3306310399       -90.7738920063
       16.1550000000         2.3203273020       -86.9774025486
       16.1600000000         2.3101104522       -90.7738920063
       16.1650000000         2.2999854314      -113.5528287526
       16.1700000000         2.2899571358      -105.9598498371
       16.1750000000         2.2800304151      -100.2651156506
       16.1800000000         2.2702100697       -90.7738920063
       16.1850000000         2.2605008487      -121.1458076680
       16.1900000000         2.2509074473      -109.7563392948
       16.1950000000         2.2414345049      -111.6545840237
       16.2000000000         2.2320866025      -104.0616051083
       16.2050000000         2.2228682606      -107.8580945660
       16.2100000000         2.2137839372      -119.2475629391
       16.2150000000         2.2048380253      -117.3493182103
       16.2200000000         2.1960348512      -124.9422971257
       16.2250000000         2.1873786718      -119.2475629391
       16.2300000000         2.1788736734      -123.0440523968
       16.2350000000         2.1705239688      -126.8405418545
       16.2400000000         2.1623335959      -143.9247444142
       16.2450000000         2.1543065155      -147.7212338719
       16.2500000000         2.1464466094      -134.4335207699
       16.2550000000         2.1387576786      -155.3142127873
       16.2600000000         2.1312434413      -145.8229891431
       16.2650000000         2.1239075315      -157.2124575162
       16.2700000000         2.1167534966      -157.2124575162
       16.2750000000         2.1097847963      -138.2300102277
       16.2800000000         2.1030048007      -162.9071917028
       16.2850000000         2.0964167884      -143.9247444142
       16.2900000000         2.0900239453      -174.2966600759
       16.2950000000         2.0838293631      -157.2124575162
       16.3000000000         2.0778360372      -172.3984153470
       16.3050000000         2.0720468662      -162.9071917028
       16.3100000000         2.0664646494      -162.9071917028
       16.3150000000         2.0610920865      -185.6861284490
       16.3200000000         2.0559317756      -162.9071917028
       16.3250000000         2.0509862121      -200.8720862798
       16.3300000000         2.0462577877      -172.3984153470
       16.3350000000         2.0417487890      -195.1773520933
       16.3400000000         2.0374613966      -187.5843731779
       16.3450000000         2.0333976837      -187.5843731779
       16.3500000000         2.0295596155      -204.6685757375
       16.3550000000         2.0259490482      -191.3808626356
       16.3600000000         2.0225677276      -202.7703310087
       16.3650000000         2.0194172891      -197.0755968221
       16.3700000000         2.0164992561      -195.1773520933
       16.3750000000         2.0138150398      -197.0755968221
       16.3800000000         2.0113659382      -198.9738415510
       16.3850000000         2.0091531357      -219.8545335684
       16.3900000000         2.0071777024      -183.7878837202
       16.3950000000         2.0054405936      -225.5492677549
       16.4000000000         2.0039426493      -195.1773520933
       16.4050000000         2.0026845940      -221.7527782972
       16.4100000000         2.0016670360      -221.7527782972
       16.4150000000         2.0008904674      -189.4826179067
       16.4200000000         2.0003552637      -236.9387361281
       16.4250000000         2.0000616838      -214.1597993818
       16.4300000000         2.0000098696      -236.9387361281
       16.4350000000         2.0001998462      -217.9562888395
       16.4400000000         2.0006315217      -238.8369808569
       16.4450000000         2.0013046874      -212.2615546530
       16.4500000000         2.0022190177      -233.1422466704
       16.4550000000         2.0033740705      -225.5492677549
       16.4600000000         2.0047692872      -248.3282045012
       16.4650000000         2.0064039930      -235.0404913992
       16.4700000000         2.0082773975      -231.2440019415
       16.4750000000         2.0103885947      -246.4299597723
       16.4800000000         2.0127365636      -240.7352255858
       16.4850000000         2.0153201688      -242.6334703146
       16.4900000000         2.0181381609      -255.9211834166
       16.4950000000         2.0211891770      -248.3282045012
       16.5000000000         2.0244717419      -233.1422466704
       16.5050000000         2.0279842679      -248.3282045012
       16.5100000000         2.0317250566      -238.8369808569
       16.5150000000         2.0356922989      -248.3282045012
       16.5200000000         2.0398840763      -250.2264492300
       16.5250000000         2.0442983617      -252.1246939589
       16.5300000000         2.0489330203      -252.1246939589
       16.5350000000         2.0537858109      -238.8369808569
       16.5400000000         2.0588543868      -254.0229386877
       16.5450000000         2.0641362967      -227.4475124838
       16.5500000000         2.0696289865      -246.4299597723
       16.5550000000         2.0753297999      -244.5317150435
       16.5600000000         2.0812359800      -242.6334703146
       16.5650000000         2.0873446707      -246.4299597723
       16.5700000000         2.0936529178      -235.0404913992
       16.5750000000         2.1001576708      -242.6334703146
       16.5800000000         2.1068557839      -227.4475124838
       16.5850000000         2.1137440182      -240.7352255858
       16.5900000000         2.1208190424      -246.4299597723
       16.5950000000         2.1280774351      -231.2440019415
       16.6000000000         2.1355156863      -246.4299597723
       16.6050000000         2.1431301989      -217.9562888395
       16.6100000000         2.1509172905      -252.1246939589
       16.6150000000         2.1588731954      -240.7352255858
       16.6200000000         2.1669940663      -217.9562888395
       16.6250000000         2.1752759758      -250.2264492300
       16.6300000000         2.1837149190      -204.6685757375
       16.6350000000         2.1923068149      -274.9036307051
       16.6400000000         2.2010475085      -236.9387361281
       16.6450000000         2.2099327728      -231.2440019415
       16.6500000000         2.2189583111      -242.6334703146
       16.6550000000         2.2281197586      -216.0580441107
       16.6600000000         2.2374126850      -233.1422466704
       16.6650000000         2.2468325963      -242.6334703146
       16.6700000000         2.2563749371      -210.3633099241
       16.6750000000         2.2660350929      -242.6334703146
       16.6800000000         2.2758083920      -217.9562888395
       16.6850000000         2.2856901081      -225.5492677549
       16.6900000000         2.2956754626      -223.6510230261
       16.6950000000         2.3057596267      -208.4650651953
       16.7000000000         2.3159377237      -223.6510230261
       16.7050000000         2.3262048315      -212.2615546530
       16.7100000000         2.3365559852      -204.6685757375
       16.7150000000         2.3469861789      -217.9562888395
       16.7200000000         2.3574903688      -200.8720862798
       16.7250000000         2.3680634750      -204.6685757375
       16.7300000000         2.3787003846      -204.6685757375
       16.7350000000         2.3893959536      -206.5668204664
       16.7400000000         2.4001450097      -208.4650651953
       16.7450000000         2.4109423549      -183.7878837202
       16.7500000000         2.4217827675      -195.1773520933
       16.7550000000         2.4326610053      -174.2966600759
       16.7600000000         2.4435718076      -193.2791073644
       16.7650000000         2.4545098980      -176.1949048047
       16.7700000000         2.4654699871      -176.1949048047
       16.7750000000         2.4764467746      -187.5843731779
       16.7800000000         2.4874349523      -153.4159680585
       16.7850000000         2.4984292063      -179.9913942624
       16.7900000000         2.5094242199      -161.0089469739
       16.7950000000         2.5204146760      -159.1107022450
       16.8000000000         2.5313952598      -130.6370313122
       16.8050000000         2.5423606611       -79.3844236332
       16.8100000000         2.5533055771       -50.9107527004
       16.8150000000         2.5642247151        -9.1493686656
       16.8200000000         2.5751127946         9.8330786230
       16.8250000000         2.5859645501         0.3418549787
       16.8300000000         2.5967747340        -1.5563897502
       16.8350000000         2.6075381185        -9.1493686656
       16.8400000000         2.6182494985         0.3418549787
       16.8450000000         2.6289036941         2.2400997075
       16.8500000000         2.6394955530        -1.5563897502
       16.8550000000         2.6500199531         9.8330786230
       16.8600000000         2.6604718049        59.1874415732
       16.8650000000         2.6708460539        76.2716441328
       16.8700000000         2.6811376834        62.9839310309
       16.8750000000         2.6913417162        72.4751546751
       16.8800000000         2.7014532179        61.0856863020
       16.8850000000         2.7114672985        78.1698888617
       16.8900000000         2.7213791155        74.3733994040
       16.8950000000         2.7311838755        89.5593572348
       16.9000000000         2.7408768371        89.5593572348
       16.9050000000         2.7504533127        83.8646230483
       16.9100000000         2.7599086713        87.6611125060
       16.9150000000         2.7692383404        78.1698888617
       16.9200000000         2.7784378082        89.5593572348
       16.9250000000         2.7875026260        95.2540914214
       16.9300000000         2.7964284101       108.5418045234
       16.9350000000         2.8052108440       108.5418045234
       16.9400000000         2.8138456806       100.9488256079
       16.9450000000         2.8223287443       106.6435597945
       16.9500000000         2.8306559327       108.5418045234
       16.9550000000         2.8388232187       110.4400492522
       16.9600000000         2.8468266529       108.5418045234
       16.9650000000         2.8546623648       121.8295176253
       16.9700000000         2.8623265651       118.0330281676
       16.9750000000         2.8698155475       127.5242518119
       16.9800000000         2.8771256904       119.9312728965
       16.9850000000         2.8842534586       121.8295176253
       16.9900000000         2.8911954053       135.1172307273
       16.9950000000         2.8979481733       114.2365387099
       17.0000000000         2.9045084972       131.3207412696
       17.0050000000         2.9108732043       129.4224965408
       17.0100000000         2.9170392168       146.5066991004
       17.0150000000         2.9230035528       138.9137201850
       17.0200000000         2.9287633281       146.5066991004
       17.0250000000         2.9343157572       146.5066991004
       17.0300000000         2.9396581551       157.8961674736
       17.0350000000         2.9447879382       148.4049438293
       17.0400000000         2.9497026258       165.4891463890
       17.0450000000         2.9543998412       154.0996780159
       17.0500000000         2.9588773128       159.7944122024
       17.0550000000         2.9631328755       174.9803700332
       17.0600000000         2.9671644712       159.7944122024
       17.0650000000         2.9709701504       173.0821253044
       17.0700000000         2.9745480725       165.4891463890
       17.0750000000         2.9778965074       174.9803700332
       17.0800000000         2.9810138358       174.9803700332
       17.0850000000         2.9838985502       169.2856358467
       17.0900000000         2.9865492555       186.3698384064
       17.0950000000         2.9889646699       171.1838805755
       17.1000000000         2.9911436254       173.0821253044
       17.1050000000         2.9930850681       174.9803700332
       17.1100000000         2.9947880593       178.7768594910
       17.1150000000         2.9962517754       188.2680831352
       17.1200000000         2.9974755085       174.9803700332
       17.1250000000         2.9984586669       176.8786147621
       17.1300000000         2.9992007751       192.0645725929
       17.1350000000         2.9997014742       174.9803700332
       17.1400000000         2.9999605221       193.9628173218
       17.1450000000         2.9999777936       192.0645725929
       17.1500000000         2.9997532802       197.7593067795
       17.1550000000         2.9992870906       192.0645725929
       17.1600000000         2.9985794501       182.5733489487
       17.1650000000         2.9976307011       214.8435093392
       17.1700000000         2.9964413023       207.2505304238
       17.1750000000         2.9950118289       212.9452646103
       17.1800000000         2.9933429721       205.3522856949
       17.1850000000         2.9914355391       212.9452646103
       17.1900000000         2.9892904522       167.3873911178
       17.1950000000         2.9869087487       207.2505304238
       17.2000000000         2.9842915806       212.9452646103
       17.2050000000         2.9814402133       211.0470198815
       17.2100000000         2.9783560258       224.3347329835
       17.2150000000         2.9750405096       193.9628173218
       17.2200000000         2.9714952679       207.2505304238
       17.2250000000         2.9677220154       199.6575515084
       17.2300000000         2.9637225767       212.9452646103
       17.2350000000         2.9594988858       212.9452646103
       17.2400000000         2.9550529853       214.8435093392
       17.2450000000         2.9503870253       205.3522856949
       17.2500000000         2.9455032621       220.5382435257
       17.2550000000         2.9404040575       220.5382435257
       17.2600000000         2.9350918773       199.6575515084
       17.2650000000         2.9295692906       230.0294671700
       17.2700000000         2.9238389680       207.2505304238
       17.2750000000         2.9179036807       220.5382435257
       17.2800000000         2.9117662988       216.7417540680
       17.2850000000         2.9054297904       218.6399987969
       17.2900000000         2.8988972198       216.7417540680
       17.2950000000         2.8921717460       216.7417540680
       17.3000000000         2.8852566214       205.3522856949
       17.3050000000         2.8781551901       226.2329777123
       17.3100000000         2.8708708864       214.8435093392
       17.3150000000         2.8634072327       193.9628173218
       17.3200000000         2.8557678386       203.4540409661
       17.3250000000         2.8479563983       205.3522856949
       17.3300000000         2.8399766894       203.4540409661
       17.3350000000         2.8318325707       216.7417540680
       17.3400000000         2.8235279808       211.0470198815
       17.3450000000         2.8150669356       199.6575515084
       17.3500000000         2.8064535268       199.6575515084
       17.3550000000         2.7976919199       205.3522856949
       17.3600000000         2.7887863517       180.6751042198
       17.3650000000         2.7797411291       205.3522856949
       17.3700000000         2.7705606261       195.8610620506
       17.3750000000         2.7612492824       211.0470198815
       17.3800000000         2.7518116008       205.3522856949
       17.3850000000         2.7422521454       199.6575515084
       17.3900000000         2.7325755390       203.4540409661
       17.3950000000         2.7227864612       188.2680831352
       17.4000000000         2.7128896458       188.2680831352
       17.4050000000         2.7028898788       184.4715936775
       17.4100000000         2.6927919961       207.2505304238
       17.4150000000         2.6826008809       182.5733489487
       17.4200000000         2.6723214616       173.0821253044
       17.4250000000         2.6619587091       174.9803700332
       17.4300000000         2.6515176348       167.3873911178
       17.4350000000         2.6410032880       180.6751042198
       17.4400000000         2.6304207531       165.4891463890
       17.4450000000         2.6197751480       155.9979227447
       17.4500000000         2.6090716207       161.6926569313
       17.4550000000         2.5983153473       167.3873911178
       17.4600000000         2.5875115295       173.0821253044
       17.4650000000         2.5766653919       152.2014332870
       17.4700000000         2.5657821795       152.2014332870
       17.4750000000         2.5548671555       152.2014332870
       17.4800000000         2.5439255983       152.2014332870
       17.4850000000         2.5329627990       154.0996780159
       17.4900000000         2.5219840592       144.6084543716
       17.4950000000         2.5109946880       138.9137201850
       17.5000000000         2.5000000000       129.4224965408
       17.5050000000         2.4890053120       119.9312728965
       17.5100000000         2.4780159408       106.6435597945
       17.5150000000         2.4670372010        66.7804204886
       17.5200000000         2.4560744017        34.5102600981
       17.5250000000         2.4451328445         6.0365891652
       17.5300000000         2.4342178205       -14.8441028521
       17.5350000000         2.4233346081         2.2400997075
       17.5400000000         2.4124884705         6.0365891652
       17.5450000000         2.4016846527        11.7313233518
       17.5500000000         2.3909283793        -7.2511239367
       17.5550000000         2.3802248520       -90.7738920063
       17.5600000000         2.3695792469       -81.2826683620
       17.5650000000         2.3589967120       -60.4019763446
       17.5700000000         2.3484823652       -81.2826683620
       17.5750000000         2.3380412909       -79.3844236332
       17.5800000000         2.3276785384       -73.6896894466
       17.5850000000         2.3173991191       -79.3844236332
       17.5900000000         2.3072080039      -111.6545840237
       17.5950000000         2.2971101212       -90.7738920063
       17.6000000000         2.2871103542      -107.8580945660
       17.6050000000         2.2772135388       -96.4686261929
       17.6100000000         2.2674244610      -111.6545840237
       17.6150000000         2.2577478546      -104.0616051083
       17.6200000000         2.2481883992      -113.5528287526
       17.6250000000         2.2387507176      -123.0440523968
       17.6300000000         2.2294393739      -102.1633603794
       17.6350000000         2.2202588709      -119.2475629391
       17.6400000000         2.2112136483      -115.4510734814
       17.6450000000         2.2023080801      -121.1458076680
       17.6500000000         2.1935464732      -128.7387865834
       17.6550000000         2.1849330644      -123.0440523968
       17.6600000000         2.1764720192      -134.4335207699
       17.6650000000         2.1681674293      -124.9422971257
       17.6700000000         2.1600233106      -140.1282549565
       17.6750000000         2.1520436017      -130.6370313122
       17.6800000000         2.1442321614      -159.1107022450
       17.6850000000         2.1365927673      -136.3317654988
       17.6900000000         2.1291291136      -151.5177233296
       17.6950000000         2.1218448099      -162.9071917028
       17.7000000000         2.1147433786      -143.9247444142
       17.7050000000         2.1078282540      -143.9247444142
       17.7100000000         2.1011027802      -149.6194786008
       17.7150000000         2.0945702096      -178.0931495336
       17.7200000000         2.0882337012      -147.7212338719
       17.7250000000         2.0820963193      -187.5843731779
       17.7300000000         2.0761610320      -172.3984153470
       17.7350000000         2.0704307094      -170.5001706182
       17.7400000000         2.0649081227      -181.8896389913
       17.7450000000         2.0595959425      -172.3984153470
       17.7500000000         2.0544967379      -198.9738415510
       17.7550000000         2.0496129747      -176.1949048047
       17.7600000000         2.0449470147      -195.1773520933
       17.7650000000         2.0405011142      -197.0755968221
       17.7700000000         2.0362774233      -185.6861284490
       17.7750000000         2.0322779846      -204.6685757375
       17.7800000000         2.0285047321      -193.2791073644
       17.7850000000         2.0249594904      -206.5668204664
       17.7900000000         2.0216439742      -212.2615546530
       17.7950000000         2.0185597867      -202.7703310087
       17.8000000000         2.0157084194      -217.9562888395
       17.8050000000         2.0130912513      -202.7703310087
       17.8100000000         2.0107095478      -238.8369808569
       17.8150000000         2.0085644609      -202.7703310087
       17.8200000000         2.0066570279      -233.1422466704
       17.8250000000         2.0049881711      -214.1597993818
       17.8300000000         2.0035586977      -225.5492677549
       17.8350000000         2.0023692989      -225.5492677549
       17.8400000000         2.0014205499      -238.8369808569
       17.8450000000         2.0007129094      -225.5492677549
       17.8500000000         2.0002467198      -236.9387361281
       17.8550000000         2.0000222064      -235.0404913992
       17.8600000000         2.0000394779      -246.4299597723
       17.8650000000         2.0002985258      -248.3282045012
       17.8700000000         2.0007992249      -240.7352255858
       17.8750000000         2.0015413331      -254.0229386877
       17.8800000000         2.0025244915      -242.6334703146
       17.8850000000         2.0037482246      -248.3282045012
       17.8900000000         2.0052119407      -242.6334703146
       17.8950000000         2.0069149319      -242.6334703146
       17.9000000000         2.0088563746      -254.0229386877
       17.9050000000         2.0110353301      -235.0404913992
       17.9100000000         2.0134507445      -248.3282045012
       17.9150000000         2.0161014498      -248.3282045012
       17.9200000000         2.0189861642      -242.6334703146
       17.9250000000         2.0221034926      -259.7176728743
       17.9300000000         2.0254519275      -238.8369808569
       17.9350000000         2.0290298496      -269.2088965186
       17.9400000000         2.0328355288      -229.3457572126
       17.9450000000         2.0368671245      -265.4124070609
       17.9500000000         2.0411226872      -255.9211834166
       17.9550000000         2.0456001588      -244.5317150435
       17.9600000000         2.0502973742      -274.9036307051
       17.9650000000         2.0552120618      -233.1422466704
       17.9700000000         2.0603418449      -290.0895885360
       17.9750000000         2.0656842428      -246.4299597723
       17.9800000000         2.0712366719      -261.6159176032
       17.9850000000         2.0769964472      -267.3106517897
       17.9900000000         2.0829607832      -233.1422466704
       17.9950000000         2.0891267957      -309.0720358245
       18.0000000000         2.0954915028      -240.7352255858
       18.0050000000         2.1020518267      -278.7001201629
       18.0100000000         2.1088045947      -257.8194281455
       18.0150000000         2.1157465414      -255.9211834166
       18.0200000000         2.1228743096      -257.8194281455
       18.0250000000         2.1301844525      -261.6159176032
       18.0300000000         2.1376734349      -273.0053859763
       18.0350000000         2.1453376352      -244.5317150435
       18.0400000000         2.1531733471      -263.5141623320
       18.0450000000         2.1611767813      -238.8369808569
       18.0500000000         2.1693440673      -263.5141623320
       18.0550000000         2.1776712557      -259.7176728743
       18.0600000000         2.1861543194      -244.5317150435
       18.0650000000         2.1947891560      -261.6159176032
       18.0700000000         2.2035715899      -231.2440019415
       18.0750000000         2.2124973740      -255.9211834166
       18.0800000000         2.2215621918      -236.9387361281
       18.0850000000         2.2307616596      -267.3106517897
       18.0900000000         2.2400913287      -242.6334703146
       18.0950000000         2.2495466873      -233.1422466704
       18.1000000000         2.2591231629      -263.5141623320
       18.1050000000         2.2688161245      -231.2440019415
       18.1100000000         2.2786208845      -246.4299597723
       18.1150000000         2.2885327015      -217.9562888395
       18.1200000000         2.2985467821      -225.5492677549
       18.1250000000         2.3086582838      -231.2440019415
       18.1300000000         2.3188623166      -221.7527782972
       18.1350000000         2.3291539461      -227.4475124838
       18.1400000000         2.3395281951      -236.9387361281
       18.1450000000         2.3499800469      -204.6685757375
       18.1500000000         2.3605044470      -214.1597993818
       18.1550000000         2.3710963059      -202.7703310087
       18.1600000000         2.3817505015      -214.1597993818
       18.1650000000         2.3924618815      -183.7878837202
       18.1700000000         2.4032252660      -212.2615546530
       18.1750000000         2.4140354499      -191.3808626356
       18.1800000000         2.4248872054      -208.4650651953
       18.1850000000         2.4357752849      -197.0755968221
       18.1900000000         2.4466944229      -176.1949048047
       18.1950000000         2.4576393389      -204.6685757375
       18.2000000000         2.4686047402      -170.5001706182
       18.2050000000         2.4795853240      -187.5843731779
       18.2100000000         2.4905757801      -166.7036811605
       18.2150000000         2.5015707937      -176.1949048047
       18.2200000000         2.5125650477      -142.0264996854
       18.2250000000         2.5235532254      -130.6370313122
       18.2300000000         2.5345300129       -96.4686261929
       18.2350000000         2.5454901020       -50.9107527004
       18.2400000000         2.5564281924       -12.9458581233
       18.2450000000         2.5673389947        17.4260575384
       18.2500000000         2.5782172325        -3.4546344790
       18.2550000000         2.5890576451        -5.3528792079
       18.2600000000         2.5998549903       -11.0476133944
       18.2650000000         2.6106040464        -3.4546344790
       18.2700000000         2.6212996154         2.2400997075
       18.2750000000         2.6319365250        -5.3528792079
       18.2800000000         2.6425096312         2.2400997075
       18.2850000000         2.6530138211        15.5278128095
       18.2900000000         2.6634440148        87.6611125060
       18.2950000000         2.6737951685        57.2891968443
       18.3000000000         2.6840622763        76.2716441328
       18.3050000000         2.6942403733        53.4927073866
       18.3100000000         2.7043245374        70.5769099463
       18.3150000000         2.7143098919        74.3733994040
       18.3200000000         2.7241916080        64.8821757597
       18.3250000000         2.7339649071        85.7628677771
       18.3300000000         2.7436250629        64.8821757597
       18.3350000000         2.7531674037        83.8646230483
       18.3400000000         2.7625873150        87.6611125060
       18.3450000000         2.7718802414        91.4576019637
       18.3500000000         2.7810416889        87.6611125060
       18.3550000000         2.7900672272        91.4576019637
       18.3600000000         2.7989524915       108.5418045234
       18.3650000000         2.8076931851        85.7628677771
       18.3700000000         2.8162850810       100.9488256079
       18.3750000000         2.8247240242        97.1523361502
       18.3800000000         2.8330059337       112.3382939811
       18.3850000000         2.8411268046       106.6435597945
       18.3900000000         2.8490827095       114.2365387099
       18.3950000000         2.8568698011       112.3382939811
       18.4000000000         2.8644843137       110.4400492522
       18.4050000000         2.8719225649       127.5242518119
       18.4100000000         2.8791809576       119.9312728965
       18.4150000000         2.8862559818       125.6260070830
       18.4200000000         2.8931442161       133.2189859985
       18.4250000000         2.8998423292       127.5242518119
       18.4300000000         2.9063470822       142.7102096427
       18.4350000000         2.9126553293       131.3207412696
       18.4400000000         2.9187640200       138.9137201850
       18.4450000000         2.9246702001       137.0154754562
       18.4500000000         2.9303710135       152.2014332870
       18.4550000000         2.9358637033       140.8119649139
       18.4600000000         2.9411456132       154.0996780159
       18.4650000000         2.9462141891       146.5066991004
       18.4700000000         2.9510669797       148.4049438293
       18.4750000000         2.9557016383       161.6926569313
       18.4800000000         2.9601159237       148.4049438293
       18.4850000000         2.9643077011       163.5909016601
       18.4900000000         2.9682749434       169.2856358467
       18.4950000000         2.9720157321       163.5909016601
       18.5000000000         2.9755282581       178.7768594910
       18.5050000000         2.9788108230       178.7768594910
       18.5100000000         2.9818618391       176.8786147621
       18.5150000000         2.9846798312       182.5733489487
       18.5200000000         2.9872634364       180.6751042198
       18.5250000000         2.9896114053       192.0645725929
       18.5300000000         2.9917226025       182.5733489487
       18.5350000000         2.9935960070       188.2680831352
       18.5400000000         2.9952307128       192.0645725929
       18.5450000000         2.9966259295       186.3698384064
       18.5500000000         2.9977809823       190.1663278641
       18.5550000000         2.9986953126       197.7593067795
       18.5600000000         2.9993684783       197.7593067795
       18.5650000000         2.9998001538       216.7417540680
       18.5700000000         2.9999901304       197.7593067795
       18.5750000000         2.9999383162       209.1487751526
       18.5800000000         2.9996447363       193.9628173218
       18.5850000000         2.9991095326       214.8435093392
       18.5900000000         2.9983329640       211.0470198815
       18.5950000000         2.9973154060       209.1487751526
       18.6000000000         2.9960573507       214.8435093392
       18.6050000000         2.9945594064       197.7593067795
       18.6100000000         2.9928222976       220.5382435257
       18.6150000000         2.9908468643       209.1487751526
       18.6200000000         2.9886340618       231.9277118989
       18.6250000000         2.9861849602       233.8259566277
       18.6300000000         2.9835007439       220.5382435257
       18.6350000000         2.9805827109       216.7417540680
       18.6400000000         2.9774322724       224.3347329835
       18.6450000000         2.9740509518       220.5382435257
       18.6500000000         2.9704403845       220.5382435257
       18.6550000000         2.9666023163       199.6575515084
       18.6600000000         2.9625386034       230.0294671700
       18.6650000000         2.9582512110       212.9452646103
       18.6700000000         2.9537422123       220.5382435257
       18.6750000000         2.9490137879       207.2505304238
       18.6800000000         2.9440682244       220.5382435257
       18.6850000000         2.9389079135       214.8435093392
       18.6900000000         2.9335353506       224.3347329835
       18.6950000000         2.9279531338       220.5382435257
       18.7000000000         2.9221639628       220.5382435257
       18.7050000000         2.9161706369       214.8435093392
       18.7100000000         2.9099760547       228.1312224412
       18.7150000000         2.9035832116       214.8435093392
       18.7200000000         2.8969951993       220.5382435257
       18.7250000000         2.8902152037       203.4540409661
       18.7300000000         2.8832465034       218.6399987969
       18.7350000000         2.8760924685       212.9452646103
       18.7400000000         2.8687565587       207.2505304238
       18.7450000000         2.8612423214       197.7593067795
       18.7500000000         2.8535533906       214.8435093392
       18.7550000000         2.8456934845       199.6575515084
       18.7600000000         2.8376664041       205.3522856949
       18.7650000000         2.8294760312       209.1487751526
       18.7700000000         2.8211263266       193.9628173218
       18.7750000000         2.8126213282       209.1487751526
       18.7800000000         2.8039651488       193.9628173218
       18.7850000000         2.7951619747       193.9628173218
       18.7900000000         2.7862160628       199.6575515084
       18.7950000000         2.7771317394       199.6575515084
       18.8000000000         2.7679133975       193.9628173218
       18.8050000000         2.7585654951       192.0645725929
       18.8100000000         2.7490925527       197.7593067795
       18.8150000000         2.7394991513       180.6751042198
       18.8200000000         2.7297899303       195.8610620506
       18.8250000000         2.7199695849       176.8786147621
       18.8300000000         2.7100428642       192.0645725929
       18.8350000000         2.7000145686       163.5909016601
       18.8400000000         2.6898895478       178.7768594910
       18.8450000000         2.6796726980       174.9803700332
       18.8500000000         2.6693689601       165.4891463890
       18.8550000000         2.6589833169       180.6751042198
       18.8600000000         2.6485207908       159.7944122024
       18.8650000000         2.6379864413       163.5909016601
       18.8700000000         2.6273853628       148.4049438293
       18.8750000000         2.6167226819       140.8119649139
       18.8800000000         2.6060035550       161.6926569313
       18.8850000000         2.5952331656       135.1172307273
       18.8900000000         2.5844167224       121.8295176253
       18.8950000000         2.5735594559       137.0154754562
       18.9000000000         2.5626666168       123.7277623542
       18.9050000000         2.5517434726       129.4224965408
       18.9100000000         2.5407953058       119.9312728965
       18.9150000000         2.5298274107       116.1347834388
       18.9200000000         2.5188450913       116.1347834388
       18.9250000000         2.5078536587       116.1347834388
       18.9300000000         2.4968584280       110.4400492522
       18.9350000000         2.4858647166       104.7453150657
       18.9400000000         2.4748778409        74.3733994040
       18.9450000000         2.4639031141        42.1032390135
       18.9500000000         2.4529458433         4.1383444364
       18.9550000000         2.4420113276        -5.3528792079
       18.9600000000         2.4311048547         6.0365891652
       18.9650000000         2.4202316988         6.0365891652
       18.9700000000         2.4093971182         6.0365891652
       18.9750000000         2.3986063523       -12.9458581233
       18.9800000000         2.3878646195        -1.5563897502
       18.9850000000         2.3771771144       -75.5879341755
       18.9900000000         2.3665490053      -104.0616051083
       18.9950000000         2.3559854320       -69.8931999889
       19.0000000000         2.3454915028       -96.4686261929
       19.0050000000         2.3350722926       -77.4861789043
       19.0100000000         2.3247328399       -96.4686261929
       19.0150000000         2.3144781449       -83.1809130909
       19.0200000000         2.3043131666      -113.5528287526
       19.0250000000         2.2942428207      -100.2651156506
       19.0300000000         2.2842719772       -90.7738920063
       19.0350000000         2.2744054578       -88.8756472775
       19.0400000000         2.2646480339      -105.9598498371
       19.0450000000         2.2550044242      -117.3493182103
       19.0500000000         2.2454792921      -113.5528287526
       19.0550000000         2.2360772440      -130.6370313122
       19.0600000000         2.2268028266      -117.3493182103
       19.0650000000         2.2176605250      -126.8405418545
       19.0700000000         2.2086547602      -124.9422971257
       19.0750000000         2.1997898873      -140.1282549565
       19.0800000000         2.1910701935      -124.9422971257
       19.0850000000         2.1824998953      -134.4335207699
       19.0900000000         2.1740831373      -124.9422971257
       19.0950000000         2.1658239899      -140.1282549565
       19.1000000000         2.1577264470      -143.9247444142
       19.1050000000         2.1497944246      -162.9071917028
       19.1100000000         2.1420317585      -143.9247444142
       19.1150000000         2.1344422026      -157.2124575162
       19.1200000000         2.1270294273      -157.2124575162
       19.1250000000         2.1197970172      -172.3984153470
       19.1300000000         2.1127484699      -162.9071917028
       19.1350000000         2.1058871940      -179.9913942624
       19.1400000000         2.0992165076      -179.9913942624
       19.1450000000         2.0927396365      -172.3984153470
       19.1500000000         2.0864597129      -159.1107022450
       19.1550000000         2.0803797737      -191.3808626356
       19.1600000000         2.0745027591      -181.8896389913
       19.1650000000         2.0688315112      -176.1949048047
       19.1700000000         2.0633687726      -191.3808626356
       19.1750000000         2.0581171850      -193.2791073644
       19.1800000000         2.0530792879      -189.4826179067
       19.1850000000         2.0482575178      -200.8720862798
       19.1900000000         2.0436542063      -193.2791073644
       19.1950000000         2.0392715796      -197.0755968221
       19.2000000000         2.0351117571      -198.9738415510
       19.2050000000         2.0311767504      -204.6685757375
       19.2100000000         2.0274684624      -216.0580441107
       19.2150000000         2.0239886865      -208.4650651953
       19.2200000000         2.0207391055      -200.8720862798
       19.2250000000         2.0177212908      -202.7703310087
       19.2300000000         2.0149367018      -236.9387361281
       19.2350000000         2.0123866850      -214.1597993818
       19.2400000000         2.0100724738      -242.6334703146
       19.2450000000         2.0079951872      -227.4475124838
       19.2500000000         2.0061558297      -229.3457572126
       19.2550000000         2.0045552909      -244.5317150435
       19.2600000000         2.0031943447      -227.4475124838
       19.2650000000         2.0020736494      -240.7352255858
       19.2700000000         2.0011937468      -254.0229386877
       19.2750000000         2.0005550625      -227.4475124838
       19.2800000000         2.0001579054      -273.0053859763
       19.2850000000         2.0000024674      -238.8369808569
       19.2900000000         2.0000888238      -261.6159176032
       19.2950000000         2.0004169328      -259.7176728743
       19.3000000000         2.0009866358      -235.0404913992
       19.3050000000         2.0017976572      -288.1913438071
       19.3100000000         2.0028496048      -250.2264492300
       19.3150000000         2.0041419699      -276.8018754340
       19.3200000000         2.0056741276      -257.8194281455
       19.3250000000         2.0074453369      -261.6159176032
       19.3300000000         2.0094547413      -271.1071412474
       19.3350000000         2.0117013690      -267.3106517897
       19.3400000000         2.0141841335      -288.1913438071
       19.3450000000         2.0169018344      -257.8194281455
       19.3500000000         2.0198531572      -280.5983648917
       19.3550000000         2.0230366747      -252.1246939589
       19.3600000000         2.0264508475      -278.7001201629
       19.3650000000         2.0300940245      -286.2930990783
       19.3700000000         2.0339644438      -271.1071412474
       19.3750000000         2.0380602337      -280.5983648917
       19.3800000000         2.0423794137      -290.0895885360
       19.3850000000         2.0469198949      -276.8018754340
       19.3900000000         2.0516794816      -261.6159176032
       19.3950000000         2.0566558721      -278.7001201629
       19.4000000000         2.0618466600      -265.4124070609
       19.4050000000         2.0672493349      -286.2930990783
       19.4100000000         2.0728612842      -265.4124070609
       19.4150000000         2.0786797939      -284.3948543494
       19.4200000000         2.0847020504      -265.4124070609
       19.4250000000         2.0909251413      -278.7001201629
       19.4300000000         2.0973460571      -261.6159176032
       19.4350000000         2.1039616929      -267.3106517897
       19.4400000000         2.1107688492      -297.6825674514
       19.4450000000         2.1177642343      -261.6159176032
       19.4500000000         2.1249444652      -267.3106517897
       19.4550000000         2.1323060696      -257.8194281455
       19.4600000000         2.1398454876      -252.1246939589
       19.4650000000         2.1475590730      -274.9036307051
       19.4700000000         2.1554430958      -276.8018754340
       19.4750000000         2.1634937432      -265.4124070609
       19.4800000000         2.1717071221      -242.6334703146
       19.4850000000         2.1800792605      -271.1071412474
       19.4900000000         2.1886061098      -242.6334703146
       19.4950000000         2.1972835463      -286.2930990783
       19.5000000000         2.2061073739      -236.9387361281
       19.5050000000         2.2150733253      -261.6159176032
       19.5100000000         2.2241770647      -252.1246939589
       19.5150000000         2.2334141896      -254.0229386877
       19.5200000000         2.2427802331      -248.3282045012
       19.5250000000         2.2522706658      -252.1246939589
       19.5300000000         2.2618808982      -255.9211834166
       19.5350000000         2.2716062828      -227.4475124838
       19.5400000000         2.2814421167      -252.1246939589
       19.5450000000         2.2913836432      -240.7352255858
       19.5500000000         2.3014260547      -238.8369808569
       19.5550000000         2.3115644948      -252.1246939589
       19.5600000000         2.3217940606      -212.2615546530
       19.5650000000         2.3321098053      -246.4299597723
       19.5700000000         2.3425067402      -227.4475124838
       19.5750000000         2.3529798374      -217.9562888395
       19.5800000000         2.3635240322      -236.9387361281
       19.5850000000         2.3741342257      -214.1597993818
       19.5900000000         2.3848052867      -242.6334703146
       19.5950000000         2.3955320548      -212.2615546530
       19.6000000000         2.4063093427      -217.9562888395
       19.6050000000         2.4171319386      -225.5492677549
       19.6100000000         2.4279946087      -214.1597993818
       19.6150000000         2.4388921000      -219.8545335684
       19.6200000000         2.4498191426      -206.5668204664
       19.6250000000         2.4607704521      -214.1597993818
       19.6300000000         2.4717407328      -208.4650651953
       19.6350000000         2.4827246793      -200.8720862798
       19.6400000000         2.4937169801      -189.4826179067
       19.6450000000         2.5047123192      -183.7878837202
       19.6500000000         2.5157053795      -170.5001706182
       19.6550000000         2.5266908449      -157.2124575162
       19.6600000000         2.5376634028      -121.1458076680
       19.6650000000         2.5486177470       -77.4861789043
       19.6700000000         2.5595485800       -41.4195290561
       19.6750000000         2.5704506160        -9.1493686656
       19.6800000000         2.5813185826        11.7313233518
       19.6850000000         2.5921472243        -1.5563897502
       19.6900000000         2.6029313044        -7.2511239367
       19.6950000000         2.6136656078        -7.2511239367
       19.7000000000         2.6243449436         4.1383444364
       19.7050000000         2.6349641472         0.3418549787
       19.7100000000         2.6455180834         6.0365891652
       19.7150000000         2.6560016483        59.1874415732
       19.7200000000         2.6664097723        72.4751546751
       19.7250000000         2.6767374219        53.4927073866
       19.7300000000         2.6869796029        70.5769099463
       19.7350000000         2.6971313622        55.3909521154
       19.7400000000         2.7071877905        62.9839310309
       19.7450000000         2.7171440246        55.3909521154
       19.7500000000         2.7269952499        81.9663783194
       19.7550000000         2.7367367022        70.5769099463
       19.7600000000         2.7463636708        93.3558466925
       19.7650000000         2.7558715001        72.4751546751
       19.7700000000         2.7652555922        83.8646230483
       19.7750000000         2.7745114090        93.3558466925
       19.7800000000         2.7836344746        85.7628677771
       19.7850000000         2.7926203770       102.8470703368
       19.7900000000         2.8014647708        91.4576019637
       19.7950000000         2.8101633790       108.5418045234
       19.8000000000         2.8187119949       100.9488256079
       19.8050000000         2.8271064845       116.1347834388
       19.8100000000         2.8353427883       112.3382939811
       19.8150000000         2.8434169233       116.1347834388
       19.8200000000         2.8513249849       112.3382939811
       19.8250000000         2.8590631489       114.2365387099
       19.8300000000         2.8666276731       112.3382939811
       19.8350000000         2.8740148995       121.8295176253
       19.8400000000         2.8812212555       129.4224965408
       19.8450000000         2.8882432563       127.5242518119
       19.8500000000         2.8950775062       138.9137201850
       19.8550000000         2.9017207001       131.3207412696
       19.8600000000         2.9081696254       133.2189859985
       19.8650000000         2.9144211635       138.9137201850
       19.8700000000         2.9204722911       142.7102096427
       19.8750000000         2.9263200822       152.2014332870
       19.8800000000         2.9319617086       152.2014332870
       19.8850000000         2.9373944422       159.7944122024
       19.8900000000         2.9426156557       152.2014332870
       19.8950000000         2.9476228242       159.7944122024
       19.9000000000         2.9524135262       159.7944122024
       19.9050000000         2.9569854451       157.8961674736
       19.9100000000         2.9613363699       157.8961674736
       19.9150000000         2.9654641966       174.9803700332
       19.9200000000         2.9693669288       169.2856358467
       19.9250000000         2.9730426794       165.4891463890
       19.9300000000         2.9764896708       188.2680831352
       19.9350000000         2.9797062359       161.6926569313
       19.9400000000         2.9826908194       182.5733489487
       19.9450000000         2.9854419779       180.6751042198
       19.9500000000         2.9879583810       176.8786147621
       19.9550000000         2.9902388117       184.4715936775
       19.9600000000         2.9922821673       182.5733489487
       19.9650000000         2.9940874596       188.2680831352
       19.9700000000         2.9956538155       192.0645725929
       19.9750000000         2.9969804777       188.2680831352
       19.9800000000         2.9980668046       201.5557962372
       19.9850000000         2.9989122707       184.4715936775
       19.9900000000         2.9995164673       197.7593067795
       19.9950000000         2.9998791022       190.1663278641
