        0.0000000000         3.0000000000        -3.4546344790
        0.0050000000         2.9996447363        17.4260575384
        0.0100000000         2.9985794501        55.3909521154
        0.0150000000         2.9968056553        57.2891968443
        0.0200000000         2.9943258724        81.9663783194
        0.0250000000         2.9911436254        81.9663783194
        0.0300000000         2.9872634364       100.9488256079
        0.0350000000         2.9826908194       106.6435597945
        0.0400000000         2.9774322724       116.1347834388
        0.0450000000         2.9714952679       129.4224965408
        0.0500000000         2.9648882429       118.0330281676
        0.0550000000         2.9576205863       137.0154754562
        0.0600000000         2.9497026258       131.3207412696
        0.0650000000         2.9411456132       127.5242518119
        0.0700000000         2.9319617086       148.4049438293
        0.0750000000         2.9221639628       152.2014332870
        0.0800000000         2.9117662988       155.9979227447
        0.0850000000         2.9007834924       157.8961674736
        0.0900000000         2.8892311508       152.2014332870
        0.0950000000         2.8771256904       171.1838805755
        0.1000000000         2.8644843137       152.2014332870
        0.1050000000         2.8513249849       163.5909016601
        0.1100000000         2.8376664041       159.7944122024
        0.1150000000         2.8235279808       159.7944122024
        0.1200000000         2.8089298065       169.2856358467
        0.1250000000         2.7938926261       155.9979227447
        0.1300000000         2.7784378082       163.5909016601
        0.1350000000         2.7625873150       159.7944122024
        0.1400000000         2.7463636708       154.0996780159
        0.1450000000         2.7297899303       165.4891463890
        0.1500000000         2.7128896458       157.8961674736
        0.1550000000         2.6956868334       146.5066991004
        0.1600000000         2.6782059394       150.3031885581
        0.1650000000         2.6604718049       142.7102096427
        0.1700000000         2.6425096312       138.9137201850
        0.1750000000         2.6243449436       138.9137201850
        0.1800000000         2.6060035550       133.2189859985
        0.1850000000         2.5875115295       125.6260070830
        0.1900000000         2.5688951453       112.3382939811
        0.1950000000         2.5501808574       118.0330281676
        0.2000000000         2.5313952598       110.4400492522
        0.2050000000         2.5125650477       110.4400492522
        0.2100000000         2.4937169801       100.9488256079
        0.2150000000         2.4748778409       116.1347834388
        0.2200000000         2.4560744017        81.9663783194
        0.2250000000         2.4373333832        30.7137706403
        0.2300000000         2.4186814174       -12.9458581233
        0.2350000000         2.4001450097        -5.3528792079
        0.2400000000         2.3817505015        -5.3528792079
        0.2450000000         2.3635240322         6.0365891652
        0.2500000000         2.3454915028         0.3418549787
        0.2550000000         2.3276785384        -1.5563897502
        0.2600000000         2.3101104522        -3.4546344790
        0.2650000000         2.2928122095      -111.6545840237
        0.2700000000         2.2758083920       -94.5703814640
        0.2750000000         2.2591231629       -75.5879341755
        0.2800000000         2.2427802331      -102.1633603794
        0.2850000000         2.2268028266       -96.4686261929
        0.2900000000         2.2112136483      -115.4510734814
        0.2950000000         2.1960348512      -111.6545840237
        0.3000000000         2.1812880051      -130.6370313122
        0.3050000000         2.1669940663      -149.6194786008
        0.3100000000         2.1531733471      -109.7563392948
        0.3150000000         2.1398454876      -159.1107022450
        0.3200000000         2.1270294273      -136.3317654988
        0.3250000000         2.1147433786      -161.0089469739
        0.3300000000         2.1030048007      -132.5352760411
        0.3350000000         2.0918303746      -164.8054364316
        0.3400000000         2.0812359800      -151.5177233296
        0.3450000000         2.0712366719      -162.9071917028
        0.3500000000         2.0618466600      -174.2966600759
        0.3550000000         2.0530792879      -174.2966600759
        0.3600000000         2.0449470147      -179.9913942624
        0.3650000000         2.0374613966      -185.6861284490
        0.3700000000         2.0306330712      -185.6861284490
        0.3750000000         2.0244717419      -216.0580441107
        0.3800000000         2.0189861642      -187.5843731779
        0.3850000000         2.0141841335      -210.3633099241
        0.3900000000         2.0100724738      -195.1773520933
        0.3950000000         2.0066570279      -216.0580441107
        0.4000000000         2.0039426493      -202.7703310087
        0.4050000000         2.0019331954      -212.2615546530
        0.4100000000         2.0006315217      -225.5492677549
        0.4150000000         2.0000394779      -212.2615546530
        0.4200000000         2.0001579054      -233.1422466704
        0.4250000000         2.0009866358      -212.2615546530
        0.4300000000         2.0025244915      -217.9562888395
        0.4350000000         2.0047692872      -246.4299597723
        0.4400000000         2.0077178327      -233.1422466704
        0.4450000000         2.0113659382      -240.7352255858
        0.4500000000         2.0157084194      -236.9387361281
        0.4550000000         2.0207391055      -235.0404913992
        0.4600000000         2.0264508475      -250.2264492300
        0.4650000000         2.0328355288      -233.1422466704
        0.4700000000         2.0398840763      -240.7352255858
        0.4750000000         2.0475864738      -254.0229386877
        0.4800000000         2.0559317756      -236.9387361281
        0.4850000000         2.0649081227      -242.6334703146
        0.4900000000         2.0745027591      -242.6334703146
        0.4950000000         2.0847020504      -240.7352255858
        0.5000000000         2.0954915028      -250.2264492300
        0.5050000000         2.1068557839      -244.5317150435
        0.5100000000         2.1187787445      -257.8194281455
        0.5150000000         2.1312434413      -242.6334703146
        0.5200000000         2.1442321614      -248.3282045012
        0.5250000000         2.1577264470      -259.7176728743
        0.5300000000         2.1717071221      -242.6334703146
        0.5350000000         2.1861543194      -257.8194281455
        0.5400000000         2.2010475085      -236.9387361281
        0.5450000000         2.2163655254      -252.1246939589
        0.5500000000         2.2320866025      -252.1246939589
        0.5550000000         2.2481883992      -231.2440019415
        0.5600000000         2.2646480339      -248.3282045012
        0.5650000000         2.2814421167      -217.9562888395
        0.5700000000         2.2985467821      -242.6334703146
        0.5750000000         2.3159377237      -223.6510230261
        0.5800000000         2.3335902277      -225.5492677549
        0.5850000000         2.3514792092      -225.5492677549
        0.5900000000         2.3695792469      -206.5668204664
        0.5950000000         2.3878646195      -233.1422466704
        0.6000000000         2.4063093427      -202.7703310087
        0.6050000000         2.4248872054      -219.8545335684
        0.6100000000         2.4435718076      -198.9738415510
        0.6150000000         2.4623365972      -193.2791073644
        0.6200000000         2.4811549087      -198.9738415510
        0.6250000000         2.5000000000      -195.1773520933
        0.6300000000         2.5188450913      -189.4826179067
        0.6350000000         2.5376634028      -157.2124575162
        0.6400000000         2.5564281924      -111.6545840237
        0.6450000000         2.5751127946       -60.4019763446
        0.6500000000         2.5936906573        -1.5563897502
        0.6550000000         2.6121353805         6.0365891652
        0.6600000000         2.6304207531        17.4260575384
        0.6650000000         2.6485207908        -7.2511239367
        0.6700000000         2.6664097723        -5.3528792079
        0.6750000000         2.6840622763        -3.4546344790
        0.6800000000         2.7014532179       -11.0476133944
        0.6850000000         2.7185578833        -3.4546344790
        0.6900000000         2.7353519661        -1.5563897502
        0.6950000000         2.7518116008         2.2400997075
        0.7000000000         2.7679133975       108.5418045234
        0.7050000000         2.7836344746        80.0681335906
        0.7100000000         2.7989524915        72.4751546751
        0.7150000000         2.8138456806        80.0681335906
        0.7200000000         2.8282928779        87.6611125060
        0.7250000000         2.8422735530        85.7628677771
        0.7300000000         2.8557678386        95.2540914214
        0.7350000000         2.8687565587       114.2365387099
        0.7400000000         2.8812212555       102.8470703368
        0.7450000000         2.8931442161       116.1347834388
        0.7500000000         2.9045084972       106.6435597945
        0.7550000000         2.9152979496       133.2189859985
        0.7600000000         2.9254972409       127.5242518119
        0.7650000000         2.9350918773       144.6084543716
        0.7700000000         2.9440682244       127.5242518119
        0.7750000000         2.9524135262       131.3207412696
        0.7800000000         2.9601159237       131.3207412696
        0.7850000000         2.9671644712       152.2014332870
        0.7900000000         2.9735491525       150.3031885581
        0.7950000000         2.9792608945       146.5066991004
        0.8000000000         2.9842915806       161.6926569313
        0.8050000000         2.9886340618       142.7102096427
        0.8100000000         2.9922821673       171.1838805755
        0.8150000000         2.9952307128       159.7944122024
        0.8200000000         2.9974755085       182.5733489487
        0.8250000000         2.9990133642       174.9803700332
        0.8300000000         2.9998420946       180.6751042198
        0.8350000000         2.9999605221       182.5733489487
        0.8400000000         2.9993684783       182.5733489487
        0.8450000000         2.9980668046       188.2680831352
        0.8500000000         2.9960573507       186.3698384064
        0.8550000000         2.9933429721       197.7593067795
        0.8600000000         2.9899275262       199.6575515084
        0.8650000000         2.9858158665       186.3698384064
        0.8700000000         2.9810138358       186.3698384064
        0.8750000000         2.9755282581       199.6575515084
        0.8800000000         2.9693669288       193.9628173218
        0.8850000000         2.9625386034       199.6575515084
        0.8900000000         2.9550529853       197.7593067795
        0.8950000000         2.9469207121       205.3522856949
        0.9000000000         2.9381533400       195.8610620506
        0.9050000000         2.9287633281       199.6575515084
        0.9100000000         2.9187640200       203.4540409661
        0.9150000000         2.9081696254       205.3522856949
        0.9200000000         2.8969951993       211.0470198815
        0.9250000000         2.8852566214       192.0645725929
        0.9300000000         2.8729705727       199.6575515084
        0.9350000000         2.8601545124       207.2505304238
        0.9400000000         2.8468266529       199.6575515084
        0.9450000000         2.8330059337       209.1487751526
        0.9500000000         2.8187119949       205.3522856949
        0.9550000000         2.8039651488       192.0645725929
        0.9600000000         2.7887863517       205.3522856949
        0.9650000000         2.7731971734       178.7768594910
        0.9700000000         2.7572197669       195.8610620506
        0.9750000000         2.7408768371       197.7593067795
        0.9800000000         2.7241916080       180.6751042198
        0.9850000000         2.7071877905       174.9803700332
        0.9900000000         2.6898895478       169.2856358467
        0.9950000000         2.6723214616       180.6751042198
        1.0000000000         2.6545084972       167.3873911178
        1.0050000000         2.6364759678       169.2856358467
        1.0100000000         2.6182494985       176.8786147621
        1.0150000000         2.5998549903       154.0996780159
        1.0200000000         2.5813185826       159.7944122024
        1.0250000000         2.5626666168       148.4049438293
        1.0300000000         2.5439255983       154.0996780159
        1.0350000000         2.5251221591       146.5066991004
        1.0400000000         2.5062830199       140.8119649139
        1.0450000000         2.4874349523       133.2189859985
        1.0500000000         2.4686047402       112.3382939811
        1.0550000000         2.4498191426        55.3909521154
        1.0600000000         2.4311048547        21.2225469961
        1.0650000000         2.4124884705       -18.6405923099
        1.0700000000         2.3939964450        -3.4546344790
        1.0750000000         2.3756550564        -3.4546344790
        1.0800000000         2.3574903688         7.9348338941
        1.0850000000         2.3395281951        -5.3528792079
        1.0900000000         2.3217940606        -1.5563897502
        1.0950000000         2.3043131666       -54.7072421581
        1.1000000000         2.2871103542      -145.8229891431
        1.1050000000         2.2702100697       -75.5879341755
        1.1100000000         2.2536363292      -100.2651156506
        1.1150000000         2.2374126850      -104.0616051083
        1.1200000000         2.2215621918      -111.6545840237
        1.1250000000         2.2061073739      -117.3493182103
        1.1300000000         2.1910701935      -126.8405418545
        1.1350000000         2.1764720192      -134.4335207699
        1.1400000000         2.1623335959      -130.6370313122
        1.1450000000         2.1486750151      -115.4510734814
        1.1500000000         2.1355156863      -155.3142127873
        1.1550000000         2.1228743096      -136.3317654988
        1.1600000000         2.1107688492      -159.1107022450
        1.1650000000         2.0992165076      -157.2124575162
        1.1700000000         2.0882337012      -164.8054364316
        1.1750000000         2.0778360372      -157.2124575162
        1.1800000000         2.0680382914      -179.9913942624
        1.1850000000         2.0588543868      -161.0089469739
        1.1900000000         2.0502973742      -179.9913942624
        1.1950000000         2.0423794137      -172.3984153470
        1.2000000000         2.0351117571      -198.9738415510
        1.2050000000         2.0285047321      -187.5843731779
        1.2100000000         2.0225677276      -200.8720862798
        1.2150000000         2.0173091806      -197.0755968221
        1.2200000000         2.0127365636      -195.1773520933
        1.2250000000         2.0088563746      -212.2615546530
        1.2300000000         2.0056741276      -206.5668204664
        1.2350000000         2.0031943447      -219.8545335684
        1.2400000000         2.0014205499      -219.8545335684
        1.2450000000         2.0003552637      -219.8545335684
        1.2500000000         2.0000000000      -219.8545335684
        1.2550000000         2.0003552637      -214.1597993818
        1.2600000000         2.0014205499      -227.4475124838
        1.2650000000         2.0031943447      -233.1422466704
        1.2700000000         2.0056741276      -255.9211834166
        1.2750000000         2.0088563746      -214.1597993818
        1.2800000000         2.0127365636      -231.2440019415
        1.2850000000         2.0173091806      -240.7352255858
        1.2900000000         2.0225677276      -233.1422466704
        1.2950000000         2.0285047321      -240.7352255858
        1.3000000000         2.0351117571      -233.1422466704
        1.3050000000         2.0423794137      -235.0404913992
        1.3100000000         2.0502973742      -261.6159176032
        1.3150000000         2.0588543868      -225.5492677549
        1.3200000000         2.0680382914      -257.8194281455
        1.3250000000         2.0778360372      -229.3457572126
        1.3300000000         2.0882337012      -248.3282045012
        1.3350000000         2.0992165076      -246.4299597723
        1.3400000000         2.1107688492      -225.5492677549
        1.3450000000         2.1228743096      -246.4299597723
        1.3500000000         2.1355156863      -225.5492677549
        1.3550000000         2.1486750151      -257.8194281455
        1.3600000000         2.1623335959      -235.0404913992
        1.3650000000         2.1764720192      -238.8369808569
        1.3700000000         2.1910701935      -221.7527782972
        1.3750000000         2.2061073739      -219.8545335684
        1.3800000000         2.2215621918      -242.6334703146
        1.3850000000         2.2374126850      -231.2440019415
        1.3900000000         2.2536363292      -225.5492677549
        1.3950000000         2.2702100697      -227.4475124838
        1.4000000000         2.2871103542      -214.1597993818
        1.4050000000         2.3043131666      -225.5492677549
        1.4100000000         2.3217940606      -214.1597993818
        1.4150000000         2.3395281951      -217.9562888395
        1.4200000000         2.3574903688      -212.2615546530
        1.4250000000         2.3756550564      -212.2615546530
        1.4300000000         2.3939964450      -204.6685757375
        1.4350000000         2.4124884705      -204.6685757375
        1.4400000000         2.4311048547      -193.2791073644
        1.4450000000         2.4498191426      -191.3808626356
        1.4500000000         2.4686047402      -195.1773520933
        1.4550000000         2.4874349523      -191.3808626356
        1.4600000000         2.5062830199      -178.0931495336
        1.4650000000         2.5251221591      -183.7878837202
        1.4700000000         2.5439255983      -142.0264996854
        1.4750000000         2.5626666168       -88.8756472775
        1.4800000000         2.5813185826       -43.3177737850
        1.4850000000         2.5998549903        -7.2511239367
        1.4900000000         2.6182494985         9.8330786230
        1.4950000000         2.6364759678         6.0365891652
        1.5000000000         2.6545084972        -1.5563897502
        1.5050000000         2.6723214616        -5.3528792079
        1.5100000000         2.6898895478         9.8330786230
        1.5150000000         2.7071877905        -7.2511239367
        1.5200000000         2.7241916080         2.2400997075
        1.5250000000         2.7408768371        -1.5563897502
        1.5300000000         2.7572197669        36.4085048269
        1.5350000000         2.7731971734       131.3207412696
        1.5400000000         2.7887863517        68.6786652174
        1.5450000000         2.8039651488        99.0505808791
        1.5500000000         2.8187119949        81.9663783194
        1.5550000000         2.8330059337       102.8470703368
        1.5600000000         2.8468266529        97.1523361502
        1.5650000000         2.8601545124       121.8295176253
        1.5700000000         2.8729705727       119.9312728965
        1.5750000000         2.8852566214       110.4400492522
        1.5800000000         2.8969951993       131.3207412696
        1.5850000000         2.9081696254       135.1172307273
        1.5900000000         2.9187640200       144.6084543716
        1.5950000000         2.9287633281       131.3207412696
        1.6000000000         2.9381533400       131.3207412696
        1.6050000000         2.9469207121       152.2014332870
        1.6100000000         2.9550529853       142.7102096427
        1.6150000000         2.9625386034       142.7102096427
        1.6200000000         2.9693669288       159.7944122024
        1.6250000000         2.9755282581       155.9979227447
        1.6300000000         2.9810138358       161.6926569313
        1.6350000000         2.9858158665       167.3873911178
        1.6400000000         2.9899275262       182.5733489487
        1.6450000000         2.9933429721       174.9803700332
        1.6500000000         2.9960573507       182.5733489487
        1.6550000000         2.9980668046       178.7768594910
        1.6600000000         2.9993684783       188.2680831352
        1.6650000000         2.9999605221       176.8786147621
        1.6700000000         2.9998420946       161.6926569313
        1.6750000000         2.9990133642       190.1663278641
        1.6800000000         2.9974755085       192.0645725929
        1.6850000000         2.9952307128       186.3698384064
        1.6900000000         2.9922821673       201.5557962372
        1.6950000000         2.9886340618       192.0645725929
        1.7000000000         2.9842915806       195.8610620506
        1.7050000000         2.9792608945       201.5557962372
        1.7100000000         2.9735491525       195.8610620506
        1.7150000000         2.9671644712       195.8610620506
        1.7200000000         2.9601159237       203.4540409661
        1.7250000000         2.9524135262       211.0470198815
        1.7300000000         2.9440682244       199.6575515084
        1.7350000000         2.9350918773       216.7417540680
        1.7400000000         2.9254972409       203.4540409661
        1.7450000000         2.9152979496       218.6399987969
        1.7500000000         2.9045084972       209.1487751526
        1.7550000000         2.8931442161       211.0470198815
        1.7600000000         2.8812212555       211.0470198815
        1.7650000000         2.8687565587       209.1487751526
        1.7700000000         2.8557678386       205.3522856949
        1.7750000000         2.8422735530       193.9628173218
        1.7800000000         2.8282928779       203.4540409661
        1.7850000000         2.8138456806       188.2680831352
        1.7900000000         2.7989524915       207.2505304238
        1.7950000000         2.7836344746       193.9628173218
        1.8000000000         2.7679133975       190.1663278641
        1.8050000000         2.7518116008       182.5733489487
        1.8100000000         2.7353519661       190.1663278641
        1.8150000000         2.7185578833       182.5733489487
        1.8200000000         2.7014532179       188.2680831352
        1.8250000000         2.6840622763       184.4715936775
        1.8300000000         2.6664097723       171.1838805755
        1.8350000000         2.6485207908       167.3873911178
        1.8400000000         2.6304207531       167.3873911178
        1.8450000000         2.6121353805       171.1838805755
        1.8500000000         2.5936906573       157.8961674736
        1.8550000000         2.5751127946       150.3031885581
        1.8600000000         2.5564281924       159.7944122024
        1.8650000000         2.5376634028       138.9137201850
        1.8700000000         2.5188450913       146.5066991004
        1.8750000000         2.5000000000       129.4224965408
        1.8800000000         2.4811549087       155.9979227447
        1.8850000000         2.4623365972       104.7453150657
        1.8900000000         2.4435718076        47.7979732000
        1.8950000000         2.4248872054        28.8155259115
        1.9000000000         2.4063093427       -14.8441028521
        1.9050000000         2.3878646195        -3.4546344790
        1.9100000000         2.3695792469        -7.2511239367
        1.9150000000         2.3514792092         7.9348338941
        1.9200000000         2.3335902277         0.3418549787
        1.9250000000         2.3159377237         0.3418549787
        1.9300000000         2.2985467821       -96.4686261929
        1.9350000000         2.2814421167      -111.6545840237
        1.9400000000         2.2646480339       -69.8931999889
        1.9450000000         2.2481883992      -121.1458076680
        1.9500000000         2.2320866025       -96.4686261929
        1.9550000000         2.2163655254      -130.6370313122
        1.9600000000         2.2010475085      -104.0616051083
        1.9650000000         2.1861543194      -143.9247444142
        1.9700000000         2.1717071221      -124.9422971257
        1.9750000000         2.1577264470      -134.4335207699
        1.9800000000         2.1442321614      -126.8405418545
        1.9850000000         2.1312434413      -142.0264996854
        1.9900000000         2.1187787445      -151.5177233296
        1.9950000000         2.1068557839      -151.5177233296
        2.0000000000         2.0954915028      -161.0089469739
        2.0050000000         2.0847020504      -153.4159680585
        2.0100000000         2.0745027591      -157.2124575162
        2.0150000000         2.0649081227      -176.1949048047
        2.0200000000         2.0559317756      -181.8896389913
        2.0250000000         2.0475864738      -172.3984153470
        2.0300000000         2.0398840763      -174.2966600759
        2.0350000000         2.0328355288      -187.5843731779
        2.0400000000         2.0264508475      -181.8896389913
        2.0450000000         2.0207391055      -189.4826179067
        2.0500000000         2.0157084194      -193.2791073644
        2.0550000000         2.0113659382      -195.1773520933
        2.0600000000         2.0077178327      -195.1773520933
        2.0650000000         2.0047692872      -204.6685757375
        2.0700000000         2.0025244915      -206.5668204664
        2.0750000000         2.0009866358      -204.6685757375
        2.0800000000         2.0001579054      -231.2440019415
        2.0850000000         2.0000394779      -210.3633099241
        2.0900000000         2.0006315217      -221.7527782972
        2.0950000000         2.0019331954      -219.8545335684
        2.1000000000         2.0039426493      -219.8545335684
        2.1050000000         2.0066570279      -233.1422466704
        2.1100000000         2.0100724738      -219.8545335684
        2.1150000000         2.0141841335      -231.2440019415
        2.1200000000         2.0189861642      -233.1422466704
        2.1250000000         2.0244717419      -214.1597993818
        2.1300000000         2.0306330712      -248.3282045012
        2.1350000000         2.0374613966      -236.9387361281
        2.1400000000         2.0449470147      -238.8369808569
        2.1450000000         2.0530792879      -235.0404913992
        2.1500000000         2.0618466600      -219.8545335684
        2.1550000000         2.0712366719      -246.4299597723
        2.1600000000         2.0812359800      -240.7352255858
        2.1650000000         2.0918303746      -240.7352255858
        2.1700000000         2.1030048007      -227.4475124838
        2.1750000000         2.1147433786      -231.2440019415
        2.1800000000         2.1270294273      -236.9387361281
        2.1850000000         2.1398454876      -248.3282045012
        2.1900000000         2.1531733471      -231.2440019415
        2.1950000000         2.1669940663      -236.9387361281
        2.2000000000         2.1812880051      -236.9387361281
        2.2050000000         2.1960348512      -236.9387361281
        2.2100000000         2.2112136483      -236.9387361281
        2.2150000000         2.2268028266      -225.5492677549
        2.2200000000         2.2427802331      -233.1422466704
        2.2250000000         2.2591231629      -242.6334703146
        2.2300000000         2.2758083920      -219.8545335684
        2.2350000000         2.2928122095      -240.7352255858
        2.2400000000         2.3101104522      -206.5668204664
        2.2450000000         2.3276785384      -235.0404913992
        2.2500000000         2.3454915028      -217.9562888395
        2.2550000000         2.3635240322      -208.4650651953
        2.2600000000         2.3817505015      -223.6510230261
        2.2650000000         2.4001450097      -191.3808626356
        2.2700000000         2.4186814174      -206.5668204664
        2.2750000000         2.4373333832      -204.6685757375
        2.2800000000         2.4560744017      -187.5843731779
        2.2850000000         2.4748778409      -216.0580441107
        2.2900000000         2.4937169801      -172.3984153470
        2.2950000000         2.5125650477      -181.8896389913
        2.3000000000         2.5313952598      -136.3317654988
        2.3050000000         2.5501808574       -85.0791578197
        2.3100000000         2.5688951453       -49.0125079715
        2.3150000000         2.5875115295        -5.3528792079
        2.3200000000         2.6060035550        13.6295680807
        2.3250000000         2.6243449436         6.0365891652
        2.3300000000         2.6425096312         0.3418549787
        2.3350000000         2.6604718049        -5.3528792079
        2.3400000000         2.6782059394         6.0365891652
        2.3450000000         2.6956868334        -1.5563897502
        2.3500000000         2.7128896458        -7.2511239367
        2.3550000000         2.7297899303         4.1383444364
        2.3600000000         2.7463636708        26.9172811826
        2.3650000000         2.7625873150       121.8295176253
        2.3700000000         2.7784378082        61.0856863020
        2.3750000000         2.7938926261       108.5418045234
        2.3800000000         2.8089298065        76.2716441328
        2.3850000000         2.8235279808       106.6435597945
        2.3900000000         2.8376664041        95.2540914214
        2.3950000000         2.8513249849       123.7277623542
        2.4000000000         2.8644843137       133.2189859985
        2.4050000000         2.8771256904       112.3382939811
        2.4100000000         2.8892311508       119.9312728965
        2.4150000000         2.9007834924       123.7277623542
        2.4200000000         2.9117662988       142.7102096427
        2.4250000000         2.9221639628       131.3207412696
        2.4300000000         2.9319617086       131.3207412696
        2.4350000000         2.9411456132       138.9137201850
        2.4400000000         2.9497026258       133.2189859985
        2.4450000000         2.9576205863       154.0996780159
        2.4500000000         2.9648882429       146.5066991004
        2.4550000000         2.9714952679       163.5909016601
        2.4600000000         2.9774322724       140.8119649139
        2.4650000000         2.9826908194       174.9803700332
        2.4700000000         2.9872634364       155.9979227447
        2.4750000000         2.9911436254       174.9803700332
        2.4800000000         2.9943258724       174.9803700332
        2.4850000000         2.9968056553       163.5909016601
        2.4900000000         2.9985794501       178.7768594910
        2.4950000000         2.9996447363       171.1838805755
        2.5000000000         3.0000000000       173.0821253044
        2.5050000000         2.9996447363       182.5733489487
        2.5100000000         2.9985794501       182.5733489487
        2.5150000000         2.9968056553       207.2505304238
        2.5200000000         2.9943258724       190.1663278641
        2.5250000000         2.9911436254       211.0470198815
        2.5300000000         2.9872634364       212.9452646103
        2.5350000000         2.9826908194       201.5557962372
        2.5400000000         2.9774322724       205.3522856949
        2.5450000000         2.9714952679       209.1487751526
        2.5500000000         2.9648882429       212.9452646103
        2.5550000000         2.9576205863       214.8435093392
        2.5600000000         2.9497026258       214.8435093392
        2.5650000000         2.9411456132       205.3522856949
        2.5700000000         2.9319617086       207.2505304238
        2.5750000000         2.9221639628       212.9452646103
        2.5800000000         2.9117662988       207.2505304238
        2.5850000000         2.9007834924       230.0294671700
        2.5900000000         2.8892311508       199.6575515084
        2.5950000000         2.8771256904       212.9452646103
        2.6000000000         2.8644843137       214.8435093392
        2.6050000000         2.8513249849       201.5557962372
        2.6100000000         2.8376664041       209.1487751526
        2.6150000000         2.8235279808       218.6399987969
        2.6200000000         2.8089298065       193.9628173218
        2.6250000000         2.7938926261       214.8435093392
        2.6300000000         2.7784378082       203.4540409661
        2.6350000000         2.7625873150       205.3522856949
        2.6400000000         2.7463636708       216.7417540680
        2.6450000000         2.7297899303       186.3698384064
        2.6500000000         2.7128896458       190.1663278641
        2.6550000000         2.6956868334       182.5733489487
        2.6600000000         2.6782059394       186.3698384064
        2.6650000000         2.6604718049       173.0821253044
        2.6700000000         2.6425096312       159.7944122024
        2.6750000000         2.6243449436       169.2856358467
        2.6800000000         2.6060035550       146.5066991004
        2.6850000000         2.5875115295       163.5909016601
        2.6900000000         2.5688951453       138.9137201850
        2.6950000000         2.5501808574       154.0996780159
        2.7000000000         2.5313952598       138.9137201850
        2.7050000000         2.5125650477       131.3207412696
        2.7100000000         2.4937169801       140.8119649139
        2.7150000000         2.4748778409       123.7277623542
        2.7200000000         2.4560744017       106.6435597945
        2.7250000000         2.4373333832        57.2891968443
        2.7300000000         2.4186814174        21.2225469961
        2.7350000000         2.4001450097        -9.1493686656
        2.7400000000         2.3817505015        -9.1493686656
        2.7450000000         2.3635240322         2.2400997075
        2.7500000000         2.3454915028         0.3418549787
        2.7550000000         2.3276785384        -5.3528792079
        2.7600000000         2.3101104522        -5.3528792079
        2.7650000000         2.2928122095      -104.0616051083
        2.7700000000         2.2758083920      -109.7563392948
        2.7750000000         2.2591231629       -77.4861789043
        2.7800000000         2.2427802331      -109.7563392948
        2.7850000000         2.2268028266       -69.8931999889
        2.7900000000         2.2112136483      -119.2475629391
        2.7950000000         2.1960348512      -109.7563392948
        2.8000000000         2.1812880051      -130.6370313122
        2.8050000000         2.1669940663      -121.1458076680
        2.8100000000         2.1531733471      -111.6545840237
        2.8150000000         2.1398454876      -140.1282549565
        2.8200000000         2.1270294273      -147.7212338719
        2.8250000000         2.1147433786      -147.7212338719
        2.8300000000         2.1030048007      -155.3142127873
        2.8350000000         2.0918303746      -142.0264996854
        2.8400000000         2.0812359800      -159.1107022450
        2.8450000000         2.0712366719      -151.5177233296
        2.8500000000         2.0618466600      -172.3984153470
        2.8550000000         2.0530792879      -159.1107022450
        2.8600000000         2.0449470147      -168.6019258893
        2.8650000000         2.0374613966      -178.0931495336
        2.8700000000         2.0306330712      -179.9913942624
        2.8750000000         2.0244717419      -179.9913942624
        2.8800000000         2.0189861642      -193.2791073644
        2.8850000000         2.0141841335      -195.1773520933
        2.8900000000         2.0100724738      -202.7703310087
        2.8950000000         2.0066570279      -189.4826179067
        2.9000000000         2.0039426493      -217.9562888395
        2.9050000000         2.0019331954      -197.0755968221
        2.9100000000         2.0006315217      -204.6685757375
        2.9150000000         2.0000394779      -223.6510230261
        2.9200000000         2.0001579054      -204.6685757375
        2.9250000000         2.0009866358      -219.8545335684
        2.9300000000         2.0025244915      -214.1597993818
        2.9350000000         2.0047692872      -221.7527782972
        2.9400000000         2.0077178327      -219.8545335684
        2.9450000000         2.0113659382      -231.2440019415
        2.9500000000         2.0157084194      -233.1422466704
        2.9550000000         2.0207391055      -208.4650651953
        2.9600000000         2.0264508475      -227.4475124838
        2.9650000000         2.0328355288      -231.2440019415
        2.9700000000         2.0398840763      -240.7352255858
        2.9750000000         2.0475864738      -240.7352255858
        2.9800000000         2.0559317756      -229.3457572126
        2.9850000000         2.0649081227      -248.3282045012
        2.9900000000         2.0745027591      -233.1422466704
        2.9950000000         2.0847020504      -238.8369808569
        3.0000000000         2.0954915028      -238.8369808569
        3.0050000000         2.1068557839      -227.4475124838
        3.0100000000         2.1187787445      -255.9211834166
        3.0150000000         2.1312434413      -231.2440019415
        3.0200000000         2.1442321614      -248.3282045012
        3.0250000000         2.1577264470      -236.9387361281
        3.0300000000         2.1717071221      -227.4475124838
        3.0350000000         2.1861543194      -255.9211834166
        3.0400000000         2.2010475085      -217.9562888395
        3.0450000000         2.2163655254      -244.5317150435
        3.0500000000         2.2320866025      -221.7527782972
        3.0550000000         2.2481883992      -217.9562888395
        3.0600000000         2.2646480339      -240.7352255858
        3.0650000000         2.2814421167      -214.1597993818
        3.0700000000         2.2985467821      -229.3457572126
        3.0750000000         2.3159377237      -208.4650651953
        3.0800000000         2.3335902277      -219.8545335684
        3.0850000000         2.3514792092      -221.7527782972
        3.0900000000         2.3695792469      -204.6685757375
        3.0950000000         2.3878646195      -210.3633099241
        3.1000000000         2.4063093427      -206.5668204664
        3.1050000000         2.4248872054      -200.8720862798
        3.1100000000         2.4435718076      -206.5668204664
        3.1150000000         2.4623365972      -193.2791073644
        3.1200000000         2.4811549087      -187.5843731779
        3.1250000000         2.5000000000      -179.9913942624
        3.1300000000         2.5188450913      -178.0931495336
        3.1350000000         2.5376634028      -151.5177233296
        3.1400000000         2.5564281924       -98.3668709217
        3.1450000000         2.5751127946       -56.6054868869
        3.1500000000         2.5936906573       -12.9458581233
        3.1550000000         2.6121353805         9.8330786230
        3.1600000000         2.6304207531         7.9348338941
        3.1650000000         2.6485207908       -14.8441028521
        3.1700000000         2.6664097723        -3.4546344790
        3.1750000000         2.6840622763         2.2400997075
        3.1800000000         2.7014532179        -5.3528792079
        3.1850000000         2.7185578833        -3.4546344790
        3.1900000000         2.7353519661        -3.4546344790
        3.1950000000         2.7518116008         9.8330786230
        3.2000000000         2.7679133975       119.9312728965
        3.2050000000         2.7836344746        61.0856863020
        3.2100000000         2.7989524915        87.6611125060
        3.2150000000         2.8138456806        85.7628677771
        3.2200000000         2.8282928779        87.6611125060
        3.2250000000         2.8422735530       102.8470703368
        3.2300000000         2.8557678386       100.9488256079
        3.2350000000         2.8687565587       129.4224965408
        3.2400000000         2.8812212555       116.1347834388
        3.2450000000         2.8931442161       112.3382939811
        3.2500000000         2.9045084972       118.0330281676
        3.2550000000         2.9152979496       142.7102096427
        3.2600000000         2.9254972409       140.8119649139
        3.2650000000         2.9350918773       140.8119649139
        3.2700000000         2.9440682244       135.1172307273
        3.2750000000         2.9524135262       157.8961674736
        3.2800000000         2.9601159237       150.3031885581
        3.2850000000         2.9671644712       163.5909016601
        3.2900000000         2.9735491525       150.3031885581
        3.2950000000         2.9792608945       174.9803700332
        3.3000000000         2.9842915806       161.6926569313
        3.3050000000         2.9886340618       169.2856358467
        3.3100000000         2.9922821673       182.5733489487
        3.3150000000         2.9952307128       176.8786147621
        3.3200000000         2.9974755085       184.4715936775
        3.3250000000         2.9990133642       169.2856358467
        3.3300000000         2.9998420946       195.8610620506
        3.3350000000         2.9999605221       174.9803700332
        3.3400000000         2.9993684783       195.8610620506
        3.3450000000         2.9980668046       193.9628173218
        3.3500000000         2.9960573507       190.1663278641
        3.3550000000         2.9933429721       190.1663278641
        3.3600000000         2.9899275262       205.3522856949
        3.3650000000         2.9858158665       207.2505304238
        3.3700000000         2.9810138358       192.0645725929
        3.3750000000         2.9755282581       211.0470198815
        3.3800000000         2.9693669288       192.0645725929
        3.3850000000         2.9625386034       201.5557962372
        3.3900000000         2.9550529853       205.3522856949
        3.3950000000         2.9469207121       205.3522856949
        3.4000000000         2.9381533400       203.4540409661
        3.4050000000         2.9287633281       209.1487751526
        3.4100000000         2.9187640200       209.1487751526
        3.4150000000         2.9081696254       211.0470198815
        3.4200000000         2.8969951993       216.7417540680
        3.4250000000         2.8852566214       199.6575515084
        3.4300000000         2.8729705727       205.3522856949
        3.4350000000         2.8601545124       207.2505304238
        3.4400000000         2.8468266529       207.2505304238
        3.4450000000         2.8330059337       216.7417540680
        3.4500000000         2.8187119949       203.4540409661
        3.4550000000         2.8039651488       192.0645725929
        3.4600000000         2.7887863517       203.4540409661
        3.4650000000         2.7731971734       197.7593067795
        3.4700000000         2.7572197669       195.8610620506
        3.4750000000         2.7408768371       207.2505304238
        3.4800000000         2.7241916080       188.2680831352
        3.4850000000         2.7071877905       190.1663278641
        3.4900000000         2.6898895478       169.2856358467
        3.4950000000         2.6723214616       188.2680831352
        3.5000000000         2.6545084972       174.9803700332
        3.5050000000         2.6364759678       176.8786147621
        3.5100000000         2.6182494985       173.0821253044
        3.5150000000         2.5998549903       161.6926569313
        3.5200000000         2.5813185826       165.4891463890
        3.5250000000         2.5626666168       152.2014332870
        3.5300000000         2.5439255983       150.3031885581
        3.5350000000         2.5251221591       155.9979227447
        3.5400000000         2.5062830199       138.9137201850
        3.5450000000         2.4874349523       146.5066991004
        3.5500000000         2.4686047402       106.6435597945
        3.5550000000         2.4498191426        53.4927073866
        3.5600000000         2.4311048547         9.8330786230
        3.5650000000         2.4124884705       -20.5388370387
        3.5700000000         2.3939964450        -3.4546344790
        3.5750000000         2.3756550564         2.2400997075
        3.5800000000         2.3574903688         7.9348338941
        3.5850000000         2.3395281951        -5.3528792079
        3.5900000000         2.3217940606         4.1383444364
        3.5950000000         2.3043131666       -14.8441028521
        3.6000000000         2.2871103542      -153.4159680585
        3.6050000000         2.2702100697       -73.6896894466
        3.6100000000         2.2536363292      -102.1633603794
        3.6150000000         2.2374126850      -109.7563392948
        3.6200000000         2.2215621918      -105.9598498371
        3.6250000000         2.2061073739      -113.5528287526
        3.6300000000         2.1910701935      -121.1458076680
        3.6350000000         2.1764720192      -134.4335207699
        3.6400000000         2.1623335959      -115.4510734814
        3.6450000000         2.1486750151      -115.4510734814
        3.6500000000         2.1355156863      -130.6370313122
        3.6550000000         2.1228743096      -142.0264996854
        3.6600000000         2.1107688492      -130.6370313122
        3.6650000000         2.0992165076      -157.2124575162
        3.6700000000         2.0882337012      -145.8229891431
        3.6750000000         2.0778360372      -153.4159680585
        3.6800000000         2.0680382914      -157.2124575162
        3.6850000000         2.0588543868      -161.0089469739
        3.6900000000         2.0502973742      -170.5001706182
        3.6950000000         2.0423794137      -162.9071917028
        3.7000000000         2.0351117571      -172.3984153470
        3.7050000000         2.0285047321      -181.8896389913
        3.7100000000         2.0225677276      -189.4826179067
        3.7150000000         2.0173091806      -187.5843731779
        3.7200000000         2.0127365636      -202.7703310087
        3.7250000000         2.0088563746      -178.0931495336
        3.7300000000         2.0056741276      -204.6685757375
        3.7350000000         2.0031943447      -198.9738415510
        3.7400000000         2.0014205499      -204.6685757375
        3.7450000000         2.0003552637      -206.5668204664
        3.7500000000         2.0000000000      -206.5668204664
        3.7550000000         2.0003552637      -219.8545335684
        3.7600000000         2.0014205499      -195.1773520933
        3.7650000000         2.0031943447      -233.1422466704
        3.7700000000         2.0056741276      -216.0580441107
        3.7750000000         2.0088563746      -231.2440019415
        3.7800000000         2.0127365636      -223.6510230261
        3.7850000000         2.0173091806      -221.7527782972
        3.7900000000         2.0225677276      -238.8369808569
        3.7950000000         2.0285047321      -235.0404913992
        3.8000000000         2.0351117571      -231.2440019415
        3.8050000000         2.0423794137      -236.9387361281
        3.8100000000         2.0502973742      -225.5492677549
        3.8150000000         2.0588543868      -254.0229386877
        3.8200000000         2.0680382914      -231.2440019415
        3.8250000000         2.0778360372      -229.3457572126
        3.8300000000         2.0882337012      -250.2264492300
        3.8350000000         2.0992165076      -210.3633099241
        3.8400000000         2.1107688492      -257.8194281455
        3.8450000000         2.1228743096      -227.4475124838
        3.8500000000         2.1355156863      -248.3282045012
        3.8550000000         2.1486750151      -233.1422466704
        3.8600000000         2.1623335959      -225.5492677549
        3.8650000000         2.1764720192      -240.7352255858
        3.8700000000         2.1910701935      -221.7527782972
        3.8750000000         2.2061073739      -231.2440019415
        3.8800000000         2.2215621918      -225.5492677549
        3.8850000000         2.2374126850      -217.9562888395
        3.8900000000         2.2536363292      -233.1422466704
        3.8950000000         2.2702100697      -233.1422466704
        3.9000000000         2.2871103542      -216.0580441107
        3.9050000000         2.3043131666      -210.3633099241
        3.9100000000         2.3217940606      -206.5668204664
        3.9150000000         2.3395281951      -214.1597993818
        3.9200000000         2.3574903688      -210.3633099241
        3.9250000000         2.3756550564      -208.4650651953
        3.9300000000         2.3939964450      -191.3808626356
        3.9350000000         2.4124884705      -191.3808626356
        3.9400000000         2.4311048547      -193.2791073644
        3.9450000000         2.4498191426      -185.6861284490
        3.9500000000         2.4686047402      -191.3808626356
        3.9550000000         2.4874349523      -176.1949048047
        3.9600000000         2.5062830199      -168.6019258893
        3.9650000000         2.5251221591      -172.3984153470
        3.9700000000         2.5439255983      -159.1107022450
        3.9750000000         2.5626666168       -90.7738920063
        3.9800000000         2.5813185826       -41.4195290561
        3.9850000000         2.5998549903       -12.9458581233
        3.9900000000         2.6182494985        19.3243022672
        3.9950000000         2.6364759678        -3.4546344790
        4.0000000000         2.6545084972        -5.3528792079
        4.0050000000         2.6723214616        -5.3528792079
        4.0100000000         2.6898895478        -1.5563897502
        4.0150000000         2.7071877905         2.2400997075
        4.0200000000         2.7241916080        -1.5563897502
        4.0250000000         2.7408768371         0.3418549787
        4.0300000000         2.7572197669        44.0014837423
        4.0350000000         2.7731971734       112.3382939811
        4.0400000000         2.7887863517        66.7804204886
        4.0450000000         2.8039651488       100.9488256079
        4.0500000000         2.8187119949        78.1698888617
        4.0550000000         2.8330059337       104.7453150657
        4.0600000000         2.8468266529        91.4576019637
        4.0650000000         2.8601545124       123.7277623542
        4.0700000000         2.8729705727       121.8295176253
        4.0750000000         2.8852566214       108.5418045234
        4.0800000000         2.8969951993       116.1347834388
        4.0850000000         2.9081696254       119.9312728965
        4.0900000000         2.9187640200       146.5066991004
        4.0950000000         2.9287633281       125.6260070830
        4.1000000000         2.9381533400       138.9137201850
        4.1050000000         2.9469207121       135.1172307273
        4.1100000000         2.9550529853       144.6084543716
        4.1150000000         2.9625386034       148.4049438293
        4.1200000000         2.9693669288       142.7102096427
        4.1250000000         2.9755282581       159.7944122024
        4.1300000000         2.9810138358       159.7944122024
        4.1350000000         2.9858158665       178.7768594910
        4.1400000000         2.9899275262       169.2856358467
        4.1450000000         2.9933429721       182.5733489487
        4.1500000000         2.9960573507       167.3873911178
        4.1550000000         2.9980668046       173.0821253044
        4.1600000000         2.9993684783       182.5733489487
        4.1650000000         2.9999605221       190.1663278641
        4.1700000000         2.9998420946       192.0645725929
        4.1750000000         2.9990133642       193.9628173218
        4.1800000000         2.9974755085       197.7593067795
        4.1850000000         2.9952307128       190.1663278641
        4.1900000000         2.9922821673       201.5557962372
        4.1950000000         2.9886340618       203.4540409661
        4.2000000000         2.9842915806       195.8610620506
        4.2050000000         2.9792608945       201.5557962372
        4.2100000000         2.9735491525       201.5557962372
        4.2150000000         2.9671644712       192.0645725929
        4.2200000000         2.9601159237       209.1487751526
        4.2250000000         2.9524135262       205.3522856949
        4.2300000000         2.9440682244       199.6575515084
        4.2350000000         2.9350918773       211.0470198815
        4.2400000000         2.9254972409       197.7593067795
        4.2450000000         2.9152979496       203.4540409661
        4.2500000000         2.9045084972       205.3522856949
        4.2550000000         2.8931442161       209.1487751526
        4.2600000000         2.8812212555       199.6575515084
        4.2650000000         2.8687565587       212.9452646103
        4.2700000000         2.8557678386       199.6575515084
        4.2750000000         2.8422735530       205.3522856949
        4.2800000000         2.8282928779       205.3522856949
        4.2850000000         2.8138456806       205.3522856949
        4.2900000000         2.7989524915       192.0645725929
        4.2950000000         2.7836344746       203.4540409661
        4.3000000000         2.7679133975       193.9628173218
        4.3050000000         2.7518116008       199.6575515084
        4.3100000000         2.7353519661       203.4540409661
        4.3150000000         2.7185578833       192.0645725929
        4.3200000000         2.7014532179       190.1663278641
        4.3250000000         2.6840622763       184.4715936775
        4.3300000000         2.6664097723       203.4540409661
        4.3350000000         2.6485207908       161.6926569313
        4.3400000000         2.6304207531       182.5733489487
        4.3450000000         2.6121353805       169.2856358467
        4.3500000000         2.5936906573       163.5909016601
        4.3550000000         2.5751127946       155.9979227447
        4.3600000000         2.5564281924       163.5909016601
        4.3650000000         2.5376634028       144.6084543716
        4.3700000000         2.5188450913       154.0996780159
        4.3750000000         2.5000000000       154.0996780159
        4.3800000000         2.4811549087       127.5242518119
        4.3850000000         2.4623365972       129.4224965408
        4.3900000000         2.4435718076        62.9839310309
        4.3950000000         2.4248872054        26.9172811826
        4.4000000000         2.4063093427       -20.5388370387
        4.4050000000         2.3878646195         0.3418549787
        4.4100000000         2.3695792469        -1.5563897502
        4.4150000000         2.3514792092         9.8330786230
        4.4200000000         2.3335902277         0.3418549787
        4.4250000000         2.3159377237        -3.4546344790
        4.4300000000         2.2985467821       -43.3177737850
        4.4350000000         2.2814421167      -159.1107022450
        4.4400000000         2.2646480339       -75.5879341755
        4.4450000000         2.2481883992       -86.9774025486
        4.4500000000         2.2320866025      -115.4510734814
        4.4550000000         2.2163655254      -109.7563392948
        4.4600000000         2.2010475085      -128.7387865834
        4.4650000000         2.1861543194      -128.7387865834
        4.4700000000         2.1717071221      -124.9422971257
        4.4750000000         2.1577264470      -124.9422971257
        4.4800000000         2.1442321614      -134.4335207699
        4.4850000000         2.1312434413      -151.5177233296
        4.4900000000         2.1187787445      -149.6194786008
        4.4950000000         2.1068557839      -155.3142127873
        4.5000000000         2.0954915028      -161.0089469739
        4.5050000000         2.0847020504      -164.8054364316
        4.5100000000         2.0745027591      -159.1107022450
        4.5150000000         2.0649081227      -155.3142127873
        4.5200000000         2.0559317756      -189.4826179067
        4.5250000000         2.0475864738      -170.5001706182
        4.5300000000         2.0398840763      -187.5843731779
        4.5350000000         2.0328355288      -191.3808626356
        4.5400000000         2.0264508475      -189.4826179067
        4.5450000000         2.0207391055      -189.4826179067
        4.5500000000         2.0157084194      -191.3808626356
        4.5550000000         2.0113659382      -204.6685757375
        4.5600000000         2.0077178327      -195.1773520933
        4.5650000000         2.0047692872      -214.1597993818
        4.5700000000         2.0025244915      -217.9562888395
        4.5750000000         2.0009866358      -210.3633099241
        4.5800000000         2.0001579054      -227.4475124838
        4.5850000000         2.0000394779      -212.2615546530
        4.5900000000         2.0006315217      -217.9562888395
        4.5950000000         2.0019331954      -233.1422466704
        4.6000000000         2.0039426493      -217.9562888395
        4.6050000000         2.0066570279      -231.2440019415
        4.6100000000         2.0100724738      -225.5492677549
        4.6150000000         2.0141841335      -219.8545335684
        4.6200000000         2.0189861642      -248.3282045012
        4.6250000000         2.0244717419      -216.0580441107
        4.6300000000         2.0306330712      -242.6334703146
        4.6350000000         2.0374613966      -223.6510230261
        4.6400000000         2.0449470147      -236.9387361281
        4.6450000000         2.0530792879      -244.5317150435
        4.6500000000         2.0618466600      -231.2440019415
        4.6550000000         2.0712366719      -233.1422466704
        4.6600000000         2.0812359800      -229.3457572126
        4.6650000000         2.0918303746      -235.0404913992
        4.6700000000         2.1030048007      -248.3282045012
        4.6750000000         2.1147433786      -233.1422466704
        4.6800000000         2.1270294273      -231.2440019415
        4.6850000000         2.1398454876      -244.5317150435
        4.6900000000         2.1531733471      -231.2440019415
        4.6950000000         2.1669940663      -235.0404913992
        4.7000000000         2.1812880051      -240.7352255858
        4.7050000000         2.1960348512      -229.3457572126
        4.7100000000         2.2112136483      -236.9387361281
        4.7150000000         2.2268028266      -231.2440019415
        4.7200000000         2.2427802331      -217.9562888395
        4.7250000000         2.2591231629      -236.9387361281
        4.7300000000         2.2758083920      -195.1773520933
        4.7350000000         2.2928122095      -242.6334703146
        4.7400000000         2.3101104522      -212.2615546530
        4.7450000000         2.3276785384      -221.7527782972
        4.7500000000         2.3454915028      -223.6510230261
        4.7550000000         2.3635240322      -181.8896389913
        4.7600000000         2.3817505015      -202.7703310087
        4.7650000000         2.4001450097      -204.6685757375
        4.7700000000         2.4186814174      -200.8720862798
        4.7750000000         2.4373333832      -200.8720862798
        4.7800000000         2.4560744017      -189.4826179067
        4.7850000000         2.4748778409      -191.3808626356
        4.7900000000         2.4937169801      -187.5843731779
        4.7950000000         2.5125650477      -181.8896389913
        4.8000000000         2.5313952598      -142.0264996854
        4.8050000000         2.5501808574      -104.0616051083
        4.8100000000         2.5688951453       -62.3002210735
        4.8150000000         2.5875115295       -22.4370817676
        4.8200000000         2.6060035550        17.4260575384
        4.8250000000         2.6243449436         2.2400997075
        4.8300000000         2.6425096312        -3.4546344790
        4.8350000000         2.6604718049       -12.9458581233
        4.8400000000         2.6782059394         4.1383444364
        4.8450000000         2.6956868334        -1.5563897502
        4.8500000000         2.7128896458        -3.4546344790
        4.8550000000         2.7297899303        -3.4546344790
        4.8600000000         2.7463636708        89.5593572348
        4.8650000000         2.7625873150        80.0681335906
        4.8700000000         2.7784378082        72.4751546751
        4.8750000000         2.7938926261        85.7628677771
        4.8800000000         2.8089298065        76.2716441328
        4.8850000000         2.8235279808        91.4576019637
        4.8900000000         2.8376664041        91.4576019637
        4.8950000000         2.8513249849       112.3382939811
        4.9000000000         2.8644843137       110.4400492522
        4.9050000000         2.8771256904       112.3382939811
        4.9100000000         2.8892311508       106.6435597945
        4.9150000000         2.9007834924       131.3207412696
        4.9200000000         2.9117662988       123.7277623542
        4.9250000000         2.9221639628       131.3207412696
        4.9300000000         2.9319617086       121.8295176253
        4.9350000000         2.9411456132       119.9312728965
        4.9400000000         2.9497026258       138.9137201850
        4.9450000000         2.9576205863       146.5066991004
        4.9500000000         2.9648882429       146.5066991004
        4.9550000000         2.9714952679       148.4049438293
        4.9600000000         2.9774322724       140.8119649139
        4.9650000000         2.9826908194       165.4891463890
        4.9700000000         2.9872634364       152.2014332870
        4.9750000000         2.9911436254       169.2856358467
        4.9800000000         2.9943258724       163.5909016601
        4.9850000000         2.9968056553       167.3873911178
        4.9900000000         2.9985794501       169.2856358467
        4.9950000000         2.9996447363       173.0821253044
        5.0000000000         3.0000000000       182.5733489487
        5.0050000000         2.9996447363       182.5733489487
        5.0100000000         2.9985794501       193.9628173218
        5.0150000000         2.9968056553       188.2680831352
        5.0200000000         2.9943258724       192.0645725929
        5.0250000000         2.9911436254       193.9628173218
        5.0300000000         2.9872634364       188.2680831352
        5.0350000000         2.9826908194       199.6575515084
        5.0400000000         2.9774322724       203.4540409661
        5.0450000000         2.9714952679       199.6575515084
        5.0500000000         2.9648882429       201.5557962372
        5.0550000000         2.9576205863       190.1663278641
        5.0600000000         2.9497026258       203.4540409661
        5.0650000000         2.9411456132       203.4540409661
        5.0700000000         2.9319617086       197.7593067795
        5.0750000000         2.9221639628       211.0470198815
        5.0800000000         2.9117662988       205.3522856949
        5.0850000000         2.9007834924       199.6575515084
        5.0900000000         2.8892311508       203.4540409661
        5.0950000000         2.8771256904       205.3522856949
        5.1000000000         2.8644843137       199.6575515084
        5.1050000000         2.8513249849       205.3522856949
        5.1100000000         2.8376664041       207.2505304238
        5.1150000000         2.8235279808       188.2680831352
        5.1200000000         2.8089298065       201.5557962372
        5.1250000000         2.7938926261       188.2680831352
        5.1300000000         2.7784378082       169.2856358467
        5.1350000000         2.7625873150       192.0645725929
        5.1400000000         2.7463636708       178.7768594910
        5.1450000000         2.7297899303       182.5733489487
        5.1500000000         2.7128896458       180.6751042198
        5.1550000000         2.6956868334       184.4715936775
        5.1600000000         2.6782059394       169.2856358467
        5.1650000000         2.6604718049       174.9803700332
        5.1700000000         2.6425096312       169.2856358467
        5.1750000000         2.6243449436       152.2014332870
        5.1800000000         2.6060035550       165.4891463890
        5.1850000000         2.5875115295       152.2014332870
        5.1900000000         2.5688951453       157.8961674736
        5.1950000000         2.5501808574       138.9137201850
        5.2000000000         2.5313952598       131.3207412696
        5.2050000000         2.5125650477       142.7102096427
        5.2100000000         2.4937169801       131.3207412696
        5.2150000000         2.4748778409       127.5242518119
        5.2200000000         2.4560744017       108.5418045234
        5.2250000000         2.4373333832        61.0856863020
        5.2300000000         2.4186814174        32.6120153692
        5.2350000000         2.4001450097         0.3418549787
        5.2400000000         2.3817505015       -14.8441028521
        5.2450000000         2.3635240322         7.9348338941
        5.2500000000         2.3454915028         0.3418549787
        5.2550000000         2.3276785384         2.2400997075
        5.2600000000         2.3101104522       -12.9458581233
        5.2650000000         2.2928122095      -143.9247444142
        5.2700000000         2.2758083920       -64.1984658024
        5.2750000000         2.2591231629       -98.3668709217
        5.2800000000         2.2427802331       -85.0791578197
        5.2850000000         2.2268028266      -104.0616051083
        5.2900000000         2.2112136483      -113.5528287526
        5.2950000000         2.1960348512      -128.7387865834
        5.3000000000         2.1812880051      -136.3317654988
        5.3050000000         2.1669940663      -126.8405418545
        5.3100000000         2.1531733471      -128.7387865834
        5.3150000000         2.1398454876      -138.2300102277
        5.3200000000         2.1270294273      -157.2124575162
        5.3250000000         2.1147433786      -138.2300102277
        5.3300000000         2.1030048007      -159.1107022450
        5.3350000000         2.0918303746      -149.6194786008
        5.3400000000         2.0812359800      -166.7036811605
        5.3450000000         2.0712366719      -159.1107022450
        5.3500000000         2.0618466600      -176.1949048047
        5.3550000000         2.0530792879      -172.3984153470
        5.3600000000         2.0449470147      -172.3984153470
        5.3650000000         2.0374613966      -187.5843731779
        5.3700000000         2.0306330712      -170.5001706182
        5.3750000000         2.0244717419      -191.3808626356
        5.3800000000         2.0189861642      -176.1949048047
        5.3850000000         2.0141841335      -200.8720862798
        5.3900000000         2.0100724738      -191.3808626356
        5.3950000000         2.0066570279      -197.0755968221
        5.4000000000         2.0039426493      -204.6685757375
        5.4050000000         2.0019331954      -195.1773520933
        5.4100000000         2.0006315217      -216.0580441107
        5.4150000000         2.0000394779      -198.9738415510
        5.4200000000         2.0001579054      -227.4475124838
        5.4250000000         2.0009866358      -212.2615546530
        5.4300000000         2.0025244915      -225.5492677549
        5.4350000000         2.0047692872      -212.2615546530
        5.4400000000         2.0077178327      -216.0580441107
        5.4450000000         2.0113659382      -233.1422466704
        5.4500000000         2.0157084194      -225.5492677549
        5.4550000000         2.0207391055      -212.2615546530
        5.4600000000         2.0264508475      -233.1422466704
        5.4650000000         2.0328355288      -235.0404913992
        5.4700000000         2.0398840763      -231.2440019415
        5.4750000000         2.0475864738      -236.9387361281
        5.4800000000         2.0559317756      -229.3457572126
        5.4850000000         2.0649081227      -236.9387361281
        5.4900000000         2.0745027591      -235.0404913992
        5.4950000000         2.0847020504      -227.4475124838
        5.5000000000         2.0954915028      -254.0229386877
        5.5050000000         2.1068557839      -217.9562888395
        5.5100000000         2.1187787445      -240.7352255858
        5.5150000000         2.1312434413      -227.4475124838
        5.5200000000         2.1442321614      -238.8369808569
        5.5250000000         2.1577264470      -240.7352255858
        5.5300000000         2.1717071221      -210.3633099241
        5.5350000000         2.1861543194      -248.3282045012
        5.5400000000         2.2010475085      -229.3457572126
        5.5450000000         2.2163655254      -225.5492677549
        5.5500000000         2.2320866025      -242.6334703146
        5.5550000000         2.2481883992      -214.1597993818
        5.5600000000         2.2646480339      -229.3457572126
        5.5650000000         2.2814421167      -225.5492677549
        5.5700000000         2.2985467821      -206.5668204664
        5.5750000000         2.3159377237      -223.6510230261
        5.5800000000         2.3335902277      -204.6685757375
        5.5850000000         2.3514792092      -212.2615546530
        5.5900000000         2.3695792469      -212.2615546530
        5.5950000000         2.3878646195      -210.3633099241
        5.6000000000         2.4063093427      -204.6685757375
        5.6050000000         2.4248872054      -195.1773520933
        5.6100000000         2.4435718076      -191.3808626356
        5.6150000000         2.4623365972      -195.1773520933
        5.6200000000         2.4811549087      -195.1773520933
        5.6250000000         2.5000000000      -181.8896389913
        5.6300000000         2.5188450913      -166.7036811605
        5.6350000000         2.5376634028      -151.5177233296
        5.6400000000         2.5564281924       -73.6896894466
        5.6450000000         2.5751127946       -39.5212843272
        5.6500000000         2.5936906573       -18.6405923099
        5.6550000000         2.6121353805        11.7313233518
        5.6600000000         2.6304207531        11.7313233518
        5.6650000000         2.6485207908        -5.3528792079
        5.6700000000         2.6664097723        -5.3528792079
        5.6750000000         2.6840622763         7.9348338941
        5.6800000000         2.7014532179         6.0365891652
        5.6850000000         2.7185578833        -9.1493686656
        5.6900000000         2.7353519661         0.3418549787
        5.6950000000         2.7518116008        25.0190364538
        5.7000000000         2.7679133975       104.7453150657
        5.7050000000         2.7836344746        62.9839310309
        5.7100000000         2.7989524915        85.7628677771
        5.7150000000         2.8138456806        66.7804204886
        5.7200000000         2.8282928779        91.4576019637
        5.7250000000         2.8422735530        93.3558466925
        5.7300000000         2.8557678386       110.4400492522
        5.7350000000         2.8687565587       112.3382939811
        5.7400000000         2.8812212555       106.6435597945
        5.7450000000         2.8931442161        99.0505808791
        5.7500000000         2.9045084972       127.5242518119
        5.7550000000         2.9152979496       131.3207412696
        5.7600000000         2.9254972409       127.5242518119
        5.7650000000         2.9350918773       125.6260070830
        5.7700000000         2.9440682244       114.2365387099
        5.7750000000         2.9524135262       131.3207412696
        5.7800000000         2.9601159237       135.1172307273
        5.7850000000         2.9671644712       148.4049438293
        5.7900000000         2.9735491525       157.8961674736
        5.7950000000         2.9792608945       154.0996780159
        5.8000000000         2.9842915806       159.7944122024
        5.8050000000         2.9886340618       159.7944122024
        5.8100000000         2.9922821673       173.0821253044
        5.8150000000         2.9952307128       163.5909016601
        5.8200000000         2.9974755085       165.4891463890
        5.8250000000         2.9990133642       169.2856358467
        5.8300000000         2.9998420946       188.2680831352
        5.8350000000         2.9999605221       184.4715936775
        5.8400000000         2.9993684783       192.0645725929
        5.8450000000         2.9980668046       188.2680831352
        5.8500000000         2.9960573507       180.6751042198
        5.8550000000         2.9933429721       184.4715936775
        5.8600000000         2.9899275262       192.0645725929
        5.8650000000         2.9858158665       197.7593067795
        5.8700000000         2.9810138358       167.3873911178
        5.8750000000         2.9755282581       201.5557962372
        5.8800000000         2.9693669288       193.9628173218
        5.8850000000         2.9625386034       201.5557962372
        5.8900000000         2.9550529853       218.6399987969
        5.8950000000         2.9469207121       199.6575515084
        5.9000000000         2.9381533400       207.2505304238
        5.9050000000         2.9287633281       207.2505304238
        5.9100000000         2.9187640200       211.0470198815
        5.9150000000         2.9081696254       199.6575515084
        5.9200000000         2.8969951993       207.2505304238
        5.9250000000         2.8852566214       207.2505304238
        5.9300000000         2.8729705727       205.3522856949
        5.9350000000         2.8601545124       199.6575515084
        5.9400000000         2.8468266529       203.4540409661
        5.9450000000         2.8330059337       199.6575515084
        5.9500000000         2.8187119949       212.9452646103
        5.9550000000         2.8039651488       192.0645725929
        5.9600000000         2.7887863517       205.3522856949
        5.9650000000         2.7731971734       199.6575515084
        5.9700000000         2.7572197669       192.0645725929
        5.9750000000         2.7408768371       195.8610620506
        5.9800000000         2.7241916080       192.0645725929
        5.9850000000         2.7071877905       190.1663278641
        5.9900000000         2.6898895478       188.2680831352
        5.9950000000         2.6723214616       197.7593067795
        6.0000000000         2.6545084972       174.9803700332
        6.0050000000         2.6364759678       171.1838805755
        6.0100000000         2.6182494985       174.9803700332
        6.0150000000         2.5998549903       163.5909016601
        6.0200000000         2.5813185826       167.3873911178
        6.0250000000         2.5626666168       165.4891463890
        6.0300000000         2.5439255983       150.3031885581
        6.0350000000         2.5251221591       144.6084543716
        6.0400000000         2.5062830199       157.8961674736
        6.0450000000         2.4874349523       146.5066991004
        6.0500000000         2.4686047402       112.3382939811
        6.0550000000         2.4498191426        57.2891968443
        6.0600000000         2.4311048547         6.0365891652
        6.0650000000         2.4124884705       -20.5388370387
        6.0700000000         2.3939964450        -5.3528792079
        6.0750000000         2.3756550564        -1.5563897502
        6.0800000000         2.3574903688        19.3243022672
        6.0850000000         2.3395281951        -3.4546344790
        6.0900000000         2.3217940606        -5.3528792079
        6.0950000000         2.3043131666       -12.9458581233
        6.1000000000         2.2871103542      -159.1107022450
        6.1050000000         2.2702100697       -60.4019763446
        6.1100000000         2.2536363292       -86.9774025486
        6.1150000000         2.2374126850      -128.7387865834
        6.1200000000         2.2215621918      -105.9598498371
        6.1250000000         2.2061073739      -121.1458076680
        6.1300000000         2.1910701935      -126.8405418545
        6.1350000000         2.1764720192      -140.1282549565
        6.1400000000         2.1623335959      -130.6370313122
        6.1450000000         2.1486750151      -121.1458076680
        6.1500000000         2.1355156863      -151.5177233296
        6.1550000000         2.1228743096      -136.3317654988
        6.1600000000         2.1107688492      -145.8229891431
        6.1650000000         2.0992165076      -151.5177233296
        6.1700000000         2.0882337012      -153.4159680585
        6.1750000000         2.0778360372      -151.5177233296
        6.1800000000         2.0680382914      -164.8054364316
        6.1850000000         2.0588543868      -172.3984153470
        6.1900000000         2.0502973742      -159.1107022450
        6.1950000000         2.0423794137      -185.6861284490
        6.2000000000         2.0351117571      -181.8896389913
        6.2050000000         2.0285047321      -189.4826179067
        6.2100000000         2.0225677276      -187.5843731779
        6.2150000000         2.0173091806      -198.9738415510
        6.2200000000         2.0127365636      -191.3808626356
        6.2250000000         2.0088563746      -187.5843731779
        6.2300000000         2.0056741276      -219.8545335684
        6.2350000000         2.0031943447      -195.1773520933
        6.2400000000         2.0014205499      -214.1597993818
        6.2450000000         2.0003552637      -216.0580441107
        6.2500000000         2.0000000000      -217.9562888395
        6.2550000000         2.0003552637      -206.5668204664
        6.2600000000         2.0014205499      -225.5492677549
        6.2650000000         2.0031943447      -225.5492677549
        6.2700000000         2.0056741276      -208.4650651953
        6.2750000000         2.0088563746      -231.2440019415
        6.2800000000         2.0127365636      -200.8720862798
        6.2850000000         2.0173091806      -254.0229386877
        6.2900000000         2.0225677276      -235.0404913992
        6.2950000000         2.0285047321      -236.9387361281
        6.3000000000         2.0351117571      -244.5317150435
        6.3050000000         2.0423794137      -212.2615546530
        6.3100000000         2.0502973742      -244.5317150435
        6.3150000000         2.0588543868      -233.1422466704
        6.3200000000         2.0680382914      -235.0404913992
        6.3250000000         2.0778360372      -246.4299597723
        6.3300000000         2.0882337012      -221.7527782972
        6.3350000000         2.0992165076      -235.0404913992
        6.3400000000         2.1107688492      -235.0404913992
        6.3450000000         2.1228743096      -235.0404913992
        6.3500000000         2.1355156863      -244.5317150435
        6.3550000000         2.1486750151      -227.4475124838
        6.3600000000         2.1623335959      -246.4299597723
        6.3650000000         2.1764720192      -233.1422466704
        6.3700000000         2.1910701935      -233.1422466704
        6.3750000000         2.2061073739      -227.4475124838
        6.3800000000         2.2215621918      -229.3457572126
        6.3850000000         2.2374126850      -227.4475124838
        6.3900000000         2.2536363292      -238.8369808569
        6.3950000000         2.2702100697      -219.8545335684
        6.4000000000         2.2871103542      -223.6510230261
        6.4050000000         2.3043131666      -221.7527782972
        6.4100000000         2.3217940606      -223.6510230261
        6.4150000000         2.3395281951      -198.9738415510
        6.4200000000         2.3574903688      -212.2615546530
        6.4250000000         2.3756550564      -204.6685757375
        6.4300000000         2.3939964450      -212.2615546530
        6.4350000000         2.4124884705      -202.7703310087
        6.4400000000         2.4311048547      -206.5668204664
        6.4450000000         2.4498191426      -189.4826179067
        6.4500000000         2.4686047402      -195.1773520933
        6.4550000000         2.4874349523      -195.1773520933
        6.4600000000         2.5062830199      -181.8896389913
        6.4650000000         2.5251221591      -179.9913942624
        6.4700000000         2.5439255983      -145.8229891431
        6.4750000000         2.5626666168       -96.4686261929
        6.4800000000         2.5813185826       -71.7914447178
        6.4850000000         2.5998549903        11.7313233518
        6.4900000000         2.6182494985         7.9348338941
        6.4950000000         2.6364759678        -7.2511239367
        6.5000000000         2.6545084972        -1.5563897502
        6.5050000000         2.6723214616       -28.1318159541
        6.5100000000         2.6898895478         6.0365891652
        6.5150000000         2.7071877905        -5.3528792079
        6.5200000000         2.7241916080         2.2400997075
        6.5250000000         2.7408768371         0.3418549787
        6.5300000000         2.7572197669        59.1874415732
        6.5350000000         2.7731971734        95.2540914214
        6.5400000000         2.7887863517        72.4751546751
        6.5450000000         2.8039651488        89.5593572348
        6.5500000000         2.8187119949        83.8646230483
        6.5550000000         2.8330059337        91.4576019637
        6.5600000000         2.8468266529        91.4576019637
        6.5650000000         2.8601545124       108.5418045234
        6.5700000000         2.8729705727       116.1347834388
        6.5750000000         2.8852566214       100.9488256079
        6.5800000000         2.8969951993       108.5418045234
        6.5850000000         2.9081696254       119.9312728965
        6.5900000000         2.9187640200       135.1172307273
        6.5950000000         2.9287633281       127.5242518119
        6.6000000000         2.9381533400       119.9312728965
        6.6050000000         2.9469207121       135.1172307273
        6.6100000000         2.9550529853       144.6084543716
        6.6150000000         2.9625386034       142.7102096427
        6.6200000000         2.9693669288       157.8961674736
        6.6250000000         2.9755282581       159.7944122024
        6.6300000000         2.9810138358       152.2014332870
        6.6350000000         2.9858158665       169.2856358467
        6.6400000000         2.9899275262       173.0821253044
        6.6450000000         2.9933429721       173.0821253044
        6.6500000000         2.9960573507       178.7768594910
        6.6550000000         2.9980668046       178.7768594910
        6.6600000000         2.9993684783       174.9803700332
        6.6650000000         2.9999605221       165.4891463890
        6.6700000000         2.9998420946       178.7768594910
        6.6750000000         2.9990133642       186.3698384064
        6.6800000000         2.9974755085       184.4715936775
        6.6850000000         2.9952307128       193.9628173218
        6.6900000000         2.9922821673       197.7593067795
        6.6950000000         2.9886340618       190.1663278641
        6.7000000000         2.9842915806       203.4540409661
        6.7050000000         2.9792608945       207.2505304238
        6.7100000000         2.9735491525       209.1487751526
        6.7150000000         2.9671644712       203.4540409661
        6.7200000000         2.9601159237       205.3522856949
        6.7250000000         2.9524135262       207.2505304238
        6.7300000000         2.9440682244       193.9628173218
        6.7350000000         2.9350918773       209.1487751526
        6.7400000000         2.9254972409       182.5733489487
        6.7450000000         2.9152979496       212.9452646103
        6.7500000000         2.9045084972       205.3522856949
        6.7550000000         2.8931442161       197.7593067795
        6.7600000000         2.8812212555       203.4540409661
        6.7650000000         2.8687565587       220.5382435257
        6.7700000000         2.8557678386       214.8435093392
        6.7750000000         2.8422735530       207.2505304238
        6.7800000000         2.8282928779       207.2505304238
        6.7850000000         2.8138456806       186.3698384064
        6.7900000000         2.7989524915       212.9452646103
        6.7950000000         2.7836344746       195.8610620506
        6.8000000000         2.7679133975       193.9628173218
        6.8050000000         2.7518116008       199.6575515084
        6.8100000000         2.7353519661       195.8610620506
        6.8150000000         2.7185578833       195.8610620506
        6.8200000000         2.7014532179       192.0645725929
        6.8250000000         2.6840622763       186.3698384064
        6.8300000000         2.6664097723       178.7768594910
        6.8350000000         2.6485207908       180.6751042198
        6.8400000000         2.6304207531       174.9803700332
        6.8450000000         2.6121353805       176.8786147621
        6.8500000000         2.5936906573       157.8961674736
        6.8550000000         2.5751127946       167.3873911178
        6.8600000000         2.5564281924       148.4049438293
        6.8650000000         2.5376634028       157.8961674736
        6.8700000000         2.5188450913       140.8119649139
        6.8750000000         2.5000000000       140.8119649139
        6.8800000000         2.4811549087       142.7102096427
        6.8850000000         2.4623365972       112.3382939811
        6.8900000000         2.4435718076        70.5769099463
        6.8950000000         2.4248872054        30.7137706403
        6.9000000000         2.4063093427       -16.7423475810
        6.9050000000         2.3878646195        -5.3528792079
        6.9100000000         2.3695792469         2.2400997075
        6.9150000000         2.3514792092         4.1383444364
        6.9200000000         2.3335902277        -5.3528792079
        6.9250000000         2.3159377237         2.2400997075
        6.9300000000         2.2985467821       -62.3002210735
        6.9350000000         2.2814421167      -138.2300102277
        6.9400000000         2.2646480339       -64.1984658024
        6.9450000000         2.2481883992      -121.1458076680
        6.9500000000         2.2320866025       -90.7738920063
        6.9550000000         2.2163655254      -130.6370313122
        6.9600000000         2.2010475085      -105.9598498371
        6.9650000000         2.1861543194      -142.0264996854
        6.9700000000         2.1717071221      -136.3317654988
        6.9750000000         2.1577264470      -111.6545840237
        6.9800000000         2.1442321614      -145.8229891431
        6.9850000000         2.1312434413      -143.9247444142
        6.9900000000         2.1187787445      -155.3142127873
        6.9950000000         2.1068557839      -151.5177233296
        7.0000000000         2.0954915028      -151.5177233296
        7.0050000000         2.0847020504      -142.0264996854
        7.0100000000         2.0745027591      -153.4159680585
        7.0150000000         2.0649081227      -166.7036811605
        7.0200000000         2.0559317756      -166.7036811605
        7.0250000000         2.0475864738      -168.6019258893
        7.0300000000         2.0398840763      -179.9913942624
        7.0350000000         2.0328355288      -183.7878837202
        7.0400000000         2.0264508475      -202.7703310087
        7.0450000000         2.0207391055      -172.3984153470
        7.0500000000         2.0157084194      -179.9913942624
        7.0550000000         2.0113659382      -197.0755968221
        7.0600000000         2.0077178327      -198.9738415510
        7.0650000000         2.0047692872      -216.0580441107
        7.0700000000         2.0025244915      -204.6685757375
        7.0750000000         2.0009866358      -208.4650651953
        7.0800000000         2.0001579054      -204.6685757375
        7.0850000000         2.0000394779      -233.1422466704
        7.0900000000         2.0006315217      -214.1597993818
        7.0950000000         2.0019331954      -225.5492677549
        7.1000000000         2.0039426493      -223.6510230261
        7.1050000000         2.0066570279      -219.8545335684
        7.1100000000         2.0100724738      -238.8369808569
        7.1150000000         2.0141841335      -225.5492677549
        7.1200000000         2.0189861642      -231.2440019415
        7.1250000000         2.0244717419      -240.7352255858
        7.1300000000         2.0306330712      -225.5492677549
        7.1350000000         2.0374613966      -242.6334703146
        7.1400000000         2.0449470147      -227.4475124838
        7.1450000000         2.0530792879      -246.4299597723
        7.1500000000         2.0618466600      -233.1422466704
        7.1550000000         2.0712366719      -233.1422466704
        7.1600000000         2.0812359800      -238.8369808569
        7.1650000000         2.0918303746      -269.2088965186
        7.1700000000         2.1030048007      -233.1422466704
        7.1750000000         2.1147433786      -242.6334703146
        7.1800000000         2.1270294273      -240.7352255858
        7.1850000000         2.1398454876      -235.0404913992
        7.1900000000         2.1531733471      -242.6334703146
        7.1950000000         2.1669940663      -240.7352255858
        7.2000000000         2.1812880051      -236.9387361281
        7.2050000000         2.1960348512      -248.3282045012
        7.2100000000         2.2112136483      -223.6510230261
        7.2150000000         2.2268028266      -242.6334703146
        7.2200000000         2.2427802331      -217.9562888395
        7.2250000000         2.2591231629      -236.9387361281
        7.2300000000         2.2758083920      -227.4475124838
        7.2350000000         2.2928122095      -219.8545335684
        7.2400000000         2.3101104522      -221.7527782972
        7.2450000000         2.3276785384      -204.6685757375
        7.2500000000         2.3454915028      -217.9562888395
        7.2550000000         2.3635240322      -219.8545335684
        7.2600000000         2.3817505015      -208.4650651953
        7.2650000000         2.4001450097      -214.1597993818
        7.2700000000         2.4186814174      -195.1773520933
        7.2750000000         2.4373333832      -210.3633099241
        7.2800000000         2.4560744017      -187.5843731779
        7.2850000000         2.4748778409      -195.1773520933
        7.2900000000         2.4937169801      -174.2966600759
        7.2950000000         2.5125650477      -187.5843731779
        7.3000000000         2.5313952598      -145.8229891431
        7.3050000000         2.5501808574       -98.3668709217
        7.3100000000         2.5688951453       -62.3002210735
        7.3150000000         2.5875115295       -16.7423475810
        7.3200000000         2.6060035550         6.0365891652
        7.3250000000         2.6243449436         6.0365891652
        7.3300000000         2.6425096312        -1.5563897502
        7.3350000000         2.6604718049       -11.0476133944
        7.3400000000         2.6782059394         6.0365891652
        7.3450000000         2.6956868334         0.3418549787
        7.3500000000         2.7128896458        -3.4546344790
        7.3550000000         2.7297899303        -1.5563897502
        7.3600000000         2.7463636708         4.1383444364
        7.3650000000         2.7625873150       125.6260070830
        7.3700000000         2.7784378082        62.9839310309
        7.3750000000         2.7938926261        93.3558466925
        7.3800000000         2.8089298065        70.5769099463
        7.3850000000         2.8235279808        85.7628677771
        7.3900000000         2.8376664041        95.2540914214
        7.3950000000         2.8513249849        91.4576019637
        7.4000000000         2.8644843137       121.8295176253
        7.4050000000         2.8771256904       116.1347834388
        7.4100000000         2.8892311508       119.9312728965
        7.4150000000         2.9007834924       104.7453150657
        7.4200000000         2.9117662988       138.9137201850
        7.4250000000         2.9221639628       137.0154754562
        7.4300000000         2.9319617086       131.3207412696
        7.4350000000         2.9411456132       131.3207412696
        7.4400000000         2.9497026258       137.0154754562
        7.4450000000         2.9576205863       140.8119649139
        7.4500000000         2.9648882429       138.9137201850
        7.4550000000         2.9714952679       146.5066991004
        7.4600000000         2.9774322724       150.3031885581
        7.4650000000         2.9826908194       150.3031885581
        7.4700000000         2.9872634364       152.2014332870
        7.4750000000         2.9911436254       167.3873911178
        7.4800000000         2.9943258724       154.0996780159
        7.4850000000         2.9968056553       169.2856358467
        7.4900000000         2.9985794501       157.8961674736
        7.4950000000         2.9996447363       144.6084543716
        7.5000000000         3.0000000000       192.0645725929
        7.5050000000         2.9996447363       161.6926569313
        7.5100000000         2.9985794501       184.4715936775
        7.5150000000         2.9968056553       182.5733489487
        7.5200000000         2.9943258724       190.1663278641
        7.5250000000         2.9911436254       195.8610620506
        7.5300000000         2.9872634364       182.5733489487
        7.5350000000         2.9826908194       205.3522856949
        7.5400000000         2.9774322724       193.9628173218
        7.5450000000         2.9714952679       203.4540409661
        7.5500000000         2.9648882429       212.9452646103
        7.5550000000         2.9576205863       192.0645725929
        7.5600000000         2.9497026258       214.8435093392
        7.5650000000         2.9411456132       195.8610620506
        7.5700000000         2.9319617086       203.4540409661
        7.5750000000         2.9221639628       209.1487751526
        7.5800000000         2.9117662988       203.4540409661
        7.5850000000         2.9007834924       205.3522856949
        7.5900000000         2.8892311508       214.8435093392
        7.5950000000         2.8771256904       203.4540409661
        7.6000000000         2.8644843137       205.3522856949
        7.6050000000         2.8513249849       209.1487751526
        7.6100000000         2.8376664041       205.3522856949
        7.6150000000         2.8235279808       212.9452646103
        7.6200000000         2.8089298065       211.0470198815
        7.6250000000         2.7938926261       203.4540409661
        7.6300000000         2.7784378082       192.0645725929
        7.6350000000         2.7625873150       199.6575515084
        7.6400000000         2.7463636708       199.6575515084
        7.6450000000         2.7297899303       199.6575515084
        7.6500000000         2.7128896458       188.2680831352
        7.6550000000         2.6956868334       188.2680831352
        7.6600000000         2.6782059394       178.7768594910
        7.6650000000         2.6604718049       182.5733489487
        7.6700000000         2.6425096312       180.6751042198
        7.6750000000         2.6243449436       174.9803700332
        7.6800000000         2.6060035550       169.2856358467
        7.6850000000         2.5875115295       159.7944122024
        7.6900000000         2.5688951453       169.2856358467
        7.6950000000         2.5501808574       157.8961674736
        7.7000000000         2.5313952598       159.7944122024
        7.7050000000         2.5125650477       148.4049438293
        7.7100000000         2.4937169801       144.6084543716
        7.7150000000         2.4748778409       129.4224965408
        7.7200000000         2.4560744017       127.5242518119
        7.7250000000         2.4373333832        68.6786652174
        7.7300000000         2.4186814174        17.4260575384
        7.7350000000         2.4001450097       -18.6405923099
        7.7400000000         2.3817505015        -9.1493686656
        7.7450000000         2.3635240322        -3.4546344790
        7.7500000000         2.3454915028         0.3418549787
        7.7550000000         2.3276785384         0.3418549787
        7.7600000000         2.3101104522        -9.1493686656
        7.7650000000         2.2928122095       -67.9949552601
        7.7700000000         2.2758083920      -136.3317654988
        7.7750000000         2.2591231629       -81.2826683620
        7.7800000000         2.2427802331      -100.2651156506
        7.7850000000         2.2268028266      -107.8580945660
        7.7900000000         2.2112136483      -121.1458076680
        7.7950000000         2.1960348512      -113.5528287526
        7.8000000000         2.1812880051      -130.6370313122
        7.8050000000         2.1669940663      -142.0264996854
        7.8100000000         2.1531733471      -107.8580945660
        7.8150000000         2.1398454876      -140.1282549565
        7.8200000000         2.1270294273      -140.1282549565
        7.8250000000         2.1147433786      -151.5177233296
        7.8300000000         2.1030048007      -155.3142127873
        7.8350000000         2.0918303746      -142.0264996854
        7.8400000000         2.0812359800      -161.0089469739
        7.8450000000         2.0712366719      -157.2124575162
        7.8500000000         2.0618466600      -185.6861284490
        7.8550000000         2.0530792879      -168.6019258893
        7.8600000000         2.0449470147      -174.2966600759
        7.8650000000         2.0374613966      -183.7878837202
        7.8700000000         2.0306330712      -179.9913942624
        7.8750000000         2.0244717419      -189.4826179067
        7.8800000000         2.0189861642      -191.3808626356
        7.8850000000         2.0141841335      -202.7703310087
        7.8900000000         2.0100724738      -191.3808626356
        7.8950000000         2.0066570279      -195.1773520933
        7.9000000000         2.0039426493      -210.3633099241
        7.9050000000         2.0019331954      -217.9562888395
        7.9100000000         2.0006315217      -189.4826179067
        7.9150000000         2.0000394779      -216.0580441107
        7.9200000000         2.0001579054      -212.2615546530
        7.9250000000         2.0009866358      -219.8545335684
        7.9300000000         2.0025244915      -210.3633099241
        7.9350000000         2.0047692872      -227.4475124838
        7.9400000000         2.0077178327      -225.5492677549
        7.9450000000         2.0113659382      -221.7527782972
        7.9500000000         2.0157084194      -229.3457572126
        7.9550000000         2.0207391055      -238.8369808569
        7.9600000000         2.0264508475      -229.3457572126
        7.9650000000         2.0328355288      -233.1422466704
        7.9700000000         2.0398840763      -231.2440019415
        7.9750000000         2.0475864738      -227.4475124838
        7.9800000000         2.0559317756      -252.1246939589
        7.9850000000         2.0649081227      -231.2440019415
        7.9900000000         2.0745027591      -236.9387361281
        7.9950000000         2.0847020504      -206.5668204664
        8.0000000000         2.0954915028      -233.1422466704
        8.0050000000         2.1068557839      -246.4299597723
        8.0100000000         2.1187787445      -233.1422466704
        8.0150000000         2.1312434413      -235.0404913992
        8.0200000000         2.1442321614      -238.8369808569
        8.0250000000         2.1577264470      -225.5492677549
        8.0300000000         2.1717071221      -242.6334703146
        8.0350000000         2.1861543194      -233.1422466704
        8.0400000000         2.2010475085      -223.6510230261
        8.0450000000         2.2163655254      -233.1422466704
        8.0500000000         2.2320866025      -217.9562888395
        8.0550000000         2.2481883992      -236.9387361281
        8.0600000000         2.2646480339      -221.7527782972
        8.0650000000         2.2814421167      -233.1422466704
        8.0700000000         2.2985467821      -246.4299597723
        8.0750000000         2.3159377237      -221.7527782972
        8.0800000000         2.3335902277      -217.9562888395
        8.0850000000         2.3514792092      -214.1597993818
        8.0900000000         2.3695792469      -200.8720862798
        8.0950000000         2.3878646195      -210.3633099241
        8.1000000000         2.4063093427      -189.4826179067
        8.1050000000         2.4248872054      -195.1773520933
        8.1100000000         2.4435718076      -200.8720862798
        8.1150000000         2.4623365972      -189.4826179067
        8.1200000000         2.4811549087      -179.9913942624
        8.1250000000         2.5000000000      -172.3984153470
        8.1300000000         2.5188450913      -181.8896389913
        8.1350000000         2.5376634028      -149.6194786008
        8.1400000000         2.5564281924       -98.3668709217
        8.1450000000         2.5751127946       -67.9949552601
        8.1500000000         2.5936906573       -22.4370817676
        8.1550000000         2.6121353805        11.7313233518
        8.1600000000         2.6304207531         0.3418549787
        8.1650000000         2.6485207908         6.0365891652
        8.1700000000         2.6664097723       -11.0476133944
        8.1750000000         2.6840622763         4.1383444364
        8.1800000000         2.7014532179        -1.5563897502
        8.1850000000         2.7185578833         6.0365891652
        8.1900000000         2.7353519661         9.8330786230
        8.1950000000         2.7518116008        42.1032390135
        8.2000000000         2.7679133975        85.7628677771
        8.2050000000         2.7836344746        62.9839310309
        8.2100000000         2.7989524915        91.4576019637
        8.2150000000         2.8138456806        70.5769099463
        8.2200000000         2.8282928779        91.4576019637
        8.2250000000         2.8422735530        78.1698888617
        8.2300000000         2.8557678386       102.8470703368
        8.2350000000         2.8687565587       116.1347834388
        8.2400000000         2.8812212555       116.1347834388
        8.2450000000         2.8931442161       114.2365387099
        8.2500000000         2.9045084972       112.3382939811
        8.2550000000         2.9152979496       135.1172307273
        8.2600000000         2.9254972409       137.0154754562
        8.2650000000         2.9350918773       131.3207412696
        8.2700000000         2.9440682244       138.9137201850
        8.2750000000         2.9524135262       140.8119649139
        8.2800000000         2.9601159237       140.8119649139
        8.2850000000         2.9671644712       154.0996780159
        8.2900000000         2.9735491525       152.2014332870
        8.2950000000         2.9792608945       148.4049438293
        8.3000000000         2.9842915806       161.6926569313
        8.3050000000         2.9886340618       171.1838805755
        8.3100000000         2.9922821673       178.7768594910
        8.3150000000         2.9952307128       167.3873911178
        8.3200000000         2.9974755085       188.2680831352
        8.3250000000         2.9990133642       184.4715936775
        8.3300000000         2.9998420946       188.2680831352
        8.3350000000         2.9999605221       192.0645725929
        8.3400000000         2.9993684783       186.3698384064
        8.3450000000         2.9980668046       188.2680831352
        8.3500000000         2.9960573507       199.6575515084
        8.3550000000         2.9933429721       207.2505304238
        8.3600000000         2.9899275262       192.0645725929
        8.3650000000         2.9858158665       201.5557962372
        8.3700000000         2.9810138358       192.0645725929
        8.3750000000         2.9755282581       203.4540409661
        8.3800000000         2.9693669288       199.6575515084
        8.3850000000         2.9625386034       203.4540409661
        8.3900000000         2.9550529853       209.1487751526
        8.3950000000         2.9469207121       199.6575515084
        8.4000000000         2.9381533400       218.6399987969
        8.4050000000         2.9287633281       193.9628173218
        8.4100000000         2.9187640200       228.1312224412
        8.4150000000         2.9081696254       205.3522856949
        8.4200000000         2.8969951993       218.6399987969
        8.4250000000         2.8852566214       201.5557962372
        8.4300000000         2.8729705727       212.9452646103
        8.4350000000         2.8601545124       207.2505304238
        8.4400000000         2.8468266529       220.5382435257
        8.4450000000         2.8330059337       218.6399987969
        8.4500000000         2.8187119949       207.2505304238
        8.4550000000         2.8039651488       211.0470198815
        8.4600000000         2.7887863517       205.3522856949
        8.4650000000         2.7731971734       192.0645725929
        8.4700000000         2.7572197669       197.7593067795
        8.4750000000         2.7408768371       195.8610620506
        8.4800000000         2.7241916080       203.4540409661
        8.4850000000         2.7071877905       197.7593067795
        8.4900000000         2.6898895478       182.5733489487
        8.4950000000         2.6723214616       176.8786147621
        8.5000000000         2.6545084972       178.7768594910
        8.5050000000         2.6364759678       197.7593067795
        8.5100000000         2.6182494985       174.9803700332
        8.5150000000         2.5998549903       182.5733489487
        8.5200000000         2.5813185826       169.2856358467
        8.5250000000         2.5626666168       171.1838805755
        8.5300000000         2.5439255983       173.0821253044
        8.5350000000         2.5251221591       165.4891463890
        8.5400000000         2.5062830199       146.5066991004
        8.5450000000         2.4874349523       159.7944122024
        8.5500000000         2.4686047402       125.6260070830
        8.5550000000         2.4498191426        78.1698888617
        8.5600000000         2.4311048547        36.4085048269
        8.5650000000         2.4124884705        -1.5563897502
        8.5700000000         2.3939964450        -7.2511239367
        8.5750000000         2.3756550564         0.3418549787
        8.5800000000         2.3574903688         0.3418549787
        8.5850000000         2.3395281951        -3.4546344790
        8.5900000000         2.3217940606        -5.3528792079
        8.5950000000         2.3043131666        -7.2511239367
        8.6000000000         2.2871103542      -151.5177233296
        8.6050000000         2.2702100697       -85.0791578197
        8.6100000000         2.2536363292      -104.0616051083
        8.6150000000         2.2374126850      -107.8580945660
        8.6200000000         2.2215621918      -115.4510734814
        8.6250000000         2.2061073739      -111.6545840237
        8.6300000000         2.1910701935      -130.6370313122
        8.6350000000         2.1764720192      -111.6545840237
        8.6400000000         2.1623335959      -151.5177233296
        8.6450000000         2.1486750151      -128.7387865834
        8.6500000000         2.1355156863      -134.4335207699
        8.6550000000         2.1228743096      -155.3142127873
        8.6600000000         2.1107688492      -143.9247444142
        8.6650000000         2.0992165076      -166.7036811605
        8.6700000000         2.0882337012      -147.7212338719
        8.6750000000         2.0778360372      -164.8054364316
        8.6800000000         2.0680382914      -159.1107022450
        8.6850000000         2.0588543868      -179.9913942624
        8.6900000000         2.0502973742      -172.3984153470
        8.6950000000         2.0423794137      -181.8896389913
        8.7000000000         2.0351117571      -179.9913942624
        8.7050000000         2.0285047321      -185.6861284490
        8.7100000000         2.0225677276      -183.7878837202
        8.7150000000         2.0173091806      -189.4826179067
        8.7200000000         2.0127365636      -200.8720862798
        8.7250000000         2.0088563746      -189.4826179067
        8.7300000000         2.0056741276      -204.6685757375
        8.7350000000         2.0031943447      -210.3633099241
        8.7400000000         2.0014205499      -217.9562888395
        8.7450000000         2.0003552637      -206.5668204664
        8.7500000000         2.0000000000      -231.2440019415
        8.7550000000         2.0003552637      -204.6685757375
        8.7600000000         2.0014205499      -231.2440019415
        8.7650000000         2.0031943447      -217.9562888395
        8.7700000000         2.0056741276      -221.7527782972
        8.7750000000         2.0088563746      -217.9562888395
        8.7800000000         2.0127365636      -200.8720862798
        8.7850000000         2.0173091806      -231.2440019415
        8.7900000000         2.0225677276      -233.1422466704
        8.7950000000         2.0285047321      -231.2440019415
        8.8000000000         2.0351117571      -223.6510230261
        8.8050000000         2.0423794137      -236.9387361281
        8.8100000000         2.0502973742      -225.5492677549
        8.8150000000         2.0588543868      -246.4299597723
        8.8200000000         2.0680382914      -227.4475124838
        8.8250000000         2.0778360372      -233.1422466704
        8.8300000000         2.0882337012      -238.8369808569
        8.8350000000         2.0992165076      -227.4475124838
        8.8400000000         2.1107688492      -252.1246939589
        8.8450000000         2.1228743096      -225.5492677549
        8.8500000000         2.1355156863      -236.9387361281
        8.8550000000         2.1486750151      -223.6510230261
        8.8600000000         2.1623335959      -233.1422466704
        8.8650000000         2.1764720192      -240.7352255858
        8.8700000000         2.1910701935      -242.6334703146
        8.8750000000         2.2061073739      -233.1422466704
        8.8800000000         2.2215621918      -223.6510230261
        8.8850000000         2.2374126850      -225.5492677549
        8.8900000000         2.2536363292      -231.2440019415
        8.8950000000         2.2702100697      -217.9562888395
        8.9000000000         2.2871103542      -214.1597993818
        8.9050000000         2.3043131666      -214.1597993818
        8.9100000000         2.3217940606      -225.5492677549
        8.9150000000         2.3395281951      -202.7703310087
        8.9200000000         2.3574903688      -219.8545335684
        8.9250000000         2.3756550564      -189.4826179067
        8.9300000000         2.3939964450      -219.8545335684
        8.9350000000         2.4124884705      -204.6685757375
        8.9400000000         2.4311048547      -206.5668204664
        8.9450000000         2.4498191426      -191.3808626356
        8.9500000000         2.4686047402      -195.1773520933
        8.9550000000         2.4874349523      -185.6861284490
        8.9600000000         2.5062830199      -197.0755968221
        8.9650000000         2.5251221591      -181.8896389913
        8.9700000000         2.5439255983      -149.6194786008
        8.9750000000         2.5626666168      -109.7563392948
        8.9800000000         2.5813185826       -60.4019763446
        8.9850000000         2.5998549903       -24.3353264964
        8.9900000000         2.6182494985         4.1383444364
        8.9950000000         2.6364759678         6.0365891652
        9.0000000000         2.6545084972        -5.3528792079
        9.0050000000         2.6723214616        -7.2511239367
        9.0100000000         2.6898895478         0.3418549787
        9.0150000000         2.7071877905        -5.3528792079
        9.0200000000         2.7241916080        -1.5563897502
        9.0250000000         2.7408768371         6.0365891652
        9.0300000000         2.7572197669        70.5769099463
        9.0350000000         2.7731971734        87.6611125060
        9.0400000000         2.7887863517        87.6611125060
        9.0450000000         2.8039651488        78.1698888617
        9.0500000000         2.8187119949        91.4576019637
        9.0550000000         2.8330059337       100.9488256079
        9.0600000000         2.8468266529        91.4576019637
        9.0650000000         2.8601545124       127.5242518119
        9.0700000000         2.8729705727       121.8295176253
        9.0750000000         2.8852566214       116.1347834388
        9.0800000000         2.8969951993       114.2365387099
        9.0850000000         2.9081696254       140.8119649139
        9.0900000000         2.9187640200       146.5066991004
        9.0950000000         2.9287633281       137.0154754562
        9.1000000000         2.9381533400       146.5066991004
        9.1050000000         2.9469207121       146.5066991004
        9.1100000000         2.9550529853       148.4049438293
        9.1150000000         2.9625386034       159.7944122024
        9.1200000000         2.9693669288       167.3873911178
        9.1250000000         2.9755282581       174.9803700332
        9.1300000000         2.9810138358       159.7944122024
        9.1350000000         2.9858158665       167.3873911178
        9.1400000000         2.9899275262       171.1838805755
        9.1450000000         2.9933429721       176.8786147621
        9.1500000000         2.9960573507       186.3698384064
        9.1550000000         2.9980668046       169.2856358467
        9.1600000000         2.9993684783       174.9803700332
        9.1650000000         2.9999605221       188.2680831352
        9.1700000000         2.9998420946       192.0645725929
        9.1750000000         2.9990133642       199.6575515084
        9.1800000000         2.9974755085       193.9628173218
        9.1850000000         2.9952307128       199.6575515084
        9.1900000000         2.9922821673       195.8610620506
        9.1950000000         2.9886340618       212.9452646103
        9.2000000000         2.9842915806       192.0645725929
        9.2050000000         2.9792608945       209.1487751526
        9.2100000000         2.9735491525       222.4364882546
        9.2150000000         2.9671644712       207.2505304238
        9.2200000000         2.9601159237       218.6399987969
        9.2250000000         2.9524135262       212.9452646103
        9.2300000000         2.9440682244       220.5382435257
        9.2350000000         2.9350918773       214.8435093392
        9.2400000000         2.9254972409       228.1312224412
        9.2450000000         2.9152979496       214.8435093392
        9.2500000000         2.9045084972       220.5382435257
        9.2550000000         2.8931442161       224.3347329835
        9.2600000000         2.8812212555       214.8435093392
        9.2650000000         2.8687565587       211.0470198815
        9.2700000000         2.8557678386       220.5382435257
        9.2750000000         2.8422735530       211.0470198815
        9.2800000000         2.8282928779       220.5382435257
        9.2850000000         2.8138456806       218.6399987969
        9.2900000000         2.7989524915       212.9452646103
        9.2950000000         2.7836344746       216.7417540680
        9.3000000000         2.7679133975       209.1487751526
        9.3050000000         2.7518116008       211.0470198815
        9.3100000000         2.7353519661       203.4540409661
        9.3150000000         2.7185578833       212.9452646103
        9.3200000000         2.7014532179       199.6575515084
        9.3250000000         2.6840622763       205.3522856949
        9.3300000000         2.6664097723       192.0645725929
        9.3350000000         2.6485207908       192.0645725929
        9.3400000000         2.6304207531       182.5733489487
        9.3450000000         2.6121353805       178.7768594910
        9.3500000000         2.5936906573       173.0821253044
        9.3550000000         2.5751127946       167.3873911178
        9.3600000000         2.5564281924       171.1838805755
        9.3650000000         2.5376634028       165.4891463890
        9.3700000000         2.5188450913       161.6926569313
        9.3750000000         2.5000000000       146.5066991004
        9.3800000000         2.4811549087       152.2014332870
        9.3850000000         2.4623365972       125.6260070830
        9.3900000000         2.4435718076        76.2716441328
        9.3950000000         2.4248872054        36.4085048269
        9.4000000000         2.4063093427        -5.3528792079
        9.4050000000         2.3878646195       -12.9458581233
        9.4100000000         2.3695792469        -1.5563897502
        9.4150000000         2.3514792092         7.9348338941
        9.4200000000         2.3335902277         4.1383444364
        9.4250000000         2.3159377237        -3.4546344790
        9.4300000000         2.2985467821       -39.5212843272
        9.4350000000         2.2814421167      -142.0264996854
        9.4400000000         2.2646480339       -69.8931999889
        9.4450000000         2.2481883992      -109.7563392948
        9.4500000000         2.2320866025       -96.4686261929
        9.4550000000         2.2163655254      -115.4510734814
        9.4600000000         2.2010475085      -105.9598498371
        9.4650000000         2.1861543194      -134.4335207699
        9.4700000000         2.1717071221      -130.6370313122
        9.4750000000         2.1577264470      -136.3317654988
        9.4800000000         2.1442321614      -132.5352760411
        9.4850000000         2.1312434413      -126.8405418545
        9.4900000000         2.1187787445      -157.2124575162
        9.4950000000         2.1068557839      -145.8229891431
        9.5000000000         2.0954915028      -157.2124575162
        9.5050000000         2.0847020504      -155.3142127873
        9.5100000000         2.0745027591      -157.2124575162
        9.5150000000         2.0649081227      -168.6019258893
        9.5200000000         2.0559317756      -172.3984153470
        9.5250000000         2.0475864738      -170.5001706182
        9.5300000000         2.0398840763      -181.8896389913
        9.5350000000         2.0328355288      -178.0931495336
        9.5400000000         2.0264508475      -179.9913942624
        9.5450000000         2.0207391055      -189.4826179067
        9.5500000000         2.0157084194      -195.1773520933
        9.5550000000         2.0113659382      -189.4826179067
        9.5600000000         2.0077178327      -191.3808626356
        9.5650000000         2.0047692872      -185.6861284490
        9.5700000000         2.0025244915      -206.5668204664
        9.5750000000         2.0009866358      -200.8720862798
        9.5800000000         2.0001579054      -223.6510230261
        9.5850000000         2.0000394779      -206.5668204664
        9.5900000000         2.0006315217      -212.2615546530
        9.5950000000         2.0019331954      -225.5492677549
        9.6000000000         2.0039426493      -197.0755968221
        9.6050000000         2.0066570279      -235.0404913992
        9.6100000000         2.0100724738      -221.7527782972
        9.6150000000         2.0141841335      -225.5492677549
        9.6200000000         2.0189861642      -216.0580441107
        9.6250000000         2.0244717419      -227.4475124838
        9.6300000000         2.0306330712      -233.1422466704
        9.6350000000         2.0374613966      -240.7352255858
        9.6400000000         2.0449470147      -223.6510230261
        9.6450000000         2.0530792879      -244.5317150435
        9.6500000000         2.0618466600      -225.5492677549
        9.6550000000         2.0712366719      -238.8369808569
        9.6600000000         2.0812359800      -233.1422466704
        9.6650000000         2.0918303746      -219.8545335684
        9.6700000000         2.1030048007      -233.1422466704
        9.6750000000         2.1147433786      -229.3457572126
        9.6800000000         2.1270294273      -231.2440019415
        9.6850000000         2.1398454876      -229.3457572126
        9.6900000000         2.1531733471      -225.5492677549
        9.6950000000         2.1669940663      -214.1597993818
        9.7000000000         2.1812880051      -235.0404913992
        9.7050000000         2.1960348512      -221.7527782972
        9.7100000000         2.2112136483      -231.2440019415
        9.7150000000         2.2268028266      -229.3457572126
        9.7200000000         2.2427802331      -206.5668204664
        9.7250000000         2.2591231629      -235.0404913992
        9.7300000000         2.2758083920      -219.8545335684
        9.7350000000         2.2928122095      -219.8545335684
        9.7400000000         2.3101104522      -214.1597993818
        9.7450000000         2.3276785384      -204.6685757375
        9.7500000000         2.3454915028      -231.2440019415
        9.7550000000         2.3635240322      -198.9738415510
        9.7600000000         2.3817505015      -202.7703310087
        9.7650000000         2.4001450097      -202.7703310087
        9.7700000000         2.4186814174      -204.6685757375
        9.7750000000         2.4373333832      -202.7703310087
        9.7800000000         2.4560744017      -187.5843731779
        9.7850000000         2.4748778409      -193.2791073644
        9.7900000000         2.4937169801      -178.0931495336
        9.7950000000         2.5125650477      -166.7036811605
        9.8000000000         2.5313952598      -155.3142127873
        9.8050000000         2.5501808574       -92.6721367352
        9.8100000000         2.5688951453       -52.8089974292
        9.8150000000         2.5875115295       -26.2335712253
        9.8200000000         2.6060035550        11.7313233518
        9.8250000000         2.6243449436         0.3418549787
        9.8300000000         2.6425096312         4.1383444364
        9.8350000000         2.6604718049        -7.2511239367
        9.8400000000         2.6782059394        -1.5563897502
        9.8450000000         2.6956868334         2.2400997075
        9.8500000000         2.7128896458         0.3418549787
        9.8550000000         2.7297899303        -5.3528792079
        9.8600000000         2.7463636708        30.7137706403
        9.8650000000         2.7625873150       110.4400492522
        9.8700000000         2.7784378082        55.3909521154
        9.8750000000         2.7938926261        85.7628677771
        9.8800000000         2.8089298065        64.8821757597
        9.8850000000         2.8235279808        91.4576019637
        9.8900000000         2.8376664041        78.1698888617
        9.8950000000         2.8513249849       108.5418045234
        9.9000000000         2.8644843137       108.5418045234
        9.9050000000         2.8771256904       114.2365387099
        9.9100000000         2.8892311508       119.9312728965
        9.9150000000         2.9007834924       114.2365387099
        9.9200000000         2.9117662988       138.9137201850
        9.9250000000         2.9221639628       121.8295176253
        9.9300000000         2.9319617086       142.7102096427
        9.9350000000         2.9411456132       138.9137201850
        9.9400000000         2.9497026258       146.5066991004
        9.9450000000         2.9576205863       150.3031885581
        9.9500000000         2.9648882429       152.2014332870
        9.9550000000         2.9714952679       161.6926569313
        9.9600000000         2.9774322724       152.2014332870
        9.9650000000         2.9826908194       137.0154754562
        9.9700000000         2.9872634364       169.2856358467
        9.9750000000         2.9911436254       176.8786147621
        9.9800000000         2.9943258724       188.2680831352
        9.9850000000         2.9968056553       190.1663278641
        9.9900000000         2.9985794501       182.5733489487
        9.9950000000         2.9996447363       195.8610620506
       10.0000000000         3.0000000000       192.0645725929
       10.0050000000         2.9996447363       212.9452646103
       10.0100000000         2.9985794501       192.0645725929
       10.0150000000         2.9968056553       205.3522856949
       10.0200000000         2.9943258724       197.7593067795
       10.0250000000         2.9911436254       211.0470198815
       10.0300000000         2.9872634364       212.9452646103
       10.0350000000         2.9826908194       207.2505304238
       10.0400000000         2.9774322724       220.5382435257
       10.0450000000         2.9714952679       209.1487751526
       10.0500000000         2.9648882429       211.0470198815
       10.0550000000         2.9576205863       212.9452646103
       10.0600000000         2.9497026258       209.1487751526
       10.0650000000         2.9411456132       212.9452646103
       10.0700000000         2.9319617086       218.6399987969
       10.0750000000         2.9221639628       212.9452646103
       10.0800000000         2.9117662988       241.4189355431
       10.0850000000         2.9007834924       220.5382435257
       10.0900000000         2.8892311508       220.5382435257
       10.0950000000         2.8771256904       220.5382435257
       10.1000000000         2.8644843137       224.3347329835
       10.1050000000         2.8513249849       220.5382435257
       10.1100000000         2.8376664041       220.5382435257
       10.1150000000         2.8235279808       203.4540409661
       10.1200000000         2.8089298065       218.6399987969
       10.1250000000         2.7938926261       214.8435093392
       10.1300000000         2.7784378082       209.1487751526
       10.1350000000         2.7625873150       193.9628173218
       10.1400000000         2.7463636708       193.9628173218
       10.1450000000         2.7297899303       188.2680831352
       10.1500000000         2.7128896458       209.1487751526
       10.1550000000         2.6956868334       195.8610620506
       10.1600000000         2.6782059394       182.5733489487
       10.1650000000         2.6604718049       195.8610620506
       10.1700000000         2.6425096312       171.1838805755
       10.1750000000         2.6243449436       190.1663278641
       10.1800000000         2.6060035550       169.2856358467
       10.1850000000         2.5875115295       174.9803700332
       10.1900000000         2.5688951453       176.8786147621
       10.1950000000         2.5501808574       146.5066991004
       10.2000000000         2.5313952598       174.9803700332
       10.2050000000         2.5125650477       148.4049438293
       10.2100000000         2.4937169801       155.9979227447
       10.2150000000         2.4748778409       144.6084543716
       10.2200000000         2.4560744017       125.6260070830
       10.2250000000         2.4373333832        78.1698888617
       10.2300000000         2.4186814174        28.8155259115
       10.2350000000         2.4001450097        -5.3528792079
       10.2400000000         2.3817505015       -24.3353264964
       10.2450000000         2.3635240322        -1.5563897502
       10.2500000000         2.3454915028         9.8330786230
       10.2550000000         2.3276785384        -7.2511239367
       10.2600000000         2.3101104522        -5.3528792079
       10.2650000000         2.2928122095       -96.4686261929
       10.2700000000         2.2758083920      -109.7563392948
       10.2750000000         2.2591231629       -79.3844236332
       10.2800000000         2.2427802331      -111.6545840237
       10.2850000000         2.2268028266       -88.8756472775
       10.2900000000         2.2112136483      -119.2475629391
       10.2950000000         2.1960348512      -104.0616051083
       10.3000000000         2.1812880051      -143.9247444142
       10.3050000000         2.1669940663      -123.0440523968
       10.3100000000         2.1531733471      -130.6370313122
       10.3150000000         2.1398454876      -123.0440523968
       10.3200000000         2.1270294273      -145.8229891431
       10.3250000000         2.1147433786      -134.4335207699
       10.3300000000         2.1030048007      -140.1282549565
       10.3350000000         2.0918303746      -140.1282549565
       10.3400000000         2.0812359800      -143.9247444142
       10.3450000000         2.0712366719      -164.8054364316
       10.3500000000         2.0618466600      -155.3142127873
       10.3550000000         2.0530792879      -155.3142127873
       10.3600000000         2.0449470147      -164.8054364316
       10.3650000000         2.0374613966      -168.6019258893
       10.3700000000         2.0306330712      -183.7878837202
       10.3750000000         2.0244717419      -179.9913942624
       10.3800000000         2.0189861642      -191.3808626356
       10.3850000000         2.0141841335      -179.9913942624
       10.3900000000         2.0100724738      -197.0755968221
       10.3950000000         2.0066570279      -185.6861284490
       10.4000000000         2.0039426493      -204.6685757375
       10.4050000000         2.0019331954      -189.4826179067
       10.4100000000         2.0006315217      -210.3633099241
       10.4150000000         2.0000394779      -206.5668204664
       10.4200000000         2.0001579054      -206.5668204664
       10.4250000000         2.0009866358      -219.8545335684
       10.4300000000         2.0025244915      -212.2615546530
       10.4350000000         2.0047692872      -223.6510230261
       10.4400000000         2.0077178327      -206.5668204664
       10.4450000000         2.0113659382      -225.5492677549
       10.4500000000         2.0157084194      -225.5492677549
       10.4550000000         2.0207391055      -227.4475124838
       10.4600000000         2.0264508475      -223.6510230261
       10.4650000000         2.0328355288      -216.0580441107
       10.4700000000         2.0398840763      -225.5492677549
       10.4750000000         2.0475864738      -236.9387361281
       10.4800000000         2.0559317756      -233.1422466704
       10.4850000000         2.0649081227      -227.4475124838
       10.4900000000         2.0745027591      -221.7527782972
       10.4950000000         2.0847020504      -216.0580441107
       10.5000000000         2.0954915028      -225.5492677549
       10.5050000000         2.1068557839      -204.6685757375
       10.5100000000         2.1187787445      -223.6510230261
       10.5150000000         2.1312434413      -231.2440019415
       10.5200000000         2.1442321614      -200.8720862798
       10.5250000000         2.1577264470      -244.5317150435
       10.5300000000         2.1717071221      -227.4475124838
       10.5350000000         2.1861543194      -227.4475124838
       10.5400000000         2.2010475085      -238.8369808569
       10.5450000000         2.2163655254      -217.9562888395
       10.5500000000         2.2320866025      -225.5492677549
       10.5550000000         2.2481883992      -223.6510230261
       10.5600000000         2.2646480339      -202.7703310087
       10.5650000000         2.2814421167      -219.8545335684
       10.5700000000         2.2985467821      -219.8545335684
       10.5750000000         2.3159377237      -214.1597993818
       10.5800000000         2.3335902277      -216.0580441107
       10.5850000000         2.3514792092      -208.4650651953
       10.5900000000         2.3695792469      -202.7703310087
       10.5950000000         2.3878646195      -200.8720862798
       10.6000000000         2.4063093427      -204.6685757375
       10.6050000000         2.4248872054      -212.2615546530
       10.6100000000         2.4435718076      -189.4826179067
       10.6150000000         2.4623365972      -189.4826179067
       10.6200000000         2.4811549087      -181.8896389913
       10.6250000000         2.5000000000      -181.8896389913
       10.6300000000         2.5188450913      -193.2791073644
       10.6350000000         2.5376634028      -145.8229891431
       10.6400000000         2.5564281924      -104.0616051083
       10.6450000000         2.5751127946       -50.9107527004
       10.6500000000         2.5936906573        -9.1493686656
       10.6550000000         2.6121353805         7.9348338941
       10.6600000000         2.6304207531         0.3418549787
       10.6650000000         2.6485207908       -11.0476133944
       10.6700000000         2.6664097723         2.2400997075
       10.6750000000         2.6840622763        -3.4546344790
       10.6800000000         2.7014532179         0.3418549787
       10.6850000000         2.7185578833        -5.3528792079
       10.6900000000         2.7353519661        -1.5563897502
       10.6950000000         2.7518116008        44.0014837423
       10.7000000000         2.7679133975        99.0505808791
       10.7050000000         2.7836344746        70.5769099463
       10.7100000000         2.7989524915        83.8646230483
       10.7150000000         2.8138456806        80.0681335906
       10.7200000000         2.8282928779        99.0505808791
       10.7250000000         2.8422735530        93.3558466925
       10.7300000000         2.8557678386       114.2365387099
       10.7350000000         2.8687565587       121.8295176253
       10.7400000000         2.8812212555       119.9312728965
       10.7450000000         2.8931442161       116.1347834388
       10.7500000000         2.9045084972       118.0330281676
       10.7550000000         2.9152979496       138.9137201850
       10.7600000000         2.9254972409       127.5242518119
       10.7650000000         2.9350918773       131.3207412696
       10.7700000000         2.9440682244       144.6084543716
       10.7750000000         2.9524135262       150.3031885581
       10.7800000000         2.9601159237       146.5066991004
       10.7850000000         2.9671644712       161.6926569313
       10.7900000000         2.9735491525       165.4891463890
       10.7950000000         2.9792608945       152.2014332870
       10.8000000000         2.9842915806       154.0996780159
       10.8050000000         2.9886340618       173.0821253044
       10.8100000000         2.9922821673       152.2014332870
       10.8150000000         2.9952307128       171.1838805755
       10.8200000000         2.9974755085       182.5733489487
       10.8250000000         2.9990133642       161.6926569313
       10.8300000000         2.9998420946       190.1663278641
       10.8350000000         2.9999605221       169.2856358467
       10.8400000000         2.9993684783       184.4715936775
       10.8450000000         2.9980668046       169.2856358467
       10.8500000000         2.9960573507       186.3698384064
       10.8550000000         2.9933429721       205.3522856949
       10.8600000000         2.9899275262       192.0645725929
       10.8650000000         2.9858158665       199.6575515084
       10.8700000000         2.9810138358       207.2505304238
       10.8750000000         2.9755282581       212.9452646103
       10.8800000000         2.9693669288       214.8435093392
       10.8850000000         2.9625386034       199.6575515084
       10.8900000000         2.9550529853       220.5382435257
       10.8950000000         2.9469207121       201.5557962372
       10.9000000000         2.9381533400       214.8435093392
       10.9050000000         2.9287633281       205.3522856949
       10.9100000000         2.9187640200       209.1487751526
       10.9150000000         2.9081696254       214.8435093392
       10.9200000000         2.8969951993       205.3522856949
       10.9250000000         2.8852566214       218.6399987969
       10.9300000000         2.8729705727       207.2505304238
       10.9350000000         2.8601545124       207.2505304238
       10.9400000000         2.8468266529       212.9452646103
       10.9450000000         2.8330059337       203.4540409661
       10.9500000000         2.8187119949       209.1487751526
       10.9550000000         2.8039651488       214.8435093392
       10.9600000000         2.7887863517       209.1487751526
       10.9650000000         2.7731971734       205.3522856949
       10.9700000000         2.7572197669       205.3522856949
       10.9750000000         2.7408768371       203.4540409661
       10.9800000000         2.7241916080       192.0645725929
       10.9850000000         2.7071877905       192.0645725929
       10.9900000000         2.6898895478       178.7768594910
       10.9950000000         2.6723214616       188.2680831352
       11.0000000000         2.6545084972       186.3698384064
       11.0050000000         2.6364759678       178.7768594910
       11.0100000000         2.6182494985       174.9803700332
       11.0150000000         2.5998549903       169.2856358467
       11.0200000000         2.5813185826       163.5909016601
       11.0250000000         2.5626666168       169.2856358467
       11.0300000000         2.5439255983       146.5066991004
       11.0350000000         2.5251221591       176.8786147621
       11.0400000000         2.5062830199       142.7102096427
       11.0450000000         2.4874349523       150.3031885581
       11.0500000000         2.4686047402       116.1347834388
       11.0550000000         2.4498191426        72.4751546751
       11.0600000000         2.4311048547        17.4260575384
       11.0650000000         2.4124884705       -24.3353264964
       11.0700000000         2.3939964450         2.2400997075
       11.0750000000         2.3756550564       -14.8441028521
       11.0800000000         2.3574903688         7.9348338941
       11.0850000000         2.3395281951        -1.5563897502
       11.0900000000         2.3217940606        -1.5563897502
       11.0950000000         2.3043131666        -7.2511239367
       11.1000000000         2.2871103542      -123.0440523968
       11.1050000000         2.2702100697       -85.0791578197
       11.1100000000         2.2536363292       -88.8756472775
       11.1150000000         2.2374126850      -102.1633603794
       11.1200000000         2.2215621918      -109.7563392948
       11.1250000000         2.2061073739      -102.1633603794
       11.1300000000         2.1910701935      -124.9422971257
       11.1350000000         2.1764720192      -134.4335207699
       11.1400000000         2.1623335959      -142.0264996854
       11.1450000000         2.1486750151      -113.5528287526
       11.1500000000         2.1355156863      -138.2300102277
       11.1550000000         2.1228743096      -136.3317654988
       11.1600000000         2.1107688492      -157.2124575162
       11.1650000000         2.0992165076      -147.7212338719
       11.1700000000         2.0882337012      -159.1107022450
       11.1750000000         2.0778360372      -153.4159680585
       11.1800000000         2.0680382914      -157.2124575162
       11.1850000000         2.0588543868      -161.0089469739
       11.1900000000         2.0502973742      -168.6019258893
       11.1950000000         2.0423794137      -168.6019258893
       11.2000000000         2.0351117571      -166.7036811605
       11.2050000000         2.0285047321      -185.6861284490
       11.2100000000         2.0225677276      -170.5001706182
       11.2150000000         2.0173091806      -204.6685757375
       11.2200000000         2.0127365636      -179.9913942624
       11.2250000000         2.0088563746      -208.4650651953
       11.2300000000         2.0056741276      -189.4826179067
       11.2350000000         2.0031943447      -208.4650651953
       11.2400000000         2.0014205499      -216.0580441107
       11.2450000000         2.0003552637      -204.6685757375
       11.2500000000         2.0000000000      -202.7703310087
       11.2550000000         2.0003552637      -200.8720862798
       11.2600000000         2.0014205499      -223.6510230261
       11.2650000000         2.0031943447      -217.9562888395
       11.2700000000         2.0056741276      -212.2615546530
       11.2750000000         2.0088563746      -206.5668204664
       11.2800000000         2.0127365636      -223.6510230261
       11.2850000000         2.0173091806      -204.6685757375
       11.2900000000         2.0225677276      -233.1422466704
       11.2950000000         2.0285047321      -221.7527782972
       11.3000000000         2.0351117571      -219.8545335684
       11.3050000000         2.0423794137      -225.5492677549
       11.3100000000         2.0502973742      -219.8545335684
       11.3150000000         2.0588543868      -250.2264492300
       11.3200000000         2.0680382914      -225.5492677549
       11.3250000000         2.0778360372      -233.1422466704
       11.3300000000         2.0882337012      -240.7352255858
       11.3350000000         2.0992165076      -217.9562888395
       11.3400000000         2.1107688492      -255.9211834166
       11.3450000000         2.1228743096      -229.3457572126
       11.3500000000         2.1355156863      -236.9387361281
       11.3550000000         2.1486750151      -242.6334703146
       11.3600000000         2.1623335959      -231.2440019415
       11.3650000000         2.1764720192      -236.9387361281
       11.3700000000         2.1910701935      -227.4475124838
       11.3750000000         2.2061073739      -229.3457572126
       11.3800000000         2.2215621918      -235.0404913992
       11.3850000000         2.2374126850      -225.5492677549
       11.3900000000         2.2536363292      -261.6159176032
       11.3950000000         2.2702100697      -231.2440019415
       11.4000000000         2.2871103542      -225.5492677549
       11.4050000000         2.3043131666      -219.8545335684
       11.4100000000         2.3217940606      -238.8369808569
       11.4150000000         2.3395281951      -210.3633099241
       11.4200000000         2.3574903688      -233.1422466704
       11.4250000000         2.3756550564      -212.2615546530
       11.4300000000         2.3939964450      -208.4650651953
       11.4350000000         2.4124884705      -214.1597993818
       11.4400000000         2.4311048547      -200.8720862798
       11.4450000000         2.4498191426      -197.0755968221
       11.4500000000         2.4686047402      -204.6685757375
       11.4550000000         2.4874349523      -185.6861284490
       11.4600000000         2.5062830199      -187.5843731779
       11.4650000000         2.5251221591      -181.8896389913
       11.4700000000         2.5439255983      -138.2300102277
       11.4750000000         2.5626666168       -85.0791578197
       11.4800000000         2.5813185826       -49.0125079715
       11.4850000000         2.5998549903        -5.3528792079
       11.4900000000         2.6182494985        11.7313233518
       11.4950000000         2.6364759678         4.1383444364
       11.5000000000         2.6545084972        -9.1493686656
       11.5050000000         2.6723214616        -5.3528792079
       11.5100000000         2.6898895478         6.0365891652
       11.5150000000         2.7071877905        -1.5563897502
       11.5200000000         2.7241916080         0.3418549787
       11.5250000000         2.7408768371         2.2400997075
       11.5300000000         2.7572197669        70.5769099463
       11.5350000000         2.7731971734        81.9663783194
       11.5400000000         2.7887863517        70.5769099463
       11.5450000000         2.8039651488        81.9663783194
       11.5500000000         2.8187119949        85.7628677771
       11.5550000000         2.8330059337        95.2540914214
       11.5600000000         2.8468266529        93.3558466925
       11.5650000000         2.8601545124       116.1347834388
       11.5700000000         2.8729705727       112.3382939811
       11.5750000000         2.8852566214       114.2365387099
       11.5800000000         2.8969951993       104.7453150657
       11.5850000000         2.9081696254       123.7277623542
       11.5900000000         2.9187640200       131.3207412696
       11.5950000000         2.9287633281       133.2189859985
       11.6000000000         2.9381533400       146.5066991004
       11.6050000000         2.9469207121       131.3207412696
       11.6100000000         2.9550529853       146.5066991004
       11.6150000000         2.9625386034       146.5066991004
       11.6200000000         2.9693669288       155.9979227447
       11.6250000000         2.9755282581       159.7944122024
       11.6300000000         2.9810138358       146.5066991004
       11.6350000000         2.9858158665       176.8786147621
       11.6400000000         2.9899275262       174.9803700332
       11.6450000000         2.9933429721       173.0821253044
       11.6500000000         2.9960573507       188.2680831352
       11.6550000000         2.9980668046       188.2680831352
       11.6600000000         2.9993684783       178.7768594910
       11.6650000000         2.9999605221       182.5733489487
       11.6700000000         2.9998420946       199.6575515084
       11.6750000000         2.9990133642       188.2680831352
       11.6800000000         2.9974755085       203.4540409661
       11.6850000000         2.9952307128       193.9628173218
       11.6900000000         2.9922821673       212.9452646103
       11.6950000000         2.9886340618       197.7593067795
       11.7000000000         2.9842915806       209.1487751526
       11.7050000000         2.9792608945       192.0645725929
       11.7100000000         2.9735491525       207.2505304238
       11.7150000000         2.9671644712       214.8435093392
       11.7200000000         2.9601159237       201.5557962372
       11.7250000000         2.9524135262       212.9452646103
       11.7300000000         2.9440682244       195.8610620506
       11.7350000000         2.9350918773       218.6399987969
       11.7400000000         2.9254972409       207.2505304238
       11.7450000000         2.9152979496       230.0294671700
       11.7500000000         2.9045084972       214.8435093392
       11.7550000000         2.8931442161       222.4364882546
       11.7600000000         2.8812212555       220.5382435257
       11.7650000000         2.8687565587       222.4364882546
       11.7700000000         2.8557678386       214.8435093392
       11.7750000000         2.8422735530       216.7417540680
       11.7800000000         2.8282928779       205.3522856949
       11.7850000000         2.8138456806       226.2329777123
       11.7900000000         2.7989524915       205.3522856949
       11.7950000000         2.7836344746       207.2505304238
       11.8000000000         2.7679133975       211.0470198815
       11.8050000000         2.7518116008       203.4540409661
       11.8100000000         2.7353519661       197.7593067795
       11.8150000000         2.7185578833       203.4540409661
       11.8200000000         2.7014532179       193.9628173218
       11.8250000000         2.6840622763       197.7593067795
       11.8300000000         2.6664097723       195.8610620506
       11.8350000000         2.6485207908       188.2680831352
       11.8400000000         2.6304207531       186.3698384064
       11.8450000000         2.6121353805       184.4715936775
       11.8500000000         2.5936906573       176.8786147621
       11.8550000000         2.5751127946       178.7768594910
       11.8600000000         2.5564281924       171.1838805755
       11.8650000000         2.5376634028       174.9803700332
       11.8700000000         2.5188450913       152.2014332870
       11.8750000000         2.5000000000       163.5909016601
       11.8800000000         2.4811549087       144.6084543716
       11.8850000000         2.4623365972       121.8295176253
       11.8900000000         2.4435718076        87.6611125060
       11.8950000000         2.4248872054        38.3067495558
       11.9000000000         2.4063093427         6.0365891652
       11.9050000000         2.3878646195       -20.5388370387
       11.9100000000         2.3695792469         2.2400997075
       11.9150000000         2.3514792092        -5.3528792079
       11.9200000000         2.3335902277         7.9348338941
       11.9250000000         2.3159377237        -7.2511239367
       11.9300000000         2.2985467821       -52.8089974292
       11.9350000000         2.2814421167      -132.5352760411
       11.9400000000         2.2646480339       -67.9949552601
       11.9450000000         2.2481883992      -119.2475629391
       11.9500000000         2.2320866025       -88.8756472775
       11.9550000000         2.2163655254      -126.8405418545
       11.9600000000         2.2010475085      -113.5528287526
       11.9650000000         2.1861543194      -143.9247444142
       11.9700000000         2.1717071221      -132.5352760411
       11.9750000000         2.1577264470      -128.7387865834
       11.9800000000         2.1442321614      -126.8405418545
       11.9850000000         2.1312434413      -151.5177233296
       11.9900000000         2.1187787445      -157.2124575162
       11.9950000000         2.1068557839      -143.9247444142
       12.0000000000         2.0954915028      -157.2124575162
       12.0050000000         2.0847020504      -149.6194786008
       12.0100000000         2.0745027591      -161.0089469739
       12.0150000000         2.0649081227      -161.0089469739
       12.0200000000         2.0559317756      -161.0089469739
       12.0250000000         2.0475864738      -166.7036811605
       12.0300000000         2.0398840763      -161.0089469739
       12.0350000000         2.0328355288      -181.8896389913
       12.0400000000         2.0264508475      -178.0931495336
       12.0450000000         2.0207391055      -181.8896389913
       12.0500000000         2.0157084194      -181.8896389913
       12.0550000000         2.0113659382      -179.9913942624
       12.0600000000         2.0077178327      -179.9913942624
       12.0650000000         2.0047692872      -197.0755968221
       12.0700000000         2.0025244915      -174.2966600759
       12.0750000000         2.0009866358      -212.2615546530
       12.0800000000         2.0001579054      -193.2791073644
       12.0850000000         2.0000394779      -198.9738415510
       12.0900000000         2.0006315217      -216.0580441107
       12.0950000000         2.0019331954      -195.1773520933
       12.1000000000         2.0039426493      -219.8545335684
       12.1050000000         2.0066570279      -219.8545335684
       12.1100000000         2.0100724738      -233.1422466704
       12.1150000000         2.0141841335      -240.7352255858
       12.1200000000         2.0189861642      -229.3457572126
       12.1250000000         2.0244717419      -223.6510230261
       12.1300000000         2.0306330712      -238.8369808569
       12.1350000000         2.0374613966      -227.4475124838
       12.1400000000         2.0449470147      -221.7527782972
       12.1450000000         2.0530792879      -236.9387361281
       12.1500000000         2.0618466600      -229.3457572126
       12.1550000000         2.0712366719      -233.1422466704
       12.1600000000         2.0812359800      -254.0229386877
       12.1650000000         2.0918303746      -229.3457572126
       12.1700000000         2.1030048007      -225.5492677549
       12.1750000000         2.1147433786      -235.0404913992
       12.1800000000         2.1270294273      -244.5317150435
       12.1850000000         2.1398454876      -242.6334703146
       12.1900000000         2.1531733471      -236.9387361281
       12.1950000000         2.1669940663      -225.5492677549
       12.2000000000         2.1812880051      -248.3282045012
       12.2050000000         2.1960348512      -238.8369808569
       12.2100000000         2.2112136483      -242.6334703146
       12.2150000000         2.2268028266      -231.2440019415
       12.2200000000         2.2427802331      -227.4475124838
       12.2250000000         2.2591231629      -212.2615546530
       12.2300000000         2.2758083920      -217.9562888395
       12.2350000000         2.2928122095      -236.9387361281
       12.2400000000         2.3101104522      -225.5492677549
       12.2450000000         2.3276785384      -212.2615546530
       12.2500000000         2.3454915028      -233.1422466704
       12.2550000000         2.3635240322      -197.0755968221
       12.2600000000         2.3817505015      -219.8545335684
       12.2650000000         2.4001450097      -202.7703310087
       12.2700000000         2.4186814174      -202.7703310087
       12.2750000000         2.4373333832      -200.8720862798
       12.2800000000         2.4560744017      -200.8720862798
       12.2850000000         2.4748778409      -179.9913942624
       12.2900000000         2.4937169801      -179.9913942624
       12.2950000000         2.5125650477      -174.2966600759
       12.3000000000         2.5313952598      -147.7212338719
       12.3050000000         2.5501808574      -104.0616051083
       12.3100000000         2.5688951453       -56.6054868869
       12.3150000000         2.5875115295       -18.6405923099
       12.3200000000         2.6060035550         7.9348338941
       12.3250000000         2.6243449436         6.0365891652
       12.3300000000         2.6425096312        -3.4546344790
       12.3350000000         2.6604718049        -1.5563897502
       12.3400000000         2.6782059394        -1.5563897502
       12.3450000000         2.6956868334         2.2400997075
       12.3500000000         2.7128896458        -5.3528792079
       12.3550000000         2.7297899303         9.8330786230
       12.3600000000         2.7463636708        28.8155259115
       12.3650000000         2.7625873150       112.3382939811
       12.3700000000         2.7784378082        64.8821757597
       12.3750000000         2.7938926261        91.4576019637
       12.3800000000         2.8089298065        78.1698888617
       12.3850000000         2.8235279808        97.1523361502
       12.3900000000         2.8376664041        97.1523361502
       12.3950000000         2.8513249849       104.7453150657
       12.4000000000         2.8644843137       127.5242518119
       12.4050000000         2.8771256904       116.1347834388
       12.4100000000         2.8892311508       118.0330281676
       12.4150000000         2.9007834924       112.3382939811
       12.4200000000         2.9117662988       135.1172307273
       12.4250000000         2.9221639628       138.9137201850
       12.4300000000         2.9319617086       137.0154754562
       12.4350000000         2.9411456132       131.3207412696
       12.4400000000         2.9497026258       142.7102096427
       12.4450000000         2.9576205863       137.0154754562
       12.4500000000         2.9648882429       157.8961674736
       12.4550000000         2.9714952679       154.0996780159
       12.4600000000         2.9774322724       159.7944122024
       12.4650000000         2.9826908194       157.8961674736
       12.4700000000         2.9872634364       163.5909016601
       12.4750000000         2.9911436254       171.1838805755
       12.4800000000         2.9943258724       169.2856358467
       12.4850000000         2.9968056553       165.4891463890
       12.4900000000         2.9985794501       188.2680831352
       12.4950000000         2.9996447363       165.4891463890
       12.5000000000         3.0000000000       195.8610620506
       12.5050000000         2.9996447363       182.5733489487
       12.5100000000         2.9985794501       195.8610620506
       12.5150000000         2.9968056553       176.8786147621
       12.5200000000         2.9943258724       205.3522856949
       12.5250000000         2.9911436254       207.2505304238
       12.5300000000         2.9872634364       199.6575515084
       12.5350000000         2.9826908194       222.4364882546
       12.5400000000         2.9774322724       201.5557962372
       12.5450000000         2.9714952679       212.9452646103
       12.5500000000         2.9648882429       207.2505304238
       12.5550000000         2.9576205863       212.9452646103
       12.5600000000         2.9497026258       218.6399987969
       12.5650000000         2.9411456132       220.5382435257
       12.5700000000         2.9319617086       214.8435093392
       12.5750000000         2.9221639628       205.3522856949
       12.5800000000         2.9117662988       207.2505304238
       12.5850000000         2.9007834924       214.8435093392
       12.5900000000         2.8892311508       220.5382435257
       12.5950000000         2.8771256904       207.2505304238
       12.6000000000         2.8644843137       218.6399987969
       12.6050000000         2.8513249849       205.3522856949
       12.6100000000         2.8376664041       214.8435093392
       12.6150000000         2.8235279808       205.3522856949
       12.6200000000         2.8089298065       228.1312224412
       12.6250000000         2.7938926261       209.1487751526
       12.6300000000         2.7784378082       220.5382435257
       12.6350000000         2.7625873150       212.9452646103
       12.6400000000         2.7463636708       209.1487751526
       12.6450000000         2.7297899303       197.7593067795
       12.6500000000         2.7128896458       201.5557962372
       12.6550000000         2.6956868334       197.7593067795
       12.6600000000         2.6782059394       199.6575515084
       12.6650000000         2.6604718049       195.8610620506
       12.6700000000         2.6425096312       182.5733489487
       12.6750000000         2.6243449436       190.1663278641
       12.6800000000         2.6060035550       174.9803700332
       12.6850000000         2.5875115295       186.3698384064
       12.6900000000         2.5688951453       161.6926569313
       12.6950000000         2.5501808574       173.0821253044
       12.7000000000         2.5313952598       159.7944122024
       12.7050000000         2.5125650477       148.4049438293
       12.7100000000         2.4937169801       178.7768594910
       12.7150000000         2.4748778409       150.3031885581
       12.7200000000         2.4560744017       133.2189859985
       12.7250000000         2.4373333832        87.6611125060
       12.7300000000         2.4186814174        51.5944626577
       12.7350000000         2.4001450097         9.8330786230
       12.7400000000         2.3817505015       -20.5388370387
       12.7450000000         2.3635240322        -5.3528792079
       12.7500000000         2.3454915028        -5.3528792079
       12.7550000000         2.3276785384         9.8330786230
       12.7600000000         2.3101104522       -18.6405923099
       12.7650000000         2.2928122095      -111.6545840237
       12.7700000000         2.2758083920       -69.8931999889
       12.7750000000         2.2591231629      -107.8580945660
       12.7800000000         2.2427802331       -88.8756472775
       12.7850000000         2.2268028266      -104.0616051083
       12.7900000000         2.2112136483      -107.8580945660
       12.7950000000         2.1960348512      -124.9422971257
       12.8000000000         2.1812880051      -143.9247444142
       12.8050000000         2.1669940663      -115.4510734814
       12.8100000000         2.1531733471      -126.8405418545
       12.8150000000         2.1398454876      -132.5352760411
       12.8200000000         2.1270294273      -155.3142127873
       12.8250000000         2.1147433786      -145.8229891431
       12.8300000000         2.1030048007      -145.8229891431
       12.8350000000         2.0918303746      -145.8229891431
       12.8400000000         2.0812359800      -151.5177233296
       12.8450000000         2.0712366719      -157.2124575162
       12.8500000000         2.0618466600      -162.9071917028
       12.8550000000         2.0530792879      -166.7036811605
       12.8600000000         2.0449470147      -172.3984153470
       12.8650000000         2.0374613966      -179.9913942624
       12.8700000000         2.0306330712      -185.6861284490
       12.8750000000         2.0244717419      -187.5843731779
       12.8800000000         2.0189861642      -191.3808626356
       12.8850000000         2.0141841335      -189.4826179067
       12.8900000000         2.0100724738      -202.7703310087
       12.8950000000         2.0066570279      -212.2615546530
       12.9000000000         2.0039426493      -219.8545335684
       12.9050000000         2.0019331954      -200.8720862798
       12.9100000000         2.0006315217      -219.8545335684
       12.9150000000         2.0000394779      -210.3633099241
       12.9200000000         2.0001579054      -225.5492677549
       12.9250000000         2.0009866358      -216.0580441107
       12.9300000000         2.0025244915      -225.5492677549
       12.9350000000         2.0047692872      -235.0404913992
       12.9400000000         2.0077178327      -231.2440019415
       12.9450000000         2.0113659382      -242.6334703146
       12.9500000000         2.0157084194      -242.6334703146
       12.9550000000         2.0207391055      -229.3457572126
       12.9600000000         2.0264508475      -235.0404913992
       12.9650000000         2.0328355288      -235.0404913992
       12.9700000000         2.0398840763      -244.5317150435
       12.9750000000         2.0475864738      -248.3282045012
       12.9800000000         2.0559317756      -246.4299597723
       12.9850000000         2.0649081227      -231.2440019415
       12.9900000000         2.0745027591      -248.3282045012
       12.9950000000         2.0847020504      -246.4299597723
       13.0000000000         2.0954915028      -254.0229386877
       13.0050000000         2.1068557839      -254.0229386877
       13.0100000000         2.1187787445      -240.7352255858
       13.0150000000         2.1312434413      -240.7352255858
       13.0200000000         2.1442321614      -236.9387361281
       13.0250000000         2.1577264470      -261.6159176032
       13.0300000000         2.1717071221      -244.5317150435
       13.0350000000         2.1861543194      -235.0404913992
       13.0400000000         2.2010475085      -250.2264492300
       13.0450000000         2.2163655254      -217.9562888395
       13.0500000000         2.2320866025      -252.1246939589
       13.0550000000         2.2481883992      -217.9562888395
       13.0600000000         2.2646480339      -235.0404913992
       13.0650000000         2.2814421167      -236.9387361281
       13.0700000000         2.2985467821      -202.7703310087
       13.0750000000         2.3159377237      -233.1422466704
       13.0800000000         2.3335902277      -210.3633099241
       13.0850000000         2.3514792092      -231.2440019415
       13.0900000000         2.3695792469      -204.6685757375
       13.0950000000         2.3878646195      -208.4650651953
       13.1000000000         2.4063093427      -195.1773520933
       13.1050000000         2.4248872054      -200.8720862798
       13.1100000000         2.4435718076      -187.5843731779
       13.1150000000         2.4623365972      -195.1773520933
       13.1200000000         2.4811549087      -189.4826179067
       13.1250000000         2.5000000000      -179.9913942624
       13.1300000000         2.5188450913      -179.9913942624
       13.1350000000         2.5376634028      -155.3142127873
       13.1400000000         2.5564281924       -92.6721367352
       13.1450000000         2.5751127946       -54.7072421581
       13.1500000000         2.5936906573        -9.1493686656
       13.1550000000         2.6121353805        11.7313233518
       13.1600000000         2.6304207531         6.0365891652
       13.1650000000         2.6485207908        -5.3528792079
       13.1700000000         2.6664097723       -12.9458581233
       13.1750000000         2.6840622763        -1.5563897502
       13.1800000000         2.7014532179        -1.5563897502
       13.1850000000         2.7185578833        -5.3528792079
       13.1900000000         2.7353519661        -1.5563897502
       13.1950000000         2.7518116008        61.0856863020
       13.2000000000         2.7679133975        97.1523361502
       13.2050000000         2.7836344746        66.7804204886
       13.2100000000         2.7989524915        87.6611125060
       13.2150000000         2.8138456806        68.6786652174
       13.2200000000         2.8282928779       106.6435597945
       13.2250000000         2.8422735530        83.8646230483
       13.2300000000         2.8557678386       116.1347834388
       13.2350000000         2.8687565587       114.2365387099
       13.2400000000         2.8812212555       112.3382939811
       13.2450000000         2.8931442161       121.8295176253
       13.2500000000         2.9045084972       116.1347834388
       13.2550000000         2.9152979496       140.8119649139
       13.2600000000         2.9254972409       131.3207412696
       13.2650000000         2.9350918773       142.7102096427
       13.2700000000         2.9440682244       138.9137201850
       13.2750000000         2.9524135262       161.6926569313
       13.2800000000         2.9601159237       144.6084543716
       13.2850000000         2.9671644712       157.8961674736
       13.2900000000         2.9735491525       157.8961674736
       13.2950000000         2.9792608945       165.4891463890
       13.3000000000         2.9842915806       176.8786147621
       13.3050000000         2.9886340618       171.1838805755
       13.3100000000         2.9922821673       176.8786147621
       13.3150000000         2.9952307128       182.5733489487
       13.3200000000         2.9974755085       176.8786147621
       13.3250000000         2.9990133642       178.7768594910
       13.3300000000         2.9998420946       193.9628173218
       13.3350000000         2.9999605221       178.7768594910
       13.3400000000         2.9993684783       205.3522856949
       13.3450000000         2.9980668046       195.8610620506
       13.3500000000         2.9960573507       199.6575515084
       13.3550000000         2.9933429721       212.9452646103
       13.3600000000         2.9899275262       193.9628173218
       13.3650000000         2.9858158665       218.6399987969
       13.3700000000         2.9810138358       197.7593067795
       13.3750000000         2.9755282581       226.2329777123
       13.3800000000         2.9693669288       211.0470198815
       13.3850000000         2.9625386034       226.2329777123
       13.3900000000         2.9550529853       209.1487751526
       13.3950000000         2.9469207121       214.8435093392
       13.4000000000         2.9381533400       230.0294671700
       13.4050000000         2.9287633281       228.1312224412
       13.4100000000         2.9187640200       222.4364882546
       13.4150000000         2.9081696254       245.2154250008
       13.4200000000         2.8969951993       224.3347329835
       13.4250000000         2.8852566214       233.8259566277
       13.4300000000         2.8729705727       218.6399987969
       13.4350000000         2.8601545124       212.9452646103
       13.4400000000         2.8468266529       243.3171802720
       13.4450000000         2.8330059337       230.0294671700
       13.4500000000         2.8187119949       214.8435093392
       13.4550000000         2.8039651488       216.7417540680
       13.4600000000         2.7887863517       199.6575515084
       13.4650000000         2.7731971734       231.9277118989
       13.4700000000         2.7572197669       212.9452646103
       13.4750000000         2.7408768371       214.8435093392
       13.4800000000         2.7241916080       207.2505304238
       13.4850000000         2.7071877905       201.5557962372
       13.4900000000         2.6898895478       199.6575515084
       13.4950000000         2.6723214616       212.9452646103
       13.5000000000         2.6545084972       205.3522856949
       13.5050000000         2.6364759678       205.3522856949
       13.5100000000         2.6182494985       205.3522856949
       13.5150000000         2.5998549903       193.9628173218
       13.5200000000         2.5813185826       190.1663278641
       13.5250000000         2.5626666168       174.9803700332
       13.5300000000         2.5439255983       173.0821253044
       13.5350000000         2.5251221591       169.2856358467
       13.5400000000         2.5062830199       173.0821253044
       13.5450000000         2.4874349523       167.3873911178
       13.5500000000         2.4686047402       137.0154754562
       13.5550000000         2.4498191426        97.1523361502
       13.5600000000         2.4311048547        66.7804204886
       13.5650000000         2.4124884705        19.3243022672
       13.5700000000         2.3939964450       -12.9458581233
       13.5750000000         2.3756550564        -1.5563897502
       13.5800000000         2.3574903688         4.1383444364
       13.5850000000         2.3395281951         6.0365891652
       13.5900000000         2.3217940606         0.3418549787
       13.5950000000         2.3043131666       -62.3002210735
       13.6000000000         2.2871103542      -119.2475629391
       13.6050000000         2.2702100697       -69.8931999889
       13.6100000000         2.2536363292      -109.7563392948
       13.6150000000         2.2374126850       -86.9774025486
       13.6200000000         2.2215621918      -115.4510734814
       13.6250000000         2.2061073739      -104.0616051083
       13.6300000000         2.1910701935      -145.8229891431
       13.6350000000         2.1764720192      -145.8229891431
       13.6400000000         2.1623335959      -126.8405418545
       13.6450000000         2.1486750151      -136.3317654988
       13.6500000000         2.1355156863      -147.7212338719
       13.6550000000         2.1228743096      -172.3984153470
       13.6600000000         2.1107688492      -143.9247444142
       13.6650000000         2.0992165076      -162.9071917028
       13.6700000000         2.0882337012      -157.2124575162
       13.6750000000         2.0778360372      -170.5001706182
       13.6800000000         2.0680382914      -181.8896389913
       13.6850000000         2.0588543868      -176.1949048047
       13.6900000000         2.0502973742      -187.5843731779
       13.6950000000         2.0423794137      -178.0931495336
       13.7000000000         2.0351117571      -185.6861284490
       13.7050000000         2.0285047321      -197.0755968221
       13.7100000000         2.0225677276      -200.8720862798
       13.7150000000         2.0173091806      -195.1773520933
       13.7200000000         2.0127365636      -197.0755968221
       13.7250000000         2.0088563746      -206.5668204664
       13.7300000000         2.0056741276      -210.3633099241
       13.7350000000         2.0031943447      -204.6685757375
       13.7400000000         2.0014205499      -217.9562888395
       13.7450000000         2.0003552637      -219.8545335684
       13.7500000000         2.0000000000      -217.9562888395
       13.7550000000         2.0003552637      -221.7527782972
       13.7600000000         2.0014205499      -221.7527782972
       13.7650000000         2.0031943447      -240.7352255858
       13.7700000000         2.0056741276      -231.2440019415
       13.7750000000         2.0088563746      -233.1422466704
       13.7800000000         2.0127365636      -233.1422466704
       13.7850000000         2.0173091806      -235.0404913992
       13.7900000000         2.0225677276      -240.7352255858
       13.7950000000         2.0285047321      -254.0229386877
       13.8000000000         2.0351117571      -229.3457572126
       13.8050000000         2.0423794137      -242.6334703146
       13.8100000000         2.0502973742      -236.9387361281
       13.8150000000         2.0588543868      -240.7352255858
       13.8200000000         2.0680382914      -265.4124070609
       13.8250000000         2.0778360372      -233.1422466704
       13.8300000000         2.0882337012      -267.3106517897
       13.8350000000         2.0992165076      -236.9387361281
       13.8400000000         2.1107688492      -254.0229386877
       13.8450000000         2.1228743096      -242.6334703146
       13.8500000000         2.1355156863      -242.6334703146
       13.8550000000         2.1486750151      -267.3106517897
       13.8600000000         2.1623335959      -214.1597993818
       13.8650000000         2.1764720192      -252.1246939589
       13.8700000000         2.1910701935      -236.9387361281
       13.8750000000         2.2061073739      -244.5317150435
       13.8800000000         2.2215621918      -233.1422466704
       13.8850000000         2.2374126850      -221.7527782972
       13.8900000000         2.2536363292      -217.9562888395
       13.8950000000         2.2702100697      -231.2440019415
       13.9000000000         2.2871103542      -212.2615546530
       13.9050000000         2.3043131666      -240.7352255858
       13.9100000000         2.3217940606      -217.9562888395
       13.9150000000         2.3395281951      -219.8545335684
       13.9200000000         2.3574903688      -212.2615546530
       13.9250000000         2.3756550564      -200.8720862798
       13.9300000000         2.3939964450      -210.3633099241
       13.9350000000         2.4124884705      -200.8720862798
       13.9400000000         2.4311048547      -191.3808626356
       13.9450000000         2.4498191426      -197.0755968221
       13.9500000000         2.4686047402      -189.4826179067
       13.9550000000         2.4874349523      -195.1773520933
       13.9600000000         2.5062830199      -172.3984153470
       13.9650000000         2.5251221591      -181.8896389913
       13.9700000000         2.5439255983      -136.3317654988
       13.9750000000         2.5626666168       -77.4861789043
       13.9800000000         2.5813185826       -33.8265501407
       13.9850000000         2.5998549903       -14.8441028521
       13.9900000000         2.6182494985         4.1383444364
       13.9950000000         2.6364759678         0.3418549787
       14.0000000000         2.6545084972        -3.4546344790
       14.0050000000         2.6723214616        -5.3528792079
       14.0100000000         2.6898895478         2.2400997075
       14.0150000000         2.7071877905        -1.5563897502
       14.0200000000         2.7241916080         0.3418549787
       14.0250000000         2.7408768371        -1.5563897502
       14.0300000000         2.7572197669        72.4751546751
       14.0350000000         2.7731971734        83.8646230483
       14.0400000000         2.7887863517        68.6786652174
       14.0450000000         2.8039651488        85.7628677771
       14.0500000000         2.8187119949        78.1698888617
       14.0550000000         2.8330059337        91.4576019637
       14.0600000000         2.8468266529        93.3558466925
       14.0650000000         2.8601545124       106.6435597945
       14.0700000000         2.8729705727       112.3382939811
       14.0750000000         2.8852566214       106.6435597945
       14.0800000000         2.8969951993       121.8295176253
       14.0850000000         2.9081696254       125.6260070830
       14.0900000000         2.9187640200       131.3207412696
       14.0950000000         2.9287633281       119.9312728965
       14.1000000000         2.9381533400       137.0154754562
       14.1050000000         2.9469207121       140.8119649139
       14.1100000000         2.9550529853       146.5066991004
       14.1150000000         2.9625386034       154.0996780159
       14.1200000000         2.9693669288       157.8961674736
       14.1250000000         2.9755282581       148.4049438293
       14.1300000000         2.9810138358       157.8961674736
       14.1350000000         2.9858158665       167.3873911178
       14.1400000000         2.9899275262       161.6926569313
       14.1450000000         2.9933429721       188.2680831352
       14.1500000000         2.9960573507       167.3873911178
       14.1550000000         2.9980668046       180.6751042198
       14.1600000000         2.9993684783       182.5733489487
       14.1650000000         2.9999605221       178.7768594910
       14.1700000000         2.9998420946       212.9452646103
       14.1750000000         2.9990133642       192.0645725929
       14.1800000000         2.9974755085       192.0645725929
       14.1850000000         2.9952307128       199.6575515084
       14.1900000000         2.9922821673       207.2505304238
       14.1950000000         2.9886340618       209.1487751526
       14.2000000000         2.9842915806       203.4540409661
       14.2050000000         2.9792608945       218.6399987969
       14.2100000000         2.9735491525       201.5557962372
       14.2150000000         2.9671644712       218.6399987969
       14.2200000000         2.9601159237       209.1487751526
       14.2250000000         2.9524135262       212.9452646103
       14.2300000000         2.9440682244       228.1312224412
       14.2350000000         2.9350918773       218.6399987969
       14.2400000000         2.9254972409       222.4364882546
       14.2450000000         2.9152979496       207.2505304238
       14.2500000000         2.9045084972       222.4364882546
       14.2550000000         2.8931442161       216.7417540680
       14.2600000000         2.8812212555       233.8259566277
       14.2650000000         2.8687565587       218.6399987969
       14.2700000000         2.8557678386       233.8259566277
       14.2750000000         2.8422735530       220.5382435257
       14.2800000000         2.8282928779       220.5382435257
       14.2850000000         2.8138456806       226.2329777123
       14.2900000000         2.7989524915       226.2329777123
       14.2950000000         2.7836344746       224.3347329835
       14.3000000000         2.7679133975       228.1312224412
       14.3050000000         2.7518116008       218.6399987969
       14.3100000000         2.7353519661       220.5382435257
       14.3150000000         2.7185578833       212.9452646103
       14.3200000000         2.7014532179       214.8435093392
       14.3250000000         2.6840622763       209.1487751526
       14.3300000000         2.6664097723       205.3522856949
       14.3350000000         2.6485207908       201.5557962372
       14.3400000000         2.6304207531       197.7593067795
       14.3450000000         2.6121353805       182.5733489487
       14.3500000000         2.5936906573       199.6575515084
       14.3550000000         2.5751127946       171.1838805755
       14.3600000000         2.5564281924       182.5733489487
       14.3650000000         2.5376634028       174.9803700332
       14.3700000000         2.5188450913       159.7944122024
       14.3750000000         2.5000000000       173.0821253044
       14.3800000000         2.4811549087       159.7944122024
       14.3850000000         2.4623365972       150.3031885581
       14.3900000000         2.4435718076        99.0505808791
       14.3950000000         2.4248872054        76.2716441328
       14.4000000000         2.4063093427        34.5102600981
       14.4050000000         2.3878646195        -7.2511239367
       14.4100000000         2.3695792469       -11.0476133944
       14.4150000000         2.3514792092         0.3418549787
       14.4200000000         2.3335902277         2.2400997075
       14.4250000000         2.3159377237        -1.5563897502
       14.4300000000         2.2985467821      -121.1458076680
       14.4350000000         2.2814421167       -92.6721367352
       14.4400000000         2.2646480339       -86.9774025486
       14.4450000000         2.2481883992       -96.4686261929
       14.4500000000         2.2320866025       -96.4686261929
       14.4550000000         2.2163655254      -104.0616051083
       14.4600000000         2.2010475085      -115.4510734814
       14.4650000000         2.1861543194      -134.4335207699
       14.4700000000         2.1717071221      -128.7387865834
       14.4750000000         2.1577264470      -128.7387865834
       14.4800000000         2.1442321614      -128.7387865834
       14.4850000000         2.1312434413      -143.9247444142
       14.4900000000         2.1187787445      -142.0264996854
       14.4950000000         2.1068557839      -157.2124575162
       14.5000000000         2.0954915028      -153.4159680585
       14.5050000000         2.0847020504      -157.2124575162
       14.5100000000         2.0745027591      -164.8054364316
       14.5150000000         2.0649081227      -162.9071917028
       14.5200000000         2.0559317756      -181.8896389913
       14.5250000000         2.0475864738      -168.6019258893
       14.5300000000         2.0398840763      -181.8896389913
       14.5350000000         2.0328355288      -179.9913942624
       14.5400000000         2.0264508475      -193.2791073644
       14.5450000000         2.0207391055      -195.1773520933
       14.5500000000         2.0157084194      -198.9738415510
       14.5550000000         2.0113659382      -206.5668204664
       14.5600000000         2.0077178327      -202.7703310087
       14.5650000000         2.0047692872      -206.5668204664
       14.5700000000         2.0025244915      -225.5492677549
       14.5750000000         2.0009866358      -214.1597993818
       14.5800000000         2.0001579054      -235.0404913992
       14.5850000000         2.0000394779      -210.3633099241
       14.5900000000         2.0006315217      -225.5492677549
       14.5950000000         2.0019331954      -221.7527782972
       14.6000000000         2.0039426493      -225.5492677549
       14.6050000000         2.0066570279      -233.1422466704
       14.6100000000         2.0100724738      -240.7352255858
       14.6150000000         2.0141841335      -219.8545335684
       14.6200000000         2.0189861642      -252.1246939589
       14.6250000000         2.0244717419      -219.8545335684
       14.6300000000         2.0306330712      -236.9387361281
       14.6350000000         2.0374613966      -235.0404913992
       14.6400000000         2.0449470147      -235.0404913992
       14.6450000000         2.0530792879      -248.3282045012
       14.6500000000         2.0618466600      -229.3457572126
       14.6550000000         2.0712366719      -240.7352255858
       14.6600000000         2.0812359800      -240.7352255858
       14.6650000000         2.0918303746      -240.7352255858
       14.6700000000         2.1030048007      -252.1246939589
       14.6750000000         2.1147433786      -227.4475124838
       14.6800000000         2.1270294273      -227.4475124838
       14.6850000000         2.1398454876      -227.4475124838
       14.6900000000         2.1531733471      -221.7527782972
       14.6950000000         2.1669940663      -240.7352255858
       14.7000000000         2.1812880051      -244.5317150435
       14.7050000000         2.1960348512      -221.7527782972
       14.7100000000         2.2112136483      -233.1422466704
       14.7150000000         2.2268028266      -217.9562888395
       14.7200000000         2.2427802331      -221.7527782972
       14.7250000000         2.2591231629      -221.7527782972
       14.7300000000         2.2758083920      -216.0580441107
       14.7350000000         2.2928122095      -219.8545335684
       14.7400000000         2.3101104522      -206.5668204664
       14.7450000000         2.3276785384      -223.6510230261
       14.7500000000         2.3454915028      -204.6685757375
       14.7550000000         2.3635240322      -210.3633099241
       14.7600000000         2.3817505015      -200.8720862798
       14.7650000000         2.4001450097      -202.7703310087
       14.7700000000         2.4186814174      -195.1773520933
       14.7750000000         2.4373333832      -185.6861284490
       14.7800000000         2.4560744017      -189.4826179067
       14.7850000000         2.4748778409      -170.5001706182
       14.7900000000         2.4937169801      -189.4826179067
       14.7950000000         2.5125650477      -157.2124575162
       14.8000000000         2.5313952598      -149.6194786008
       14.8050000000         2.5501808574       -94.5703814640
       14.8100000000         2.5688951453       -43.3177737850
       14.8150000000         2.5875115295         0.3418549787
       14.8200000000         2.6060035550         9.8330786230
       14.8250000000         2.6243449436        -3.4546344790
       14.8300000000         2.6425096312        -7.2511239367
       14.8350000000         2.6604718049        -5.3528792079
       14.8400000000         2.6782059394        -1.5563897502
       14.8450000000         2.6956868334         0.3418549787
       14.8500000000         2.7128896458        -1.5563897502
       14.8550000000         2.7297899303        -5.3528792079
       14.8600000000         2.7463636708        53.4927073866
       14.8650000000         2.7625873150       104.7453150657
       14.8700000000         2.7784378082        59.1874415732
       14.8750000000         2.7938926261        85.7628677771
       14.8800000000         2.8089298065        80.0681335906
       14.8850000000         2.8235279808        81.9663783194
       14.8900000000         2.8376664041        80.0681335906
       14.8950000000         2.8513249849       104.7453150657
       14.9000000000         2.8644843137       100.9488256079
       14.9050000000         2.8771256904       100.9488256079
       14.9100000000         2.8892311508       112.3382939811
       14.9150000000         2.9007834924        93.3558466925
       14.9200000000         2.9117662988       131.3207412696
       14.9250000000         2.9221639628       129.4224965408
       14.9300000000         2.9319617086       127.5242518119
       14.9350000000         2.9411456132       129.4224965408
       14.9400000000         2.9497026258       131.3207412696
       14.9450000000         2.9576205863       148.4049438293
       14.9500000000         2.9648882429       148.4049438293
       14.9550000000         2.9714952679       150.3031885581
       14.9600000000         2.9774322724       159.7944122024
       14.9650000000         2.9826908194       159.7944122024
       14.9700000000         2.9872634364       169.2856358467
       14.9750000000         2.9911436254       163.5909016601
       14.9800000000         2.9943258724       169.2856358467
       14.9850000000         2.9968056553       169.2856358467
       14.9900000000         2.9985794501       178.7768594910
       14.9950000000         2.9996447363       193.9628173218
       15.0000000000         3.0000000000       192.0645725929
       15.0050000000         2.9996447363       186.3698384064
       15.0100000000         2.9985794501       178.7768594910
       15.0150000000         2.9968056553       199.6575515084
       15.0200000000         2.9943258724       192.0645725929
       15.0250000000         2.9911436254       205.3522856949
       15.0300000000         2.9872634364       192.0645725929
       15.0350000000         2.9826908194       203.4540409661
       15.0400000000         2.9774322724       201.5557962372
       15.0450000000         2.9714952679       207.2505304238
       15.0500000000         2.9648882429       218.6399987969
       15.0550000000         2.9576205863       199.6575515084
       15.0600000000         2.9497026258       214.8435093392
       15.0650000000         2.9411456132       216.7417540680
       15.0700000000         2.9319617086       218.6399987969
       15.0750000000         2.9221639628       224.3347329835
       15.0800000000         2.9117662988       218.6399987969
       15.0850000000         2.9007834924       211.0470198815
       15.0900000000         2.8892311508       211.0470198815
       15.0950000000         2.8771256904       207.2505304238
       15.1000000000         2.8644843137       218.6399987969
       15.1050000000         2.8513249849       228.1312224412
       15.1100000000         2.8376664041       216.7417540680
       15.1150000000         2.8235279808       216.7417540680
       15.1200000000         2.8089298065       207.2505304238
       15.1250000000         2.7938926261       207.2505304238
       15.1300000000         2.7784378082       211.0470198815
       15.1350000000         2.7625873150       222.4364882546
       15.1400000000         2.7463636708       201.5557962372
       15.1450000000         2.7297899303       214.8435093392
       15.1500000000         2.7128896458       203.4540409661
       15.1550000000         2.6956868334       203.4540409661
       15.1600000000         2.6782059394       203.4540409661
       15.1650000000         2.6604718049       207.2505304238
       15.1700000000         2.6425096312       195.8610620506
       15.1750000000         2.6243449436       205.3522856949
       15.1800000000         2.6060035550       192.0645725929
       15.1850000000         2.5875115295       192.0645725929
       15.1900000000         2.5688951453       178.7768594910
       15.1950000000         2.5501808574       180.6751042198
       15.2000000000         2.5313952598       174.9803700332
       15.2050000000         2.5125650477       171.1838805755
       15.2100000000         2.4937169801       174.9803700332
       15.2150000000         2.4748778409       152.2014332870
       15.2200000000         2.4560744017       137.0154754562
       15.2250000000         2.4373333832       104.7453150657
       15.2300000000         2.4186814174        70.5769099463
       15.2350000000         2.4001450097        30.7137706403
       15.2400000000         2.3817505015         2.2400997075
       15.2450000000         2.3635240322       -12.9458581233
       15.2500000000         2.3454915028        -5.3528792079
       15.2550000000         2.3276785384        -3.4546344790
       15.2600000000         2.3101104522       -37.6230395984
       15.2650000000         2.2928122095      -119.2475629391
       15.2700000000         2.2758083920       -79.3844236332
       15.2750000000         2.2591231629      -105.9598498371
       15.2800000000         2.2427802331       -86.9774025486
       15.2850000000         2.2268028266      -105.9598498371
       15.2900000000         2.2112136483       -96.4686261929
       15.2950000000         2.1960348512      -132.5352760411
       15.3000000000         2.1812880051      -136.3317654988
       15.3050000000         2.1669940663      -126.8405418545
       15.3100000000         2.1531733471      -130.6370313122
       15.3150000000         2.1398454876      -136.3317654988
       15.3200000000         2.1270294273      -151.5177233296
       15.3250000000         2.1147433786      -157.2124575162
       15.3300000000         2.1030048007      -157.2124575162
       15.3350000000         2.0918303746      -147.7212338719
       15.3400000000         2.0812359800      -161.0089469739
       15.3450000000         2.0712366719      -157.2124575162
       15.3500000000         2.0618466600      -178.0931495336
       15.3550000000         2.0530792879      -179.9913942624
       15.3600000000         2.0449470147      -170.5001706182
       15.3650000000         2.0374613966      -183.7878837202
       15.3700000000         2.0306330712      -181.8896389913
       15.3750000000         2.0244717419      -197.0755968221
       15.3800000000         2.0189861642      -181.8896389913
       15.3850000000         2.0141841335      -189.4826179067
       15.3900000000         2.0100724738      -189.4826179067
       15.3950000000         2.0066570279      -189.4826179067
       15.4000000000         2.0039426493      -197.0755968221
       15.4050000000         2.0019331954      -210.3633099241
       15.4100000000         2.0006315217      -195.1773520933
       15.4150000000         2.0000394779      -217.9562888395
       15.4200000000         2.0001579054      -200.8720862798
       15.4250000000         2.0009866358      -225.5492677549
       15.4300000000         2.0025244915      -219.8545335684
       15.4350000000         2.0047692872      -214.1597993818
       15.4400000000         2.0077178327      -223.6510230261
       15.4450000000         2.0113659382      -231.2440019415
       15.4500000000         2.0157084194      -214.1597993818
       15.4550000000         2.0207391055      -219.8545335684
       15.4600000000         2.0264508475      -225.5492677549
       15.4650000000         2.0328355288      -233.1422466704
       15.4700000000         2.0398840763      -225.5492677549
       15.4750000000         2.0475864738      -221.7527782972
       15.4800000000         2.0559317756      -217.9562888395
       15.4850000000         2.0649081227      -233.1422466704
       15.4900000000         2.0745027591      -216.0580441107
       15.4950000000         2.0847020504      -242.6334703146
       15.5000000000         2.0954915028      -233.1422466704
       15.5050000000         2.1068557839      -221.7527782972
       15.5100000000         2.1187787445      -236.9387361281
       15.5150000000         2.1312434413      -210.3633099241
       15.5200000000         2.1442321614      -231.2440019415
       15.5250000000         2.1577264470      -223.6510230261
       15.5300000000         2.1717071221      -208.4650651953
       15.5350000000         2.1861543194      -227.4475124838
       15.5400000000         2.2010475085      -217.9562888395
       15.5450000000         2.2163655254      -225.5492677549
       15.5500000000         2.2320866025      -223.6510230261
       15.5550000000         2.2481883992      -212.2615546530
       15.5600000000         2.2646480339      -202.7703310087
       15.5650000000         2.2814421167      -206.5668204664
       15.5700000000         2.2985467821      -204.6685757375
       15.5750000000         2.3159377237      -212.2615546530
       15.5800000000         2.3335902277      -195.1773520933
       15.5850000000         2.3514792092      -204.6685757375
       15.5900000000         2.3695792469      -198.9738415510
       15.5950000000         2.3878646195      -191.3808626356
       15.6000000000         2.4063093427      -195.1773520933
       15.6050000000         2.4248872054      -170.5001706182
       15.6100000000         2.4435718076      -193.2791073644
       15.6150000000         2.4623365972      -159.1107022450
       15.6200000000         2.4811549087      -183.7878837202
       15.6250000000         2.5000000000      -164.8054364316
       15.6300000000         2.5188450913      -151.5177233296
       15.6350000000         2.5376634028      -147.7212338719
       15.6400000000         2.5564281924       -83.1809130909
       15.6450000000         2.5751127946       -37.6230395984
       15.6500000000         2.5936906573         6.0365891652
       15.6550000000         2.6121353805        13.6295680807
       15.6600000000         2.6304207531        -5.3528792079
       15.6650000000         2.6485207908       -11.0476133944
       15.6700000000         2.6664097723         0.3418549787
       15.6750000000         2.6840622763        -3.4546344790
       15.6800000000         2.7014532179         2.2400997075
       15.6850000000         2.7185578833         0.3418549787
       15.6900000000         2.7353519661        -5.3528792079
       15.6950000000         2.7518116008        89.5593572348
       15.7000000000         2.7679133975        74.3733994040
       15.7050000000         2.7836344746        76.2716441328
       15.7100000000         2.7989524915        78.1698888617
       15.7150000000         2.8138456806        72.4751546751
       15.7200000000         2.8282928779        81.9663783194
       15.7250000000         2.8422735530        80.0681335906
       15.7300000000         2.8557678386        97.1523361502
       15.7350000000         2.8687565587       100.9488256079
       15.7400000000         2.8812212555       102.8470703368
       15.7450000000         2.8931442161       108.5418045234
       15.7500000000         2.9045084972       108.5418045234
       15.7550000000         2.9152979496       119.9312728965
       15.7600000000         2.9254972409       121.8295176253
       15.7650000000         2.9350918773       129.4224965408
       15.7700000000         2.9440682244       135.1172307273
       15.7750000000         2.9524135262       123.7277623542
       15.7800000000         2.9601159237       148.4049438293
       15.7850000000         2.9671644712       133.2189859985
       15.7900000000         2.9735491525       150.3031885581
       15.7950000000         2.9792608945       142.7102096427
       15.8000000000         2.9842915806       165.4891463890
       15.8050000000         2.9886340618       152.2014332870
       15.8100000000         2.9922821673       171.1838805755
       15.8150000000         2.9952307128       169.2856358467
       15.8200000000         2.9974755085       174.9803700332
       15.8250000000         2.9990133642       165.4891463890
       15.8300000000         2.9998420946       178.7768594910
       15.8350000000         2.9999605221       176.8786147621
       15.8400000000         2.9993684783       199.6575515084
       15.8450000000         2.9980668046       176.8786147621
       15.8500000000         2.9960573507       207.2505304238
       15.8550000000         2.9933429721       176.8786147621
       15.8600000000         2.9899275262       193.9628173218
       15.8650000000         2.9858158665       220.5382435257
       15.8700000000         2.9810138358       178.7768594910
       15.8750000000         2.9755282581       230.0294671700
       15.8800000000         2.9693669288       197.7593067795
       15.8850000000         2.9625386034       201.5557962372
       15.8900000000         2.9550529853       212.9452646103
       15.8950000000         2.9469207121       212.9452646103
       15.9000000000         2.9381533400       212.9452646103
       15.9050000000         2.9287633281       214.8435093392
       15.9100000000         2.9187640200       207.2505304238
       15.9150000000         2.9081696254       207.2505304238
       15.9200000000         2.8969951993       230.0294671700
       15.9250000000         2.8852566214       203.4540409661
       15.9300000000         2.8729705727       216.7417540680
       15.9350000000         2.8601545124       212.9452646103
       15.9400000000         2.8468266529       212.9452646103
       15.9450000000         2.8330059337       220.5382435257
       15.9500000000         2.8187119949       220.5382435257
       15.9550000000         2.8039651488       199.6575515084
       15.9600000000         2.7887863517       209.1487751526
       15.9650000000         2.7731971734       197.7593067795
       15.9700000000         2.7572197669       201.5557962372
       15.9750000000         2.7408768371       211.0470198815
       15.9800000000         2.7241916080       205.3522856949
       15.9850000000         2.7071877905       205.3522856949
       15.9900000000         2.6898895478       188.2680831352
       15.9950000000         2.6723214616       192.0645725929
       16.0000000000         2.6545084972       182.5733489487
       16.0050000000         2.6364759678       192.0645725929
       16.0100000000         2.6182494985       182.5733489487
       16.0150000000         2.5998549903       186.3698384064
       16.0200000000         2.5813185826       173.0821253044
       16.0250000000         2.5626666168       169.2856358467
       16.0300000000         2.5439255983       174.9803700332
       16.0350000000         2.5251221591       161.6926569313
       16.0400000000         2.5062830199       169.2856358467
       16.0450000000         2.4874349523       148.4049438293
       16.0500000000         2.4686047402       146.5066991004
       16.0550000000         2.4498191426       100.9488256079
       16.0600000000         2.4311048547        66.7804204886
       16.0650000000         2.4124884705        21.2225469961
       16.0700000000         2.3939964450        -7.2511239367
       16.0750000000         2.3756550564        -9.1493686656
       16.0800000000         2.3574903688         0.3418549787
       16.0850000000         2.3395281951         9.8330786230
       16.0900000000         2.3217940606         0.3418549787
       16.0950000000         2.3043131666       -58.5037316158
       16.1000000000         2.2871103542      -130.6370313122
       16.1050000000         2.2702100697       -73.6896894466
       16.1100000000         2.2536363292       -98.3668709217
       16.1150000000         2.2374126850       -98.3668709217
       16.1200000000         2.2215621918      -111.6545840237
       16.1250000000         2.2061073739      -111.6545840237
       16.1300000000         2.1910701935      -121.1458076680
       16.1350000000         2.1764720192      -145.8229891431
       16.1400000000         2.1623335959      -117.3493182103
       16.1450000000         2.1486750151      -124.9422971257
       16.1500000000         2.1355156863      -124.9422971257
       16.1550000000         2.1228743096      -145.8229891431
       16.1600000000         2.1107688492      -145.8229891431
       16.1650000000         2.0992165076      -143.9247444142
       16.1700000000         2.0882337012      -151.5177233296
       16.1750000000         2.0778360372      -151.5177233296
       16.1800000000         2.0680382914      -161.0089469739
       16.1850000000         2.0588543868      -178.0931495336
       16.1900000000         2.0502973742      -166.7036811605
       16.1950000000         2.0423794137      -164.8054364316
       16.2000000000         2.0351117571      -181.8896389913
       16.2050000000         2.0285047321      -172.3984153470
       16.2100000000         2.0225677276      -189.4826179067
       16.2150000000         2.0173091806      -187.5843731779
       16.2200000000         2.0127365636      -191.3808626356
       16.2250000000         2.0088563746      -187.5843731779
       16.2300000000         2.0056741276      -187.5843731779
       16.2350000000         2.0031943447      -208.4650651953
       16.2400000000         2.0014205499      -198.9738415510
       16.2450000000         2.0003552637      -195.1773520933
       16.2500000000         2.0000000000      -210.3633099241
       16.2550000000         2.0003552637      -195.1773520933
       16.2600000000         2.0014205499      -227.4475124838
       16.2650000000         2.0031943447      -200.8720862798
       16.2700000000         2.0056741276      -216.0580441107
       16.2750000000         2.0088563746      -189.4826179067
       16.2800000000         2.0127365636      -225.5492677549
       16.2850000000         2.0173091806      -208.4650651953
       16.2900000000         2.0225677276      -210.3633099241
       16.2950000000         2.0285047321      -233.1422466704
       16.3000000000         2.0351117571      -202.7703310087
       16.3050000000         2.0423794137      -231.2440019415
       16.3100000000         2.0502973742      -202.7703310087
       16.3150000000         2.0588543868      -219.8545335684
       16.3200000000         2.0680382914      -221.7527782972
       16.3250000000         2.0778360372      -212.2615546530
       16.3300000000         2.0882337012      -219.8545335684
       16.3350000000         2.0992165076      -198.9738415510
       16.3400000000         2.1107688492      -223.6510230261
       16.3450000000         2.1228743096      -216.0580441107
       16.3500000000         2.1355156863      -217.9562888395
       16.3550000000         2.1486750151      -202.7703310087
       16.3600000000         2.1623335959      -221.7527782972
       16.3650000000         2.1764720192      -221.7527782972
       16.3700000000         2.1910701935      -200.8720862798
       16.3750000000         2.2061073739      -221.7527782972
       16.3800000000         2.2215621918      -193.2791073644
       16.3850000000         2.2374126850      -223.6510230261
       16.3900000000         2.2536363292      -208.4650651953
       16.3950000000         2.2702100697      -206.5668204664
       16.4000000000         2.2871103542      -195.1773520933
       16.4050000000         2.3043131666      -195.1773520933
       16.4100000000         2.3217940606      -191.3808626356
       16.4150000000         2.3395281951      -193.2791073644
       16.4200000000         2.3574903688      -200.8720862798
       16.4250000000         2.3756550564      -191.3808626356
       16.4300000000         2.3939964450      -200.8720862798
       16.4350000000         2.4124884705      -168.6019258893
       16.4400000000         2.4311048547      -200.8720862798
       16.4450000000         2.4498191426      -172.3984153470
       16.4500000000         2.4686047402      -181.8896389913
       16.4550000000         2.4874349523      -164.8054364316
       16.4600000000         2.5062830199      -162.9071917028
       16.4650000000         2.5251221591      -164.8054364316
       16.4700000000         2.5439255983      -123.0440523968
       16.4750000000         2.5626666168       -66.0967105312
       16.4800000000         2.5813185826       -28.1318159541
       16.4850000000         2.5998549903         0.3418549787
       16.4900000000         2.6182494985        11.7313233518
       16.4950000000         2.6364759678        -9.1493686656
       16.5000000000         2.6545084972        -5.3528792079
       16.5050000000         2.6723214616        -3.4546344790
       16.5100000000         2.6898895478         2.2400997075
       16.5150000000         2.7071877905        -5.3528792079
       16.5200000000         2.7241916080         2.2400997075
       16.5250000000         2.7408768371         9.8330786230
       16.5300000000         2.7572197669       110.4400492522
       16.5350000000         2.7731971734        59.1874415732
       16.5400000000         2.7887863517        70.5769099463
       16.5450000000         2.8039651488        70.5769099463
       16.5500000000         2.8187119949        85.7628677771
       16.5550000000         2.8330059337        89.5593572348
       16.5600000000         2.8468266529        95.2540914214
       16.5650000000         2.8601545124       121.8295176253
       16.5700000000         2.8729705727        95.2540914214
       16.5750000000         2.8852566214       110.4400492522
       16.5800000000         2.8969951993       118.0330281676
       16.5850000000         2.9081696254       125.6260070830
       16.5900000000         2.9187640200       123.7277623542
       16.5950000000         2.9287633281       123.7277623542
       16.6000000000         2.9381533400       135.1172307273
       16.6050000000         2.9469207121       129.4224965408
       16.6100000000         2.9550529853       137.0154754562
       16.6150000000         2.9625386034       142.7102096427
       16.6200000000         2.9693669288       142.7102096427
       16.6250000000         2.9755282581       146.5066991004
       16.6300000000         2.9810138358       159.7944122024
       16.6350000000         2.9858158665       152.2014332870
       16.6400000000         2.9899275262       157.8961674736
       16.6450000000         2.9933429721       167.3873911178
       16.6500000000         2.9960573507       174.9803700332
       16.6550000000         2.9980668046       157.8961674736
       16.6600000000         2.9993684783       178.7768594910
       16.6650000000         2.9999605221       173.0821253044
       16.6700000000         2.9998420946       176.8786147621
       16.6750000000         2.9990133642       182.5733489487
       16.6800000000         2.9974755085       182.5733489487
       16.6850000000         2.9952307128       193.9628173218
       16.6900000000         2.9922821673       180.6751042198
       16.6950000000         2.9886340618       193.9628173218
       16.7000000000         2.9842915806       192.0645725929
       16.7050000000         2.9792608945       190.1663278641
       16.7100000000         2.9735491525       209.1487751526
       16.7150000000         2.9671644712       207.2505304238
       16.7200000000         2.9601159237       209.1487751526
       16.7250000000         2.9524135262       188.2680831352
       16.7300000000         2.9440682244       209.1487751526
       16.7350000000         2.9350918773       205.3522856949
       16.7400000000         2.9254972409       195.8610620506
       16.7450000000         2.9152979496       222.4364882546
       16.7500000000         2.9045084972       184.4715936775
       16.7550000000         2.8931442161       199.6575515084
       16.7600000000         2.8812212555       207.2505304238
       16.7650000000         2.8687565587       211.0470198815
       16.7700000000         2.8557678386       178.7768594910
       16.7750000000         2.8422735530       203.4540409661
       16.7800000000         2.8282928779       211.0470198815
       16.7850000000         2.8138456806       205.3522856949
       16.7900000000         2.7989524915       212.9452646103
       16.7950000000         2.7836344746       203.4540409661
       16.8000000000         2.7679133975       209.1487751526
       16.8050000000         2.7518116008       192.0645725929
       16.8100000000         2.7353519661       207.2505304238
       16.8150000000         2.7185578833       209.1487751526
       16.8200000000         2.7014532179       186.3698384064
       16.8250000000         2.6840622763       192.0645725929
       16.8300000000         2.6664097723       182.5733489487
       16.8350000000         2.6485207908       176.8786147621
       16.8400000000         2.6304207531       171.1838805755
       16.8450000000         2.6121353805       192.0645725929
       16.8500000000         2.5936906573       169.2856358467
       16.8550000000         2.5751127946       186.3698384064
       16.8600000000         2.5564281924       159.7944122024
       16.8650000000         2.5376634028       159.7944122024
       16.8700000000         2.5188450913       159.7944122024
       16.8750000000         2.5000000000       144.6084543716
       16.8800000000         2.4811549087       150.3031885581
       16.8850000000         2.4623365972       133.2189859985
       16.8900000000         2.4435718076        91.4576019637
       16.8950000000         2.4248872054        53.4927073866
       16.9000000000         2.4063093427        25.0190364538
       16.9050000000         2.3878646195       -20.5388370387
       16.9100000000         2.3695792469        -3.4546344790
       16.9150000000         2.3514792092         4.1383444364
       16.9200000000         2.3335902277         9.8330786230
       16.9250000000         2.3159377237       -37.6230395984
       16.9300000000         2.2985467821      -100.2651156506
       16.9350000000         2.2814421167       -67.9949552601
       16.9400000000         2.2646480339      -100.2651156506
       16.9450000000         2.2481883992       -77.4861789043
       16.9500000000         2.2320866025      -105.9598498371
       16.9550000000         2.2163655254      -100.2651156506
       16.9600000000         2.2010475085      -126.8405418545
       16.9650000000         2.1861543194      -126.8405418545
       16.9700000000         2.1717071221      -121.1458076680
       16.9750000000         2.1577264470      -130.6370313122
       16.9800000000         2.1442321614      -121.1458076680
       16.9850000000         2.1312434413      -143.9247444142
       16.9900000000         2.1187787445      -143.9247444142
       16.9950000000         2.1068557839      -128.7387865834
       17.0000000000         2.0954915028      -149.6194786008
       17.0050000000         2.0847020504      -145.8229891431
       17.0100000000         2.0745027591      -155.3142127873
       17.0150000000         2.0649081227      -170.5001706182
       17.0200000000         2.0559317756      -153.4159680585
       17.0250000000         2.0475864738      -174.2966600759
       17.0300000000         2.0398840763      -161.0089469739
       17.0350000000         2.0328355288      -164.8054364316
       17.0400000000         2.0264508475      -176.1949048047
       17.0450000000         2.0207391055      -172.3984153470
       17.0500000000         2.0157084194      -197.0755968221
       17.0550000000         2.0113659382      -172.3984153470
       17.0600000000         2.0077178327      -183.7878837202
       17.0650000000         2.0047692872      -183.7878837202
       17.0700000000         2.0025244915      -183.7878837202
       17.0750000000         2.0009866358      -202.7703310087
       17.0800000000         2.0001579054      -191.3808626356
       17.0850000000         2.0000394779      -189.4826179067
       17.0900000000         2.0006315217      -217.9562888395
       17.0950000000         2.0019331954      -195.1773520933
       17.1000000000         2.0039426493      -214.1597993818
       17.1050000000         2.0066570279      -197.0755968221
       17.1100000000         2.0100724738      -212.2615546530
       17.1150000000         2.0141841335      -200.8720862798
       17.1200000000         2.0189861642      -210.3633099241
       17.1250000000         2.0244717419      -204.6685757375
       17.1300000000         2.0306330712      -212.2615546530
       17.1350000000         2.0374613966      -210.3633099241
       17.1400000000         2.0449470147      -210.3633099241
       17.1450000000         2.0530792879      -214.1597993818
       17.1500000000         2.0618466600      -208.4650651953
       17.1550000000         2.0712366719      -195.1773520933
       17.1600000000         2.0812359800      -208.4650651953
       17.1650000000         2.0918303746      -219.8545335684
       17.1700000000         2.1030048007      -202.7703310087
       17.1750000000         2.1147433786      -216.0580441107
       17.1800000000         2.1270294273      -195.1773520933
       17.1850000000         2.1398454876      -225.5492677549
       17.1900000000         2.1531733471      -202.7703310087
       17.1950000000         2.1669940663      -216.0580441107
       17.2000000000         2.1812880051      -191.3808626356
       17.2050000000         2.1960348512      -204.6685757375
       17.2100000000         2.2112136483      -208.4650651953
       17.2150000000         2.2268028266      -202.7703310087
       17.2200000000         2.2427802331      -217.9562888395
       17.2250000000         2.2591231629      -185.6861284490
       17.2300000000         2.2758083920      -214.1597993818
       17.2350000000         2.2928122095      -181.8896389913
       17.2400000000         2.3101104522      -204.6685757375
       17.2450000000         2.3276785384      -189.4826179067
       17.2500000000         2.3454915028      -191.3808626356
       17.2550000000         2.3635240322      -187.5843731779
       17.2600000000         2.3817505015      -181.8896389913
       17.2650000000         2.4001450097      -189.4826179067
       17.2700000000         2.4186814174      -170.5001706182
       17.2750000000         2.4373333832      -170.5001706182
       17.2800000000         2.4560744017      -157.2124575162
       17.2850000000         2.4748778409      -178.0931495336
       17.2900000000         2.4937169801      -145.8229891431
       17.2950000000         2.5125650477      -161.0089469739
       17.3000000000         2.5313952598      -115.4510734814
       17.3050000000         2.5501808574       -79.3844236332
       17.3100000000         2.5688951453       -33.8265501407
       17.3150000000         2.5875115295        -1.5563897502
       17.3200000000         2.6060035550         7.9348338941
       17.3250000000         2.6243449436         0.3418549787
       17.3300000000         2.6425096312       -11.0476133944
       17.3350000000         2.6604718049         2.2400997075
       17.3400000000         2.6782059394        -3.4546344790
       17.3450000000         2.6956868334         7.9348338941
       17.3500000000         2.7128896458        -1.5563897502
       17.3550000000         2.7297899303        11.7313233518
       17.3600000000         2.7463636708        93.3558466925
       17.3650000000         2.7625873150        49.6962179289
       17.3700000000         2.7784378082        72.4751546751
       17.3750000000         2.7938926261        59.1874415732
       17.3800000000         2.8089298065        74.3733994040
       17.3850000000         2.8235279808        81.9663783194
       17.3900000000         2.8376664041        78.1698888617
       17.3950000000         2.8513249849       106.6435597945
       17.4000000000         2.8644843137        97.1523361502
       17.4050000000         2.8771256904       106.6435597945
       17.4100000000         2.8892311508       112.3382939811
       17.4150000000         2.9007834924       112.3382939811
       17.4200000000         2.9117662988       127.5242518119
       17.4250000000         2.9221639628       123.7277623542
       17.4300000000         2.9319617086       121.8295176253
       17.4350000000         2.9411456132       144.6084543716
       17.4400000000         2.9497026258       131.3207412696
       17.4450000000         2.9576205863       159.7944122024
       17.4500000000         2.9648882429       146.5066991004
       17.4550000000         2.9714952679       154.0996780159
       17.4600000000         2.9774322724       169.2856358467
       17.4650000000         2.9826908194       140.8119649139
       17.4700000000         2.9872634364       167.3873911178
       17.4750000000         2.9911436254       169.2856358467
       17.4800000000         2.9943258724       163.5909016601
       17.4850000000         2.9968056553       171.1838805755
       17.4900000000         2.9985794501       176.8786147621
       17.4950000000         2.9996447363       174.9803700332
       17.5000000000         3.0000000000       178.7768594910
       17.5050000000         2.9996447363       184.4715936775
       17.5100000000         2.9985794501       197.7593067795
       17.5150000000         2.9968056553       197.7593067795
       17.5200000000         2.9943258724       182.5733489487
       17.5250000000         2.9911436254       193.9628173218
       17.5300000000         2.9872634364       192.0645725929
       17.5350000000         2.9826908194       203.4540409661
       17.5400000000         2.9774322724       195.8610620506
       17.5450000000         2.9714952679       199.6575515084
       17.5500000000         2.9648882429       199.6575515084
       17.5550000000         2.9576205863       192.0645725929
       17.5600000000         2.9497026258       218.6399987969
       17.5650000000         2.9411456132       190.1663278641
       17.5700000000         2.9319617086       220.5382435257
       17.5750000000         2.9221639628       203.4540409661
       17.5800000000         2.9117662988       214.8435093392
       17.5850000000         2.9007834924       197.7593067795
       17.5900000000         2.8892311508       211.0470198815
       17.5950000000         2.8771256904       207.2505304238
       17.6000000000         2.8644843137       207.2505304238
       17.6050000000         2.8513249849       214.8435093392
       17.6100000000         2.8376664041       184.4715936775
       17.6150000000         2.8235279808       218.6399987969
       17.6200000000         2.8089298065       199.6575515084
       17.6250000000         2.7938926261       207.2505304238
       17.6300000000         2.7784378082       193.9628173218
       17.6350000000         2.7625873150       203.4540409661
       17.6400000000         2.7463636708       192.0645725929
       17.6450000000         2.7297899303       203.4540409661
       17.6500000000         2.7128896458       199.6575515084
       17.6550000000         2.6956868334       192.0645725929
       17.6600000000         2.6782059394       193.9628173218
       17.6650000000         2.6604718049       182.5733489487
       17.6700000000         2.6425096312       186.3698384064
       17.6750000000         2.6243449436       188.2680831352
       17.6800000000         2.6060035550       178.7768594910
       17.6850000000         2.5875115295       174.9803700332
       17.6900000000         2.5688951453       161.6926569313
       17.6950000000         2.5501808574       163.5909016601
       17.7000000000         2.5313952598       144.6084543716
       17.7050000000         2.5125650477       154.0996780159
       17.7100000000         2.4937169801       152.2014332870
       17.7150000000         2.4748778409       146.5066991004
       17.7200000000         2.4560744017       125.6260070830
       17.7250000000         2.4373333832        81.9663783194
       17.7300000000         2.4186814174        57.2891968443
       17.7350000000         2.4001450097        25.0190364538
       17.7400000000         2.3817505015         0.3418549787
       17.7450000000         2.3635240322        -5.3528792079
       17.7500000000         2.3454915028         7.9348338941
       17.7550000000         2.3276785384         0.3418549787
       17.7600000000         2.3101104522       -62.3002210735
       17.7650000000         2.2928122095      -138.2300102277
       17.7700000000         2.2758083920       -66.0967105312
       17.7750000000         2.2591231629      -105.9598498371
       17.7800000000         2.2427802331       -81.2826683620
       17.7850000000         2.2268028266      -113.5528287526
       17.7900000000         2.2112136483       -90.7738920063
       17.7950000000         2.1960348512      -130.6370313122
       17.8000000000         2.1812880051      -128.7387865834
       17.8050000000         2.1669940663      -119.2475629391
       17.8100000000         2.1531733471      -128.7387865834
       17.8150000000         2.1398454876      -123.0440523968
       17.8200000000         2.1270294273      -157.2124575162
       17.8250000000         2.1147433786      -142.0264996854
       17.8300000000         2.1030048007      -143.9247444142
       17.8350000000         2.0918303746      -130.6370313122
       17.8400000000         2.0812359800      -155.3142127873
       17.8450000000         2.0712366719      -149.6194786008
       17.8500000000         2.0618466600      -168.6019258893
       17.8550000000         2.0530792879      -166.7036811605
       17.8600000000         2.0449470147      -170.5001706182
       17.8650000000         2.0374613966      -159.1107022450
       17.8700000000         2.0306330712      -174.2966600759
       17.8750000000         2.0244717419      -159.1107022450
       17.8800000000         2.0189861642      -191.3808626356
       17.8850000000         2.0141841335      -166.7036811605
       17.8900000000         2.0100724738      -168.6019258893
       17.8950000000         2.0066570279      -191.3808626356
       17.9000000000         2.0039426493      -189.4826179067
       17.9050000000         2.0019331954      -187.5843731779
       17.9100000000         2.0006315217      -174.2966600759
       17.9150000000         2.0000394779      -195.1773520933
       17.9200000000         2.0001579054      -191.3808626356
       17.9250000000         2.0009866358      -202.7703310087
       17.9300000000         2.0025244915      -202.7703310087
       17.9350000000         2.0047692872      -189.4826179067
       17.9400000000         2.0077178327      -217.9562888395
       17.9450000000         2.0113659382      -193.2791073644
       17.9500000000         2.0157084194      -217.9562888395
       17.9550000000         2.0207391055      -202.7703310087
       17.9600000000         2.0264508475      -217.9562888395
       17.9650000000         2.0328355288      -208.4650651953
       17.9700000000         2.0398840763      -217.9562888395
       17.9750000000         2.0475864738      -221.7527782972
       17.9800000000         2.0559317756      -195.1773520933
       17.9850000000         2.0649081227      -216.0580441107
       17.9900000000         2.0745027591      -189.4826179067
       17.9950000000         2.0847020504      -229.3457572126
       18.0000000000         2.0954915028      -200.8720862798
       18.0050000000         2.1068557839      -225.5492677549
       18.0100000000         2.1187787445      -202.7703310087
       18.0150000000         2.1312434413      -216.0580441107
       18.0200000000         2.1442321614      -200.8720862798
       18.0250000000         2.1577264470      -216.0580441107
       18.0300000000         2.1717071221      -208.4650651953
       18.0350000000         2.1861543194      -202.7703310087
       18.0400000000         2.2010475085      -217.9562888395
       18.0450000000         2.2163655254      -198.9738415510
       18.0500000000         2.2320866025      -212.2615546530
       18.0550000000         2.2481883992      -197.0755968221
       18.0600000000         2.2646480339      -208.4650651953
       18.0650000000         2.2814421167      -198.9738415510
       18.0700000000         2.2985467821      -206.5668204664
       18.0750000000         2.3159377237      -191.3808626356
       18.0800000000         2.3335902277      -204.6685757375
       18.0850000000         2.3514792092      -181.8896389913
       18.0900000000         2.3695792469      -197.0755968221
       18.0950000000         2.3878646195      -176.1949048047
       18.1000000000         2.4063093427      -183.7878837202
       18.1050000000         2.4248872054      -187.5843731779
       18.1100000000         2.4435718076      -172.3984153470
       18.1150000000         2.4623365972      -168.6019258893
       18.1200000000         2.4811549087      -157.2124575162
       18.1250000000         2.5000000000      -149.6194786008
       18.1300000000         2.5188450913      -157.2124575162
       18.1350000000         2.5376634028      -119.2475629391
       18.1400000000         2.5564281924       -56.6054868869
       18.1450000000         2.5751127946       -30.0300606830
       18.1500000000         2.5936906573         6.0365891652
       18.1550000000         2.6121353805         6.0365891652
       18.1600000000         2.6304207531       -11.0476133944
       18.1650000000         2.6485207908        -1.5563897502
       18.1700000000         2.6664097723         4.1383444364
       18.1750000000         2.6840622763         0.3418549787
       18.1800000000         2.7014532179         0.3418549787
       18.1850000000         2.7185578833         0.3418549787
       18.1900000000         2.7353519661        25.0190364538
       18.1950000000         2.7518116008        87.6611125060
       18.2000000000         2.7679133975        47.7979732000
       18.2050000000         2.7836344746        78.1698888617
       18.2100000000         2.7989524915        59.1874415732
       18.2150000000         2.8138456806        85.7628677771
       18.2200000000         2.8282928779        76.2716441328
       18.2250000000         2.8422735530        89.5593572348
       18.2300000000         2.8557678386        97.1523361502
       18.2350000000         2.8687565587        91.4576019637
       18.2400000000         2.8812212555       119.9312728965
       18.2450000000         2.8931442161        99.0505808791
       18.2500000000         2.9045084972       121.8295176253
       18.2550000000         2.9152979496       104.7453150657
       18.2600000000         2.9254972409       123.7277623542
       18.2650000000         2.9350918773       121.8295176253
       18.2700000000         2.9440682244       129.4224965408
       18.2750000000         2.9524135262       125.6260070830
       18.2800000000         2.9601159237       137.0154754562
       18.2850000000         2.9671644712       133.2189859985
       18.2900000000         2.9735491525       148.4049438293
       18.2950000000         2.9792608945       155.9979227447
       18.3000000000         2.9842915806       159.7944122024
       18.3050000000         2.9886340618       131.3207412696
       18.3100000000         2.9922821673       165.4891463890
       18.3150000000         2.9952307128       174.9803700332
       18.3200000000         2.9974755085       182.5733489487
       18.3250000000         2.9990133642       174.9803700332
       18.3300000000         2.9998420946       197.7593067795
       18.3350000000         2.9999605221       173.0821253044
       18.3400000000         2.9993684783       192.0645725929
       18.3450000000         2.9980668046       188.2680831352
       18.3500000000         2.9960573507       176.8786147621
       18.3550000000         2.9933429721       192.0645725929
       18.3600000000         2.9899275262       184.4715936775
       18.3650000000         2.9858158665       203.4540409661
       18.3700000000         2.9810138358       182.5733489487
       18.3750000000         2.9755282581       209.1487751526
       18.3800000000         2.9693669288       197.7593067795
       18.3850000000         2.9625386034       180.6751042198
       18.3900000000         2.9550529853       203.4540409661
       18.3950000000         2.9469207121       182.5733489487
       18.4000000000         2.9381533400       214.8435093392
       18.4050000000         2.9287633281       197.7593067795
       18.4100000000         2.9187640200       207.2505304238
       18.4150000000         2.9081696254       199.6575515084
       18.4200000000         2.8969951993       192.0645725929
       18.4250000000         2.8852566214       212.9452646103
       18.4300000000         2.8729705727       197.7593067795
       18.4350000000         2.8601545124       220.5382435257
       18.4400000000         2.8468266529       197.7593067795
       18.4450000000         2.8330059337       203.4540409661
       18.4500000000         2.8187119949       188.2680831352
       18.4550000000         2.8039651488       214.8435093392
       18.4600000000         2.7887863517       192.0645725929
       18.4650000000         2.7731971734       209.1487751526
       18.4700000000         2.7572197669       199.6575515084
       18.4750000000         2.7408768371       178.7768594910
       18.4800000000         2.7241916080       203.4540409661
       18.4850000000         2.7071877905       184.4715936775
       18.4900000000         2.6898895478       203.4540409661
       18.4950000000         2.6723214616       173.0821253044
       18.5000000000         2.6545084972       184.4715936775
       18.5050000000         2.6364759678       182.5733489487
       18.5100000000         2.6182494985       180.6751042198
       18.5150000000         2.5998549903       178.7768594910
       18.5200000000         2.5813185826       150.3031885581
       18.5250000000         2.5626666168       174.9803700332
       18.5300000000         2.5439255983       154.0996780159
       18.5350000000         2.5251221591       169.2856358467
       18.5400000000         2.5062830199       154.0996780159
       18.5450000000         2.4874349523       146.5066991004
       18.5500000000         2.4686047402       131.3207412696
       18.5550000000         2.4498191426        81.9663783194
       18.5600000000         2.4311048547        36.4085048269
       18.5650000000         2.4124884705        -1.5563897502
       18.5700000000         2.3939964450       -14.8441028521
       18.5750000000         2.3756550564         6.0365891652
       18.5800000000         2.3574903688        -1.5563897502
       18.5850000000         2.3395281951         0.3418549787
       18.5900000000         2.3217940606         0.3418549787
       18.5950000000         2.3043131666       -69.8931999889
       18.6000000000         2.2871103542      -121.1458076680
       18.6050000000         2.2702100697       -67.9949552601
       18.6100000000         2.2536363292       -94.5703814640
       18.6150000000         2.2374126850       -94.5703814640
       18.6200000000         2.2215621918      -113.5528287526
       18.6250000000         2.2061073739       -90.7738920063
       18.6300000000         2.1910701935      -132.5352760411
       18.6350000000         2.1764720192      -126.8405418545
       18.6400000000         2.1623335959      -121.1458076680
       18.6450000000         2.1486750151      -126.8405418545
       18.6500000000         2.1355156863      -123.0440523968
       18.6550000000         2.1228743096      -142.0264996854
       18.6600000000         2.1107688492      -121.1458076680
       18.6650000000         2.0992165076      -138.2300102277
       18.6700000000         2.0882337012      -140.1282549565
       18.6750000000         2.0778360372      -145.8229891431
       18.6800000000         2.0680382914      -140.1282549565
       18.6850000000         2.0588543868      -168.6019258893
       18.6900000000         2.0502973742      -157.2124575162
       18.6950000000         2.0423794137      -164.8054364316
       18.7000000000         2.0351117571      -172.3984153470
       18.7050000000         2.0285047321      -170.5001706182
       18.7100000000         2.0225677276      -170.5001706182
       18.7150000000         2.0173091806      -159.1107022450
       18.7200000000         2.0127365636      -178.0931495336
       18.7250000000         2.0088563746      -172.3984153470
       18.7300000000         2.0056741276      -189.4826179067
       18.7350000000         2.0031943447      -172.3984153470
       18.7400000000         2.0014205499      -195.1773520933
       18.7450000000         2.0003552637      -181.8896389913
       18.7500000000         2.0000000000      -202.7703310087
       18.7550000000         2.0003552637      -193.2791073644
       18.7600000000         2.0014205499      -202.7703310087
       18.7650000000         2.0031943447      -189.4826179067
       18.7700000000         2.0056741276      -202.7703310087
       18.7750000000         2.0088563746      -204.6685757375
       18.7800000000         2.0127365636      -197.0755968221
       18.7850000000         2.0173091806      -217.9562888395
       18.7900000000         2.0225677276      -195.1773520933
       18.7950000000         2.0285047321      -214.1597993818
       18.8000000000         2.0351117571      -217.9562888395
       18.8050000000         2.0423794137      -208.4650651953
       18.8100000000         2.0502973742      -212.2615546530
       18.8150000000         2.0588543868      -204.6685757375
       18.8200000000         2.0680382914      -219.8545335684
       18.8250000000         2.0778360372      -202.7703310087
       18.8300000000         2.0882337012      -231.2440019415
       18.8350000000         2.0992165076      -200.8720862798
       18.8400000000         2.1107688492      -223.6510230261
       18.8450000000         2.1228743096      -200.8720862798
       18.8500000000         2.1355156863      -212.2615546530
       18.8550000000         2.1486750151      -217.9562888395
       18.8600000000         2.1623335959      -206.5668204664
       18.8650000000         2.1764720192      -217.9562888395
       18.8700000000         2.1910701935      -219.8545335684
       18.8750000000         2.2061073739      -197.0755968221
       18.8800000000         2.2215621918      -216.0580441107
       18.8850000000         2.2374126850      -202.7703310087
       18.8900000000         2.2536363292      -204.6685757375
       18.8950000000         2.2702100697      -198.9738415510
       18.9000000000         2.2871103542      -191.3808626356
       18.9050000000         2.3043131666      -198.9738415510
       18.9100000000         2.3217940606      -193.2791073644
       18.9150000000         2.3395281951      -189.4826179067
       18.9200000000         2.3574903688      -179.9913942624
       18.9250000000         2.3756550564      -181.8896389913
       18.9300000000         2.3939964450      -181.8896389913
       18.9350000000         2.4124884705      -176.1949048047
       18.9400000000         2.4311048547      -187.5843731779
       18.9450000000         2.4498191426      -149.6194786008
       18.9500000000         2.4686047402      -170.5001706182
       18.9550000000         2.4874349523      -164.8054364316
       18.9600000000         2.5062830199      -138.2300102277
       18.9650000000         2.5251221591      -151.5177233296
       18.9700000000         2.5439255983      -100.2651156506
       18.9750000000         2.5626666168       -66.0967105312
       18.9800000000         2.5813185826       -28.1318159541
       18.9850000000         2.5998549903         6.0365891652
       18.9900000000         2.6182494985        -1.5563897502
       18.9950000000         2.6364759678         2.2400997075
       19.0000000000         2.6545084972        -9.1493686656
       19.0050000000         2.6723214616         7.9348338941
       19.0100000000         2.6898895478         6.0365891652
       19.0150000000         2.7071877905        -1.5563897502
       19.0200000000         2.7241916080         2.2400997075
       19.0250000000         2.7408768371        30.7137706403
       19.0300000000         2.7572197669       100.9488256079
       19.0350000000         2.7731971734        44.0014837423
       19.0400000000         2.7887863517        85.7628677771
       19.0450000000         2.8039651488        62.9839310309
       19.0500000000         2.8187119949        85.7628677771
       19.0550000000         2.8330059337        80.0681335906
       19.0600000000         2.8468266529        91.4576019637
       19.0650000000         2.8601545124       102.8470703368
       19.0700000000         2.8729705727       102.8470703368
       19.0750000000         2.8852566214       121.8295176253
       19.0800000000         2.8969951993       114.2365387099
       19.0850000000         2.9081696254       118.0330281676
       19.0900000000         2.9187640200       123.7277623542
       19.0950000000         2.9287633281       118.0330281676
       19.1000000000         2.9381533400       131.3207412696
       19.1050000000         2.9469207121       131.3207412696
       19.1100000000         2.9550529853       138.9137201850
       19.1150000000         2.9625386034       144.6084543716
       19.1200000000         2.9693669288       144.6084543716
       19.1250000000         2.9755282581       140.8119649139
       19.1300000000         2.9810138358       155.9979227447
       19.1350000000         2.9858158665       161.6926569313
       19.1400000000         2.9899275262       146.5066991004
       19.1450000000         2.9933429721       176.8786147621
       19.1500000000         2.9960573507       146.5066991004
       19.1550000000         2.9980668046       173.0821253044
       19.1600000000         2.9993684783       161.6926569313
       19.1650000000         2.9999605221       176.8786147621
       19.1700000000         2.9998420946       173.0821253044
       19.1750000000         2.9990133642       174.9803700332
       19.1800000000         2.9974755085       193.9628173218
       19.1850000000         2.9952307128       178.7768594910
       19.1900000000         2.9922821673       199.6575515084
       19.1950000000         2.9886340618       192.0645725929
       19.2000000000         2.9842915806       205.3522856949
       19.2050000000         2.9792608945       174.9803700332
       19.2100000000         2.9735491525       207.2505304238
       19.2150000000         2.9671644712       197.7593067795
       19.2200000000         2.9601159237       197.7593067795
       19.2250000000         2.9524135262       195.8610620506
       19.2300000000         2.9440682244       203.4540409661
       19.2350000000         2.9350918773       205.3522856949
       19.2400000000         2.9254972409       207.2505304238
       19.2450000000         2.9152979496       214.8435093392
       19.2500000000         2.9045084972       180.6751042198
       19.2550000000         2.8931442161       211.0470198815
       19.2600000000         2.8812212555       188.2680831352
       19.2650000000         2.8687565587       207.2505304238
       19.2700000000         2.8557678386       197.7593067795
       19.2750000000         2.8422735530       192.0645725929
       19.2800000000         2.8282928779       205.3522856949
       19.2850000000         2.8138456806       199.6575515084
       19.2900000000         2.7989524915       207.2505304238
       19.2950000000         2.7836344746       201.5557962372
       19.3000000000         2.7679133975       209.1487751526
       19.3050000000         2.7518116008       190.1663278641
       19.3100000000         2.7353519661       195.8610620506
       19.3150000000         2.7185578833       176.8786147621
       19.3200000000         2.7014532179       203.4540409661
       19.3250000000         2.6840622763       182.5733489487
       19.3300000000         2.6664097723       182.5733489487
       19.3350000000         2.6485207908       197.7593067795
       19.3400000000         2.6304207531       161.6926569313
       19.3450000000         2.6121353805       184.4715936775
       19.3500000000         2.5936906573       167.3873911178
       19.3550000000         2.5751127946       174.9803700332
       19.3600000000         2.5564281924       157.8961674736
       19.3650000000         2.5376634028       148.4049438293
       19.3700000000         2.5188450913       163.5909016601
       19.3750000000         2.5000000000       140.8119649139
       19.3800000000         2.4811549087       135.1172307273
       19.3850000000         2.4623365972       123.7277623542
       19.3900000000         2.4435718076        59.1874415732
       19.3950000000         2.4248872054        44.0014837423
       19.4000000000         2.4063093427        -5.3528792079
       19.4050000000         2.3878646195       -12.9458581233
       19.4100000000         2.3695792469         0.3418549787
       19.4150000000         2.3514792092         6.0365891652
       19.4200000000         2.3335902277         4.1383444364
       19.4250000000         2.3159377237       -11.0476133944
       19.4300000000         2.2985467821      -121.1458076680
       19.4350000000         2.2814421167       -90.7738920063
       19.4400000000         2.2646480339       -81.2826683620
       19.4450000000         2.2481883992       -88.8756472775
       19.4500000000         2.2320866025      -100.2651156506
       19.4550000000         2.2163655254      -104.0616051083
       19.4600000000         2.2010475085      -104.0616051083
       19.4650000000         2.1861543194      -124.9422971257
       19.4700000000         2.1717071221      -124.9422971257
       19.4750000000         2.1577264470      -128.7387865834
       19.4800000000         2.1442321614      -121.1458076680
       19.4850000000         2.1312434413      -155.3142127873
       19.4900000000         2.1187787445      -136.3317654988
       19.4950000000         2.1068557839      -151.5177233296
       19.5000000000         2.0954915028      -134.4335207699
       19.5050000000         2.0847020504      -151.5177233296
       19.5100000000         2.0745027591      -140.1282549565
       19.5150000000         2.0649081227      -151.5177233296
       19.5200000000         2.0559317756      -168.6019258893
       19.5250000000         2.0475864738      -155.3142127873
       19.5300000000         2.0398840763      -172.3984153470
       19.5350000000         2.0328355288      -161.0089469739
       19.5400000000         2.0264508475      -181.8896389913
       19.5450000000         2.0207391055      -174.2966600759
       19.5500000000         2.0157084194      -172.3984153470
       19.5550000000         2.0113659382      -212.2615546530
       19.5600000000         2.0077178327      -174.2966600759
       19.5650000000         2.0047692872      -195.1773520933
       19.5700000000         2.0025244915      -185.6861284490
       19.5750000000         2.0009866358      -200.8720862798
       19.5800000000         2.0001579054      -172.3984153470
       19.5850000000         2.0000394779      -206.5668204664
       19.5900000000         2.0006315217      -181.8896389913
       19.5950000000         2.0019331954      -210.3633099241
       19.6000000000         2.0039426493      -204.6685757375
       19.6050000000         2.0066570279      -208.4650651953
       19.6100000000         2.0100724738      -206.5668204664
       19.6150000000         2.0141841335      -195.1773520933
       19.6200000000         2.0189861642      -219.8545335684
       19.6250000000         2.0244717419      -195.1773520933
       19.6300000000         2.0306330712      -236.9387361281
       19.6350000000         2.0374613966      -189.4826179067
       19.6400000000         2.0449470147      -225.5492677549
       19.6450000000         2.0530792879      -202.7703310087
       19.6500000000         2.0618466600      -210.3633099241
       19.6550000000         2.0712366719      -210.3633099241
       19.6600000000         2.0812359800      -206.5668204664
       19.6650000000         2.0918303746      -221.7527782972
       19.6700000000         2.1030048007      -210.3633099241
       19.6750000000         2.1147433786      -202.7703310087
       19.6800000000         2.1270294273      -200.8720862798
       19.6850000000         2.1398454876      -212.2615546530
       19.6900000000         2.1531733471      -212.2615546530
       19.6950000000         2.1669940663      -206.5668204664
       19.7000000000         2.1812880051      -212.2615546530
       19.7050000000         2.1960348512      -216.0580441107
       19.7100000000         2.2112136483      -200.8720862798
       19.7150000000         2.2268028266      -216.0580441107
       19.7200000000         2.2427802331      -197.0755968221
       19.7250000000         2.2591231629      -197.0755968221
       19.7300000000         2.2758083920      -187.5843731779
       19.7350000000         2.2928122095      -187.5843731779
       19.7400000000         2.3101104522      -189.4826179067
       19.7450000000         2.3276785384      -179.9913942624
       19.7500000000         2.3454915028      -198.9738415510
       19.7550000000         2.3635240322      -161.0089469739
       19.7600000000         2.3817505015      -195.1773520933
       19.7650000000         2.4001450097      -172.3984153470
       19.7700000000         2.4186814174      -176.1949048047
       19.7750000000         2.4373333832      -174.2966600759
       19.7800000000         2.4560744017      -155.3142127873
       19.7850000000         2.4748778409      -172.3984153470
       19.7900000000         2.4937169801      -142.0264996854
       19.7950000000         2.5125650477      -143.9247444142
       19.8000000000         2.5313952598      -119.2475629391
       19.8050000000         2.5501808574       -56.6054868869
       19.8100000000         2.5688951453       -37.6230395984
       19.8150000000         2.5875115295        13.6295680807
       19.8200000000         2.6060035550         0.3418549787
       19.8250000000         2.6243449436        -3.4546344790
       19.8300000000         2.6425096312        -7.2511239367
       19.8350000000         2.6604718049        -3.4546344790
       19.8400000000         2.6782059394         4.1383444364
       19.8450000000         2.6956868334         2.2400997075
       19.8500000000         2.7128896458         0.3418549787
       19.8550000000         2.7297899303        17.4260575384
       19.8600000000         2.7463636708       112.3382939811
       19.8650000000         2.7625873150        55.3909521154
       19.8700000000         2.7784378082        81.9663783194
       19.8750000000         2.7938926261        68.6786652174
       19.8800000000         2.8089298065        89.5593572348
       19.8850000000         2.8235279808        76.2716441328
       19.8900000000         2.8376664041        89.5593572348
       19.8950000000         2.8513249849       112.3382939811
       19.9000000000         2.8644843137        91.4576019637
       19.9050000000         2.8771256904       112.3382939811
       19.9100000000         2.8892311508       121.8295176253
       19.9150000000         2.9007834924       116.1347834388
       19.9200000000         2.9117662988       129.4224965408
       19.9250000000         2.9221639628       119.9312728965
       19.9300000000         2.9319617086       125.6260070830
       19.9350000000         2.9411456132       138.9137201850
       19.9400000000         2.9497026258       138.9137201850
       19.9450000000         2.9576205863       142.7102096427
       19.9500000000         2.9648882429       140.8119649139
       19.9550000000         2.9714952679       157.8961674736
       19.9600000000         2.9774322724       155.9979227447
       19.9650000000         2.9826908194       148.4049438293
       19.9700000000         2.9872634364       154.0996780159
       19.9750000000         2.9911436254       169.2856358467
       19.9800000000         2.9943258724       167.3873911178
       19.9850000000         2.9968056553       165.4891463890
       19.9900000000         2.9985794501       171.1838805755
       19.9950000000         2.9996447363       163.5909016601
