        0.0000000000         3.0000000000         0.3418549787
        0.0050000000         2.9998001538        17.4260575384
        0.0100000000         2.9992007751        53.4927073866
        0.0150000000         2.9982023428        70.5769099463
        0.0200000000         2.9968056553        91.4576019637
        0.0250000000         2.9950118289       106.6435597945
        0.0300000000         2.9928222976       102.8470703368
        0.0350000000         2.9902388117       116.1347834388
        0.0400000000         2.9872634364       131.3207412696
        0.0450000000         2.9838985502       140.8119649139
        0.0500000000         2.9801468428       146.5066991004
        0.0550000000         2.9760113135       140.8119649139
        0.0600000000         2.9714952679       157.8961674736
        0.0650000000         2.9666023163       169.2856358467
        0.0700000000         2.9613363699       161.6926569313
        0.0750000000         2.9557016383       169.2856358467
        0.0800000000         2.9497026258       174.9803700332
        0.0850000000         2.9433441279       184.4715936775
        0.0900000000         2.9366312274       182.5733489487
        0.0950000000         2.9295692906       180.6751042198
        0.1000000000         2.9221639628       184.4715936775
        0.1050000000         2.9144211635       182.5733489487
        0.1100000000         2.9063470822       180.6751042198
        0.1150000000         2.8979481733       203.4540409661
        0.1200000000         2.8892311508       178.7768594910
        0.1250000000         2.8802029828       190.1663278641
        0.1300000000         2.8708708864       199.6575515084
        0.1350000000         2.8612423214       178.7768594910
        0.1400000000         2.8513249849       201.5557962372
        0.1450000000         2.8411268046       195.8610620506
        0.1500000000         2.8306559327       193.9628173218
        0.1550000000         2.8199207395       188.2680831352
        0.1600000000         2.8089298065       199.6575515084
        0.1650000000         2.7976919199       193.9628173218
        0.1700000000         2.7862160628       190.1663278641
        0.1750000000         2.7745114090       211.0470198815
        0.1800000000         2.7625873150       197.7593067795
        0.1850000000         2.7504533127       201.5557962372
        0.1900000000         2.7381191018       190.1663278641
        0.1950000000         2.7255945422       197.7593067795
        0.2000000000         2.7128896458       193.9628173218
        0.2050000000         2.7000145686       192.0645725929
        0.2100000000         2.6869796029       192.0645725929
        0.2150000000         2.6737951685       174.9803700332
        0.2200000000         2.6604718049       188.2680831352
        0.2250000000         2.6470201626       154.0996780159
        0.2300000000         2.6334509947       176.8786147621
        0.2350000000         2.6197751480       159.7944122024
        0.2400000000         2.6060035550       173.0821253044
        0.2450000000         2.5921472243       169.2856358467
        0.2500000000         2.5782172325       157.8961674736
        0.2550000000         2.5642247151       174.9803700332
        0.2600000000         2.5501808574       157.8961674736
        0.2650000000         2.5360968859       148.4049438293
        0.2700000000         2.5219840592       148.4049438293
        0.2750000000         2.5078536587       157.8961674736
        0.2800000000         2.4937169801       152.2014332870
        0.2850000000         2.4795853240       131.3207412696
        0.2900000000         2.4654699871       121.8295176253
        0.2950000000         2.4513822530        74.3733994040
        0.3000000000         2.4373333832        38.3067495558
        0.3050000000         2.4233346081         0.3418549787
        0.3100000000         2.4093971182        -9.1493686656
        0.3150000000         2.3955320548         0.3418549787
        0.3200000000         2.3817505015        -5.3528792079
        0.3250000000         2.3680634750         2.2400997075
        0.3300000000         2.3544819166        -7.2511239367
        0.3350000000         2.3410166831       -69.8931999889
        0.3400000000         2.3276785384      -113.5528287526
        0.3450000000         2.3144781449       -79.3844236332
        0.3500000000         2.3014260547      -113.5528287526
        0.3550000000         2.2885327015       -90.7738920063
        0.3600000000         2.2758083920      -121.1458076680
        0.3650000000         2.2632632978       -94.5703814640
        0.3700000000         2.2509074473      -130.6370313122
        0.3750000000         2.2387507176      -128.7387865834
        0.3800000000         2.2268028266      -111.6545840237
        0.3850000000         2.2150733253      -130.6370313122
        0.3900000000         2.2035715899      -130.6370313122
        0.3950000000         2.1923068149      -132.5352760411
        0.4000000000         2.1812880051      -138.2300102277
        0.4050000000         2.1705239688      -138.2300102277
        0.4100000000         2.1600233106      -142.0264996854
        0.4150000000         2.1497944246      -145.8229891431
        0.4200000000         2.1398454876      -161.0089469739
        0.4250000000         2.1301844525      -162.9071917028
        0.4300000000         2.1208190424      -151.5177233296
        0.4350000000         2.1117567437      -143.9247444142
        0.4400000000         2.1030048007      -164.8054364316
        0.4450000000         2.0945702096      -161.0089469739
        0.4500000000         2.0864597129      -172.3984153470
        0.4550000000         2.0786797939      -157.2124575162
        0.4600000000         2.0712366719      -170.5001706182
        0.4650000000         2.0641362967      -176.1949048047
        0.4700000000         2.0573843443      -172.3984153470
        0.4750000000         2.0509862121      -202.7703310087
        0.4800000000         2.0449470147      -174.2966600759
        0.4850000000         2.0392715796      -183.7878837202
        0.4900000000         2.0339644438      -195.1773520933
        0.4950000000         2.0290298496      -195.1773520933
        0.5000000000         2.0244717419      -210.3633099241
        0.5050000000         2.0202937641      -191.3808626356
        0.5100000000         2.0164992561      -214.1597993818
        0.5150000000         2.0130912513      -183.7878837202
        0.5200000000         2.0100724738      -212.2615546530
        0.5250000000         2.0074453369      -208.4650651953
        0.5300000000         2.0052119407      -214.1597993818
        0.5350000000         2.0033740705      -229.3457572126
        0.5400000000         2.0019331954      -204.6685757375
        0.5450000000         2.0008904674      -221.7527782972
        0.5500000000         2.0002467198      -195.1773520933
        0.5550000000         2.0000024674      -229.3457572126
        0.5600000000         2.0001579054      -212.2615546530
        0.5650000000         2.0007129094      -238.8369808569
        0.5700000000         2.0016670360      -233.1422466704
        0.5750000000         2.0030195223      -233.1422466704
        0.5800000000         2.0047692872      -235.0404913992
        0.5850000000         2.0069149319      -221.7527782972
        0.5900000000         2.0094547413      -235.0404913992
        0.5950000000         2.0123866850      -221.7527782972
        0.6000000000         2.0157084194      -236.9387361281
        0.6050000000         2.0194172891      -227.4475124838
        0.6100000000         2.0235103292      -240.7352255858
        0.6150000000         2.0279842679      -231.2440019415
        0.6200000000         2.0328355288      -229.3457572126
        0.6250000000         2.0380602337      -236.9387361281
        0.6300000000         2.0436542063      -235.0404913992
        0.6350000000         2.0496129747      -244.5317150435
        0.6400000000         2.0559317756      -236.9387361281
        0.6450000000         2.0626055578      -223.6510230261
        0.6500000000         2.0696289865      -235.0404913992
        0.6550000000         2.0769964472      -250.2264492300
        0.6600000000         2.0847020504      -235.0404913992
        0.6650000000         2.0927396365      -229.3457572126
        0.6700000000         2.1011027802      -246.4299597723
        0.6750000000         2.1097847963      -231.2440019415
        0.6800000000         2.1187787445      -261.6159176032
        0.6850000000         2.1280774351      -229.3457572126
        0.6900000000         2.1376734349      -238.8369808569
        0.6950000000         2.1475590730      -233.1422466704
        0.7000000000         2.1577264470      -221.7527782972
        0.7050000000         2.1681674293      -240.7352255858
        0.7100000000         2.1788736734      -216.0580441107
        0.7150000000         2.1898366210      -240.7352255858
        0.7200000000         2.2010475085      -221.7527782972
        0.7250000000         2.2124973740      -231.2440019415
        0.7300000000         2.2241770647      -233.1422466704
        0.7350000000         2.2360772440      -212.2615546530
        0.7400000000         2.2481883992      -214.1597993818
        0.7450000000         2.2605008487      -219.8545335684
        0.7500000000         2.2730047501      -231.2440019415
        0.7550000000         2.2856901081      -210.3633099241
        0.7600000000         2.2985467821      -221.7527782972
        0.7650000000         2.3115644948      -216.0580441107
        0.7700000000         2.3247328399      -219.8545335684
        0.7750000000         2.3380412909      -225.5492677549
        0.7800000000         2.3514792092      -200.8720862798
        0.7850000000         2.3650358528      -212.2615546530
        0.7900000000         2.3787003846      -210.3633099241
        0.7950000000         2.3924618815      -191.3808626356
        0.8000000000         2.4063093427      -210.3633099241
        0.8050000000         2.4202316988      -191.3808626356
        0.8100000000         2.4342178205      -200.8720862798
        0.8150000000         2.4482565274      -172.3984153470
        0.8200000000         2.4623365972      -195.1773520933
        0.8250000000         2.4764467746      -166.7036811605
        0.8300000000         2.4905757801      -172.3984153470
        0.8350000000         2.5047123192      -164.8054364316
        0.8400000000         2.5188450913      -142.0264996854
        0.8450000000         2.5329627990      -126.8405418545
        0.8500000000         2.5470541567       -58.5037316158
        0.8550000000         2.5611079000       -30.0300606830
        0.8600000000         2.5751127946        -1.5563897502
        0.8650000000         2.5890576451         9.8330786230
        0.8700000000         2.6029313044        -5.3528792079
        0.8750000000         2.6167226819         0.3418549787
        0.8800000000         2.6304207531         0.3418549787
        0.8850000000         2.6440145680         7.9348338941
        0.8900000000         2.6574932598         0.3418549787
        0.8950000000         2.6708460539        -3.4546344790
        0.9000000000         2.6840622763         6.0365891652
        0.9050000000         2.6971313622        40.2049942846
        0.9100000000         2.7100428642        80.0681335906
        0.9150000000         2.7227864612        47.7979732000
        0.9200000000         2.7353519661        72.4751546751
        0.9250000000         2.7477293342        53.4927073866
        0.9300000000         2.7599086713        81.9663783194
        0.9350000000         2.7718802414        66.7804204886
        0.9400000000         2.7836344746        85.7628677771
        0.9450000000         2.7951619747        91.4576019637
        0.9500000000         2.8064535268        89.5593572348
        0.9550000000         2.8175001047        97.1523361502
        0.9600000000         2.8282928779        93.3558466925
        0.9650000000         2.8388232187       106.6435597945
        0.9700000000         2.8490827095        91.4576019637
        0.9750000000         2.8590631489       112.3382939811
        0.9800000000         2.8687565587       104.7453150657
        0.9850000000         2.8781551901       108.5418045234
        0.9900000000         2.8872515301       116.1347834388
        0.9950000000         2.8960383071       116.1347834388
        1.0000000000         2.9045084972       121.8295176253
        1.0050000000         2.9126553293       127.5242518119
        1.0100000000         2.9204722911       137.0154754562
        1.0150000000         2.9279531338       131.3207412696
        1.0200000000         2.9350918773       148.4049438293
        1.0250000000         2.9418828150       142.7102096427
        1.0300000000         2.9483205184       154.0996780159
        1.0350000000         2.9543998412       146.5066991004
        1.0400000000         2.9601159237       152.2014332870
        1.0450000000         2.9654641966       146.5066991004
        1.0500000000         2.9704403845       159.7944122024
        1.0550000000         2.9750405096       169.2856358467
        1.0600000000         2.9792608945       178.7768594910
        1.0650000000         2.9830981656       174.9803700332
        1.0700000000         2.9865492555       178.7768594910
        1.0750000000         2.9896114053       188.2680831352
        1.0800000000         2.9922821673       176.8786147621
        1.0850000000         2.9945594064       186.3698384064
        1.0900000000         2.9964413023       192.0645725929
        1.0950000000         2.9979263506       199.6575515084
        1.1000000000         2.9990133642       192.0645725929
        1.1050000000         2.9997014742       193.9628173218
        1.1100000000         2.9999901304       205.3522856949
        1.1150000000         2.9998791022       184.4715936775
        1.1200000000         2.9993684783       212.9452646103
        1.1250000000         2.9984586669       207.2505304238
        1.1300000000         2.9971503952       209.1487751526
        1.1350000000         2.9954447091       214.8435093392
        1.1400000000         2.9933429721       207.2505304238
        1.1450000000         2.9908468643       231.9277118989
        1.1500000000         2.9879583810       212.9452646103
        1.1550000000         2.9846798312       231.9277118989
        1.1600000000         2.9810138358       224.3347329835
        1.1650000000         2.9769633253       222.4364882546
        1.1700000000         2.9725315376       222.4364882546
        1.1750000000         2.9677220154       230.0294671700
        1.1800000000         2.9625386034       207.2505304238
        1.1850000000         2.9569854451       226.2329777123
        1.1900000000         2.9510669797       218.6399987969
        1.1950000000         2.9447879382       237.6224460854
        1.2000000000         2.9381533400       235.7242013566
        1.2050000000         2.9311684888       243.3171802720
        1.2100000000         2.9238389680       218.6399987969
        1.2150000000         2.9161706369       224.3347329835
        1.2200000000         2.9081696254       230.0294671700
        1.2250000000         2.8998423292       239.5206908143
        1.2300000000         2.8911954053       243.3171802720
        1.2350000000         2.8822357657       224.3347329835
        1.2400000000         2.8729705727       243.3171802720
        1.2450000000         2.8634072327       230.0294671700
        1.2500000000         2.8535533906       241.4189355431
        1.2550000000         2.8434169233       224.3347329835
        1.2600000000         2.8330059337       228.1312224412
        1.2650000000         2.8223287443       243.3171802720
        1.2700000000         2.8113938902       228.1312224412
        1.2750000000         2.8002101127       222.4364882546
        1.2800000000         2.7887863517       235.7242013566
        1.2850000000         2.7771317394       216.7417540680
        1.2900000000         2.7652555922       231.9277118989
        1.2950000000         2.7531674037       214.8435093392
        1.3000000000         2.7408768371       214.8435093392
        1.3050000000         2.7283937172       233.8259566277
        1.3100000000         2.7157280228       205.3522856949
        1.3150000000         2.7028898788       216.7417540680
        1.3200000000         2.6898895478       203.4540409661
        1.3250000000         2.6767374219       199.6575515084
        1.3300000000         2.6634440148       199.6575515084
        1.3350000000         2.6500199531       199.6575515084
        1.3400000000         2.6364759678       201.5557962372
        1.3450000000         2.6228228856       205.3522856949
        1.3500000000         2.6090716207       195.8610620506
        1.3550000000         2.5952331656       197.7593067795
        1.3600000000         2.5813185826       176.8786147621
        1.3650000000         2.5673389947       182.5733489487
        1.3700000000         2.5533055771       165.4891463890
        1.3750000000         2.5392295479       178.7768594910
        1.3800000000         2.5251221591       182.5733489487
        1.3850000000         2.5109946880       163.5909016601
        1.3900000000         2.4968584280       163.5909016601
        1.3950000000         2.4827246793       152.2014332870
        1.4000000000         2.4686047402       133.2189859985
        1.4050000000         2.4545098980        97.1523361502
        1.4100000000         2.4404514200        66.7804204886
        1.4150000000         2.4264405441        40.2049942846
        1.4200000000         2.4124884705         9.8330786230
        1.4250000000         2.3986063523       -12.9458581233
        1.4300000000         2.3848052867        -1.5563897502
        1.4350000000         2.3710963059        -5.3528792079
        1.4400000000         2.3574903688       -35.7247948695
        1.4450000000         2.3439983517      -117.3493182103
        1.4500000000         2.3306310399       -66.0967105312
        1.4550000000         2.3173991191       -96.4686261929
        1.4600000000         2.3043131666       -69.8931999889
        1.4650000000         2.2913836432       -98.3668709217
        1.4700000000         2.2786208845       -85.0791578197
        1.4750000000         2.2660350929      -111.6545840237
        1.4800000000         2.2536363292      -113.5528287526
        1.4850000000         2.2414345049      -105.9598498371
        1.4900000000         2.2294393739      -124.9422971257
        1.4950000000         2.2176605250      -105.9598498371
        1.5000000000         2.2061073739      -123.0440523968
        1.5050000000         2.1947891560      -119.2475629391
        1.5100000000         2.1837149190      -145.8229891431
        1.5150000000         2.1728935155      -136.3317654988
        1.5200000000         2.1623335959      -136.3317654988
        1.5250000000         2.1520436017      -145.8229891431
        1.5300000000         2.1420317585      -147.7212338719
        1.5350000000         2.1323060696      -149.6194786008
        1.5400000000         2.1228743096      -149.6194786008
        1.5450000000         2.1137440182      -157.2124575162
        1.5500000000         2.1049224938      -161.0089469739
        1.5550000000         2.0964167884      -168.6019258893
        1.5600000000         2.0882337012      -164.8054364316
        1.5650000000         2.0803797737      -159.1107022450
        1.5700000000         2.0728612842      -176.1949048047
        1.5750000000         2.0656842428      -155.3142127873
        1.5800000000         2.0588543868      -191.3808626356
        1.5850000000         2.0523771758      -170.5001706182
        1.5900000000         2.0462577877      -181.8896389913
        1.5950000000         2.0405011142      -197.0755968221
        1.6000000000         2.0351117571      -174.2966600759
        1.6050000000         2.0300940245      -216.0580441107
        1.6100000000         2.0254519275      -179.9913942624
        1.6150000000         2.0211891770      -191.3808626356
        1.6200000000         2.0173091806      -202.7703310087
        1.6250000000         2.0138150398      -178.0931495336
        1.6300000000         2.0107095478      -221.7527782972
        1.6350000000         2.0079951872      -191.3808626356
        1.6400000000         2.0056741276      -229.3457572126
        1.6450000000         2.0037482246      -197.0755968221
        1.6500000000         2.0022190177      -214.1597993818
        1.6550000000         2.0010877293      -216.0580441107
        1.6600000000         2.0003552637      -198.9738415510
        1.6650000000         2.0000222064      -219.8545335684
        1.6700000000         2.0000888238      -216.0580441107
        1.6750000000         2.0005550625      -217.9562888395
        1.6800000000         2.0014205499      -231.2440019415
        1.6850000000         2.0026845940      -212.2615546530
        1.6900000000         2.0043461845      -221.7527782972
        1.6950000000         2.0064039930      -233.1422466704
        1.7000000000         2.0088563746      -227.4475124838
        1.7050000000         2.0117013690      -238.8369808569
        1.7100000000         2.0149367018      -221.7527782972
        1.7150000000         2.0185597867      -231.2440019415
        1.7200000000         2.0225677276      -225.5492677549
        1.7250000000         2.0269573206      -242.6334703146
        1.7300000000         2.0317250566      -238.8369808569
        1.7350000000         2.0368671245      -225.5492677549
        1.7400000000         2.0423794137      -240.7352255858
        1.7450000000         2.0482575178      -223.6510230261
        1.7500000000         2.0544967379      -236.9387361281
        1.7550000000         2.0610920865      -242.6334703146
        1.7600000000         2.0680382914      -225.5492677549
        1.7650000000         2.0753297999      -246.4299597723
        1.7700000000         2.0829607832      -221.7527782972
        1.7750000000         2.0909251413      -244.5317150435
        1.7800000000         2.0992165076      -233.1422466704
        1.7850000000         2.1078282540      -231.2440019415
        1.7900000000         2.1167534966      -252.1246939589
        1.7950000000         2.1259851005      -225.5492677549
        1.8000000000         2.1355156863      -250.2264492300
        1.8050000000         2.1453376352      -229.3457572126
        1.8100000000         2.1554430958      -233.1422466704
        1.8150000000         2.1658239899      -227.4475124838
        1.8200000000         2.1764720192      -236.9387361281
        1.8250000000         2.1873786718      -229.3457572126
        1.8300000000         2.1985352292      -235.0404913992
        1.8350000000         2.2099327728      -233.1422466704
        1.8400000000         2.2215621918      -227.4475124838
        1.8450000000         2.2334141896      -248.3282045012
        1.8500000000         2.2454792921      -221.7527782972
        1.8550000000         2.2577478546      -223.6510230261
        1.8600000000         2.2702100697      -217.9562888395
        1.8650000000         2.2828559754      -221.7527782972
        1.8700000000         2.2956754626      -223.6510230261
        1.8750000000         2.3086582838      -210.3633099241
        1.8800000000         2.3217940606      -221.7527782972
        1.8850000000         2.3350722926      -210.3633099241
        1.8900000000         2.3484823652      -200.8720862798
        1.8950000000         2.3620135587      -195.1773520933
        1.9000000000         2.3756550564      -189.4826179067
        1.9050000000         2.3893959536      -197.0755968221
        1.9100000000         2.4032252660      -204.6685757375
        1.9150000000         2.4171319386      -189.4826179067
        1.9200000000         2.4311048547      -191.3808626356
        1.9250000000         2.4451328445      -179.9913942624
        1.9300000000         2.4592046942      -174.2966600759
        1.9350000000         2.4733091551      -157.2124575162
        1.9400000000         2.4874349523      -164.8054364316
        1.9450000000         2.5015707937      -185.6861284490
        1.9500000000         2.5157053795      -151.5177233296
        1.9550000000         2.5298274107      -132.5352760411
        1.9600000000         2.5439255983       -83.1809130909
        1.9650000000         2.5579886724       -33.8265501407
        1.9700000000         2.5720053913         7.9348338941
        1.9750000000         2.5859645501         6.0365891652
        1.9800000000         2.5998549903        -5.3528792079
        1.9850000000         2.6136656078       -18.6405923099
        1.9900000000         2.6273853628        -3.4546344790
        1.9950000000         2.6410032880         6.0365891652
        2.0000000000         2.6545084972        -5.3528792079
        2.0050000000         2.6678901947         0.3418549787
        2.0100000000         2.6811376834        -7.2511239367
        2.0150000000         2.6942403733        26.9172811826
        2.0200000000         2.7071877905       106.6435597945
        2.0250000000         2.7199695849        53.4927073866
        2.0300000000         2.7325755390        70.5769099463
        2.0350000000         2.7449955758        61.0856863020
        2.0400000000         2.7572197669        70.5769099463
        2.0450000000         2.7692383404        72.4751546751
        2.0500000000         2.7810416889        87.6611125060
        2.0550000000         2.7926203770        93.3558466925
        2.0600000000         2.8039651488        76.2716441328
        2.0650000000         2.8150669356        91.4576019637
        2.0700000000         2.8259168627        87.6611125060
        2.0750000000         2.8365062568       112.3382939811
        2.0800000000         2.8468266529        97.1523361502
        2.0850000000         2.8568698011       108.5418045234
        2.0900000000         2.8666276731       110.4400492522
        2.0950000000         2.8760924685       100.9488256079
        2.1000000000         2.8852566214        93.3558466925
        2.1050000000         2.8941128060       118.0330281676
        2.1100000000         2.9026539429       112.3382939811
        2.1150000000         2.9108732043       127.5242518119
        2.1200000000         2.9187640200       118.0330281676
        2.1250000000         2.9263200822       148.4049438293
        2.1300000000         2.9335353506       135.1172307273
        2.1350000000         2.9404040575       137.0154754562
        2.1400000000         2.9469207121       144.6084543716
        2.1450000000         2.9530801051       152.2014332870
        2.1500000000         2.9588773128       159.7944122024
        2.1550000000         2.9643077011       154.0996780159
        2.1600000000         2.9693669288       161.6926569313
        2.1650000000         2.9740509518       161.6926569313
        2.1700000000         2.9783560258       154.0996780159
        2.1750000000         2.9822787092       171.1838805755
        2.1800000000         2.9858158665       169.2856358467
        2.1850000000         2.9889646699       167.3873911178
        2.1900000000         2.9917226025       173.0821253044
        2.1950000000         2.9940874596       186.3698384064
        2.2000000000         2.9960573507       180.6751042198
        2.2050000000         2.9976307011       182.5733489487
        2.2100000000         2.9988062532       195.8610620506
        2.2150000000         2.9995830672       192.0645725929
        2.2200000000         2.9999605221       195.8610620506
        2.2250000000         2.9999383162       201.5557962372
        2.2300000000         2.9995164673       203.4540409661
        2.2350000000         2.9986953126       205.3522856949
        2.2400000000         2.9974755085       171.1838805755
        2.2450000000         2.9958580301       199.6575515084
        2.2500000000         2.9938441703       212.9452646103
        2.2550000000         2.9914355391       203.4540409661
        2.2600000000         2.9886340618       205.3522856949
        2.2650000000         2.9854419779       214.8435093392
        2.2700000000         2.9818618391       197.7593067795
        2.2750000000         2.9778965074       205.3522856949
        2.2800000000         2.9735491525       209.1487751526
        2.2850000000         2.9688232496       207.2505304238
        2.2900000000         2.9637225767       230.0294671700
        2.2950000000         2.9582512110       214.8435093392
        2.3000000000         2.9524135262       220.5382435257
        2.3050000000         2.9462141891       214.8435093392
        2.3100000000         2.9396581551       212.9452646103
        2.3150000000         2.9327506651       233.8259566277
        2.3200000000         2.9254972409       224.3347329835
        2.3250000000         2.9179036807       214.8435093392
        2.3300000000         2.9099760547       224.3347329835
        2.3350000000         2.9017207001       220.5382435257
        2.3400000000         2.8931442161       224.3347329835
        2.3450000000         2.8842534586       212.9452646103
        2.3500000000         2.8750555348       230.0294671700
        2.3550000000         2.8655577974       216.7417540680
        2.3600000000         2.8557678386       230.0294671700
        2.3650000000         2.8456934845       222.4364882546
        2.3700000000         2.8353427883       211.0470198815
        2.3750000000         2.8247240242       220.5382435257
        2.3800000000         2.8138456806       220.5382435257
        2.3850000000         2.8027164537       228.1312224412
        2.3900000000         2.7913452398       218.6399987969
        2.3950000000         2.7797411291       203.4540409661
        2.4000000000         2.7679133975       222.4364882546
        2.4050000000         2.7558715001       218.6399987969
        2.4100000000         2.7436250629       216.7417540680
        2.4150000000         2.7311838755       222.4364882546
        2.4200000000         2.7185578833       195.8610620506
        2.4250000000         2.7057571793       212.9452646103
        2.4300000000         2.6927919961       207.2505304238
        2.4350000000         2.6796726980       197.7593067795
        2.4400000000         2.6664097723       207.2505304238
        2.4450000000         2.6530138211       186.3698384064
        2.4500000000         2.6394955530       182.5733489487
        2.4550000000         2.6258657743       192.0645725929
        2.4600000000         2.6121353805       190.1663278641
        2.4650000000         2.5983153473       173.0821253044
        2.4700000000         2.5844167224       173.0821253044
        2.4750000000         2.5704506160       167.3873911178
        2.4800000000         2.5564281924       157.8961674736
        2.4850000000         2.5423606611       167.3873911178
        2.4900000000         2.5282592672       154.0996780159
        2.4950000000         2.5141352834       155.9979227447
        2.5000000000         2.5000000000       148.4049438293
        2.5050000000         2.4858647166       142.7102096427
        2.5100000000         2.4717407328       129.4224965408
        2.5150000000         2.4576393389        81.9663783194
        2.5200000000         2.4435718076        57.2891968443
        2.5250000000         2.4295493840        25.0190364538
        2.5300000000         2.4155832776        -3.4546344790
        2.5350000000         2.4016846527        -3.4546344790
        2.5400000000         2.3878646195        -3.4546344790
        2.5450000000         2.3741342257         6.0365891652
        2.5500000000         2.3605044470        -3.4546344790
        2.5550000000         2.3469861789       -90.7738920063
        2.5600000000         2.3335902277       -90.7738920063
        2.5650000000         2.3203273020       -90.7738920063
        2.5700000000         2.3072080039       -96.4686261929
        2.5750000000         2.2942428207       -83.1809130909
        2.5800000000         2.2814421167      -115.4510734814
        2.5850000000         2.2688161245       -94.5703814640
        2.5900000000         2.2563749371      -121.1458076680
        2.5950000000         2.2441284999      -104.0616051083
        2.6000000000         2.2320866025      -111.6545840237
        2.6050000000         2.2202588709      -119.2475629391
        2.6100000000         2.2086547602      -111.6545840237
        2.6150000000         2.1972835463      -145.8229891431
        2.6200000000         2.1861543194      -119.2475629391
        2.6250000000         2.1752759758      -142.0264996854
        2.6300000000         2.1646572117      -134.4335207699
        2.6350000000         2.1543065155      -140.1282549565
        2.6400000000         2.1442321614      -151.5177233296
        2.6450000000         2.1344422026      -132.5352760411
        2.6500000000         2.1249444652      -145.8229891431
        2.6550000000         2.1157465414      -147.7212338719
        2.6600000000         2.1068557839      -132.5352760411
        2.6650000000         2.0982792999      -157.2124575162
        2.6700000000         2.0900239453      -157.2124575162
        2.6750000000         2.0820963193      -151.5177233296
        2.6800000000         2.0745027591      -176.1949048047
        2.6850000000         2.0672493349      -166.7036811605
        2.6900000000         2.0603418449      -181.8896389913
        2.6950000000         2.0537858109      -174.2966600759
        2.7000000000         2.0475864738      -183.7878837202
        2.7050000000         2.0417487890      -181.8896389913
        2.7100000000         2.0362774233      -187.5843731779
        2.7150000000         2.0311767504      -193.2791073644
        2.7200000000         2.0264508475      -197.0755968221
        2.7250000000         2.0221034926      -195.1773520933
        2.7300000000         2.0181381609      -198.9738415510
        2.7350000000         2.0145580221      -191.3808626356
        2.7400000000         2.0113659382      -200.8720862798
        2.7450000000         2.0085644609      -206.5668204664
        2.7500000000         2.0061558297      -202.7703310087
        2.7550000000         2.0041419699      -210.3633099241
        2.7600000000         2.0025244915      -204.6685757375
        2.7650000000         2.0013046874      -204.6685757375
        2.7700000000         2.0004835327      -204.6685757375
        2.7750000000         2.0000616838      -206.5668204664
        2.7800000000         2.0000394779      -225.5492677549
        2.7850000000         2.0004169328      -217.9562888395
        2.7900000000         2.0011937468      -225.5492677549
        2.7950000000         2.0023692989      -221.7527782972
        2.8000000000         2.0039426493      -235.0404913992
        2.8050000000         2.0059125404      -217.9562888395
        2.8100000000         2.0082773975      -250.2264492300
        2.8150000000         2.0110353301      -221.7527782972
        2.8200000000         2.0141841335      -244.5317150435
        2.8250000000         2.0177212908      -238.8369808569
        2.8300000000         2.0216439742      -227.4475124838
        2.8350000000         2.0259490482      -248.3282045012
        2.8400000000         2.0306330712      -233.1422466704
        2.8450000000         2.0356922989      -252.1246939589
        2.8500000000         2.0411226872      -240.7352255858
        2.8550000000         2.0469198949      -248.3282045012
        2.8600000000         2.0530792879      -255.9211834166
        2.8650000000         2.0595959425      -235.0404913992
        2.8700000000         2.0664646494      -244.5317150435
        2.8750000000         2.0736799178      -244.5317150435
        2.8800000000         2.0812359800      -236.9387361281
        2.8850000000         2.0891267957      -250.2264492300
        2.8900000000         2.0973460571      -240.7352255858
        2.8950000000         2.1058871940      -242.6334703146
        2.9000000000         2.1147433786      -265.4124070609
        2.9050000000         2.1239075315      -242.6334703146
        2.9100000000         2.1333723269      -252.1246939589
        2.9150000000         2.1431301989      -242.6334703146
        2.9200000000         2.1531733471      -244.5317150435
        2.9250000000         2.1634937432      -255.9211834166
        2.9300000000         2.1740831373      -252.1246939589
        2.9350000000         2.1849330644      -248.3282045012
        2.9400000000         2.1960348512      -227.4475124838
        2.9450000000         2.2073796230      -242.6334703146
        2.9500000000         2.2189583111      -233.1422466704
        2.9550000000         2.2307616596      -240.7352255858
        2.9600000000         2.2427802331      -248.3282045012
        2.9650000000         2.2550044242      -219.8545335684
        2.9700000000         2.2674244610      -231.2440019415
        2.9750000000         2.2800304151      -216.0580441107
        2.9800000000         2.2928122095      -214.1597993818
        2.9850000000         2.3057596267      -244.5317150435
        2.9900000000         2.3188623166      -208.4650651953
        2.9950000000         2.3321098053      -219.8545335684
        3.0000000000         2.3454915028      -206.5668204664
        3.0050000000         2.3589967120      -204.6685757375
        3.0100000000         2.3726146372      -204.6685757375
        3.0150000000         2.3863343922      -197.0755968221
        3.0200000000         2.4001450097      -216.0580441107
        3.0250000000         2.4140354499      -197.0755968221
        3.0300000000         2.4279946087      -202.7703310087
        3.0350000000         2.4420113276      -193.2791073644
        3.0400000000         2.4560744017      -200.8720862798
        3.0450000000         2.4701725893      -185.6861284490
        3.0500000000         2.4842946205      -172.3984153470
        3.0550000000         2.4984292063      -179.9913942624
        3.0600000000         2.5125650477      -164.8054364316
        3.0650000000         2.5266908449      -147.7212338719
        3.0700000000         2.5407953058       -86.9774025486
        3.0750000000         2.5548671555       -37.6230395984
        3.0800000000         2.5688951453         0.3418549787
        3.0850000000         2.5828680614        11.7313233518
        3.0900000000         2.5967747340        -5.3528792079
        3.0950000000         2.6106040464        -7.2511239367
        3.1000000000         2.6243449436        -1.5563897502
        3.1050000000         2.6379864413        -3.4546344790
        3.1100000000         2.6515176348         4.1383444364
        3.1150000000         2.6649277074        -5.3528792079
        3.1200000000         2.6782059394        -3.4546344790
        3.1250000000         2.6913417162        15.5278128095
        3.1300000000         2.7043245374        85.7628677771
        3.1350000000         2.7171440246        64.8821757597
        3.1400000000         2.7297899303        53.4927073866
        3.1450000000         2.7422521454        62.9839310309
        3.1500000000         2.7545207079        68.6786652174
        3.1550000000         2.7665858104        72.4751546751
        3.1600000000         2.7784378082        62.9839310309
        3.1650000000         2.7900672272        91.4576019637
        3.1700000000         2.8014647708        97.1523361502
        3.1750000000         2.8126213282        97.1523361502
        3.1800000000         2.8235279808        93.3558466925
        3.1850000000         2.8341760101       100.9488256079
        3.1900000000         2.8445569042        99.0505808791
        3.1950000000         2.8546623648       114.2365387099
        3.2000000000         2.8644843137       102.8470703368
        3.2050000000         2.8740148995       121.8295176253
        3.2100000000         2.8832465034       100.9488256079
        3.2150000000         2.8921717460       131.3207412696
        3.2200000000         2.9007834924       131.3207412696
        3.2250000000         2.9090748587       129.4224965408
        3.2300000000         2.9170392168       138.9137201850
        3.2350000000         2.9246702001       127.5242518119
        3.2400000000         2.9319617086       144.6084543716
        3.2450000000         2.9389079135       138.9137201850
        3.2500000000         2.9455032621       155.9979227447
        3.2550000000         2.9517424822       146.5066991004
        3.2600000000         2.9576205863       154.0996780159
        3.2650000000         2.9631328755       157.8961674736
        3.2700000000         2.9682749434       161.6926569313
        3.2750000000         2.9730426794       163.5909016601
        3.2800000000         2.9774322724       169.2856358467
        3.2850000000         2.9814402133       163.5909016601
        3.2900000000         2.9850632982       182.5733489487
        3.2950000000         2.9882986310       169.2856358467
        3.3000000000         2.9911436254       173.0821253044
        3.3050000000         2.9935960070       192.0645725929
        3.3100000000         2.9956538155       169.2856358467
        3.3150000000         2.9973154060       186.3698384064
        3.3200000000         2.9985794501       186.3698384064
        3.3250000000         2.9994449375       192.0645725929
        3.3300000000         2.9999111762       201.5557962372
        3.3350000000         2.9999777936       197.7593067795
        3.3400000000         2.9996447363       197.7593067795
        3.3450000000         2.9989122707       190.1663278641
        3.3500000000         2.9977809823       197.7593067795
        3.3550000000         2.9962517754       207.2505304238
        3.3600000000         2.9943258724       197.7593067795
        3.3650000000         2.9920048128       207.2505304238
        3.3700000000         2.9892904522       197.7593067795
        3.3750000000         2.9861849602       214.8435093392
        3.3800000000         2.9826908194       209.1487751526
        3.3850000000         2.9788108230       218.6399987969
        3.3900000000         2.9745480725       216.7417540680
        3.3950000000         2.9699059755       220.5382435257
        3.4000000000         2.9648882429       226.2329777123
        3.4050000000         2.9594988858       228.1312224412
        3.4100000000         2.9537422123       220.5382435257
        3.4150000000         2.9476228242       222.4364882546
        3.4200000000         2.9411456132       209.1487751526
        3.4250000000         2.9343157572       220.5382435257
        3.4300000000         2.9271387158       226.2329777123
        3.4350000000         2.9196202263       222.4364882546
        3.4400000000         2.9117662988       235.7242013566
        3.4450000000         2.9035832116       212.9452646103
        3.4500000000         2.8950775062       216.7417540680
        3.4550000000         2.8862559818       228.1312224412
        3.4600000000         2.8771256904       214.8435093392
        3.4650000000         2.8676939304       237.6224460854
        3.4700000000         2.8579682415       209.1487751526
        3.4750000000         2.8479563983       237.6224460854
        3.4800000000         2.8376664041       222.4364882546
        3.4850000000         2.8271064845       205.3522856949
        3.4900000000         2.8162850810       231.9277118989
        3.4950000000         2.8052108440       220.5382435257
        3.5000000000         2.7938926261       207.2505304238
        3.5050000000         2.7823394750       228.1312224412
        3.5100000000         2.7705606261       201.5557962372
        3.5150000000         2.7585654951       222.4364882546
        3.5200000000         2.7463636708       199.6575515084
        3.5250000000         2.7339649071       216.7417540680
        3.5300000000         2.7213791155       212.9452646103
        3.5350000000         2.7086163568       220.5382435257
        3.5400000000         2.6956868334       197.7593067795
        3.5450000000         2.6826008809       188.2680831352
        3.5500000000         2.6693689601       205.3522856949
        3.5550000000         2.6560016483       182.5733489487
        3.5600000000         2.6425096312       201.5557962372
        3.5650000000         2.6289036941       192.0645725929
        3.5700000000         2.6151947133       180.6751042198
        3.5750000000         2.6013936477       173.0821253044
        3.5800000000         2.5875115295       188.2680831352
        3.5850000000         2.5735594559       169.2856358467
        3.5900000000         2.5595485800       169.2856358467
        3.5950000000         2.5454901020       169.2856358467
        3.6000000000         2.5313952598       163.5909016601
        3.6050000000         2.5172753207       152.2014332870
        3.6100000000         2.5031415720       150.3031885581
        3.6150000000         2.4890053120       154.0996780159
        3.6200000000         2.4748778409       133.2189859985
        3.6250000000         2.4607704521        97.1523361502
        3.6300000000         2.4466944229        53.4927073866
        3.6350000000         2.4326610053        25.0190364538
        3.6400000000         2.4186814174       -12.9458581233
        3.6450000000         2.4047668344        -1.5563897502
        3.6500000000         2.3909283793         4.1383444364
        3.6550000000         2.3771771144        -1.5563897502
        3.6600000000         2.3635240322        -5.3528792079
        3.6650000000         2.3499800469      -124.9422971257
        3.6700000000         2.3365559852       -73.6896894466
        3.6750000000         2.3232625781       -81.2826683620
        3.6800000000         2.3101104522       -85.0791578197
        3.6850000000         2.2971101212       -92.6721367352
        3.6900000000         2.2842719772       -92.6721367352
        3.6950000000         2.2716062828       -90.7738920063
        3.7000000000         2.2591231629      -128.7387865834
        3.7050000000         2.2468325963       -88.8756472775
        3.7100000000         2.2347444078      -119.2475629391
        3.7150000000         2.2228682606       -98.3668709217
        3.7200000000         2.2112136483      -121.1458076680
        3.7250000000         2.1997898873      -124.9422971257
        3.7300000000         2.1886061098      -121.1458076680
        3.7350000000         2.1776712557      -128.7387865834
        3.7400000000         2.1669940663      -123.0440523968
        3.7450000000         2.1565830767      -128.7387865834
        3.7500000000         2.1464466094      -128.7387865834
        3.7550000000         2.1365927673      -134.4335207699
        3.7600000000         2.1270294273      -143.9247444142
        3.7650000000         2.1177642343      -140.1282549565
        3.7700000000         2.1088045947      -119.2475629391
        3.7750000000         2.1001576708      -149.6194786008
        3.7800000000         2.0918303746      -142.0264996854
        3.7850000000         2.0838293631      -164.8054364316
        3.7900000000         2.0761610320      -147.7212338719
        3.7950000000         2.0688315112      -164.8054364316
        3.8000000000         2.0618466600      -170.5001706182
        3.8050000000         2.0552120618      -151.5177233296
        3.8100000000         2.0489330203      -185.6861284490
        3.8150000000         2.0430145549      -164.8054364316
        3.8200000000         2.0374613966      -187.5843731779
        3.8250000000         2.0322779846      -172.3984153470
        3.8300000000         2.0274684624      -187.5843731779
        3.8350000000         2.0230366747      -197.0755968221
        3.8400000000         2.0189861642      -178.0931495336
        3.8450000000         2.0153201688      -212.2615546530
        3.8500000000         2.0120416190      -195.1773520933
        3.8550000000         2.0091531357      -206.5668204664
        3.8600000000         2.0066570279      -216.0580441107
        3.8650000000         2.0045552909      -195.1773520933
        3.8700000000         2.0028496048      -229.3457572126
        3.8750000000         2.0015413331      -204.6685757375
        3.8800000000         2.0006315217      -223.6510230261
        3.8850000000         2.0001208978      -212.2615546530
        3.8900000000         2.0000098696      -225.5492677549
        3.8950000000         2.0002985258      -217.9562888395
        3.9000000000         2.0009866358      -248.3282045012
        3.9050000000         2.0020736494      -227.4475124838
        3.9100000000         2.0035586977      -240.7352255858
        3.9150000000         2.0054405936      -242.6334703146
        3.9200000000         2.0077178327      -227.4475124838
        3.9250000000         2.0103885947      -242.6334703146
        3.9300000000         2.0134507445      -248.3282045012
        3.9350000000         2.0169018344      -240.7352255858
        3.9400000000         2.0207391055      -250.2264492300
        3.9450000000         2.0249594904      -248.3282045012
        3.9500000000         2.0295596155      -238.8369808569
        3.9550000000         2.0345358034      -263.5141623320
        3.9600000000         2.0398840763      -244.5317150435
        3.9650000000         2.0456001588      -242.6334703146
        3.9700000000         2.0516794816      -248.3282045012
        3.9750000000         2.0581171850      -240.7352255858
        3.9800000000         2.0649081227      -261.6159176032
        3.9850000000         2.0720468662      -263.5141623320
        3.9900000000         2.0795277089      -255.9211834166
        3.9950000000         2.0873446707      -240.7352255858
        4.0000000000         2.0954915028      -252.1246939589
        4.0050000000         2.1039616929      -244.5317150435
        4.0100000000         2.1127484699      -248.3282045012
        4.0150000000         2.1218448099      -257.8194281455
        4.0200000000         2.1312434413      -240.7352255858
        4.0250000000         2.1409368511      -250.2264492300
        4.0300000000         2.1509172905      -242.6334703146
        4.0350000000         2.1611767813      -240.7352255858
        4.0400000000         2.1717071221      -261.6159176032
        4.0450000000         2.1824998953      -231.2440019415
        4.0500000000         2.1935464732      -242.6334703146
        4.0550000000         2.2048380253      -231.2440019415
        4.0600000000         2.2163655254      -244.5317150435
        4.0650000000         2.2281197586      -248.3282045012
        4.0700000000         2.2400913287      -238.8369808569
        4.0750000000         2.2522706658      -242.6334703146
        4.0800000000         2.2646480339      -217.9562888395
        4.0850000000         2.2772135388      -227.4475124838
        4.0900000000         2.2899571358      -236.9387361281
        4.0950000000         2.3028686378      -219.8545335684
        4.1000000000         2.3159377237      -221.7527782972
        4.1050000000         2.3291539461      -217.9562888395
        4.1100000000         2.3425067402      -221.7527782972
        4.1150000000         2.3559854320      -233.1422466704
        4.1200000000         2.3695792469      -214.1597993818
        4.1250000000         2.3832773181      -204.6685757375
        4.1300000000         2.3970686956      -208.4650651953
        4.1350000000         2.4109423549      -206.5668204664
        4.1400000000         2.4248872054      -216.0580441107
        4.1450000000         2.4388921000      -200.8720862798
        4.1500000000         2.4529458433      -187.5843731779
        4.1550000000         2.4670372010      -193.2791073644
        4.1600000000         2.4811549087      -195.1773520933
        4.1650000000         2.4952876808      -172.3984153470
        4.1700000000         2.5094242199      -191.3808626356
        4.1750000000         2.5235532254      -161.0089469739
        4.1800000000         2.5376634028      -134.4335207699
        4.1850000000         2.5517434726       -90.7738920063
        4.1900000000         2.5657821795       -47.1142632427
        4.1950000000         2.5797683012        -9.1493686656
        4.2000000000         2.5936906573        11.7313233518
        4.2050000000         2.6075381185         6.0365891652
        4.2100000000         2.6212996154         6.0365891652
        4.2150000000         2.6349641472         7.9348338941
        4.2200000000         2.6485207908         0.3418549787
        4.2250000000         2.6619587091        -3.4546344790
        4.2300000000         2.6752671601        -1.5563897502
        4.2350000000         2.6884355052         4.1383444364
        4.2400000000         2.7014532179        45.8997284712
        4.2450000000         2.7143098919        78.1698888617
        4.2500000000         2.7269952499        70.5769099463
        4.2550000000         2.7394991513        72.4751546751
        4.2600000000         2.7518116008        70.5769099463
        4.2650000000         2.7639227560        72.4751546751
        4.2700000000         2.7758229353        72.4751546751
        4.2750000000         2.7875026260        91.4576019637
        4.2800000000         2.7989524915        91.4576019637
        4.2850000000         2.8101633790        78.1698888617
        4.2900000000         2.8211263266        83.8646230483
        4.2950000000         2.8318325707        81.9663783194
        4.3000000000         2.8422735530        95.2540914214
        4.3050000000         2.8524409270       102.8470703368
        4.3100000000         2.8623265651        95.2540914214
        4.3150000000         2.8719225649       108.5418045234
        4.3200000000         2.8812212555       118.0330281676
        4.3250000000         2.8902152037       116.1347834388
        4.3300000000         2.8988972198       123.7277623542
        4.3350000000         2.9072603635       121.8295176253
        4.3400000000         2.9152979496       131.3207412696
        4.3450000000         2.9230035528       140.8119649139
        4.3500000000         2.9303710135       142.7102096427
        4.3550000000         2.9373944422       161.6926569313
        4.3600000000         2.9440682244       144.6084543716
        4.3650000000         2.9503870253       159.7944122024
        4.3700000000         2.9563457937       148.4049438293
        4.3750000000         2.9619397663       163.5909016601
        4.3800000000         2.9671644712       157.8961674736
        4.3850000000         2.9720157321       138.9137201850
        4.3900000000         2.9764896708       161.6926569313
        4.3950000000         2.9805827109       154.0996780159
        4.4000000000         2.9842915806       186.3698384064
        4.4050000000         2.9876133150       163.5909016601
        4.4100000000         2.9905452587       178.7768594910
        4.4150000000         2.9930850681       184.4715936775
        4.4200000000         2.9952307128       178.7768594910
        4.4250000000         2.9969804777       188.2680831352
        4.4300000000         2.9983329640       188.2680831352
        4.4350000000         2.9992870906       186.3698384064
        4.4400000000         2.9998420946       192.0645725929
        4.4450000000         2.9999975326       182.5733489487
        4.4500000000         2.9997532802       205.3522856949
        4.4550000000         2.9991095326       193.9628173218
        4.4600000000         2.9980668046       207.2505304238
        4.4650000000         2.9966259295       203.4540409661
        4.4700000000         2.9947880593       205.3522856949
        4.4750000000         2.9925546631       211.0470198815
        4.4800000000         2.9899275262       205.3522856949
        4.4850000000         2.9869087487       222.4364882546
        4.4900000000         2.9835007439       211.0470198815
        4.4950000000         2.9797062359       222.4364882546
        4.5000000000         2.9755282581       199.6575515084
        4.5050000000         2.9709701504       224.3347329835
        4.5100000000         2.9660355562       214.8435093392
        4.5150000000         2.9607284204       222.4364882546
        4.5200000000         2.9550529853       222.4364882546
        4.5250000000         2.9490137879       226.2329777123
        4.5300000000         2.9426156557       212.9452646103
        4.5350000000         2.9358637033       224.3347329835
        4.5400000000         2.9287633281       226.2329777123
        4.5450000000         2.9213202061       218.6399987969
        4.5500000000         2.9135402871       230.0294671700
        4.5550000000         2.9054297904       214.8435093392
        4.5600000000         2.8969951993       224.3347329835
        4.5650000000         2.8882432563       226.2329777123
        4.5700000000         2.8791809576       237.6224460854
        4.5750000000         2.8698155475       230.0294671700
        4.5800000000         2.8601545124       224.3347329835
        4.5850000000         2.8502055754       230.0294671700
        4.5900000000         2.8399766894       220.5382435257
        4.5950000000         2.8294760312       220.5382435257
        4.6000000000         2.8187119949       212.9452646103
        4.6050000000         2.8076931851       220.5382435257
        4.6100000000         2.7964284101       222.4364882546
        4.6150000000         2.7849266747       211.0470198815
        4.6200000000         2.7731971734       216.7417540680
        4.6250000000         2.7612492824       205.3522856949
        4.6300000000         2.7490925527       193.9628173218
        4.6350000000         2.7367367022       209.1487751526
        4.6400000000         2.7241916080       201.5557962372
        4.6450000000         2.7114672985       207.2505304238
        4.6500000000         2.6985739453       195.8610620506
        4.6550000000         2.6855218551       180.6751042198
        4.6600000000         2.6723214616       205.3522856949
        4.6650000000         2.6589833169       186.3698384064
        4.6700000000         2.6455180834       195.8610620506
        4.6750000000         2.6319365250       184.4715936775
        4.6800000000         2.6182494985       178.7768594910
        4.6850000000         2.6044679452       180.6751042198
        4.6900000000         2.5906028818       163.5909016601
        4.6950000000         2.5766653919       174.9803700332
        4.7000000000         2.5626666168       152.2014332870
        4.7050000000         2.5486177470       163.5909016601
        4.7100000000         2.5345300129       155.9979227447
        4.7150000000         2.5204146760       146.5066991004
        4.7200000000         2.5062830199       159.7944122024
        4.7250000000         2.4921463413       138.9137201850
        4.7300000000         2.4780159408       131.3207412696
        4.7350000000         2.4639031141       116.1347834388
        4.7400000000         2.4498191426        72.4751546751
        4.7450000000         2.4357752849        38.3067495558
        4.7500000000         2.4217827675         9.8330786230
        4.7550000000         2.4078527757        -5.3528792079
        4.7600000000         2.3939964450         4.1383444364
        4.7650000000         2.3802248520        -1.5563897502
        4.7700000000         2.3665490053         4.1383444364
        4.7750000000         2.3529798374       -12.9458581233
        4.7800000000         2.3395281951      -130.6370313122
        4.7850000000         2.3262048315       -86.9774025486
        4.7900000000         2.3130203971       -81.2826683620
        4.7950000000         2.2999854314       -79.3844236332
        4.8000000000         2.2871103542      -104.0616051083
        4.8050000000         2.2744054578       -90.7738920063
        4.8100000000         2.2618808982      -115.4510734814
        4.8150000000         2.2495466873      -115.4510734814
        4.8200000000         2.2374126850      -124.9422971257
        4.8250000000         2.2254885910      -105.9598498371
        4.8300000000         2.2137839372      -126.8405418545
        4.8350000000         2.2023080801      -145.8229891431
        4.8400000000         2.1910701935      -142.0264996854
        4.8450000000         2.1800792605      -149.6194786008
        4.8500000000         2.1693440673      -132.5352760411
        4.8550000000         2.1588731954      -149.6194786008
        4.8600000000         2.1486750151      -142.0264996854
        4.8650000000         2.1387576786      -157.2124575162
        4.8700000000         2.1291291136      -143.9247444142
        4.8750000000         2.1197970172      -155.3142127873
        4.8800000000         2.1107688492      -164.8054364316
        4.8850000000         2.1020518267      -172.3984153470
        4.8900000000         2.0936529178      -170.5001706182
        4.8950000000         2.0855788365      -170.5001706182
        4.9000000000         2.0778360372      -172.3984153470
        4.9050000000         2.0704307094      -172.3984153470
        4.9100000000         2.0633687726      -181.8896389913
        4.9150000000         2.0566558721      -172.3984153470
        4.9200000000         2.0502973742      -191.3808626356
        4.9250000000         2.0442983617      -191.3808626356
        4.9300000000         2.0386636301      -185.6861284490
        4.9350000000         2.0333976837      -202.7703310087
        4.9400000000         2.0285047321      -189.4826179067
        4.9450000000         2.0239886865      -210.3633099241
        4.9500000000         2.0198531572      -195.1773520933
        4.9550000000         2.0161014498      -212.2615546530
        4.9600000000         2.0127365636      -216.0580441107
        4.9650000000         2.0097611883      -210.3633099241
        4.9700000000         2.0071777024      -223.6510230261
        4.9750000000         2.0049881711      -208.4650651953
        4.9800000000         2.0031943447      -225.5492677549
        4.9850000000         2.0017976572      -225.5492677549
        4.9900000000         2.0007992249      -236.9387361281
        4.9950000000         2.0001998462      -219.8545335684
        5.0000000000         2.0000000000      -240.7352255858
        5.0050000000         2.0001998462      -231.2440019415
        5.0100000000         2.0007992249      -244.5317150435
        5.0150000000         2.0017976572      -238.8369808569
        5.0200000000         2.0031943447      -248.3282045012
        5.0250000000         2.0049881711      -246.4299597723
        5.0300000000         2.0071777024      -242.6334703146
        5.0350000000         2.0097611883      -248.3282045012
        5.0400000000         2.0127365636      -242.6334703146
        5.0450000000         2.0161014498      -242.6334703146
        5.0500000000         2.0198531572      -254.0229386877
        5.0550000000         2.0239886865      -235.0404913992
        5.0600000000         2.0285047321      -248.3282045012
        5.0650000000         2.0333976837      -248.3282045012
        5.0700000000         2.0386636301      -242.6334703146
        5.0750000000         2.0442983617      -265.4124070609
        5.0800000000         2.0502973742      -242.6334703146
        5.0850000000         2.0566558721      -265.4124070609
        5.0900000000         2.0633687726      -250.2264492300
        5.0950000000         2.0704307094      -261.6159176032
        5.1000000000         2.0778360372      -255.9211834166
        5.1050000000         2.0855788365      -257.8194281455
        5.1100000000         2.0936529178      -263.5141623320
        5.1150000000         2.1020518267      -236.9387361281
        5.1200000000         2.1107688492      -265.4124070609
        5.1250000000         2.1197970172      -250.2264492300
        5.1300000000         2.1291291136      -252.1246939589
        5.1350000000         2.1387576786      -261.6159176032
        5.1400000000         2.1486750151      -248.3282045012
        5.1450000000         2.1588731954      -265.4124070609
        5.1500000000         2.1693440673      -240.7352255858
        5.1550000000         2.1800792605      -257.8194281455
        5.1600000000         2.1910701935      -255.9211834166
        5.1650000000         2.2023080801      -252.1246939589
        5.1700000000         2.2137839372      -255.9211834166
        5.1750000000         2.2254885910      -233.1422466704
        5.1800000000         2.2374126850      -263.5141623320
        5.1850000000         2.2495466873      -231.2440019415
        5.1900000000         2.2618808982      -254.0229386877
        5.1950000000         2.2744054578      -246.4299597723
        5.2000000000         2.2871103542      -229.3457572126
        5.2050000000         2.2999854314      -240.7352255858
        5.2100000000         2.3130203971      -219.8545335684
        5.2150000000         2.3262048315      -235.0404913992
        5.2200000000         2.3395281951      -252.1246939589
        5.2250000000         2.3529798374      -223.6510230261
        5.2300000000         2.3665490053      -227.4475124838
        5.2350000000         2.3802248520      -212.2615546530
        5.2400000000         2.3939964450      -229.3457572126
        5.2450000000         2.4078527757      -217.9562888395
        5.2500000000         2.4217827675      -210.3633099241
        5.2550000000         2.4357752849      -235.0404913992
        5.2600000000         2.4498191426      -195.1773520933
        5.2650000000         2.4639031141      -204.6685757375
        5.2700000000         2.4780159408      -195.1773520933
        5.2750000000         2.4921463413      -195.1773520933
        5.2800000000         2.5062830199      -198.9738415510
        5.2850000000         2.5204146760      -172.3984153470
        5.2900000000         2.5345300129      -161.0089469739
        5.2950000000         2.5486177470      -121.1458076680
        5.3000000000         2.5626666168       -86.9774025486
        5.3050000000         2.5766653919       -49.0125079715
        5.3100000000         2.5906028818        -1.5563897502
        5.3150000000         2.6044679452        21.2225469961
        5.3200000000         2.6182494985        11.7313233518
        5.3250000000         2.6319365250         0.3418549787
        5.3300000000         2.6455180834        -3.4546344790
        5.3350000000         2.6589833169        -1.5563897502
        5.3400000000         2.6723214616         6.0365891652
        5.3450000000         2.6855218551        11.7313233518
        5.3500000000         2.6985739453        78.1698888617
        5.3550000000         2.7114672985        61.0856863020
        5.3600000000         2.7241916080        61.0856863020
        5.3650000000         2.7367367022        68.6786652174
        5.3700000000         2.7490925527        72.4751546751
        5.3750000000         2.7612492824        70.5769099463
        5.3800000000         2.7731971734        72.4751546751
        5.3850000000         2.7849266747       100.9488256079
        5.3900000000         2.7964284101        89.5593572348
        5.3950000000         2.8076931851       108.5418045234
        5.4000000000         2.8187119949        95.2540914214
        5.4050000000         2.8294760312        91.4576019637
        5.4100000000         2.8399766894       108.5418045234
        5.4150000000         2.8502055754       108.5418045234
        5.4200000000         2.8601545124       112.3382939811
        5.4250000000         2.8698155475       108.5418045234
        5.4300000000         2.8791809576       114.2365387099
        5.4350000000         2.8882432563       119.9312728965
        5.4400000000         2.8969951993       118.0330281676
        5.4450000000         2.9054297904       123.7277623542
        5.4500000000         2.9135402871       131.3207412696
        5.4550000000         2.9213202061       131.3207412696
        5.4600000000         2.9287633281       146.5066991004
        5.4650000000         2.9358637033       150.3031885581
        5.4700000000         2.9426156557       154.0996780159
        5.4750000000         2.9490137879       148.4049438293
        5.4800000000         2.9550529853       138.9137201850
        5.4850000000         2.9607284204       159.7944122024
        5.4900000000         2.9660355562       157.8961674736
        5.4950000000         2.9709701504       157.8961674736
        5.5000000000         2.9755282581       159.7944122024
        5.5050000000         2.9797062359       159.7944122024
        5.5100000000         2.9835007439       176.8786147621
        5.5150000000         2.9869087487       178.7768594910
        5.5200000000         2.9899275262       171.1838805755
        5.5250000000         2.9925546631       180.6751042198
        5.5300000000         2.9947880593       182.5733489487
        5.5350000000         2.9966259295       174.9803700332
        5.5400000000         2.9980668046       184.4715936775
        5.5450000000         2.9991095326       174.9803700332
        5.5500000000         2.9997532802       186.3698384064
        5.5550000000         2.9999975326       190.1663278641
        5.5600000000         2.9998420946       184.4715936775
        5.5650000000         2.9992870906       195.8610620506
        5.5700000000         2.9983329640       184.4715936775
        5.5750000000         2.9969804777       182.5733489487
        5.5800000000         2.9952307128       201.5557962372
        5.5850000000         2.9930850681       209.1487751526
        5.5900000000         2.9905452587       211.0470198815
        5.5950000000         2.9876133150       201.5557962372
        5.6000000000         2.9842915806       211.0470198815
        5.6050000000         2.9805827109       199.6575515084
        5.6100000000         2.9764896708       214.8435093392
        5.6150000000         2.9720157321       199.6575515084
        5.6200000000         2.9671644712       207.2505304238
        5.6250000000         2.9619397663       205.3522856949
        5.6300000000         2.9563457937       203.4540409661
        5.6350000000         2.9503870253       207.2505304238
        5.6400000000         2.9440682244       207.2505304238
        5.6450000000         2.9373944422       216.7417540680
        5.6500000000         2.9303710135       197.7593067795
        5.6550000000         2.9230035528       212.9452646103
        5.6600000000         2.9152979496       205.3522856949
        5.6650000000         2.9072603635       224.3347329835
        5.6700000000         2.8988972198       199.6575515084
        5.6750000000         2.8902152037       218.6399987969
        5.6800000000         2.8812212555       199.6575515084
        5.6850000000         2.8719225649       212.9452646103
        5.6900000000         2.8623265651       201.5557962372
        5.6950000000         2.8524409270       201.5557962372
        5.7000000000         2.8422735530       207.2505304238
        5.7050000000         2.8318325707       214.8435093392
        5.7100000000         2.8211263266       192.0645725929
        5.7150000000         2.8101633790       203.4540409661
        5.7200000000         2.7989524915       197.7593067795
        5.7250000000         2.7875026260       199.6575515084
        5.7300000000         2.7758229353       182.5733489487
        5.7350000000         2.7639227560       188.2680831352
        5.7400000000         2.7518116008       192.0645725929
        5.7450000000         2.7394991513       176.8786147621
        5.7500000000         2.7269952499       199.6575515084
        5.7550000000         2.7143098919       188.2680831352
        5.7600000000         2.7014532179       184.4715936775
        5.7650000000         2.6884355052       193.9628173218
        5.7700000000         2.6752671601       176.8786147621
        5.7750000000         2.6619587091       174.9803700332
        5.7800000000         2.6485207908       176.8786147621
        5.7850000000         2.6349641472       178.7768594910
        5.7900000000         2.6212996154       161.6926569313
        5.7950000000         2.6075381185       159.7944122024
        5.8000000000         2.5936906573       159.7944122024
        5.8050000000         2.5797683012       163.5909016601
        5.8100000000         2.5657821795       154.0996780159
        5.8150000000         2.5517434726       155.9979227447
        5.8200000000         2.5376634028       138.9137201850
        5.8250000000         2.5235532254       148.4049438293
        5.8300000000         2.5094242199       137.0154754562
        5.8350000000         2.4952876808       123.7277623542
        5.8400000000         2.4811549087       121.8295176253
        5.8450000000         2.4670372010        87.6611125060
        5.8500000000         2.4529458433        51.5944626577
        5.8550000000         2.4388921000        15.5278128095
        5.8600000000         2.4248872054       -18.6405923099
        5.8650000000         2.4109423549         6.0365891652
        5.8700000000         2.3970686956         2.2400997075
        5.8750000000         2.3832773181         0.3418549787
        5.8800000000         2.3695792469         2.2400997075
        5.8850000000         2.3559854320        -9.1493686656
        5.8900000000         2.3425067402       -96.4686261929
        5.8950000000         2.3291539461       -96.4686261929
        5.9000000000         2.3159377237       -79.3844236332
        5.9050000000         2.3028686378       -96.4686261929
        5.9100000000         2.2899571358       -96.4686261929
        5.9150000000         2.2772135388      -107.8580945660
        5.9200000000         2.2646480339      -111.6545840237
        5.9250000000         2.2522706658      -134.4335207699
        5.9300000000         2.2400913287      -115.4510734814
        5.9350000000         2.2281197586      -115.4510734814
        5.9400000000         2.2163655254      -121.1458076680
        5.9450000000         2.2048380253      -140.1282549565
        5.9500000000         2.1935464732      -134.4335207699
        5.9550000000         2.1824998953      -138.2300102277
        5.9600000000         2.1717071221      -142.0264996854
        5.9650000000         2.1611767813      -147.7212338719
        5.9700000000         2.1509172905      -138.2300102277
        5.9750000000         2.1409368511      -155.3142127873
        5.9800000000         2.1312434413      -153.4159680585
        5.9850000000         2.1218448099      -145.8229891431
        5.9900000000         2.1127484699      -166.7036811605
        5.9950000000         2.1039616929      -170.5001706182
        6.0000000000         2.0954915028      -172.3984153470
        6.0050000000         2.0873446707      -164.8054364316
        6.0100000000         2.0795277089      -189.4826179067
        6.0150000000         2.0720468662      -172.3984153470
        6.0200000000         2.0649081227      -187.5843731779
        6.0250000000         2.0581171850      -174.2966600759
        6.0300000000         2.0516794816      -178.0931495336
        6.0350000000         2.0456001588      -197.0755968221
        6.0400000000         2.0398840763      -179.9913942624
        6.0450000000         2.0345358034      -202.7703310087
        6.0500000000         2.0295596155      -193.2791073644
        6.0550000000         2.0249594904      -208.4650651953
        6.0600000000         2.0207391055      -204.6685757375
        6.0650000000         2.0169018344      -208.4650651953
        6.0700000000         2.0134507445      -216.0580441107
        6.0750000000         2.0103885947      -221.7527782972
        6.0800000000         2.0077178327      -236.9387361281
        6.0850000000         2.0054405936      -210.3633099241
        6.0900000000         2.0035586977      -229.3457572126
        6.0950000000         2.0020736494      -233.1422466704
        6.1000000000         2.0009866358      -236.9387361281
        6.1050000000         2.0002985258      -244.5317150435
        6.1100000000         2.0000098696      -227.4475124838
        6.1150000000         2.0001208978      -244.5317150435
        6.1200000000         2.0006315217      -250.2264492300
        6.1250000000         2.0015413331      -231.2440019415
        6.1300000000         2.0028496048      -235.0404913992
        6.1350000000         2.0045552909      -244.5317150435
        6.1400000000         2.0066570279      -248.3282045012
        6.1450000000         2.0091531357      -257.8194281455
        6.1500000000         2.0120416190      -255.9211834166
        6.1550000000         2.0153201688      -263.5141623320
        6.1600000000         2.0189861642      -255.9211834166
        6.1650000000         2.0230366747      -263.5141623320
        6.1700000000         2.0274684624      -271.1071412474
        6.1750000000         2.0322779846      -255.9211834166
        6.1800000000         2.0374613966      -278.7001201629
        6.1850000000         2.0430145549      -254.0229386877
        6.1900000000         2.0489330203      -286.2930990783
        6.1950000000         2.0552120618      -261.6159176032
        6.2000000000         2.0618466600      -278.7001201629
        6.2050000000         2.0688315112      -263.5141623320
        6.2100000000         2.0761610320      -263.5141623320
        6.2150000000         2.0838293631      -276.8018754340
        6.2200000000         2.0918303746      -255.9211834166
        6.2250000000         2.1001576708      -297.6825674514
        6.2300000000         2.1088045947      -244.5317150435
        6.2350000000         2.1177642343      -263.5141623320
        6.2400000000         2.1270294273      -273.0053859763
        6.2450000000         2.1365927673      -271.1071412474
        6.2500000000         2.1464466094      -271.1071412474
        6.2550000000         2.1565830767      -286.2930990783
        6.2600000000         2.1669940663      -286.2930990783
        6.2650000000         2.1776712557      -271.1071412474
        6.2700000000         2.1886061098      -252.1246939589
        6.2750000000         2.1997898873      -265.4124070609
        6.2800000000         2.2112136483      -276.8018754340
        6.2850000000         2.2228682606      -255.9211834166
        6.2900000000         2.2347444078      -276.8018754340
        6.2950000000         2.2468325963      -255.9211834166
        6.3000000000         2.2591231629      -267.3106517897
        6.3050000000         2.2716062828      -242.6334703146
        6.3100000000         2.2842719772      -248.3282045012
        6.3150000000         2.2971101212      -246.4299597723
        6.3200000000         2.3101104522      -246.4299597723
        6.3250000000         2.3232625781      -267.3106517897
        6.3300000000         2.3365559852      -236.9387361281
        6.3350000000         2.3499800469      -236.9387361281
        6.3400000000         2.3635240322      -233.1422466704
        6.3450000000         2.3771771144      -223.6510230261
        6.3500000000         2.3909283793      -248.3282045012
        6.3550000000         2.4047668344      -206.5668204664
        6.3600000000         2.4186814174      -250.2264492300
        6.3650000000         2.4326610053      -233.1422466704
        6.3700000000         2.4466944229      -212.2615546530
        6.3750000000         2.4607704521      -225.5492677549
        6.3800000000         2.4748778409      -198.9738415510
        6.3850000000         2.4890053120      -219.8545335684
        6.3900000000         2.5031415720      -191.3808626356
        6.3950000000         2.5172753207      -191.3808626356
        6.4000000000         2.5313952598      -162.9071917028
        6.4050000000         2.5454901020      -128.7387865834
        6.4100000000         2.5595485800      -111.6545840237
        6.4150000000         2.5735594559       -37.6230395984
        6.4200000000         2.5875115295       -14.8441028521
        6.4250000000         2.6013936477        15.5278128095
        6.4300000000         2.6151947133         2.2400997075
        6.4350000000         2.6289036941        -3.4546344790
        6.4400000000         2.6425096312        -3.4546344790
        6.4450000000         2.6560016483         0.3418549787
        6.4500000000         2.6693689601         0.3418549787
        6.4550000000         2.6826008809         0.3418549787
        6.4600000000         2.6956868334        72.4751546751
        6.4650000000         2.7086163568        68.6786652174
        6.4700000000         2.7213791155        66.7804204886
        6.4750000000         2.7339649071        68.6786652174
        6.4800000000         2.7463636708        72.4751546751
        6.4850000000         2.7585654951        70.5769099463
        6.4900000000         2.7705606261        70.5769099463
        6.4950000000         2.7823394750        97.1523361502
        6.5000000000         2.7938926261        80.0681335906
        6.5050000000         2.8052108440        91.4576019637
        6.5100000000         2.8162850810        99.0505808791
        6.5150000000         2.8271064845        89.5593572348
        6.5200000000         2.8376664041       112.3382939811
        6.5250000000         2.8479563983       112.3382939811
        6.5300000000         2.8579682415       102.8470703368
        6.5350000000         2.8676939304       123.7277623542
        6.5400000000         2.8771256904       116.1347834388
        6.5450000000         2.8862559818       127.5242518119
        6.5500000000         2.8950775062       121.8295176253
        6.5550000000         2.9035832116       127.5242518119
        6.5600000000         2.9117662988       125.6260070830
        6.5650000000         2.9196202263       135.1172307273
        6.5700000000         2.9271387158       127.5242518119
        6.5750000000         2.9343157572       142.7102096427
        6.5800000000         2.9411456132       142.7102096427
        6.5850000000         2.9476228242       146.5066991004
        6.5900000000         2.9537422123       142.7102096427
        6.5950000000         2.9594988858       163.5909016601
        6.6000000000         2.9648882429       152.2014332870
        6.6050000000         2.9699059755       167.3873911178
        6.6100000000         2.9745480725       173.0821253044
        6.6150000000         2.9788108230       159.7944122024
        6.6200000000         2.9826908194       184.4715936775
        6.6250000000         2.9861849602       157.8961674736
        6.6300000000         2.9892904522       192.0645725929
        6.6350000000         2.9920048128       174.9803700332
        6.6400000000         2.9943258724       180.6751042198
        6.6450000000         2.9962517754       176.8786147621
        6.6500000000         2.9977809823       171.1838805755
        6.6550000000         2.9989122707       184.4715936775
        6.6600000000         2.9996447363       193.9628173218
        6.6650000000         2.9999777936       192.0645725929
        6.6700000000         2.9999111762       192.0645725929
        6.6750000000         2.9994449375       201.5557962372
        6.6800000000         2.9985794501       186.3698384064
        6.6850000000         2.9973154060       197.7593067795
        6.6900000000         2.9956538155       186.3698384064
        6.6950000000         2.9935960070       207.2505304238
        6.7000000000         2.9911436254       199.6575515084
        6.7050000000         2.9882986310       209.1487751526
        6.7100000000         2.9850632982       209.1487751526
        6.7150000000         2.9814402133       201.5557962372
        6.7200000000         2.9774322724       209.1487751526
        6.7250000000         2.9730426794       207.2505304238
        6.7300000000         2.9682749434       222.4364882546
        6.7350000000         2.9631328755       220.5382435257
        6.7400000000         2.9576205863       220.5382435257
        6.7450000000         2.9517424822       207.2505304238
        6.7500000000         2.9455032621       220.5382435257
        6.7550000000         2.9389079135       218.6399987969
        6.7600000000         2.9319617086       209.1487751526
        6.7650000000         2.9246702001       222.4364882546
        6.7700000000         2.9170392168       218.6399987969
        6.7750000000         2.9090748587       209.1487751526
        6.7800000000         2.9007834924       224.3347329835
        6.7850000000         2.8921717460       212.9452646103
        6.7900000000         2.8832465034       220.5382435257
        6.7950000000         2.8740148995       205.3522856949
        6.8000000000         2.8644843137       214.8435093392
        6.8050000000         2.8546623648       209.1487751526
        6.8100000000         2.8445569042       211.0470198815
        6.8150000000         2.8341760101       203.4540409661
        6.8200000000         2.8235279808       212.9452646103
        6.8250000000         2.8126213282       209.1487751526
        6.8300000000         2.8014647708       209.1487751526
        6.8350000000         2.7900672272       218.6399987969
        6.8400000000         2.7784378082       197.7593067795
        6.8450000000         2.7665858104       209.1487751526
        6.8500000000         2.7545207079       188.2680831352
        6.8550000000         2.7422521454       195.8610620506
        6.8600000000         2.7297899303       184.4715936775
        6.8650000000         2.7171440246       190.1663278641
        6.8700000000         2.7043245374       188.2680831352
        6.8750000000         2.6913417162       180.6751042198
        6.8800000000         2.6782059394       173.0821253044
        6.8850000000         2.6649277074       161.6926569313
        6.8900000000         2.6515176348       167.3873911178
        6.8950000000         2.6379864413       157.8961674736
        6.9000000000         2.6243449436       152.2014332870
        6.9050000000         2.6106040464       161.6926569313
        6.9100000000         2.5967747340       137.0154754562
        6.9150000000         2.5828680614       152.2014332870
        6.9200000000         2.5688951453       142.7102096427
        6.9250000000         2.5548671555       133.2189859985
        6.9300000000         2.5407953058       138.9137201850
        6.9350000000         2.5266908449       116.1347834388
        6.9400000000         2.5125650477       121.8295176253
        6.9450000000         2.4984292063       116.1347834388
        6.9500000000         2.4842946205       116.1347834388
        6.9550000000         2.4701725893        89.5593572348
        6.9600000000         2.4560744017        42.1032390135
        6.9650000000         2.4420113276        -1.5563897502
        6.9700000000         2.4279946087       -12.9458581233
        6.9750000000         2.4140354499         2.2400997075
        6.9800000000         2.4001450097         0.3418549787
        6.9850000000         2.3863343922         6.0365891652
        6.9900000000         2.3726146372         2.2400997075
        6.9950000000         2.3589967120        -1.5563897502
        7.0000000000         2.3454915028       -41.4195290561
        7.0050000000         2.3321098053      -142.0264996854
        7.0100000000         2.3188623166       -67.9949552601
        7.0150000000         2.3057596267      -111.6545840237
        7.0200000000         2.2928122095       -86.9774025486
        7.0250000000         2.2800304151      -111.6545840237
        7.0300000000         2.2674244610      -102.1633603794
        7.0350000000         2.2550044242      -132.5352760411
        7.0400000000         2.2427802331      -117.3493182103
        7.0450000000         2.2307616596      -109.7563392948
        7.0500000000         2.2189583111      -121.1458076680
        7.0550000000         2.2073796230      -130.6370313122
        7.0600000000         2.1960348512      -145.8229891431
        7.0650000000         2.1849330644      -142.0264996854
        7.0700000000         2.1740831373      -145.8229891431
        7.0750000000         2.1634937432      -170.5001706182
        7.0800000000         2.1531733471      -153.4159680585
        7.0850000000         2.1431301989      -161.0089469739
        7.0900000000         2.1333723269      -151.5177233296
        7.0950000000         2.1239075315      -172.3984153470
        7.1000000000         2.1147433786      -164.8054364316
        7.1050000000         2.1058871940      -172.3984153470
        7.1100000000         2.0973460571      -164.8054364316
        7.1150000000         2.0891267957      -176.1949048047
        7.1200000000         2.0812359800      -178.0931495336
        7.1250000000         2.0736799178      -187.5843731779
        7.1300000000         2.0664646494      -181.8896389913
        7.1350000000         2.0595959425      -204.6685757375
        7.1400000000         2.0530792879      -189.4826179067
        7.1450000000         2.0469198949      -187.5843731779
        7.1500000000         2.0411226872      -212.2615546530
        7.1550000000         2.0356922989      -197.0755968221
        7.1600000000         2.0306330712      -206.5668204664
        7.1650000000         2.0259490482      -208.4650651953
        7.1700000000         2.0216439742      -206.5668204664
        7.1750000000         2.0177212908      -212.2615546530
        7.1800000000         2.0141841335      -233.1422466704
        7.1850000000         2.0110353301      -204.6685757375
        7.1900000000         2.0082773975      -233.1422466704
        7.1950000000         2.0059125404      -219.8545335684
        7.2000000000         2.0039426493      -216.0580441107
        7.2050000000         2.0023692989      -240.7352255858
        7.2100000000         2.0011937468      -216.0580441107
        7.2150000000         2.0004169328      -227.4475124838
        7.2200000000         2.0000394779      -254.0229386877
        7.2250000000         2.0000616838      -225.5492677549
        7.2300000000         2.0004835327      -250.2264492300
        7.2350000000         2.0013046874      -235.0404913992
        7.2400000000         2.0025244915      -254.0229386877
        7.2450000000         2.0041419699      -255.9211834166
        7.2500000000         2.0061558297      -244.5317150435
        7.2550000000         2.0085644609      -274.9036307051
        7.2600000000         2.0113659382      -236.9387361281
        7.2650000000         2.0145580221      -271.1071412474
        7.2700000000         2.0181381609      -248.3282045012
        7.2750000000         2.0221034926      -255.9211834166
        7.2800000000         2.0264508475      -271.1071412474
        7.2850000000         2.0311767504      -244.5317150435
        7.2900000000         2.0362774233      -267.3106517897
        7.2950000000         2.0417487890      -255.9211834166
        7.3000000000         2.0475864738      -274.9036307051
        7.3050000000         2.0537858109      -255.9211834166
        7.3100000000         2.0603418449      -263.5141623320
        7.3150000000         2.0672493349      -273.0053859763
        7.3200000000         2.0745027591      -267.3106517897
        7.3250000000         2.0820963193      -286.2930990783
        7.3300000000         2.0900239453      -259.7176728743
        7.3350000000         2.0982792999      -276.8018754340
        7.3400000000         2.1068557839      -259.7176728743
        7.3450000000         2.1157465414      -271.1071412474
        7.3500000000         2.1249444652      -267.3106517897
        7.3550000000         2.1344422026      -278.7001201629
        7.3600000000         2.1442321614      -305.2755463668
        7.3650000000         2.1543065155      -252.1246939589
        7.3700000000         2.1646572117      -265.4124070609
        7.3750000000         2.1752759758      -274.9036307051
        7.3800000000         2.1861543194      -271.1071412474
        7.3850000000         2.1972835463      -259.7176728743
        7.3900000000         2.2086547602      -265.4124070609
        7.3950000000         2.2202588709      -240.7352255858
        7.4000000000         2.2320866025      -263.5141623320
        7.4050000000         2.2441284999      -246.4299597723
        7.4100000000         2.2563749371      -235.0404913992
        7.4150000000         2.2688161245      -248.3282045012
        7.4200000000         2.2814421167      -229.3457572126
        7.4250000000         2.2942428207      -254.0229386877
        7.4300000000         2.3072080039      -225.5492677549
        7.4350000000         2.3203273020      -238.8369808569
        7.4400000000         2.3335902277      -227.4475124838
        7.4450000000         2.3469861789      -216.0580441107
        7.4500000000         2.3605044470      -235.0404913992
        7.4550000000         2.3741342257      -214.1597993818
        7.4600000000         2.3878646195      -217.9562888395
        7.4650000000         2.4016846527      -233.1422466704
        7.4700000000         2.4155832776      -200.8720862798
        7.4750000000         2.4295493840      -214.1597993818
        7.4800000000         2.4435718076      -193.2791073644
        7.4850000000         2.4576393389      -195.1773520933
        7.4900000000         2.4717407328      -206.5668204664
        7.4950000000         2.4858647166      -195.1773520933
        7.5000000000         2.5000000000      -185.6861284490
        7.5050000000         2.5141352834      -179.9913942624
        7.5100000000         2.5282592672      -157.2124575162
        7.5150000000         2.5423606611      -104.0616051083
        7.5200000000         2.5564281924       -66.0967105312
        7.5250000000         2.5704506160       -24.3353264964
        7.5300000000         2.5844167224        11.7313233518
        7.5350000000         2.5983153473         2.2400997075
        7.5400000000         2.6121353805        -7.2511239367
        7.5450000000         2.6258657743        -7.2511239367
        7.5500000000         2.6394955530         0.3418549787
        7.5550000000         2.6530138211         0.3418549787
        7.5600000000         2.6664097723         0.3418549787
        7.5650000000         2.6796726980        -3.4546344790
        7.5700000000         2.6927919961         0.3418549787
        7.5750000000         2.7057571793        66.7804204886
        7.5800000000         2.7185578833        72.4751546751
        7.5850000000         2.7311838755        74.3733994040
        7.5900000000         2.7436250629        85.7628677771
        7.5950000000         2.7558715001        72.4751546751
        7.6000000000         2.7679133975        89.5593572348
        7.6050000000         2.7797411291        91.4576019637
        7.6100000000         2.7913452398        95.2540914214
        7.6150000000         2.8027164537        99.0505808791
        7.6200000000         2.8138456806        93.3558466925
        7.6250000000         2.8247240242        95.2540914214
        7.6300000000         2.8353427883        99.0505808791
        7.6350000000         2.8456934845       108.5418045234
        7.6400000000         2.8557678386       106.6435597945
        7.6450000000         2.8655577974       114.2365387099
        7.6500000000         2.8750555348       116.1347834388
        7.6550000000         2.8842534586       119.9312728965
        7.6600000000         2.8931442161       133.2189859985
        7.6650000000         2.9017207001       131.3207412696
        7.6700000000         2.9099760547       137.0154754562
        7.6750000000         2.9179036807       129.4224965408
        7.6800000000         2.9254972409       135.1172307273
        7.6850000000         2.9327506651       140.8119649139
        7.6900000000         2.9396581551       142.7102096427
        7.6950000000         2.9462141891       152.2014332870
        7.7000000000         2.9524135262       146.5066991004
        7.7050000000         2.9582512110       167.3873911178
        7.7100000000         2.9637225767       152.2014332870
        7.7150000000         2.9688232496       159.7944122024
        7.7200000000         2.9735491525       161.6926569313
        7.7250000000         2.9778965074       163.5909016601
        7.7300000000         2.9818618391       161.6926569313
        7.7350000000         2.9854419779       165.4891463890
        7.7400000000         2.9886340618       161.6926569313
        7.7450000000         2.9914355391       176.8786147621
        7.7500000000         2.9938441703       171.1838805755
        7.7550000000         2.9958580301       184.4715936775
        7.7600000000         2.9974755085       180.6751042198
        7.7650000000         2.9986953126       182.5733489487
        7.7700000000         2.9995164673       193.9628173218
        7.7750000000         2.9999383162       188.2680831352
        7.7800000000         2.9999605221       192.0645725929
        7.7850000000         2.9995830672       203.4540409661
        7.7900000000         2.9988062532       192.0645725929
        7.7950000000         2.9976307011       207.2505304238
        7.8000000000         2.9960573507       188.2680831352
        7.8050000000         2.9940874596       201.5557962372
        7.8100000000         2.9917226025       209.1487751526
        7.8150000000         2.9889646699       193.9628173218
        7.8200000000         2.9858158665       212.9452646103
        7.8250000000         2.9822787092       201.5557962372
        7.8300000000         2.9783560258       207.2505304238
        7.8350000000         2.9740509518       207.2505304238
        7.8400000000         2.9693669288       205.3522856949
        7.8450000000         2.9643077011       201.5557962372
        7.8500000000         2.9588773128       212.9452646103
        7.8550000000         2.9530801051       209.1487751526
        7.8600000000         2.9469207121       205.3522856949
        7.8650000000         2.9404040575       222.4364882546
        7.8700000000         2.9335353506       203.4540409661
        7.8750000000         2.9263200822       218.6399987969
        7.8800000000         2.9187640200       212.9452646103
        7.8850000000         2.9108732043       209.1487751526
        7.8900000000         2.9026539429       199.6575515084
        7.8950000000         2.8941128060       211.0470198815
        7.9000000000         2.8852566214       195.8610620506
        7.9050000000         2.8760924685       230.0294671700
        7.9100000000         2.8666276731       192.0645725929
        7.9150000000         2.8568698011       214.8435093392
        7.9200000000         2.8468266529       190.1663278641
        7.9250000000         2.8365062568       203.4540409661
        7.9300000000         2.8259168627       199.6575515084
        7.9350000000         2.8150669356       193.9628173218
        7.9400000000         2.8039651488       195.8610620506
        7.9450000000         2.7926203770       192.0645725929
        7.9500000000         2.7810416889       203.4540409661
        7.9550000000         2.7692383404       184.4715936775
        7.9600000000         2.7572197669       199.6575515084
        7.9650000000         2.7449955758       184.4715936775
        7.9700000000         2.7325755390       195.8610620506
        7.9750000000         2.7199695849       182.5733489487
        7.9800000000         2.7071877905       188.2680831352
        7.9850000000         2.6942403733       190.1663278641
        7.9900000000         2.6811376834       173.0821253044
        7.9950000000         2.6678901947       176.8786147621
        8.0000000000         2.6545084972       174.9803700332
        8.0050000000         2.6410032880       173.0821253044
        8.0100000000         2.6273853628       174.9803700332
        8.0150000000         2.6136656078       161.6926569313
        8.0200000000         2.5998549903       161.6926569313
        8.0250000000         2.5859645501       152.2014332870
        8.0300000000         2.5720053913       154.0996780159
        8.0350000000         2.5579886724       155.9979227447
        8.0400000000         2.5439255983       135.1172307273
        8.0450000000         2.5298274107       133.2189859985
        8.0500000000         2.5157053795       131.3207412696
        8.0550000000         2.5015707937       123.7277623542
        8.0600000000         2.4874349523       112.3382939811
        8.0650000000         2.4733091551        91.4576019637
        8.0700000000         2.4592046942        44.0014837423
        8.0750000000         2.4451328445         4.1383444364
        8.0800000000         2.4311048547       -12.9458581233
        8.0850000000         2.4171319386         2.2400997075
        8.0900000000         2.4032252660        -3.4546344790
        8.0950000000         2.3893959536         7.9348338941
        8.1000000000         2.3756550564        -7.2511239367
        8.1050000000         2.3620135587        -7.2511239367
        8.1100000000         2.3484823652       -73.6896894466
        8.1150000000         2.3350722926      -115.4510734814
        8.1200000000         2.3217940606       -62.3002210735
        8.1250000000         2.3086582838      -111.6545840237
        8.1300000000         2.2956754626      -105.9598498371
        8.1350000000         2.2828559754      -104.0616051083
        8.1400000000         2.2702100697      -115.4510734814
        8.1450000000         2.2577478546      -126.8405418545
        8.1500000000         2.2454792921      -142.0264996854
        8.1550000000         2.2334141896      -113.5528287526
        8.1600000000         2.2215621918      -123.0440523968
        8.1650000000         2.2099327728      -134.4335207699
        8.1700000000         2.1985352292      -143.9247444142
        8.1750000000         2.1873786718      -136.3317654988
        8.1800000000         2.1764720192      -134.4335207699
        8.1850000000         2.1658239899      -166.7036811605
        8.1900000000         2.1554430958      -142.0264996854
        8.1950000000         2.1453376352      -164.8054364316
        8.2000000000         2.1355156863      -172.3984153470
        8.2050000000         2.1259851005      -164.8054364316
        8.2100000000         2.1167534966      -166.7036811605
        8.2150000000         2.1078282540      -172.3984153470
        8.2200000000         2.0992165076      -181.8896389913
        8.2250000000         2.0909251413      -187.5843731779
        8.2300000000         2.0829607832      -174.2966600759
        8.2350000000         2.0753297999      -217.9562888395
        8.2400000000         2.0680382914      -185.6861284490
        8.2450000000         2.0610920865      -204.6685757375
        8.2500000000         2.0544967379      -197.0755968221
        8.2550000000         2.0482575178      -178.0931495336
        8.2600000000         2.0423794137      -219.8545335684
        8.2650000000         2.0368671245      -212.2615546530
        8.2700000000         2.0317250566      -235.0404913992
        8.2750000000         2.0269573206      -206.5668204664
        8.2800000000         2.0225677276      -227.4475124838
        8.2850000000         2.0185597867      -231.2440019415
        8.2900000000         2.0149367018      -242.6334703146
        8.2950000000         2.0117013690      -225.5492677549
        8.3000000000         2.0088563746      -227.4475124838
        8.3050000000         2.0064039930      -238.8369808569
        8.3100000000         2.0043461845      -246.4299597723
        8.3150000000         2.0026845940      -250.2264492300
        8.3200000000         2.0014205499      -263.5141623320
        8.3250000000         2.0005550625      -244.5317150435
        8.3300000000         2.0000888238      -263.5141623320
        8.3350000000         2.0000222064      -225.5492677549
        8.3400000000         2.0003552637      -235.0404913992
        8.3450000000         2.0010877293      -263.5141623320
        8.3500000000         2.0022190177      -252.1246939589
        8.3550000000         2.0037482246      -286.2930990783
        8.3600000000         2.0056741276      -236.9387361281
        8.3650000000         2.0079951872      -273.0053859763
        8.3700000000         2.0107095478      -257.8194281455
        8.3750000000         2.0138150398      -273.0053859763
        8.3800000000         2.0173091806      -259.7176728743
        8.3850000000         2.0211891770      -280.5983648917
        8.3900000000         2.0254519275      -263.5141623320
        8.3950000000         2.0300940245      -273.0053859763
        8.4000000000         2.0351117571      -271.1071412474
        8.4050000000         2.0405011142      -257.8194281455
        8.4100000000         2.0462577877      -271.1071412474
        8.4150000000         2.0523771758      -246.4299597723
        8.4200000000         2.0588543868      -280.5983648917
        8.4250000000         2.0656842428      -252.1246939589
        8.4300000000         2.0728612842      -263.5141623320
        8.4350000000         2.0803797737      -265.4124070609
        8.4400000000         2.0882337012      -263.5141623320
        8.4450000000         2.0964167884      -269.2088965186
        8.4500000000         2.1049224938      -269.2088965186
        8.4550000000         2.1137440182      -265.4124070609
        8.4600000000         2.1228743096      -250.2264492300
        8.4650000000         2.1323060696      -273.0053859763
        8.4700000000         2.1420317585      -248.3282045012
        8.4750000000         2.1520436017      -265.4124070609
        8.4800000000         2.1623335959      -254.0229386877
        8.4850000000         2.1728935155      -257.8194281455
        8.4900000000         2.1837149190      -257.8194281455
        8.4950000000         2.1947891560      -248.3282045012
        8.5000000000         2.2061073739      -265.4124070609
        8.5050000000         2.2176605250      -231.2440019415
        8.5100000000         2.2294393739      -267.3106517897
        8.5150000000         2.2414345049      -236.9387361281
        8.5200000000         2.2536363292      -255.9211834166
        8.5250000000         2.2660350929      -238.8369808569
        8.5300000000         2.2786208845      -242.6334703146
        8.5350000000         2.2913836432      -254.0229386877
        8.5400000000         2.3043131666      -233.1422466704
        8.5450000000         2.3173991191      -246.4299597723
        8.5500000000         2.3306310399      -233.1422466704
        8.5550000000         2.3439983517      -231.2440019415
        8.5600000000         2.3574903688      -240.7352255858
        8.5650000000         2.3710963059      -219.8545335684
        8.5700000000         2.3848052867      -229.3457572126
        8.5750000000         2.3986063523      -225.5492677549
        8.5800000000         2.4124884705      -219.8545335684
        8.5850000000         2.4264405441      -233.1422466704
        8.5900000000         2.4404514200      -206.5668204664
        8.5950000000         2.4545098980      -204.6685757375
        8.6000000000         2.4686047402      -187.5843731779
        8.6050000000         2.4827246793      -189.4826179067
        8.6100000000         2.4968584280      -204.6685757375
        8.6150000000         2.5109946880      -179.9913942624
        8.6200000000         2.5251221591      -157.2124575162
        8.6250000000         2.5392295479      -104.0616051083
        8.6300000000         2.5533055771       -67.9949552601
        8.6350000000         2.5673389947       -22.4370817676
        8.6400000000         2.5813185826        21.2225469961
        8.6450000000         2.5952331656        -1.5563897502
        8.6500000000         2.6090716207         0.3418549787
        8.6550000000         2.6228228856        -5.3528792079
        8.6600000000         2.6364759678        -1.5563897502
        8.6650000000         2.6500199531       -12.9458581233
        8.6700000000         2.6634440148         0.3418549787
        8.6750000000         2.6767374219         0.3418549787
        8.6800000000         2.6898895478         6.0365891652
        8.6850000000         2.7028898788        70.5769099463
        8.6900000000         2.7157280228        80.0681335906
        8.6950000000         2.7283937172        64.8821757597
        8.7000000000         2.7408768371        76.2716441328
        8.7050000000         2.7531674037        66.7804204886
        8.7100000000         2.7652555922        72.4751546751
        8.7150000000         2.7771317394        66.7804204886
        8.7200000000         2.7887863517        95.2540914214
        8.7250000000         2.8002101127        93.3558466925
        8.7300000000         2.8113938902       100.9488256079
        8.7350000000         2.8223287443        70.5769099463
        8.7400000000         2.8330059337       104.7453150657
        8.7450000000         2.8434169233       108.5418045234
        8.7500000000         2.8535533906       110.4400492522
        8.7550000000         2.8634072327       114.2365387099
        8.7600000000         2.8729705727       123.7277623542
        8.7650000000         2.8822357657       118.0330281676
        8.7700000000         2.8911954053       127.5242518119
        8.7750000000         2.8998423292       131.3207412696
        8.7800000000         2.9081696254       131.3207412696
        8.7850000000         2.9161706369       144.6084543716
        8.7900000000         2.9238389680       137.0154754562
        8.7950000000         2.9311684888       148.4049438293
        8.8000000000         2.9381533400       137.0154754562
        8.8050000000         2.9447879382       159.7944122024
        8.8100000000         2.9510669797       146.5066991004
        8.8150000000         2.9569854451       154.0996780159
        8.8200000000         2.9625386034       159.7944122024
        8.8250000000         2.9677220154       161.6926569313
        8.8300000000         2.9725315376       161.6926569313
        8.8350000000         2.9769633253       154.0996780159
        8.8400000000         2.9810138358       167.3873911178
        8.8450000000         2.9846798312       163.5909016601
        8.8500000000         2.9879583810       169.2856358467
        8.8550000000         2.9908468643       190.1663278641
        8.8600000000         2.9933429721       184.4715936775
        8.8650000000         2.9954447091       171.1838805755
        8.8700000000         2.9971503952       180.6751042198
        8.8750000000         2.9984586669       182.5733489487
        8.8800000000         2.9993684783       184.4715936775
        8.8850000000         2.9998791022       174.9803700332
        8.8900000000         2.9999901304       199.6575515084
        8.8950000000         2.9997014742       188.2680831352
        8.9000000000         2.9990133642       190.1663278641
        8.9050000000         2.9979263506       205.3522856949
        8.9100000000         2.9964413023       192.0645725929
        8.9150000000         2.9945594064       203.4540409661
        8.9200000000         2.9922821673       207.2505304238
        8.9250000000         2.9896114053       209.1487751526
        8.9300000000         2.9865492555       201.5557962372
        8.9350000000         2.9830981656       203.4540409661
        8.9400000000         2.9792608945       207.2505304238
        8.9450000000         2.9750405096       197.7593067795
        8.9500000000         2.9704403845       224.3347329835
        8.9550000000         2.9654641966       207.2505304238
        8.9600000000         2.9601159237       222.4364882546
        8.9650000000         2.9543998412       211.0470198815
        8.9700000000         2.9483205184       205.3522856949
        8.9750000000         2.9418828150       212.9452646103
        8.9800000000         2.9350918773       216.7417540680
        8.9850000000         2.9279531338       218.6399987969
        8.9900000000         2.9204722911       211.0470198815
        8.9950000000         2.9126553293       216.7417540680
        9.0000000000         2.9045084972       214.8435093392
        9.0050000000         2.8960383071       203.4540409661
        9.0100000000         2.8872515301       211.0470198815
        9.0150000000         2.8781551901       216.7417540680
        9.0200000000         2.8687565587       207.2505304238
        9.0250000000         2.8590631489       222.4364882546
        9.0300000000         2.8490827095       207.2505304238
        9.0350000000         2.8388232187       212.9452646103
        9.0400000000         2.8282928779       197.7593067795
        9.0450000000         2.8175001047       216.7417540680
        9.0500000000         2.8064535268       209.1487751526
        9.0550000000         2.7951619747       199.6575515084
        9.0600000000         2.7836344746       192.0645725929
        9.0650000000         2.7718802414       203.4540409661
        9.0700000000         2.7599086713       203.4540409661
        9.0750000000         2.7477293342       188.2680831352
        9.0800000000         2.7353519661       203.4540409661
        9.0850000000         2.7227864612       190.1663278641
        9.0900000000         2.7100428642       180.6751042198
        9.0950000000         2.6971313622       173.0821253044
        9.1000000000         2.6840622763       176.8786147621
        9.1050000000         2.6708460539       180.6751042198
        9.1100000000         2.6574932598       165.4891463890
        9.1150000000         2.6440145680       174.9803700332
        9.1200000000         2.6304207531       157.8961674736
        9.1250000000         2.6167226819       152.2014332870
        9.1300000000         2.6029313044       165.4891463890
        9.1350000000         2.5890576451       150.3031885581
        9.1400000000         2.5751127946       159.7944122024
        9.1450000000         2.5611079000       142.7102096427
        9.1500000000         2.5470541567       154.0996780159
        9.1550000000         2.5329627990       129.4224965408
        9.1600000000         2.5188450913       138.9137201850
        9.1650000000         2.5047123192       116.1347834388
        9.1700000000         2.4905757801       112.3382939811
        9.1750000000         2.4764467746       108.5418045234
        9.1800000000         2.4623365972        83.8646230483
        9.1850000000         2.4482565274        36.4085048269
        9.1900000000         2.4342178205        -9.1493686656
        9.1950000000         2.4202316988       -20.5388370387
        9.2000000000         2.4063093427         2.2400997075
        9.2050000000         2.3924618815         6.0365891652
        9.2100000000         2.3787003846         6.0365891652
        9.2150000000         2.3650358528       -12.9458581233
        9.2200000000         2.3514792092       -12.9458581233
        9.2250000000         2.3380412909      -109.7563392948
        9.2300000000         2.3247328399       -98.3668709217
        9.2350000000         2.3115644948       -77.4861789043
        9.2400000000         2.2985467821      -102.1633603794
        9.2450000000         2.2856901081      -104.0616051083
        9.2500000000         2.2730047501      -102.1633603794
        9.2550000000         2.2605008487      -111.6545840237
        9.2600000000         2.2481883992      -124.9422971257
        9.2650000000         2.2360772440      -128.7387865834
        9.2700000000         2.2241770647      -126.8405418545
        9.2750000000         2.2124973740      -128.7387865834
        9.2800000000         2.2010475085      -140.1282549565
        9.2850000000         2.1898366210      -145.8229891431
        9.2900000000         2.1788736734      -142.0264996854
        9.2950000000         2.1681674293      -142.0264996854
        9.3000000000         2.1577264470      -151.5177233296
        9.3050000000         2.1475590730      -162.9071917028
        9.3100000000         2.1376734349      -147.7212338719
        9.3150000000         2.1280774351      -162.9071917028
        9.3200000000         2.1187787445      -174.2966600759
        9.3250000000         2.1097847963      -161.0089469739
        9.3300000000         2.1011027802      -185.6861284490
        9.3350000000         2.0927396365      -183.7878837202
        9.3400000000         2.0847020504      -178.0931495336
        9.3450000000         2.0769964472      -187.5843731779
        9.3500000000         2.0696289865      -185.6861284490
        9.3550000000         2.0626055578      -181.8896389913
        9.3600000000         2.0559317756      -191.3808626356
        9.3650000000         2.0496129747      -206.5668204664
        9.3700000000         2.0436542063      -206.5668204664
        9.3750000000         2.0380602337      -187.5843731779
        9.3800000000         2.0328355288      -225.5492677549
        9.3850000000         2.0279842679      -191.3808626356
        9.3900000000         2.0235103292      -217.9562888395
        9.3950000000         2.0194172891      -223.6510230261
        9.4000000000         2.0157084194      -214.1597993818
        9.4050000000         2.0123866850      -216.0580441107
        9.4100000000         2.0094547413      -212.2615546530
        9.4150000000         2.0069149319      -223.6510230261
        9.4200000000         2.0047692872      -227.4475124838
        9.4250000000         2.0030195223      -229.3457572126
        9.4300000000         2.0016670360      -221.7527782972
        9.4350000000         2.0007129094      -229.3457572126
        9.4400000000         2.0001579054      -217.9562888395
        9.4450000000         2.0000024674      -246.4299597723
        9.4500000000         2.0002467198      -233.1422466704
        9.4550000000         2.0008904674      -231.2440019415
        9.4600000000         2.0019331954      -250.2264492300
        9.4650000000         2.0033740705      -240.7352255858
        9.4700000000         2.0052119407      -250.2264492300
        9.4750000000         2.0074453369      -250.2264492300
        9.4800000000         2.0100724738      -242.6334703146
        9.4850000000         2.0130912513      -263.5141623320
        9.4900000000         2.0164992561      -238.8369808569
        9.4950000000         2.0202937641      -252.1246939589
        9.5000000000         2.0244717419      -252.1246939589
        9.5050000000         2.0290298496      -246.4299597723
        9.5100000000         2.0339644438      -269.2088965186
        9.5150000000         2.0392715796      -238.8369808569
        9.5200000000         2.0449470147      -276.8018754340
        9.5250000000         2.0509862121      -244.5317150435
        9.5300000000         2.0573843443      -257.8194281455
        9.5350000000         2.0641362967      -271.1071412474
        9.5400000000         2.0712366719      -240.7352255858
        9.5450000000         2.0786797939      -259.7176728743
        9.5500000000         2.0864597129      -250.2264492300
        9.5550000000         2.0945702096      -278.7001201629
        9.5600000000         2.1030048007      -246.4299597723
        9.5650000000         2.1117567437      -263.5141623320
        9.5700000000         2.1208190424      -255.9211834166
        9.5750000000         2.1301844525      -257.8194281455
        9.5800000000         2.1398454876      -267.3106517897
        9.5850000000         2.1497944246      -242.6334703146
        9.5900000000         2.1600233106      -265.4124070609
        9.5950000000         2.1705239688      -255.9211834166
        9.6000000000         2.1812880051      -252.1246939589
        9.6050000000         2.1923068149      -255.9211834166
        9.6100000000         2.2035715899      -236.9387361281
        9.6150000000         2.2150733253      -263.5141623320
        9.6200000000         2.2268028266      -227.4475124838
        9.6250000000         2.2387507176      -255.9211834166
        9.6300000000         2.2509074473      -221.7527782972
        9.6350000000         2.2632632978      -255.9211834166
        9.6400000000         2.2758083920      -227.4475124838
        9.6450000000         2.2885327015      -229.3457572126
        9.6500000000         2.3014260547      -235.0404913992
        9.6550000000         2.3144781449      -208.4650651953
        9.6600000000         2.3276785384      -229.3457572126
        9.6650000000         2.3410166831      -221.7527782972
        9.6700000000         2.3544819166      -202.7703310087
        9.6750000000         2.3680634750      -227.4475124838
        9.6800000000         2.3817505015      -208.4650651953
        9.6850000000         2.3955320548      -208.4650651953
        9.6900000000         2.4093971182      -216.0580441107
        9.6950000000         2.4233346081      -198.9738415510
        9.7000000000         2.4373333832      -204.6685757375
        9.7050000000         2.4513822530      -204.6685757375
        9.7100000000         2.4654699871      -195.1773520933
        9.7150000000         2.4795853240      -181.8896389913
        9.7200000000         2.4937169801      -195.1773520933
        9.7250000000         2.5078536587      -176.1949048047
        9.7300000000         2.5219840592      -153.4159680585
        9.7350000000         2.5360968859      -142.0264996854
        9.7400000000         2.5501808574       -83.1809130909
        9.7450000000         2.5642247151       -37.6230395984
        9.7500000000         2.5782172325       -12.9458581233
        9.7550000000         2.5921472243         9.8330786230
        9.7600000000         2.6060035550         2.2400997075
        9.7650000000         2.6197751480        -3.4546344790
        9.7700000000         2.6334509947        -7.2511239367
        9.7750000000         2.6470201626         0.3418549787
        9.7800000000         2.6604718049       -22.4370817676
        9.7850000000         2.6737951685         0.3418549787
        9.7900000000         2.6869796029         0.3418549787
        9.7950000000         2.7000145686        17.4260575384
        9.8000000000         2.7128896458       100.9488256079
        9.8050000000         2.7255945422        53.4927073866
        9.8100000000         2.7381191018        83.8646230483
        9.8150000000         2.7504533127        64.8821757597
        9.8200000000         2.7625873150        93.3558466925
        9.8250000000         2.7745114090        78.1698888617
        9.8300000000         2.7862160628        93.3558466925
        9.8350000000         2.7976919199       104.7453150657
        9.8400000000         2.8089298065        99.0505808791
        9.8450000000         2.8199207395       106.6435597945
        9.8500000000         2.8306559327       106.6435597945
        9.8550000000         2.8411268046       110.4400492522
        9.8600000000         2.8513249849       108.5418045234
        9.8650000000         2.8612423214       116.1347834388
        9.8700000000         2.8708708864       121.8295176253
        9.8750000000         2.8802029828       137.0154754562
        9.8800000000         2.8892311508       129.4224965408
        9.8850000000         2.8979481733       131.3207412696
        9.8900000000         2.9063470822       131.3207412696
        9.8950000000         2.9144211635       137.0154754562
        9.9000000000         2.9221639628       152.2014332870
        9.9050000000         2.9295692906       157.8961674736
        9.9100000000         2.9366312274       150.3031885581
        9.9150000000         2.9433441279       154.0996780159
        9.9200000000         2.9497026258       159.7944122024
        9.9250000000         2.9557016383       161.6926569313
        9.9300000000         2.9613363699       154.0996780159
        9.9350000000         2.9666023163       171.1838805755
        9.9400000000         2.9714952679       167.3873911178
        9.9450000000         2.9760113135       161.6926569313
        9.9500000000         2.9801468428       188.2680831352
        9.9550000000         2.9838985502       184.4715936775
        9.9600000000         2.9872634364       178.7768594910
        9.9650000000         2.9902388117       173.0821253044
        9.9700000000         2.9928222976       192.0645725929
        9.9750000000         2.9950118289       192.0645725929
        9.9800000000         2.9968056553       178.7768594910
        9.9850000000         2.9982023428       197.7593067795
        9.9900000000         2.9992007751       188.2680831352
        9.9950000000         2.9998001538       184.4715936775
       10.0000000000         3.0000000000       205.3522856949
       10.0050000000         2.9998001538       193.9628173218
       10.0100000000         2.9992007751       207.2505304238
       10.0150000000         2.9982023428       207.2505304238
       10.0200000000         2.9968056553       201.5557962372
       10.0250000000         2.9950118289       220.5382435257
       10.0300000000         2.9928222976       211.0470198815
       10.0350000000         2.9902388117       212.9452646103
       10.0400000000         2.9872634364       207.2505304238
       10.0450000000         2.9838985502       222.4364882546
       10.0500000000         2.9801468428       205.3522856949
       10.0550000000         2.9760113135       228.1312224412
       10.0600000000         2.9714952679       220.5382435257
       10.0650000000         2.9666023163       209.1487751526
       10.0700000000         2.9613363699       218.6399987969
       10.0750000000         2.9557016383       203.4540409661
       10.0800000000         2.9497026258       218.6399987969
       10.0850000000         2.9433441279       222.4364882546
       10.0900000000         2.9366312274       203.4540409661
       10.0950000000         2.9295692906       212.9452646103
       10.1000000000         2.9221639628       211.0470198815
       10.1050000000         2.9144211635       207.2505304238
       10.1100000000         2.9063470822       207.2505304238
       10.1150000000         2.8979481733       218.6399987969
       10.1200000000         2.8892311508       199.6575515084
       10.1250000000         2.8802029828       207.2505304238
       10.1300000000         2.8708708864       209.1487751526
       10.1350000000         2.8612423214       207.2505304238
       10.1400000000         2.8513249849       222.4364882546
       10.1450000000         2.8411268046       195.8610620506
       10.1500000000         2.8306559327       207.2505304238
       10.1550000000         2.8199207395       207.2505304238
       10.1600000000         2.8089298065       203.4540409661
       10.1650000000         2.7976919199       195.8610620506
       10.1700000000         2.7862160628       207.2505304238
       10.1750000000         2.7745114090       188.2680831352
       10.1800000000         2.7625873150       197.7593067795
       10.1850000000         2.7504533127       192.0645725929
       10.1900000000         2.7381191018       186.3698384064
       10.1950000000         2.7255945422       188.2680831352
       10.2000000000         2.7128896458       176.8786147621
       10.2050000000         2.7000145686       186.3698384064
       10.2100000000         2.6869796029       171.1838805755
       10.2150000000         2.6737951685       178.7768594910
       10.2200000000         2.6604718049       165.4891463890
       10.2250000000         2.6470201626       169.2856358467
       10.2300000000         2.6334509947       159.7944122024
       10.2350000000         2.6197751480       148.4049438293
       10.2400000000         2.6060035550       165.4891463890
       10.2450000000         2.5921472243       144.6084543716
       10.2500000000         2.5782172325       152.2014332870
       10.2550000000         2.5642247151       154.0996780159
       10.2600000000         2.5501808574       138.9137201850
       10.2650000000         2.5360968859       133.2189859985
       10.2700000000         2.5219840592       135.1172307273
       10.2750000000         2.5078536587       137.0154754562
       10.2800000000         2.4937169801       123.7277623542
       10.2850000000         2.4795853240       112.3382939811
       10.2900000000         2.4654699871        93.3558466925
       10.2950000000         2.4513822530        47.7979732000
       10.3000000000         2.4373333832        -1.5563897502
       10.3050000000         2.4233346081       -11.0476133944
       10.3100000000         2.4093971182         4.1383444364
       10.3150000000         2.3955320548         2.2400997075
       10.3200000000         2.3817505015         4.1383444364
       10.3250000000         2.3680634750         4.1383444364
       10.3300000000         2.3544819166        -1.5563897502
       10.3350000000         2.3410166831       -60.4019763446
       10.3400000000         2.3276785384      -134.4335207699
       10.3450000000         2.3144781449       -67.9949552601
       10.3500000000         2.3014260547       -83.1809130909
       10.3550000000         2.2885327015      -109.7563392948
       10.3600000000         2.2758083920       -98.3668709217
       10.3650000000         2.2632632978      -113.5528287526
       10.3700000000         2.2509074473      -109.7563392948
       10.3750000000         2.2387507176      -130.6370313122
       10.3800000000         2.2268028266      -111.6545840237
       10.3850000000         2.2150733253      -115.4510734814
       10.3900000000         2.2035715899      -126.8405418545
       10.3950000000         2.1923068149      -128.7387865834
       10.4000000000         2.1812880051      -128.7387865834
       10.4050000000         2.1705239688      -124.9422971257
       10.4100000000         2.1600233106      -136.3317654988
       10.4150000000         2.1497944246      -142.0264996854
       10.4200000000         2.1398454876      -162.9071917028
       10.4250000000         2.1301844525      -161.0089469739
       10.4300000000         2.1208190424      -149.6194786008
       10.4350000000         2.1117567437      -151.5177233296
       10.4400000000         2.1030048007      -151.5177233296
       10.4450000000         2.0945702096      -157.2124575162
       10.4500000000         2.0864597129      -162.9071917028
       10.4550000000         2.0786797939      -174.2966600759
       10.4600000000         2.0712366719      -164.8054364316
       10.4650000000         2.0641362967      -195.1773520933
       10.4700000000         2.0573843443      -181.8896389913
       10.4750000000         2.0509862121      -189.4826179067
       10.4800000000         2.0449470147      -187.5843731779
       10.4850000000         2.0392715796      -187.5843731779
       10.4900000000         2.0339644438      -197.0755968221
       10.4950000000         2.0290298496      -189.4826179067
       10.5000000000         2.0244717419      -214.1597993818
       10.5050000000         2.0202937641      -204.6685757375
       10.5100000000         2.0164992561      -210.3633099241
       10.5150000000         2.0130912513      -221.7527782972
       10.5200000000         2.0100724738      -206.5668204664
       10.5250000000         2.0074453369      -221.7527782972
       10.5300000000         2.0052119407      -225.5492677549
       10.5350000000         2.0033740705      -212.2615546530
       10.5400000000         2.0019331954      -223.6510230261
       10.5450000000         2.0008904674      -225.5492677549
       10.5500000000         2.0002467198      -223.6510230261
       10.5550000000         2.0000024674      -238.8369808569
       10.5600000000         2.0001579054      -233.1422466704
       10.5650000000         2.0007129094      -229.3457572126
       10.5700000000         2.0016670360      -236.9387361281
       10.5750000000         2.0030195223      -233.1422466704
       10.5800000000         2.0047692872      -246.4299597723
       10.5850000000         2.0069149319      -242.6334703146
       10.5900000000         2.0094547413      -233.1422466704
       10.5950000000         2.0123866850      -254.0229386877
       10.6000000000         2.0157084194      -242.6334703146
       10.6050000000         2.0194172891      -257.8194281455
       10.6100000000         2.0235103292      -248.3282045012
       10.6150000000         2.0279842679      -240.7352255858
       10.6200000000         2.0328355288      -267.3106517897
       10.6250000000         2.0380602337      -254.0229386877
       10.6300000000         2.0436542063      -261.6159176032
       10.6350000000         2.0496129747      -250.2264492300
       10.6400000000         2.0559317756      -261.6159176032
       10.6450000000         2.0626055578      -255.9211834166
       10.6500000000         2.0696289865      -236.9387361281
       10.6550000000         2.0769964472      -267.3106517897
       10.6600000000         2.0847020504      -233.1422466704
       10.6650000000         2.0927396365      -276.8018754340
       10.6700000000         2.1011027802      -238.8369808569
       10.6750000000         2.1097847963      -252.1246939589
       10.6800000000         2.1187787445      -263.5141623320
       10.6850000000         2.1280774351      -229.3457572126
       10.6900000000         2.1376734349      -244.5317150435
       10.6950000000         2.1475590730      -229.3457572126
       10.7000000000         2.1577264470      -248.3282045012
       10.7050000000         2.1681674293      -252.1246939589
       10.7100000000         2.1788736734      -240.7352255858
       10.7150000000         2.1898366210      -265.4124070609
       10.7200000000         2.2010475085      -225.5492677549
       10.7250000000         2.2124973740      -255.9211834166
       10.7300000000         2.2241770647      -233.1422466704
       10.7350000000         2.2360772440      -238.8369808569
       10.7400000000         2.2481883992      -255.9211834166
       10.7450000000         2.2605008487      -212.2615546530
       10.7500000000         2.2730047501      -242.6334703146
       10.7550000000         2.2856901081      -223.6510230261
       10.7600000000         2.2985467821      -216.0580441107
       10.7650000000         2.3115644948      -231.2440019415
       10.7700000000         2.3247328399      -210.3633099241
       10.7750000000         2.3380412909      -236.9387361281
       10.7800000000         2.3514792092      -210.3633099241
       10.7850000000         2.3650358528      -216.0580441107
       10.7900000000         2.3787003846      -210.3633099241
       10.7950000000         2.3924618815      -187.5843731779
       10.8000000000         2.4063093427      -206.5668204664
       10.8050000000         2.4202316988      -202.7703310087
       10.8100000000         2.4342178205      -200.8720862798
       10.8150000000         2.4482565274      -198.9738415510
       10.8200000000         2.4623365972      -185.6861284490
       10.8250000000         2.4764467746      -185.6861284490
       10.8300000000         2.4905757801      -174.2966600759
       10.8350000000         2.5047123192      -181.8896389913
       10.8400000000         2.5188450913      -157.2124575162
       10.8450000000         2.5329627990      -132.5352760411
       10.8500000000         2.5470541567       -83.1809130909
       10.8550000000         2.5611079000       -39.5212843272
       10.8600000000         2.5751127946         0.3418549787
       10.8650000000         2.5890576451        17.4260575384
       10.8700000000         2.6029313044         6.0365891652
       10.8750000000         2.6167226819        -9.1493686656
       10.8800000000         2.6304207531         2.2400997075
       10.8850000000         2.6440145680        -5.3528792079
       10.8900000000         2.6574932598        -3.4546344790
       10.8950000000         2.6708460539        -3.4546344790
       10.9000000000         2.6840622763         2.2400997075
       10.9050000000         2.6971313622        11.7313233518
       10.9100000000         2.7100428642       108.5418045234
       10.9150000000         2.7227864612        70.5769099463
       10.9200000000         2.7353519661        76.2716441328
       10.9250000000         2.7477293342        74.3733994040
       10.9300000000         2.7599086713        78.1698888617
       10.9350000000         2.7718802414        76.2716441328
       10.9400000000         2.7836344746        81.9663783194
       10.9450000000         2.7951619747       108.5418045234
       10.9500000000         2.8064535268        97.1523361502
       10.9550000000         2.8175001047       100.9488256079
       10.9600000000         2.8282928779        93.3558466925
       10.9650000000         2.8388232187       116.1347834388
       10.9700000000         2.8490827095       119.9312728965
       10.9750000000         2.8590631489       127.5242518119
       10.9800000000         2.8687565587       123.7277623542
       10.9850000000         2.8781551901       121.8295176253
       10.9900000000         2.8872515301       112.3382939811
       10.9950000000         2.8960383071       131.3207412696
       11.0000000000         2.9045084972       142.7102096427
       11.0050000000         2.9126553293       142.7102096427
       11.0100000000         2.9204722911       146.5066991004
       11.0150000000         2.9279531338       140.8119649139
       11.0200000000         2.9350918773       165.4891463890
       11.0250000000         2.9418828150       150.3031885581
       11.0300000000         2.9483205184       152.2014332870
       11.0350000000         2.9543998412       159.7944122024
       11.0400000000         2.9601159237       163.5909016601
       11.0450000000         2.9654641966       163.5909016601
       11.0500000000         2.9704403845       174.9803700332
       11.0550000000         2.9750405096       173.0821253044
       11.0600000000         2.9792608945       184.4715936775
       11.0650000000         2.9830981656       184.4715936775
       11.0700000000         2.9865492555       178.7768594910
       11.0750000000         2.9896114053       203.4540409661
       11.0800000000         2.9922821673       180.6751042198
       11.0850000000         2.9945594064       216.7417540680
       11.0900000000         2.9964413023       188.2680831352
       11.0950000000         2.9979263506       201.5557962372
       11.1000000000         2.9990133642       197.7593067795
       11.1050000000         2.9997014742       192.0645725929
       11.1100000000         2.9999901304       199.6575515084
       11.1150000000         2.9998791022       199.6575515084
       11.1200000000         2.9993684783       207.2505304238
       11.1250000000         2.9984586669       205.3522856949
       11.1300000000         2.9971503952       212.9452646103
       11.1350000000         2.9954447091       212.9452646103
       11.1400000000         2.9933429721       205.3522856949
       11.1450000000         2.9908468643       212.9452646103
       11.1500000000         2.9879583810       216.7417540680
       11.1550000000         2.9846798312       203.4540409661
       11.1600000000         2.9810138358       231.9277118989
       11.1650000000         2.9769633253       214.8435093392
       11.1700000000         2.9725315376       218.6399987969
       11.1750000000         2.9677220154       226.2329777123
       11.1800000000         2.9625386034       218.6399987969
       11.1850000000         2.9569854451       220.5382435257
       11.1900000000         2.9510669797       230.0294671700
       11.1950000000         2.9447879382       214.8435093392
       11.2000000000         2.9381533400       222.4364882546
       11.2050000000         2.9311684888       212.9452646103
       11.2100000000         2.9238389680       211.0470198815
       11.2150000000         2.9161706369       230.0294671700
       11.2200000000         2.9081696254       186.3698384064
       11.2250000000         2.8998423292       216.7417540680
       11.2300000000         2.8911954053       212.9452646103
       11.2350000000         2.8822357657       222.4364882546
       11.2400000000         2.8729705727       211.0470198815
       11.2450000000         2.8634072327       228.1312224412
       11.2500000000         2.8535533906       205.3522856949
       11.2550000000         2.8434169233       230.0294671700
       11.2600000000         2.8330059337       201.5557962372
       11.2650000000         2.8223287443       212.9452646103
       11.2700000000         2.8113938902       209.1487751526
       11.2750000000         2.8002101127       199.6575515084
       11.2800000000         2.7887863517       205.3522856949
       11.2850000000         2.7771317394       209.1487751526
       11.2900000000         2.7652555922       186.3698384064
       11.2950000000         2.7531674037       195.8610620506
       11.3000000000         2.7408768371       193.9628173218
       11.3050000000         2.7283937172       188.2680831352
       11.3100000000         2.7157280228       182.5733489487
       11.3150000000         2.7028898788       186.3698384064
       11.3200000000         2.6898895478       180.6751042198
       11.3250000000         2.6767374219       178.7768594910
       11.3300000000         2.6634440148       173.0821253044
       11.3350000000         2.6500199531       169.2856358467
       11.3400000000         2.6364759678       163.5909016601
       11.3450000000         2.6228228856       167.3873911178
       11.3500000000         2.6090716207       159.7944122024
       11.3550000000         2.5952331656       146.5066991004
       11.3600000000         2.5813185826       154.0996780159
       11.3650000000         2.5673389947       135.1172307273
       11.3700000000         2.5533055771       155.9979227447
       11.3750000000         2.5392295479       135.1172307273
       11.3800000000         2.5251221591       138.9137201850
       11.3850000000         2.5109946880       138.9137201850
       11.3900000000         2.4968584280       135.1172307273
       11.3950000000         2.4827246793       127.5242518119
       11.4000000000         2.4686047402       110.4400492522
       11.4050000000         2.4545098980        59.1874415732
       11.4100000000         2.4404514200        25.0190364538
       11.4150000000         2.4264405441        -9.1493686656
       11.4200000000         2.4124884705         0.3418549787
       11.4250000000         2.3986063523        -5.3528792079
       11.4300000000         2.3848052867         0.3418549787
       11.4350000000         2.3710963059        -5.3528792079
       11.4400000000         2.3574903688         7.9348338941
       11.4450000000         2.3439983517       -98.3668709217
       11.4500000000         2.3306310399      -100.2651156506
       11.4550000000         2.3173991191       -73.6896894466
       11.4600000000         2.3043131666       -98.3668709217
       11.4650000000         2.2913836432       -86.9774025486
       11.4700000000         2.2786208845      -109.7563392948
       11.4750000000         2.2660350929       -92.6721367352
       11.4800000000         2.2536363292      -138.2300102277
       11.4850000000         2.2414345049      -113.5528287526
       11.4900000000         2.2294393739      -111.6545840237
       11.4950000000         2.2176605250      -113.5528287526
       11.5000000000         2.2061073739      -124.9422971257
       11.5050000000         2.1947891560      -140.1282549565
       11.5100000000         2.1837149190      -115.4510734814
       11.5150000000         2.1728935155      -138.2300102277
       11.5200000000         2.1623335959      -136.3317654988
       11.5250000000         2.1520436017      -140.1282549565
       11.5300000000         2.1420317585      -145.8229891431
       11.5350000000         2.1323060696      -164.8054364316
       11.5400000000         2.1228743096      -161.0089469739
       11.5450000000         2.1137440182      -161.0089469739
       11.5500000000         2.1049224938      -159.1107022450
       11.5550000000         2.0964167884      -159.1107022450
       11.5600000000         2.0882337012      -174.2966600759
       11.5650000000         2.0803797737      -172.3984153470
       11.5700000000         2.0728612842      -170.5001706182
       11.5750000000         2.0656842428      -179.9913942624
       11.5800000000         2.0588543868      -170.5001706182
       11.5850000000         2.0523771758      -181.8896389913
       11.5900000000         2.0462577877      -191.3808626356
       11.5950000000         2.0405011142      -195.1773520933
       11.6000000000         2.0351117571      -189.4826179067
       11.6050000000         2.0300940245      -200.8720862798
       11.6100000000         2.0254519275      -204.6685757375
       11.6150000000         2.0211891770      -206.5668204664
       11.6200000000         2.0173091806      -206.5668204664
       11.6250000000         2.0138150398      -225.5492677549
       11.6300000000         2.0107095478      -210.3633099241
       11.6350000000         2.0079951872      -225.5492677549
       11.6400000000         2.0056741276      -208.4650651953
       11.6450000000         2.0037482246      -231.2440019415
       11.6500000000         2.0022190177      -229.3457572126
       11.6550000000         2.0010877293      -240.7352255858
       11.6600000000         2.0003552637      -225.5492677549
       11.6650000000         2.0000222064      -242.6334703146
       11.6700000000         2.0000888238      -219.8545335684
       11.6750000000         2.0005550625      -248.3282045012
       11.6800000000         2.0014205499      -238.8369808569
       11.6850000000         2.0026845940      -227.4475124838
       11.6900000000         2.0043461845      -254.0229386877
       11.6950000000         2.0064039930      -204.6685757375
       11.7000000000         2.0088563746      -273.0053859763
       11.7050000000         2.0117013690      -240.7352255858
       11.7100000000         2.0149367018      -252.1246939589
       11.7150000000         2.0185597867      -255.9211834166
       11.7200000000         2.0225677276      -231.2440019415
       11.7250000000         2.0269573206      -274.9036307051
       11.7300000000         2.0317250566      -254.0229386877
       11.7350000000         2.0368671245      -240.7352255858
       11.7400000000         2.0423794137      -263.5141623320
       11.7450000000         2.0482575178      -271.1071412474
       11.7500000000         2.0544967379      -274.9036307051
       11.7550000000         2.0610920865      -257.8194281455
       11.7600000000         2.0680382914      -261.6159176032
       11.7650000000         2.0753297999      -265.4124070609
       11.7700000000         2.0829607832      -242.6334703146
       11.7750000000         2.0909251413      -282.4966096206
       11.7800000000         2.0992165076      -240.7352255858
       11.7850000000         2.1078282540      -274.9036307051
       11.7900000000         2.1167534966      -257.8194281455
       11.7950000000         2.1259851005      -254.0229386877
       11.8000000000         2.1355156863      -265.4124070609
       11.8050000000         2.1453376352      -248.3282045012
       11.8100000000         2.1554430958      -280.5983648917
       11.8150000000         2.1658239899      -248.3282045012
       11.8200000000         2.1764720192      -242.6334703146
       11.8250000000         2.1873786718      -248.3282045012
       11.8300000000         2.1985352292      -263.5141623320
       11.8350000000         2.2099327728      -248.3282045012
       11.8400000000         2.2215621918      -255.9211834166
       11.8450000000         2.2334141896      -240.7352255858
       11.8500000000         2.2454792921      -244.5317150435
       11.8550000000         2.2577478546      -255.9211834166
       11.8600000000         2.2702100697      -238.8369808569
       11.8650000000         2.2828559754      -246.4299597723
       11.8700000000         2.2956754626      -233.1422466704
       11.8750000000         2.3086582838      -240.7352255858
       11.8800000000         2.3217940606      -231.2440019415
       11.8850000000         2.3350722926      -223.6510230261
       11.8900000000         2.3484823652      -212.2615546530
       11.8950000000         2.3620135587      -219.8545335684
       11.9000000000         2.3756550564      -219.8545335684
       11.9050000000         2.3893959536      -227.4475124838
       11.9100000000         2.4032252660      -212.2615546530
       11.9150000000         2.4171319386      -202.7703310087
       11.9200000000         2.4311048547      -206.5668204664
       11.9250000000         2.4451328445      -210.3633099241
       11.9300000000         2.4592046942      -208.4650651953
       11.9350000000         2.4733091551      -197.0755968221
       11.9400000000         2.4874349523      -200.8720862798
       11.9450000000         2.5015707937      -193.2791073644
       11.9500000000         2.5157053795      -181.8896389913
       11.9550000000         2.5298274107      -157.2124575162
       11.9600000000         2.5439255983      -123.0440523968
       11.9650000000         2.5579886724       -85.0791578197
       11.9700000000         2.5720053913       -52.8089974292
       11.9750000000         2.5859645501       -22.4370817676
       11.9800000000         2.5998549903        11.7313233518
       11.9850000000         2.6136656078         6.0365891652
       11.9900000000         2.6273853628         2.2400997075
       11.9950000000         2.6410032880        -9.1493686656
       12.0000000000         2.6545084972        -7.2511239367
       12.0050000000         2.6678901947         7.9348338941
       12.0100000000         2.6811376834         2.2400997075
       12.0150000000         2.6942403733        57.2891968443
       12.0200000000         2.7071877905        72.4751546751
       12.0250000000         2.7199695849        62.9839310309
       12.0300000000         2.7325755390        80.0681335906
       12.0350000000         2.7449955758        66.7804204886
       12.0400000000         2.7572197669        78.1698888617
       12.0450000000         2.7692383404        64.8821757597
       12.0500000000         2.7810416889       102.8470703368
       12.0550000000         2.7926203770        87.6611125060
       12.0600000000         2.8039651488       102.8470703368
       12.0650000000         2.8150669356        99.0505808791
       12.0700000000         2.8259168627        87.6611125060
       12.0750000000         2.8365062568       112.3382939811
       12.0800000000         2.8468266529       108.5418045234
       12.0850000000         2.8568698011       123.7277623542
       12.0900000000         2.8666276731       119.9312728965
       12.0950000000         2.8760924685       119.9312728965
       12.1000000000         2.8852566214       133.2189859985
       12.1050000000         2.8941128060       135.1172307273
       12.1100000000         2.9026539429       146.5066991004
       12.1150000000         2.9108732043       142.7102096427
       12.1200000000         2.9187640200       154.0996780159
       12.1250000000         2.9263200822       148.4049438293
       12.1300000000         2.9335353506       154.0996780159
       12.1350000000         2.9404040575       152.2014332870
       12.1400000000         2.9469207121       154.0996780159
       12.1450000000         2.9530801051       178.7768594910
       12.1500000000         2.9588773128       155.9979227447
       12.1550000000         2.9643077011       182.5733489487
       12.1600000000         2.9693669288       157.8961674736
       12.1650000000         2.9740509518       176.8786147621
       12.1700000000         2.9783560258       169.2856358467
       12.1750000000         2.9822787092       173.0821253044
       12.1800000000         2.9858158665       180.6751042198
       12.1850000000         2.9889646699       176.8786147621
       12.1900000000         2.9917226025       205.3522856949
       12.1950000000         2.9940874596       169.2856358467
       12.2000000000         2.9960573507       192.0645725929
       12.2050000000         2.9976307011       201.5557962372
       12.2100000000         2.9988062532       192.0645725929
       12.2150000000         2.9995830672       197.7593067795
       12.2200000000         2.9999605221       197.7593067795
       12.2250000000         2.9999383162       199.6575515084
       12.2300000000         2.9995164673       207.2505304238
       12.2350000000         2.9986953126       216.7417540680
       12.2400000000         2.9974755085       199.6575515084
       12.2450000000         2.9958580301       207.2505304238
       12.2500000000         2.9938441703       214.8435093392
       12.2550000000         2.9914355391       209.1487751526
       12.2600000000         2.9886340618       230.0294671700
       12.2650000000         2.9854419779       222.4364882546
       12.2700000000         2.9818618391       212.9452646103
       12.2750000000         2.9778965074       226.2329777123
       12.2800000000         2.9735491525       218.6399987969
       12.2850000000         2.9688232496       216.7417540680
       12.2900000000         2.9637225767       224.3347329835
       12.2950000000         2.9582512110       220.5382435257
       12.3000000000         2.9524135262       224.3347329835
       12.3050000000         2.9462141891       224.3347329835
       12.3100000000         2.9396581551       220.5382435257
       12.3150000000         2.9327506651       226.2329777123
       12.3200000000         2.9254972409       222.4364882546
       12.3250000000         2.9179036807       218.6399987969
       12.3300000000         2.9099760547       214.8435093392
       12.3350000000         2.9017207001       220.5382435257
       12.3400000000         2.8931442161       214.8435093392
       12.3450000000         2.8842534586       230.0294671700
       12.3500000000         2.8750555348       212.9452646103
       12.3550000000         2.8655577974       211.0470198815
       12.3600000000         2.8557678386       218.6399987969
       12.3650000000         2.8456934845       193.9628173218
       12.3700000000         2.8353427883       228.1312224412
       12.3750000000         2.8247240242       205.3522856949
       12.3800000000         2.8138456806       197.7593067795
       12.3850000000         2.8027164537       209.1487751526
       12.3900000000         2.7913452398       195.8610620506
       12.3950000000         2.7797411291       199.6575515084
       12.4000000000         2.7679133975       207.2505304238
       12.4050000000         2.7558715001       180.6751042198
       12.4100000000         2.7436250629       180.6751042198
       12.4150000000         2.7311838755       195.8610620506
       12.4200000000         2.7185578833       174.9803700332
       12.4250000000         2.7057571793       186.3698384064
       12.4300000000         2.6927919961       176.8786147621
       12.4350000000         2.6796726980       174.9803700332
       12.4400000000         2.6664097723       173.0821253044
       12.4450000000         2.6530138211       165.4891463890
       12.4500000000         2.6394955530       167.3873911178
       12.4550000000         2.6258657743       150.3031885581
       12.4600000000         2.6121353805       152.2014332870
       12.4650000000         2.5983153473       155.9979227447
       12.4700000000         2.5844167224       148.4049438293
       12.4750000000         2.5704506160       138.9137201850
       12.4800000000         2.5564281924       135.1172307273
       12.4850000000         2.5423606611       131.3207412696
       12.4900000000         2.5282592672       131.3207412696
       12.4950000000         2.5141352834       123.7277623542
       12.5000000000         2.5000000000       125.6260070830
       12.5050000000         2.4858647166       104.7453150657
       12.5100000000         2.4717407328        87.6611125060
       12.5150000000         2.4576393389        28.8155259115
       12.5200000000         2.4435718076       -12.9458581233
       12.5250000000         2.4295493840        -9.1493686656
       12.5300000000         2.4155832776        -3.4546344790
       12.5350000000         2.4016846527        -7.2511239367
       12.5400000000         2.3878646195        -1.5563897502
       12.5450000000         2.3741342257         0.3418549787
       12.5500000000         2.3605044470        -5.3528792079
       12.5550000000         2.3469861789       -22.4370817676
       12.5600000000         2.3335902277      -138.2300102277
       12.5650000000         2.3203273020       -73.6896894466
       12.5700000000         2.3072080039      -115.4510734814
       12.5750000000         2.2942428207       -98.3668709217
       12.5800000000         2.2814421167       -98.3668709217
       12.5850000000         2.2688161245      -100.2651156506
       12.5900000000         2.2563749371      -119.2475629391
       12.5950000000         2.2441284999      -145.8229891431
       12.6000000000         2.2320866025      -109.7563392948
       12.6050000000         2.2202588709      -123.0440523968
       12.6100000000         2.2086547602      -121.1458076680
       12.6150000000         2.1972835463      -140.1282549565
       12.6200000000         2.1861543194      -143.9247444142
       12.6250000000         2.1752759758      -138.2300102277
       12.6300000000         2.1646572117      -145.8229891431
       12.6350000000         2.1543065155      -130.6370313122
       12.6400000000         2.1442321614      -157.2124575162
       12.6450000000         2.1344422026      -157.2124575162
       12.6500000000         2.1249444652      -157.2124575162
       12.6550000000         2.1157465414      -149.6194786008
       12.6600000000         2.1068557839      -164.8054364316
       12.6650000000         2.0982792999      -162.9071917028
       12.6700000000         2.0900239453      -161.0089469739
       12.6750000000         2.0820963193      -178.0931495336
       12.6800000000         2.0745027591      -168.6019258893
       12.6850000000         2.0672493349      -172.3984153470
       12.6900000000         2.0603418449      -174.2966600759
       12.6950000000         2.0537858109      -195.1773520933
       12.7000000000         2.0475864738      -183.7878837202
       12.7050000000         2.0417487890      -189.4826179067
       12.7100000000         2.0362774233      -208.4650651953
       12.7150000000         2.0311767504      -193.2791073644
       12.7200000000         2.0264508475      -208.4650651953
       12.7250000000         2.0221034926      -198.9738415510
       12.7300000000         2.0181381609      -206.5668204664
       12.7350000000         2.0145580221      -200.8720862798
       12.7400000000         2.0113659382      -229.3457572126
       12.7450000000         2.0085644609      -216.0580441107
       12.7500000000         2.0061558297      -216.0580441107
       12.7550000000         2.0041419699      -235.0404913992
       12.7600000000         2.0025244915      -231.2440019415
       12.7650000000         2.0013046874      -238.8369808569
       12.7700000000         2.0004835327      -236.9387361281
       12.7750000000         2.0000616838      -233.1422466704
       12.7800000000         2.0000394779      -252.1246939589
       12.7850000000         2.0004169328      -242.6334703146
       12.7900000000         2.0011937468      -244.5317150435
       12.7950000000         2.0023692989      -259.7176728743
       12.8000000000         2.0039426493      -236.9387361281
       12.8050000000         2.0059125404      -273.0053859763
       12.8100000000         2.0082773975      -248.3282045012
       12.8150000000         2.0110353301      -259.7176728743
       12.8200000000         2.0141841335      -252.1246939589
       12.8250000000         2.0177212908      -255.9211834166
       12.8300000000         2.0216439742      -273.0053859763
       12.8350000000         2.0259490482      -240.7352255858
       12.8400000000         2.0306330712      -267.3106517897
       12.8450000000         2.0356922989      -248.3282045012
       12.8500000000         2.0411226872      -273.0053859763
       12.8550000000         2.0469198949      -257.8194281455
       12.8600000000         2.0530792879      -271.1071412474
       12.8650000000         2.0595959425      -265.4124070609
       12.8700000000         2.0664646494      -248.3282045012
       12.8750000000         2.0736799178      -267.3106517897
       12.8800000000         2.0812359800      -255.9211834166
       12.8850000000         2.0891267957      -265.4124070609
       12.8900000000         2.0973460571      -254.0229386877
       12.8950000000         2.1058871940      -267.3106517897
       12.9000000000         2.1147433786      -252.1246939589
       12.9050000000         2.1239075315      -257.8194281455
       12.9100000000         2.1333723269      -255.9211834166
       12.9150000000         2.1431301989      -248.3282045012
       12.9200000000         2.1531733471      -261.6159176032
       12.9250000000         2.1634937432      -248.3282045012
       12.9300000000         2.1740831373      -255.9211834166
       12.9350000000         2.1849330644      -269.2088965186
       12.9400000000         2.1960348512      -255.9211834166
       12.9450000000         2.2073796230      -255.9211834166
       12.9500000000         2.2189583111      -236.9387361281
       12.9550000000         2.2307616596      -259.7176728743
       12.9600000000         2.2427802331      -233.1422466704
       12.9650000000         2.2550044242      -242.6334703146
       12.9700000000         2.2674244610      -246.4299597723
       12.9750000000         2.2800304151      -235.0404913992
       12.9800000000         2.2928122095      -257.8194281455
       12.9850000000         2.3057596267      -229.3457572126
       12.9900000000         2.3188623166      -235.0404913992
       12.9950000000         2.3321098053      -235.0404913992
       13.0000000000         2.3454915028      -229.3457572126
       13.0050000000         2.3589967120      -236.9387361281
       13.0100000000         2.3726146372      -217.9562888395
       13.0150000000         2.3863343922      -204.6685757375
       13.0200000000         2.4001450097      -221.7527782972
       13.0250000000         2.4140354499      -219.8545335684
       13.0300000000         2.4279946087      -219.8545335684
       13.0350000000         2.4420113276      -210.3633099241
       13.0400000000         2.4560744017      -206.5668204664
       13.0450000000         2.4701725893      -198.9738415510
       13.0500000000         2.4842946205      -206.5668204664
       13.0550000000         2.4984292063      -187.5843731779
       13.0600000000         2.5125650477      -191.3808626356
       13.0650000000         2.5266908449      -161.0089469739
       13.0700000000         2.5407953058      -111.6545840237
       13.0750000000         2.5548671555       -60.4019763446
       13.0800000000         2.5688951453       -18.6405923099
       13.0850000000         2.5828680614        26.9172811826
       13.0900000000         2.5967747340        -3.4546344790
       13.0950000000         2.6106040464        -5.3528792079
       13.1000000000         2.6243449436        -3.4546344790
       13.1050000000         2.6379864413         7.9348338941
       13.1100000000         2.6515176348         0.3418549787
       13.1150000000         2.6649277074         4.1383444364
       13.1200000000         2.6782059394         0.3418549787
       13.1250000000         2.6913417162       -12.9458581233
       13.1300000000         2.7043245374        57.2891968443
       13.1350000000         2.7171440246       100.9488256079
       13.1400000000         2.7297899303        64.8821757597
       13.1450000000         2.7422521454        85.7628677771
       13.1500000000         2.7545207079        64.8821757597
       13.1550000000         2.7665858104        93.3558466925
       13.1600000000         2.7784378082        72.4751546751
       13.1650000000         2.7900672272       112.3382939811
       13.1700000000         2.8014647708        89.5593572348
       13.1750000000         2.8126213282       104.7453150657
       13.1800000000         2.8235279808        99.0505808791
       13.1850000000         2.8341760101       102.8470703368
       13.1900000000         2.8445569042       118.0330281676
       13.1950000000         2.8546623648       119.9312728965
       13.2000000000         2.8644843137       125.6260070830
       13.2050000000         2.8740148995       127.5242518119
       13.2100000000         2.8832465034       121.8295176253
       13.2150000000         2.8921717460       110.4400492522
       13.2200000000         2.9007834924       138.9137201850
       13.2250000000         2.9090748587       129.4224965408
       13.2300000000         2.9170392168       144.6084543716
       13.2350000000         2.9246702001       138.9137201850
       13.2400000000         2.9319617086       152.2014332870
       13.2450000000         2.9389079135       144.6084543716
       13.2500000000         2.9455032621       146.5066991004
       13.2550000000         2.9517424822       150.3031885581
       13.2600000000         2.9576205863       157.8961674736
       13.2650000000         2.9631328755       157.8961674736
       13.2700000000         2.9682749434       157.8961674736
       13.2750000000         2.9730426794       171.1838805755
       13.2800000000         2.9774322724       167.3873911178
       13.2850000000         2.9814402133       169.2856358467
       13.2900000000         2.9850632982       176.8786147621
       13.2950000000         2.9882986310       169.2856358467
       13.3000000000         2.9911436254       188.2680831352
       13.3050000000         2.9935960070       173.0821253044
       13.3100000000         2.9956538155       180.6751042198
       13.3150000000         2.9973154060       182.5733489487
       13.3200000000         2.9985794501       188.2680831352
       13.3250000000         2.9994449375       190.1663278641
       13.3300000000         2.9999111762       201.5557962372
       13.3350000000         2.9999777936       192.0645725929
       13.3400000000         2.9996447363       192.0645725929
       13.3450000000         2.9989122707       209.1487751526
       13.3500000000         2.9977809823       201.5557962372
       13.3550000000         2.9962517754       203.4540409661
       13.3600000000         2.9943258724       214.8435093392
       13.3650000000         2.9920048128       205.3522856949
       13.3700000000         2.9892904522       220.5382435257
       13.3750000000         2.9861849602       211.0470198815
       13.3800000000         2.9826908194       214.8435093392
       13.3850000000         2.9788108230       216.7417540680
       13.3900000000         2.9745480725       214.8435093392
       13.3950000000         2.9699059755       216.7417540680
       13.4000000000         2.9648882429       222.4364882546
       13.4050000000         2.9594988858       220.5382435257
       13.4100000000         2.9537422123       226.2329777123
       13.4150000000         2.9476228242       235.7242013566
       13.4200000000         2.9411456132       209.1487751526
       13.4250000000         2.9343157572       220.5382435257
       13.4300000000         2.9271387158       231.9277118989
       13.4350000000         2.9196202263       216.7417540680
       13.4400000000         2.9117662988       222.4364882546
       13.4450000000         2.9035832116       212.9452646103
       13.4500000000         2.8950775062       214.8435093392
       13.4550000000         2.8862559818       235.7242013566
       13.4600000000         2.8771256904       220.5382435257
       13.4650000000         2.8676939304       218.6399987969
       13.4700000000         2.8579682415       230.0294671700
       13.4750000000         2.8479563983       178.7768594910
       13.4800000000         2.8376664041       214.8435093392
       13.4850000000         2.8271064845       230.0294671700
       13.4900000000         2.8162850810       212.9452646103
       13.4950000000         2.8052108440       222.4364882546
       13.5000000000         2.7938926261       214.8435093392
       13.5050000000         2.7823394750       203.4540409661
       13.5100000000         2.7705606261       220.5382435257
       13.5150000000         2.7585654951       205.3522856949
       13.5200000000         2.7463636708       199.6575515084
       13.5250000000         2.7339649071       201.5557962372
       13.5300000000         2.7213791155       188.2680831352
       13.5350000000         2.7086163568       205.3522856949
       13.5400000000         2.6956868334       192.0645725929
       13.5450000000         2.6826008809       182.5733489487
       13.5500000000         2.6693689601       182.5733489487
       13.5550000000         2.6560016483       176.8786147621
       13.5600000000         2.6425096312       178.7768594910
       13.5650000000         2.6289036941       180.6751042198
       13.5700000000         2.6151947133       174.9803700332
       13.5750000000         2.6013936477       169.2856358467
       13.5800000000         2.5875115295       144.6084543716
       13.5850000000         2.5735594559       146.5066991004
       13.5900000000         2.5595485800       152.2014332870
       13.5950000000         2.5454901020       140.8119649139
       13.6000000000         2.5313952598       140.8119649139
       13.6050000000         2.5172753207       137.0154754562
       13.6100000000         2.5031415720       140.8119649139
       13.6150000000         2.4890053120       123.7277623542
       13.6200000000         2.4748778409       108.5418045234
       13.6250000000         2.4607704521        44.0014837423
       13.6300000000         2.4466944229        -3.4546344790
       13.6350000000         2.4326610053       -24.3353264964
       13.6400000000         2.4186814174         9.8330786230
       13.6450000000         2.4047668344         4.1383444364
       13.6500000000         2.3909283793         2.2400997075
       13.6550000000         2.3771771144        -3.4546344790
       13.6600000000         2.3635240322         0.3418549787
       13.6650000000         2.3499800469        -9.1493686656
       13.6700000000         2.3365559852      -151.5177233296
       13.6750000000         2.3232625781       -81.2826683620
       13.6800000000         2.3101104522       -85.0791578197
       13.6850000000         2.2971101212      -111.6545840237
       13.6900000000         2.2842719772      -102.1633603794
       13.6950000000         2.2716062828      -117.3493182103
       13.7000000000         2.2591231629      -115.4510734814
       13.7050000000         2.2468325963      -138.2300102277
       13.7100000000         2.2347444078      -117.3493182103
       13.7150000000         2.2228682606      -119.2475629391
       13.7200000000         2.2112136483      -134.4335207699
       13.7250000000         2.1997898873      -136.3317654988
       13.7300000000         2.1886061098      -142.0264996854
       13.7350000000         2.1776712557      -124.9422971257
       13.7400000000         2.1669940663      -147.7212338719
       13.7450000000         2.1565830767      -143.9247444142
       13.7500000000         2.1464466094      -147.7212338719
       13.7550000000         2.1365927673      -157.2124575162
       13.7600000000         2.1270294273      -172.3984153470
       13.7650000000         2.1177642343      -155.3142127873
       13.7700000000         2.1088045947      -166.7036811605
       13.7750000000         2.1001576708      -176.1949048047
       13.7800000000         2.0918303746      -181.8896389913
       13.7850000000         2.0838293631      -172.3984153470
       13.7900000000         2.0761610320      -174.2966600759
       13.7950000000         2.0688315112      -198.9738415510
       13.8000000000         2.0618466600      -187.5843731779
       13.8050000000         2.0552120618      -191.3808626356
       13.8100000000         2.0489330203      -204.6685757375
       13.8150000000         2.0430145549      -195.1773520933
       13.8200000000         2.0374613966      -202.7703310087
       13.8250000000         2.0322779846      -198.9738415510
       13.8300000000         2.0274684624      -212.2615546530
       13.8350000000         2.0230366747      -198.9738415510
       13.8400000000         2.0189861642      -219.8545335684
       13.8450000000         2.0153201688      -217.9562888395
       13.8500000000         2.0120416190      -206.5668204664
       13.8550000000         2.0091531357      -225.5492677549
       13.8600000000         2.0066570279      -189.4826179067
       13.8650000000         2.0045552909      -231.2440019415
       13.8700000000         2.0028496048      -225.5492677549
       13.8750000000         2.0015413331      -223.6510230261
       13.8800000000         2.0006315217      -233.1422466704
       13.8850000000         2.0001208978      -217.9562888395
       13.8900000000         2.0000098696      -233.1422466704
       13.8950000000         2.0002985258      -233.1422466704
       13.9000000000         2.0009866358      -231.2440019415
       13.9050000000         2.0020736494      -236.9387361281
       13.9100000000         2.0035586977      -227.4475124838
       13.9150000000         2.0054405936      -238.8369808569
       13.9200000000         2.0077178327      -240.7352255858
       13.9250000000         2.0103885947      -233.1422466704
       13.9300000000         2.0134507445      -238.8369808569
       13.9350000000         2.0169018344      -246.4299597723
       13.9400000000         2.0207391055      -248.3282045012
       13.9450000000         2.0249594904      -250.2264492300
       13.9500000000         2.0295596155      -235.0404913992
       13.9550000000         2.0345358034      -242.6334703146
       13.9600000000         2.0398840763      -240.7352255858
       13.9650000000         2.0456001588      -244.5317150435
       13.9700000000         2.0516794816      -259.7176728743
       13.9750000000         2.0581171850      -244.5317150435
       13.9800000000         2.0649081227      -257.8194281455
       13.9850000000         2.0720468662      -244.5317150435
       13.9900000000         2.0795277089      -236.9387361281
       13.9950000000         2.0873446707      -284.3948543494
       14.0000000000         2.0954915028      -233.1422466704
       14.0050000000         2.1039616929      -263.5141623320
       14.0100000000         2.1127484699      -246.4299597723
       14.0150000000         2.1218448099      -255.9211834166
       14.0200000000         2.1312434413      -257.8194281455
       14.0250000000         2.1409368511      -248.3282045012
       14.0300000000         2.1509172905      -263.5141623320
       14.0350000000         2.1611767813      -246.4299597723
       14.0400000000         2.1717071221      -248.3282045012
       14.0450000000         2.1824998953      -250.2264492300
       14.0500000000         2.1935464732      -250.2264492300
       14.0550000000         2.2048380253      -255.9211834166
       14.0600000000         2.2163655254      -238.8369808569
       14.0650000000         2.2281197586      -252.1246939589
       14.0700000000         2.2400913287      -236.9387361281
       14.0750000000         2.2522706658      -242.6334703146
       14.0800000000         2.2646480339      -254.0229386877
       14.0850000000         2.2772135388      -223.6510230261
       14.0900000000         2.2899571358      -235.0404913992
       14.0950000000         2.3028686378      -227.4475124838
       14.1000000000         2.3159377237      -231.2440019415
       14.1050000000         2.3291539461      -231.2440019415
       14.1100000000         2.3425067402      -206.5668204664
       14.1150000000         2.3559854320      -229.3457572126
       14.1200000000         2.3695792469      -212.2615546530
       14.1250000000         2.3832773181      -204.6685757375
       14.1300000000         2.3970686956      -223.6510230261
       14.1350000000         2.4109423549      -195.1773520933
       14.1400000000         2.4248872054      -200.8720862798
       14.1450000000         2.4388921000      -197.0755968221
       14.1500000000         2.4529458433      -202.7703310087
       14.1550000000         2.4670372010      -185.6861284490
       14.1600000000         2.4811549087      -187.5843731779
       14.1650000000         2.4952876808      -191.3808626356
       14.1700000000         2.5094242199      -166.7036811605
       14.1750000000         2.5235532254      -155.3142127873
       14.1800000000         2.5376634028      -130.6370313122
       14.1850000000         2.5517434726       -90.7738920063
       14.1900000000         2.5657821795       -60.4019763446
       14.1950000000         2.5797683012       -24.3353264964
       14.2000000000         2.5936906573         9.8330786230
       14.2050000000         2.6075381185         4.1383444364
       14.2100000000         2.6212996154        -7.2511239367
       14.2150000000         2.6349641472        -5.3528792079
       14.2200000000         2.6485207908         4.1383444364
       14.2250000000         2.6619587091        -1.5563897502
       14.2300000000         2.6752671601         0.3418549787
       14.2350000000         2.6884355052         4.1383444364
       14.2400000000         2.7014532179        61.0856863020
       14.2450000000         2.7143098919        70.5769099463
       14.2500000000         2.7269952499        53.4927073866
       14.2550000000         2.7394991513        81.9663783194
       14.2600000000         2.7518116008        59.1874415732
       14.2650000000         2.7639227560        83.8646230483
       14.2700000000         2.7758229353        72.4751546751
       14.2750000000         2.7875026260        97.1523361502
       14.2800000000         2.7989524915        85.7628677771
       14.2850000000         2.8101633790        93.3558466925
       14.2900000000         2.8211263266       102.8470703368
       14.2950000000         2.8318325707        97.1523361502
       14.3000000000         2.8422735530       116.1347834388
       14.3050000000         2.8524409270       108.5418045234
       14.3100000000         2.8623265651       118.0330281676
       14.3150000000         2.8719225649       116.1347834388
       14.3200000000         2.8812212555       118.0330281676
       14.3250000000         2.8902152037       123.7277623542
       14.3300000000         2.8988972198       142.7102096427
       14.3350000000         2.9072603635       121.8295176253
       14.3400000000         2.9152979496       133.2189859985
       14.3450000000         2.9230035528       138.9137201850
       14.3500000000         2.9303710135       135.1172307273
       14.3550000000         2.9373944422       154.0996780159
       14.3600000000         2.9440682244       138.9137201850
       14.3650000000         2.9503870253       157.8961674736
       14.3700000000         2.9563457937       146.5066991004
       14.3750000000         2.9619397663       165.4891463890
       14.3800000000         2.9671644712       161.6926569313
       14.3850000000         2.9720157321       165.4891463890
       14.3900000000         2.9764896708       165.4891463890
       14.3950000000         2.9805827109       169.2856358467
       14.4000000000         2.9842915806       176.8786147621
       14.4050000000         2.9876133150       180.6751042198
       14.4100000000         2.9905452587       176.8786147621
       14.4150000000         2.9930850681       199.6575515084
       14.4200000000         2.9952307128       174.9803700332
       14.4250000000         2.9969804777       184.4715936775
       14.4300000000         2.9983329640       182.5733489487
       14.4350000000         2.9992870906       195.8610620506
       14.4400000000         2.9998420946       197.7593067795
       14.4450000000         2.9999975326       207.2505304238
       14.4500000000         2.9997532802       195.8610620506
       14.4550000000         2.9991095326       199.6575515084
       14.4600000000         2.9980668046       211.0470198815
       14.4650000000         2.9966259295       212.9452646103
       14.4700000000         2.9947880593       207.2505304238
       14.4750000000         2.9925546631       214.8435093392
       14.4800000000         2.9899275262       199.6575515084
       14.4850000000         2.9869087487       218.6399987969
       14.4900000000         2.9835007439       195.8610620506
       14.4950000000         2.9797062359       203.4540409661
       14.5000000000         2.9755282581       224.3347329835
       14.5050000000         2.9709701504       205.3522856949
       14.5100000000         2.9660355562       220.5382435257
       14.5150000000         2.9607284204       226.2329777123
       14.5200000000         2.9550529853       220.5382435257
       14.5250000000         2.9490137879       211.0470198815
       14.5300000000         2.9426156557       226.2329777123
       14.5350000000         2.9358637033       207.2505304238
       14.5400000000         2.9287633281       237.6224460854
       14.5450000000         2.9213202061       220.5382435257
       14.5500000000         2.9135402871       212.9452646103
       14.5550000000         2.9054297904       233.8259566277
       14.5600000000         2.8969951993       207.2505304238
       14.5650000000         2.8882432563       237.6224460854
       14.5700000000         2.8791809576       216.7417540680
       14.5750000000         2.8698155475       214.8435093392
       14.5800000000         2.8601545124       230.0294671700
       14.5850000000         2.8502055754       203.4540409661
       14.5900000000         2.8399766894       222.4364882546
       14.5950000000         2.8294760312       226.2329777123
       14.6000000000         2.8187119949       209.1487751526
       14.6050000000         2.8076931851       214.8435093392
       14.6100000000         2.7964284101       228.1312224412
       14.6150000000         2.7849266747       211.0470198815
       14.6200000000         2.7731971734       209.1487751526
       14.6250000000         2.7612492824       209.1487751526
       14.6300000000         2.7490925527       199.6575515084
       14.6350000000         2.7367367022       203.4540409661
       14.6400000000         2.7241916080       195.8610620506
       14.6450000000         2.7114672985       192.0645725929
       14.6500000000         2.6985739453       192.0645725929
       14.6550000000         2.6855218551       188.2680831352
       14.6600000000         2.6723214616       190.1663278641
       14.6650000000         2.6589833169       190.1663278641
       14.6700000000         2.6455180834       182.5733489487
       14.6750000000         2.6319365250       176.8786147621
       14.6800000000         2.6182494985       169.2856358467
       14.6850000000         2.6044679452       174.9803700332
       14.6900000000         2.5906028818       165.4891463890
       14.6950000000         2.5766653919       157.8961674736
       14.7000000000         2.5626666168       159.7944122024
       14.7050000000         2.5486177470       152.2014332870
       14.7100000000         2.5345300129       150.3031885581
       14.7150000000         2.5204146760       152.2014332870
       14.7200000000         2.5062830199       137.0154754562
       14.7250000000         2.4921463413       150.3031885581
       14.7300000000         2.4780159408       121.8295176253
       14.7350000000         2.4639031141       106.6435597945
       14.7400000000         2.4498191426        62.9839310309
       14.7450000000         2.4357752849        25.0190364538
       14.7500000000         2.4217827675        -5.3528792079
       14.7550000000         2.4078527757        -9.1493686656
       14.7600000000         2.3939964450         6.0365891652
       14.7650000000         2.3802248520        -3.4546344790
       14.7700000000         2.3665490053         0.3418549787
       14.7750000000         2.3529798374        -3.4546344790
       14.7800000000         2.3395281951       -64.1984658024
       14.7850000000         2.3262048315      -136.3317654988
       14.7900000000         2.3130203971       -66.0967105312
       14.7950000000         2.2999854314      -113.5528287526
       14.8000000000         2.2871103542       -92.6721367352
       14.8050000000         2.2744054578      -105.9598498371
       14.8100000000         2.2618808982      -105.9598498371
       14.8150000000         2.2495466873      -123.0440523968
       14.8200000000         2.2374126850      -128.7387865834
       14.8250000000         2.2254885910      -121.1458076680
       14.8300000000         2.2137839372      -119.2475629391
       14.8350000000         2.2023080801      -130.6370313122
       14.8400000000         2.1910701935      -134.4335207699
       14.8450000000         2.1800792605      -138.2300102277
       14.8500000000         2.1693440673      -140.1282549565
       14.8550000000         2.1588731954      -142.0264996854
       14.8600000000         2.1486750151      -149.6194786008
       14.8650000000         2.1387576786      -143.9247444142
       14.8700000000         2.1291291136      -161.0089469739
       14.8750000000         2.1197970172      -153.4159680585
       14.8800000000         2.1107688492      -157.2124575162
       14.8850000000         2.1020518267      -157.2124575162
       14.8900000000         2.0936529178      -168.6019258893
       14.8950000000         2.0855788365      -164.8054364316
       14.9000000000         2.0778360372      -178.0931495336
       14.9050000000         2.0704307094      -172.3984153470
       14.9100000000         2.0633687726      -170.5001706182
       14.9150000000         2.0566558721      -189.4826179067
       14.9200000000         2.0502973742      -189.4826179067
       14.9250000000         2.0442983617      -197.0755968221
       14.9300000000         2.0386636301      -191.3808626356
       14.9350000000         2.0333976837      -193.2791073644
       14.9400000000         2.0285047321      -206.5668204664
       14.9450000000         2.0239886865      -198.9738415510
       14.9500000000         2.0198531572      -202.7703310087
       14.9550000000         2.0161014498      -198.9738415510
       14.9600000000         2.0127365636      -206.5668204664
       14.9650000000         2.0097611883      -204.6685757375
       14.9700000000         2.0071777024      -216.0580441107
       14.9750000000         2.0049881711      -219.8545335684
       14.9800000000         2.0031943447      -219.8545335684
       14.9850000000         2.0017976572      -217.9562888395
       14.9900000000         2.0007992249      -225.5492677549
       14.9950000000         2.0001998462      -208.4650651953
       15.0000000000         2.0000000000      -233.1422466704
       15.0050000000         2.0001998462      -233.1422466704
       15.0100000000         2.0007992249      -221.7527782972
       15.0150000000         2.0017976572      -246.4299597723
       15.0200000000         2.0031943447      -229.3457572126
       15.0250000000         2.0049881711      -246.4299597723
       15.0300000000         2.0071777024      -236.9387361281
       15.0350000000         2.0097611883      -233.1422466704
       15.0400000000         2.0127365636      -257.8194281455
       15.0450000000         2.0161014498      -233.1422466704
       15.0500000000         2.0198531572      -255.9211834166
       15.0550000000         2.0239886865      -248.3282045012
       15.0600000000         2.0285047321      -255.9211834166
       15.0650000000         2.0333976837      -252.1246939589
       15.0700000000         2.0386636301      -236.9387361281
       15.0750000000         2.0442983617      -252.1246939589
       15.0800000000         2.0502973742      -250.2264492300
       15.0850000000         2.0566558721      -267.3106517897
       15.0900000000         2.0633687726      -271.1071412474
       15.0950000000         2.0704307094      -252.1246939589
       15.1000000000         2.0778360372      -257.8194281455
       15.1050000000         2.0855788365      -248.3282045012
       15.1100000000         2.0936529178      -259.7176728743
       15.1150000000         2.1020518267      -267.3106517897
       15.1200000000         2.1107688492      -242.6334703146
       15.1250000000         2.1197970172      -257.8194281455
       15.1300000000         2.1291291136      -248.3282045012
       15.1350000000         2.1387576786      -263.5141623320
       15.1400000000         2.1486750151      -242.6334703146
       15.1450000000         2.1588731954      -265.4124070609
       15.1500000000         2.1693440673      -263.5141623320
       15.1550000000         2.1800792605      -246.4299597723
       15.1600000000         2.1910701935      -265.4124070609
       15.1650000000         2.2023080801      -225.5492677549
       15.1700000000         2.2137839372      -288.1913438071
       15.1750000000         2.2254885910      -231.2440019415
       15.1800000000         2.2374126850      -240.7352255858
       15.1850000000         2.2495466873      -248.3282045012
       15.1900000000         2.2618808982      -221.7527782972
       15.1950000000         2.2744054578      -248.3282045012
       15.2000000000         2.2871103542      -219.8545335684
       15.2050000000         2.2999854314      -219.8545335684
       15.2100000000         2.3130203971      -225.5492677549
       15.2150000000         2.3262048315      -233.1422466704
       15.2200000000         2.3395281951      -229.3457572126
       15.2250000000         2.3529798374      -216.0580441107
       15.2300000000         2.3665490053      -221.7527782972
       15.2350000000         2.3802248520      -212.2615546530
       15.2400000000         2.3939964450      -193.2791073644
       15.2450000000         2.4078527757      -210.3633099241
       15.2500000000         2.4217827675      -197.0755968221
       15.2550000000         2.4357752849      -197.0755968221
       15.2600000000         2.4498191426      -189.4826179067
       15.2650000000         2.4639031141      -189.4826179067
       15.2700000000         2.4780159408      -193.2791073644
       15.2750000000         2.4921463413      -195.1773520933
       15.2800000000         2.5062830199      -168.6019258893
       15.2850000000         2.5204146760      -162.9071917028
       15.2900000000         2.5345300129      -138.2300102277
       15.2950000000         2.5486177470       -88.8756472775
       15.3000000000         2.5626666168       -43.3177737850
       15.3050000000         2.5766653919        -3.4546344790
       15.3100000000         2.5906028818        15.5278128095
       15.3150000000         2.6044679452         0.3418549787
       15.3200000000         2.6182494985        -1.5563897502
       15.3250000000         2.6319365250        -9.1493686656
       15.3300000000         2.6455180834         2.2400997075
       15.3350000000         2.6589833169         6.0365891652
       15.3400000000         2.6723214616        -1.5563897502
       15.3450000000         2.6855218551        -7.2511239367
       15.3500000000         2.6985739453        21.2225469961
       15.3550000000         2.7114672985       108.5418045234
       15.3600000000         2.7241916080        55.3909521154
       15.3650000000         2.7367367022        85.7628677771
       15.3700000000         2.7490925527        61.0856863020
       15.3750000000         2.7612492824        85.7628677771
       15.3800000000         2.7731971734        78.1698888617
       15.3850000000         2.7849266747        87.6611125060
       15.3900000000         2.7964284101       112.3382939811
       15.3950000000         2.8076931851        99.0505808791
       15.4000000000         2.8187119949       100.9488256079
       15.4050000000         2.8294760312       104.7453150657
       15.4100000000         2.8399766894       121.8295176253
       15.4150000000         2.8502055754       123.7277623542
       15.4200000000         2.8601545124       121.8295176253
       15.4250000000         2.8698155475       121.8295176253
       15.4300000000         2.8791809576       123.7277623542
       15.4350000000         2.8882432563       123.7277623542
       15.4400000000         2.8969951993       123.7277623542
       15.4450000000         2.9054297904       123.7277623542
       15.4500000000         2.9135402871       142.7102096427
       15.4550000000         2.9213202061       131.3207412696
       15.4600000000         2.9287633281       146.5066991004
       15.4650000000         2.9358637033       138.9137201850
       15.4700000000         2.9426156557       163.5909016601
       15.4750000000         2.9490137879       146.5066991004
       15.4800000000         2.9550529853       169.2856358467
       15.4850000000         2.9607284204       154.0996780159
       15.4900000000         2.9660355562       163.5909016601
       15.4950000000         2.9709701504       163.5909016601
       15.5000000000         2.9755282581       163.5909016601
       15.5050000000         2.9797062359       182.5733489487
       15.5100000000         2.9835007439       167.3873911178
       15.5150000000         2.9869087487       184.4715936775
       15.5200000000         2.9899275262       176.8786147621
       15.5250000000         2.9925546631       186.3698384064
       15.5300000000         2.9947880593       182.5733489487
       15.5350000000         2.9966259295       190.1663278641
       15.5400000000         2.9980668046       190.1663278641
       15.5450000000         2.9991095326       193.9628173218
       15.5500000000         2.9997532802       201.5557962372
       15.5550000000         2.9999975326       203.4540409661
       15.5600000000         2.9998420946       201.5557962372
       15.5650000000         2.9992870906       193.9628173218
       15.5700000000         2.9983329640       201.5557962372
       15.5750000000         2.9969804777       195.8610620506
       15.5800000000         2.9952307128       207.2505304238
       15.5850000000         2.9930850681       211.0470198815
       15.5900000000         2.9905452587       197.7593067795
       15.5950000000         2.9876133150       203.4540409661
       15.6000000000         2.9842915806       205.3522856949
       15.6050000000         2.9805827109       207.2505304238
       15.6100000000         2.9764896708       209.1487751526
       15.6150000000         2.9720157321       228.1312224412
       15.6200000000         2.9671644712       212.9452646103
       15.6250000000         2.9619397663       203.4540409661
       15.6300000000         2.9563457937       222.4364882546
       15.6350000000         2.9503870253       207.2505304238
       15.6400000000         2.9440682244       235.7242013566
       15.6450000000         2.9373944422       222.4364882546
       15.6500000000         2.9303710135       220.5382435257
       15.6550000000         2.9230035528       222.4364882546
       15.6600000000         2.9152979496       226.2329777123
       15.6650000000         2.9072603635       220.5382435257
       15.6700000000         2.8988972198       220.5382435257
       15.6750000000         2.8902152037       220.5382435257
       15.6800000000         2.8812212555       211.0470198815
       15.6850000000         2.8719225649       228.1312224412
       15.6900000000         2.8623265651       205.3522856949
       15.6950000000         2.8524409270       224.3347329835
       15.7000000000         2.8422735530       218.6399987969
       15.7050000000         2.8318325707       205.3522856949
       15.7100000000         2.8211263266       216.7417540680
       15.7150000000         2.8101633790       211.0470198815
       15.7200000000         2.7989524915       199.6575515084
       15.7250000000         2.7875026260       205.3522856949
       15.7300000000         2.7758229353       195.8610620506
       15.7350000000         2.7639227560       193.9628173218
       15.7400000000         2.7518116008       201.5557962372
       15.7450000000         2.7394991513       188.2680831352
       15.7500000000         2.7269952499       192.0645725929
       15.7550000000         2.7143098919       193.9628173218
       15.7600000000         2.7014532179       197.7593067795
       15.7650000000         2.6884355052       188.2680831352
       15.7700000000         2.6752671601       184.4715936775
       15.7750000000         2.6619587091       167.3873911178
       15.7800000000         2.6485207908       178.7768594910
       15.7850000000         2.6349641472       176.8786147621
       15.7900000000         2.6212996154       173.0821253044
       15.7950000000         2.6075381185       171.1838805755
       15.8000000000         2.5936906573       148.4049438293
       15.8050000000         2.5797683012       161.6926569313
       15.8100000000         2.5657821795       146.5066991004
       15.8150000000         2.5517434726       144.6084543716
       15.8200000000         2.5376634028       148.4049438293
       15.8250000000         2.5235532254       137.0154754562
       15.8300000000         2.5094242199       131.3207412696
       15.8350000000         2.4952876808       125.6260070830
       15.8400000000         2.4811549087       104.7453150657
       15.8450000000         2.4670372010        95.2540914214
       15.8500000000         2.4529458433        47.7979732000
       15.8550000000         2.4388921000        23.1207917249
       15.8600000000         2.4248872054       -14.8441028521
       15.8650000000         2.4109423549        -9.1493686656
       15.8700000000         2.3970686956         2.2400997075
       15.8750000000         2.3832773181        -1.5563897502
       15.8800000000         2.3695792469        -1.5563897502
       15.8850000000         2.3559854320        -7.2511239367
       15.8900000000         2.3425067402       -45.2160185138
       15.8950000000         2.3291539461      -136.3317654988
       15.9000000000         2.3159377237       -60.4019763446
       15.9050000000         2.3028686378      -104.0616051083
       15.9100000000         2.2899571358       -90.7738920063
       15.9150000000         2.2772135388      -105.9598498371
       15.9200000000         2.2646480339       -98.3668709217
       15.9250000000         2.2522706658      -119.2475629391
       15.9300000000         2.2400913287      -121.1458076680
       15.9350000000         2.2281197586      -113.5528287526
       15.9400000000         2.2163655254      -121.1458076680
       15.9450000000         2.2048380253      -119.2475629391
       15.9500000000         2.1935464732      -132.5352760411
       15.9550000000         2.1824998953      -121.1458076680
       15.9600000000         2.1717071221      -143.9247444142
       15.9650000000         2.1611767813      -149.6194786008
       15.9700000000         2.1509172905      -124.9422971257
       15.9750000000         2.1409368511      -157.2124575162
       15.9800000000         2.1312434413      -149.6194786008
       15.9850000000         2.1218448099      -159.1107022450
       15.9900000000         2.1127484699      -161.0089469739
       15.9950000000         2.1039616929      -162.9071917028
       16.0000000000         2.0954915028      -176.1949048047
       16.0050000000         2.0873446707      -172.3984153470
       16.0100000000         2.0795277089      -181.8896389913
       16.0150000000         2.0720468662      -176.1949048047
       16.0200000000         2.0649081227      -183.7878837202
       16.0250000000         2.0581171850      -198.9738415510
       16.0300000000         2.0516794816      -193.2791073644
       16.0350000000         2.0456001588      -193.2791073644
       16.0400000000         2.0398840763      -191.3808626356
       16.0450000000         2.0345358034      -204.6685757375
       16.0500000000         2.0295596155      -204.6685757375
       16.0550000000         2.0249594904      -210.3633099241
       16.0600000000         2.0207391055      -240.7352255858
       16.0650000000         2.0169018344      -200.8720862798
       16.0700000000         2.0134507445      -225.5492677549
       16.0750000000         2.0103885947      -219.8545335684
       16.0800000000         2.0077178327      -227.4475124838
       16.0850000000         2.0054405936      -223.6510230261
       16.0900000000         2.0035586977      -221.7527782972
       16.0950000000         2.0020736494      -235.0404913992
       16.1000000000         2.0009866358      -233.1422466704
       16.1050000000         2.0002985258      -244.5317150435
       16.1100000000         2.0000098696      -240.7352255858
       16.1150000000         2.0001208978      -223.6510230261
       16.1200000000         2.0006315217      -233.1422466704
       16.1250000000         2.0015413331      -250.2264492300
       16.1300000000         2.0028496048      -238.8369808569
       16.1350000000         2.0045552909      -248.3282045012
       16.1400000000         2.0066570279      -269.2088965186
       16.1450000000         2.0091531357      -236.9387361281
       16.1500000000         2.0120416190      -267.3106517897
       16.1550000000         2.0153201688      -250.2264492300
       16.1600000000         2.0189861642      -255.9211834166
       16.1650000000         2.0230366747      -255.9211834166
       16.1700000000         2.0274684624      -248.3282045012
       16.1750000000         2.0322779846      -267.3106517897
       16.1800000000         2.0374613966      -236.9387361281
       16.1850000000         2.0430145549      -271.1071412474
       16.1900000000         2.0489330203      -238.8369808569
       16.1950000000         2.0552120618      -273.0053859763
       16.2000000000         2.0618466600      -255.9211834166
       16.2050000000         2.0688315112      -255.9211834166
       16.2100000000         2.0761610320      -280.5983648917
       16.2150000000         2.0838293631      -240.7352255858
       16.2200000000         2.0918303746      -273.0053859763
       16.2250000000         2.1001576708      -244.5317150435
       16.2300000000         2.1088045947      -248.3282045012
       16.2350000000         2.1177642343      -273.0053859763
       16.2400000000         2.1270294273      -246.4299597723
       16.2450000000         2.1365927673      -265.4124070609
       16.2500000000         2.1464466094      -240.7352255858
       16.2550000000         2.1565830767      -250.2264492300
       16.2600000000         2.1669940663      -250.2264492300
       16.2650000000         2.1776712557      -248.3282045012
       16.2700000000         2.1886061098      -244.5317150435
       16.2750000000         2.1997898873      -242.6334703146
       16.2800000000         2.2112136483      -250.2264492300
       16.2850000000         2.2228682606      -254.0229386877
       16.2900000000         2.2347444078      -240.7352255858
       16.2950000000         2.2468325963      -235.0404913992
       16.3000000000         2.2591231629      -217.9562888395
       16.3050000000         2.2716062828      -244.5317150435
       16.3100000000         2.2842719772      -225.5492677549
       16.3150000000         2.2971101212      -244.5317150435
       16.3200000000         2.3101104522      -229.3457572126
       16.3250000000         2.3232625781      -236.9387361281
       16.3300000000         2.3365559852      -223.6510230261
       16.3350000000         2.3499800469      -219.8545335684
       16.3400000000         2.3635240322      -217.9562888395
       16.3450000000         2.3771771144      -217.9562888395
       16.3500000000         2.3909283793      -206.5668204664
       16.3550000000         2.4047668344      -219.8545335684
       16.3600000000         2.4186814174      -210.3633099241
       16.3650000000         2.4326610053      -193.2791073644
       16.3700000000         2.4466944229      -200.8720862798
       16.3750000000         2.4607704521      -189.4826179067
       16.3800000000         2.4748778409      -202.7703310087
       16.3850000000         2.4890053120      -195.1773520933
       16.3900000000         2.5031415720      -197.0755968221
       16.3950000000         2.5172753207      -181.8896389913
       16.4000000000         2.5313952598      -151.5177233296
       16.4050000000         2.5454901020      -104.0616051083
       16.4100000000         2.5595485800       -67.9949552601
       16.4150000000         2.5735594559       -33.8265501407
       16.4200000000         2.5875115295         4.1383444364
       16.4250000000         2.6013936477         9.8330786230
       16.4300000000         2.6151947133        -5.3528792079
       16.4350000000         2.6289036941       -11.0476133944
       16.4400000000         2.6425096312        -1.5563897502
       16.4450000000         2.6560016483        13.6295680807
       16.4500000000         2.6693689601         4.1383444364
       16.4550000000         2.6826008809        -5.3528792079
       16.4600000000         2.6956868334         4.1383444364
       16.4650000000         2.7086163568       104.7453150657
       16.4700000000         2.7213791155        59.1874415732
       16.4750000000         2.7339649071        72.4751546751
       16.4800000000         2.7463636708        72.4751546751
       16.4850000000         2.7585654951        80.0681335906
       16.4900000000         2.7705606261        91.4576019637
       16.4950000000         2.7823394750        68.6786652174
       16.5000000000         2.7938926261       108.5418045234
       16.5050000000         2.8052108440        87.6611125060
       16.5100000000         2.8162850810        97.1523361502
       16.5150000000         2.8271064845       104.7453150657
       16.5200000000         2.8376664041       102.8470703368
       16.5250000000         2.8479563983       114.2365387099
       16.5300000000         2.8579682415       104.7453150657
       16.5350000000         2.8676939304       121.8295176253
       16.5400000000         2.8771256904       106.6435597945
       16.5450000000         2.8862559818       123.7277623542
       16.5500000000         2.8950775062       125.6260070830
       16.5550000000         2.9035832116       125.6260070830
       16.5600000000         2.9117662988       138.9137201850
       16.5650000000         2.9196202263       129.4224965408
       16.5700000000         2.9271387158       142.7102096427
       16.5750000000         2.9343157572       150.3031885581
       16.5800000000         2.9411456132       148.4049438293
       16.5850000000         2.9476228242       152.2014332870
       16.5900000000         2.9537422123       161.6926569313
       16.5950000000         2.9594988858       159.7944122024
       16.6000000000         2.9648882429       161.6926569313
       16.6050000000         2.9699059755       174.9803700332
       16.6100000000         2.9745480725       154.0996780159
       16.6150000000         2.9788108230       184.4715936775
       16.6200000000         2.9826908194       157.8961674736
       16.6250000000         2.9861849602       186.3698384064
       16.6300000000         2.9892904522       201.5557962372
       16.6350000000         2.9920048128       174.9803700332
       16.6400000000         2.9943258724       193.9628173218
       16.6450000000         2.9962517754       195.8610620506
       16.6500000000         2.9977809823       207.2505304238
       16.6550000000         2.9989122707       199.6575515084
       16.6600000000         2.9996447363       207.2505304238
       16.6650000000         2.9999777936       199.6575515084
       16.6700000000         2.9999111762       212.9452646103
       16.6750000000         2.9994449375       218.6399987969
       16.6800000000         2.9985794501       193.9628173218
       16.6850000000         2.9973154060       205.3522856949
       16.6900000000         2.9956538155       195.8610620506
       16.6950000000         2.9935960070       207.2505304238
       16.7000000000         2.9911436254       241.4189355431
       16.7050000000         2.9882986310       205.3522856949
       16.7100000000         2.9850632982       216.7417540680
       16.7150000000         2.9814402133       207.2505304238
       16.7200000000         2.9774322724       214.8435093392
       16.7250000000         2.9730426794       214.8435093392
       16.7300000000         2.9682749434       228.1312224412
       16.7350000000         2.9631328755       224.3347329835
       16.7400000000         2.9576205863       230.0294671700
       16.7450000000         2.9517424822       228.1312224412
       16.7500000000         2.9455032621       224.3347329835
       16.7550000000         2.9389079135       220.5382435257
       16.7600000000         2.9319617086       233.8259566277
       16.7650000000         2.9246702001       222.4364882546
       16.7700000000         2.9170392168       230.0294671700
       16.7750000000         2.9090748587       216.7417540680
       16.7800000000         2.9007834924       226.2329777123
       16.7850000000         2.8921717460       214.8435093392
       16.7900000000         2.8832465034       224.3347329835
       16.7950000000         2.8740148995       233.8259566277
       16.8000000000         2.8644843137       214.8435093392
       16.8050000000         2.8546623648       209.1487751526
       16.8100000000         2.8445569042       212.9452646103
       16.8150000000         2.8341760101       211.0470198815
       16.8200000000         2.8235279808       226.2329777123
       16.8250000000         2.8126213282       224.3347329835
       16.8300000000         2.8014647708       207.2505304238
       16.8350000000         2.7900672272       212.9452646103
       16.8400000000         2.7784378082       201.5557962372
       16.8450000000         2.7665858104       214.8435093392
       16.8500000000         2.7545207079       211.0470198815
       16.8550000000         2.7422521454       201.5557962372
       16.8600000000         2.7297899303       207.2505304238
       16.8650000000         2.7171440246       195.8610620506
       16.8700000000         2.7043245374       203.4540409661
       16.8750000000         2.6913417162       188.2680831352
       16.8800000000         2.6782059394       199.6575515084
       16.8850000000         2.6649277074       178.7768594910
       16.8900000000         2.6515176348       174.9803700332
       16.8950000000         2.6379864413       188.2680831352
       16.9000000000         2.6243449436       174.9803700332
       16.9050000000         2.6106040464       169.2856358467
       16.9100000000         2.5967747340       150.3031885581
       16.9150000000         2.5828680614       159.7944122024
       16.9200000000         2.5688951453       161.6926569313
       16.9250000000         2.5548671555       150.3031885581
       16.9300000000         2.5407953058       155.9979227447
       16.9350000000         2.5266908449       144.6084543716
       16.9400000000         2.5125650477       138.9137201850
       16.9450000000         2.4984292063       137.0154754562
       16.9500000000         2.4842946205       129.4224965408
       16.9550000000         2.4701725893       108.5418045234
       16.9600000000         2.4560744017        53.4927073866
       16.9650000000         2.4420113276         0.3418549787
       16.9700000000         2.4279946087       -24.3353264964
       16.9750000000         2.4140354499         0.3418549787
       16.9800000000         2.4001450097         7.9348338941
       16.9850000000         2.3863343922         9.8330786230
       16.9900000000         2.3726146372        -3.4546344790
       16.9950000000         2.3589967120        -5.3528792079
       17.0000000000         2.3454915028        -1.5563897502
       17.0050000000         2.3321098053      -115.4510734814
       17.0100000000         2.3188623166       -96.4686261929
       17.0150000000         2.3057596267       -77.4861789043
       17.0200000000         2.2928122095       -98.3668709217
       17.0250000000         2.2800304151      -111.6545840237
       17.0300000000         2.2674244610      -100.2651156506
       17.0350000000         2.2550044242      -121.1458076680
       17.0400000000         2.2427802331      -134.4335207699
       17.0450000000         2.2307616596      -142.0264996854
       17.0500000000         2.2189583111      -115.4510734814
       17.0550000000         2.2073796230      -138.2300102277
       17.0600000000         2.1960348512      -143.9247444142
       17.0650000000         2.1849330644      -142.0264996854
       17.0700000000         2.1740831373      -153.4159680585
       17.0750000000         2.1634937432      -140.1282549565
       17.0800000000         2.1531733471      -153.4159680585
       17.0850000000         2.1431301989      -153.4159680585
       17.0900000000         2.1333723269      -166.7036811605
       17.0950000000         2.1239075315      -159.1107022450
       17.1000000000         2.1147433786      -172.3984153470
       17.1050000000         2.1058871940      -159.1107022450
       17.1100000000         2.0973460571      -191.3808626356
       17.1150000000         2.0891267957      -179.9913942624
       17.1200000000         2.0812359800      -185.6861284490
       17.1250000000         2.0736799178      -195.1773520933
       17.1300000000         2.0664646494      -191.3808626356
       17.1350000000         2.0595959425      -191.3808626356
       17.1400000000         2.0530792879      -193.2791073644
       17.1450000000         2.0469198949      -210.3633099241
       17.1500000000         2.0411226872      -195.1773520933
       17.1550000000         2.0356922989      -216.0580441107
       17.1600000000         2.0306330712      -204.6685757375
       17.1650000000         2.0259490482      -202.7703310087
       17.1700000000         2.0216439742      -212.2615546530
       17.1750000000         2.0177212908      -216.0580441107
       17.1800000000         2.0141841335      -214.1597993818
       17.1850000000         2.0110353301      -219.8545335684
       17.1900000000         2.0082773975      -212.2615546530
       17.1950000000         2.0059125404      -225.5492677549
       17.2000000000         2.0039426493      -231.2440019415
       17.2050000000         2.0023692989      -221.7527782972
       17.2100000000         2.0011937468      -242.6334703146
       17.2150000000         2.0004169328      -223.6510230261
       17.2200000000         2.0000394779      -242.6334703146
       17.2250000000         2.0000616838      -238.8369808569
       17.2300000000         2.0004835327      -231.2440019415
       17.2350000000         2.0013046874      -238.8369808569
       17.2400000000         2.0025244915      -236.9387361281
       17.2450000000         2.0041419699      -233.1422466704
       17.2500000000         2.0061558297      -252.1246939589
       17.2550000000         2.0085644609      -233.1422466704
       17.2600000000         2.0113659382      -231.2440019415
       17.2650000000         2.0145580221      -254.0229386877
       17.2700000000         2.0181381609      -242.6334703146
       17.2750000000         2.0221034926      -265.4124070609
       17.2800000000         2.0264508475      -240.7352255858
       17.2850000000         2.0311767504      -248.3282045012
       17.2900000000         2.0362774233      -242.6334703146
       17.2950000000         2.0417487890      -254.0229386877
       17.3000000000         2.0475864738      -259.7176728743
       17.3050000000         2.0537858109      -250.2264492300
       17.3100000000         2.0603418449      -261.6159176032
       17.3150000000         2.0672493349      -267.3106517897
       17.3200000000         2.0745027591      -261.6159176032
       17.3250000000         2.0820963193      -240.7352255858
       17.3300000000         2.0900239453      -252.1246939589
       17.3350000000         2.0982792999      -261.6159176032
       17.3400000000         2.1068557839      -252.1246939589
       17.3450000000         2.1157465414      -252.1246939589
       17.3500000000         2.1249444652      -263.5141623320
       17.3550000000         2.1344422026      -252.1246939589
       17.3600000000         2.1442321614      -248.3282045012
       17.3650000000         2.1543065155      -240.7352255858
       17.3700000000         2.1646572117      -250.2264492300
       17.3750000000         2.1752759758      -236.9387361281
       17.3800000000         2.1861543194      -250.2264492300
       17.3850000000         2.1972835463      -242.6334703146
       17.3900000000         2.2086547602      -233.1422466704
       17.3950000000         2.2202588709      -248.3282045012
       17.4000000000         2.2320866025      -236.9387361281
       17.4050000000         2.2441284999      -242.6334703146
       17.4100000000         2.2563749371      -238.8369808569
       17.4150000000         2.2688161245      -236.9387361281
       17.4200000000         2.2814421167      -235.0404913992
       17.4250000000         2.2942428207      -233.1422466704
       17.4300000000         2.3072080039      -217.9562888395
       17.4350000000         2.3203273020      -236.9387361281
       17.4400000000         2.3335902277      -225.5492677549
       17.4450000000         2.3469861789      -221.7527782972
       17.4500000000         2.3605044470      -219.8545335684
       17.4550000000         2.3741342257      -208.4650651953
       17.4600000000         2.3878646195      -223.6510230261
       17.4650000000         2.4016846527      -200.8720862798
       17.4700000000         2.4155832776      -212.2615546530
       17.4750000000         2.4295493840      -219.8545335684
       17.4800000000         2.4435718076      -187.5843731779
       17.4850000000         2.4576393389      -202.7703310087
       17.4900000000         2.4717407328      -198.9738415510
       17.4950000000         2.4858647166      -187.5843731779
       17.5000000000         2.5000000000      -185.6861284490
       17.5050000000         2.5141352834      -179.9913942624
       17.5100000000         2.5282592672      -151.5177233296
       17.5150000000         2.5423606611       -98.3668709217
       17.5200000000         2.5564281924       -56.6054868869
       17.5250000000         2.5704506160        -9.1493686656
       17.5300000000         2.5844167224        21.2225469961
       17.5350000000         2.5983153473        -1.5563897502
       17.5400000000         2.6121353805        -5.3528792079
       17.5450000000         2.6258657743       -11.0476133944
       17.5500000000         2.6394955530         2.2400997075
       17.5550000000         2.6530138211         0.3418549787
       17.5600000000         2.6664097723        -3.4546344790
       17.5650000000         2.6796726980         0.3418549787
       17.5700000000         2.6927919961         9.8330786230
       17.5750000000         2.7057571793        72.4751546751
       17.5800000000         2.7185578833        64.8821757597
       17.5850000000         2.7311838755        70.5769099463
       17.5900000000         2.7436250629        66.7804204886
       17.5950000000         2.7558715001        72.4751546751
       17.6000000000         2.7679133975        83.8646230483
       17.6050000000         2.7797411291        80.0681335906
       17.6100000000         2.7913452398       104.7453150657
       17.6150000000         2.8027164537        99.0505808791
       17.6200000000         2.8138456806       108.5418045234
       17.6250000000         2.8247240242       112.3382939811
       17.6300000000         2.8353427883       112.3382939811
       17.6350000000         2.8456934845       127.5242518119
       17.6400000000         2.8557678386       110.4400492522
       17.6450000000         2.8655577974       131.3207412696
       17.6500000000         2.8750555348       131.3207412696
       17.6550000000         2.8842534586       129.4224965408
       17.6600000000         2.8931442161       131.3207412696
       17.6650000000         2.9017207001       135.1172307273
       17.6700000000         2.9099760547       131.3207412696
       17.6750000000         2.9179036807       140.8119649139
       17.6800000000         2.9254972409       146.5066991004
       17.6850000000         2.9327506651       142.7102096427
       17.6900000000         2.9396581551       155.9979227447
       17.6950000000         2.9462141891       161.6926569313
       17.7000000000         2.9524135262       154.0996780159
       17.7050000000         2.9582512110       157.8961674736
       17.7100000000         2.9637225767       176.8786147621
       17.7150000000         2.9688232496       176.8786147621
       17.7200000000         2.9735491525       169.2856358467
       17.7250000000         2.9778965074       173.0821253044
       17.7300000000         2.9818618391       171.1838805755
       17.7350000000         2.9854419779       190.1663278641
       17.7400000000         2.9886340618       178.7768594910
       17.7450000000         2.9914355391       201.5557962372
       17.7500000000         2.9938441703       192.0645725929
       17.7550000000         2.9958580301       197.7593067795
       17.7600000000         2.9974755085       211.0470198815
       17.7650000000         2.9986953126       205.3522856949
       17.7700000000         2.9995164673       220.5382435257
       17.7750000000         2.9999383162       220.5382435257
       17.7800000000         2.9999605221       212.9452646103
       17.7850000000         2.9995830672       207.2505304238
       17.7900000000         2.9988062532       212.9452646103
       17.7950000000         2.9976307011       214.8435093392
       17.8000000000         2.9960573507       226.2329777123
       17.8050000000         2.9940874596       224.3347329835
       17.8100000000         2.9917226025       218.6399987969
       17.8150000000         2.9889646699       243.3171802720
       17.8200000000         2.9858158665       224.3347329835
       17.8250000000         2.9822787092       231.9277118989
       17.8300000000         2.9783560258       220.5382435257
       17.8350000000         2.9740509518       231.9277118989
       17.8400000000         2.9693669288       237.6224460854
       17.8450000000         2.9643077011       233.8259566277
       17.8500000000         2.9588773128       230.0294671700
       17.8550000000         2.9530801051       231.9277118989
       17.8600000000         2.9469207121       231.9277118989
       17.8650000000         2.9404040575       237.6224460854
       17.8700000000         2.9335353506       241.4189355431
       17.8750000000         2.9263200822       216.7417540680
       17.8800000000         2.9187640200       235.7242013566
       17.8850000000         2.9108732043       218.6399987969
       17.8900000000         2.9026539429       228.1312224412
       17.8950000000         2.8941128060       256.6048933740
       17.9000000000         2.8852566214       214.8435093392
       17.9050000000         2.8760924685       224.3347329835
       17.9100000000         2.8666276731       220.5382435257
       17.9150000000         2.8568698011       230.0294671700
       17.9200000000         2.8468266529       239.5206908143
       17.9250000000         2.8365062568       222.4364882546
       17.9300000000         2.8259168627       222.4364882546
       17.9350000000         2.8150669356       220.5382435257
       17.9400000000         2.8039651488       218.6399987969
       17.9450000000         2.7926203770       220.5382435257
       17.9500000000         2.7810416889       224.3347329835
       17.9550000000         2.7692383404       212.9452646103
       17.9600000000         2.7572197669       209.1487751526
       17.9650000000         2.7449955758       201.5557962372
       17.9700000000         2.7325755390       209.1487751526
       17.9750000000         2.7199695849       192.0645725929
       17.9800000000         2.7071877905       192.0645725929
       17.9850000000         2.6942403733       197.7593067795
       17.9900000000         2.6811376834       186.3698384064
       17.9950000000         2.6678901947       190.1663278641
       18.0000000000         2.6545084972       178.7768594910
       18.0050000000         2.6410032880       178.7768594910
       18.0100000000         2.6273853628       171.1838805755
       18.0150000000         2.6136656078       174.9803700332
       18.0200000000         2.5998549903       167.3873911178
       18.0250000000         2.5859645501       176.8786147621
       18.0300000000         2.5720053913       157.8961674736
       18.0350000000         2.5579886724       155.9979227447
       18.0400000000         2.5439255983       148.4049438293
       18.0450000000         2.5298274107       146.5066991004
       18.0500000000         2.5157053795       146.5066991004
       18.0550000000         2.5015707937       142.7102096427
       18.0600000000         2.4874349523       142.7102096427
       18.0650000000         2.4733091551       102.8470703368
       18.0700000000         2.4592046942        61.0856863020
       18.0750000000         2.4451328445         9.8330786230
       18.0800000000         2.4311048547       -26.2335712253
       18.0850000000         2.4171319386        -3.4546344790
       18.0900000000         2.4032252660        -5.3528792079
       18.0950000000         2.3893959536         7.9348338941
       18.1000000000         2.3756550564        -3.4546344790
       18.1050000000         2.3620135587         0.3418549787
       18.1100000000         2.3484823652        -9.1493686656
       18.1150000000         2.3350722926      -145.8229891431
       18.1200000000         2.3217940606       -79.3844236332
       18.1250000000         2.3086582838       -83.1809130909
       18.1300000000         2.2956754626      -104.0616051083
       18.1350000000         2.2828559754      -100.2651156506
       18.1400000000         2.2702100697      -109.7563392948
       18.1450000000         2.2577478546      -104.0616051083
       18.1500000000         2.2454792921      -142.0264996854
       18.1550000000         2.2334141896      -111.6545840237
       18.1600000000         2.2215621918      -115.4510734814
       18.1650000000         2.2099327728      -136.3317654988
       18.1700000000         2.1985352292      -134.4335207699
       18.1750000000         2.1873786718      -145.8229891431
       18.1800000000         2.1764720192      -132.5352760411
       18.1850000000         2.1658239899      -142.0264996854
       18.1900000000         2.1554430958      -134.4335207699
       18.1950000000         2.1453376352      -153.4159680585
       18.2000000000         2.1355156863      -153.4159680585
       18.2050000000         2.1259851005      -157.2124575162
       18.2100000000         2.1167534966      -151.5177233296
       18.2150000000         2.1078282540      -145.8229891431
       18.2200000000         2.0992165076      -164.8054364316
       18.2250000000         2.0909251413      -172.3984153470
       18.2300000000         2.0829607832      -200.8720862798
       18.2350000000         2.0753297999      -161.0089469739
       18.2400000000         2.0680382914      -176.1949048047
       18.2450000000         2.0610920865      -174.2966600759
       18.2500000000         2.0544967379      -185.6861284490
       18.2550000000         2.0482575178      -187.5843731779
       18.2600000000         2.0423794137      -197.0755968221
       18.2650000000         2.0368671245      -197.0755968221
       18.2700000000         2.0317250566      -191.3808626356
       18.2750000000         2.0269573206      -206.5668204664
       18.2800000000         2.0225677276      -200.8720862798
       18.2850000000         2.0185597867      -202.7703310087
       18.2900000000         2.0149367018      -217.9562888395
       18.2950000000         2.0117013690      -208.4650651953
       18.3000000000         2.0088563746      -216.0580441107
       18.3050000000         2.0064039930      -221.7527782972
       18.3100000000         2.0043461845      -225.5492677549
       18.3150000000         2.0026845940      -223.6510230261
       18.3200000000         2.0014205499      -233.1422466704
       18.3250000000         2.0005550625      -214.1597993818
       18.3300000000         2.0000888238      -250.2264492300
       18.3350000000         2.0000222064      -225.5492677549
       18.3400000000         2.0003552637      -246.4299597723
       18.3450000000         2.0010877293      -233.1422466704
       18.3500000000         2.0022190177      -233.1422466704
       18.3550000000         2.0037482246      -242.6334703146
       18.3600000000         2.0056741276      -250.2264492300
       18.3650000000         2.0079951872      -255.9211834166
       18.3700000000         2.0107095478      -248.3282045012
       18.3750000000         2.0138150398      -240.7352255858
       18.3800000000         2.0173091806      -250.2264492300
       18.3850000000         2.0211891770      -257.8194281455
       18.3900000000         2.0254519275      -248.3282045012
       18.3950000000         2.0300940245      -259.7176728743
       18.4000000000         2.0351117571      -261.6159176032
       18.4050000000         2.0405011142      -261.6159176032
       18.4100000000         2.0462577877      -255.9211834166
       18.4150000000         2.0523771758      -250.2264492300
       18.4200000000         2.0588543868      -252.1246939589
       18.4250000000         2.0656842428      -250.2264492300
       18.4300000000         2.0728612842      -265.4124070609
       18.4350000000         2.0803797737      -248.3282045012
       18.4400000000         2.0882337012      -265.4124070609
       18.4450000000         2.0964167884      -255.9211834166
       18.4500000000         2.1049224938      -269.2088965186
       18.4550000000         2.1137440182      -261.6159176032
       18.4600000000         2.1228743096      -265.4124070609
       18.4650000000         2.1323060696      -267.3106517897
       18.4700000000         2.1420317585      -259.7176728743
       18.4750000000         2.1520436017      -254.0229386877
       18.4800000000         2.1623335959      -257.8194281455
       18.4850000000         2.1728935155      -252.1246939589
       18.4900000000         2.1837149190      -257.8194281455
       18.4950000000         2.1947891560      -236.9387361281
       18.5000000000         2.2061073739      -255.9211834166
       18.5050000000         2.2176605250      -242.6334703146
       18.5100000000         2.2294393739      -254.0229386877
       18.5150000000         2.2414345049      -250.2264492300
       18.5200000000         2.2536363292      -231.2440019415
       18.5250000000         2.2660350929      -261.6159176032
       18.5300000000         2.2786208845      -233.1422466704
       18.5350000000         2.2913836432      -246.4299597723
       18.5400000000         2.3043131666      -242.6334703146
       18.5450000000         2.3173991191      -219.8545335684
       18.5500000000         2.3306310399      -233.1422466704
       18.5550000000         2.3439983517      -208.4650651953
       18.5600000000         2.3574903688      -227.4475124838
       18.5650000000         2.3710963059      -217.9562888395
       18.5700000000         2.3848052867      -202.7703310087
       18.5750000000         2.3986063523      -223.6510230261
       18.5800000000         2.4124884705      -189.4826179067
       18.5850000000         2.4264405441      -219.8545335684
       18.5900000000         2.4404514200      -185.6861284490
       18.5950000000         2.4545098980      -185.6861284490
       18.6000000000         2.4686047402      -189.4826179067
       18.6050000000         2.4827246793      -157.2124575162
       18.6100000000         2.4968584280      -187.5843731779
       18.6150000000         2.5109946880      -157.2124575162
       18.6200000000         2.5251221591      -157.2124575162
       18.6250000000         2.5392295479      -104.0616051083
       18.6300000000         2.5533055771       -49.0125079715
       18.6350000000         2.5673389947       -12.9458581233
       18.6400000000         2.5813185826        19.3243022672
       18.6450000000         2.5952331656        -3.4546344790
       18.6500000000         2.6090716207        -5.3528792079
       18.6550000000         2.6228228856         0.3418549787
       18.6600000000         2.6364759678        -5.3528792079
       18.6650000000         2.6500199531         6.0365891652
       18.6700000000         2.6634440148        -3.4546344790
       18.6750000000         2.6767374219       -22.4370817676
       18.6800000000         2.6898895478        17.4260575384
       18.6850000000         2.7028898788       100.9488256079
       18.6900000000         2.7157280228        68.6786652174
       18.6950000000         2.7283937172        78.1698888617
       18.7000000000         2.7408768371        59.1874415732
       18.7050000000         2.7531674037        72.4751546751
       18.7100000000         2.7652555922        72.4751546751
       18.7150000000         2.7771317394        93.3558466925
       18.7200000000         2.7887863517       102.8470703368
       18.7250000000         2.8002101127        99.0505808791
       18.7300000000         2.8113938902       100.9488256079
       18.7350000000         2.8223287443        91.4576019637
       18.7400000000         2.8330059337       119.9312728965
       18.7450000000         2.8434169233       106.6435597945
       18.7500000000         2.8535533906       118.0330281676
       18.7550000000         2.8634072327       116.1347834388
       18.7600000000         2.8729705727       123.7277623542
       18.7650000000         2.8822357657       129.4224965408
       18.7700000000         2.8911954053       125.6260070830
       18.7750000000         2.8998423292       135.1172307273
       18.7800000000         2.9081696254       131.3207412696
       18.7850000000         2.9161706369       144.6084543716
       18.7900000000         2.9238389680       138.9137201850
       18.7950000000         2.9311684888       148.4049438293
       18.8000000000         2.9381533400       152.2014332870
       18.8050000000         2.9447879382       142.7102096427
       18.8100000000         2.9510669797       154.0996780159
       18.8150000000         2.9569854451       148.4049438293
       18.8200000000         2.9625386034       169.2856358467
       18.8250000000         2.9677220154       171.1838805755
       18.8300000000         2.9725315376       169.2856358467
       18.8350000000         2.9769633253       186.3698384064
       18.8400000000         2.9810138358       169.2856358467
       18.8450000000         2.9846798312       174.9803700332
       18.8500000000         2.9879583810       190.1663278641
       18.8550000000         2.9908468643       192.0645725929
       18.8600000000         2.9933429721       192.0645725929
       18.8650000000         2.9954447091       207.2505304238
       18.8700000000         2.9971503952       176.8786147621
       18.8750000000         2.9984586669       205.3522856949
       18.8800000000         2.9993684783       186.3698384064
       18.8850000000         2.9998791022       212.9452646103
       18.8900000000         2.9999901304       205.3522856949
       18.8950000000         2.9997014742       212.9452646103
       18.9000000000         2.9990133642       205.3522856949
       18.9050000000         2.9979263506       193.9628173218
       18.9100000000         2.9964413023       228.1312224412
       18.9150000000         2.9945594064       197.7593067795
       18.9200000000         2.9922821673       220.5382435257
       18.9250000000         2.9896114053       212.9452646103
       18.9300000000         2.9865492555       226.2329777123
       18.9350000000         2.9830981656       216.7417540680
       18.9400000000         2.9792608945       224.3347329835
       18.9450000000         2.9750405096       224.3347329835
       18.9500000000         2.9704403845       233.8259566277
       18.9550000000         2.9654641966       226.2329777123
       18.9600000000         2.9601159237       237.6224460854
       18.9650000000         2.9543998412       218.6399987969
       18.9700000000         2.9483205184       224.3347329835
       18.9750000000         2.9418828150       220.5382435257
       18.9800000000         2.9350918773       241.4189355431
       18.9850000000         2.9279531338       228.1312224412
       18.9900000000         2.9204722911       239.5206908143
       18.9950000000         2.9126553293       226.2329777123
       19.0000000000         2.9045084972       245.2154250008
       19.0050000000         2.8960383071       235.7242013566
       19.0100000000         2.8872515301       241.4189355431
       19.0150000000         2.8781551901       230.0294671700
       19.0200000000         2.8687565587       230.0294671700
       19.0250000000         2.8590631489       245.2154250008
       19.0300000000         2.8490827095       228.1312224412
       19.0350000000         2.8388232187       233.8259566277
       19.0400000000         2.8282928779       233.8259566277
       19.0450000000         2.8175001047       220.5382435257
       19.0500000000         2.8064535268       228.1312224412
       19.0550000000         2.7951619747       218.6399987969
       19.0600000000         2.7836344746       203.4540409661
       19.0650000000         2.7718802414       224.3347329835
       19.0700000000         2.7599086713       205.3522856949
       19.0750000000         2.7477293342       226.2329777123
       19.0800000000         2.7353519661       212.9452646103
       19.0850000000         2.7227864612       201.5557962372
       19.0900000000         2.7100428642       199.6575515084
       19.0950000000         2.6971313622       195.8610620506
       19.1000000000         2.6840622763       203.4540409661
       19.1050000000         2.6708460539       205.3522856949
       19.1100000000         2.6574932598       195.8610620506
       19.1150000000         2.6440145680       192.0645725929
       19.1200000000         2.6304207531       192.0645725929
       19.1250000000         2.6167226819       188.2680831352
       19.1300000000         2.6029313044       192.0645725929
       19.1350000000         2.5890576451       174.9803700332
       19.1400000000         2.5751127946       173.0821253044
       19.1450000000         2.5611079000       173.0821253044
       19.1500000000         2.5470541567       155.9979227447
       19.1550000000         2.5329627990       167.3873911178
       19.1600000000         2.5188450913       146.5066991004
       19.1650000000         2.5047123192       155.9979227447
       19.1700000000         2.4905757801       137.0154754562
       19.1750000000         2.4764467746       125.6260070830
       19.1800000000         2.4623365972       106.6435597945
       19.1850000000         2.4482565274        53.4927073866
       19.1900000000         2.4342178205        23.1207917249
       19.1950000000         2.4202316988       -24.3353264964
       19.2000000000         2.4063093427        -1.5563897502
       19.2050000000         2.3924618815        -1.5563897502
       19.2100000000         2.3787003846         6.0365891652
       19.2150000000         2.3650358528        -7.2511239367
       19.2200000000         2.3514792092        -1.5563897502
       19.2250000000         2.3380412909       -12.9458581233
       19.2300000000         2.3247328399      -145.8229891431
       19.2350000000         2.3115644948       -83.1809130909
       19.2400000000         2.2985467821       -90.7738920063
       19.2450000000         2.2856901081      -109.7563392948
       19.2500000000         2.2730047501      -105.9598498371
       19.2550000000         2.2605008487      -109.7563392948
       19.2600000000         2.2481883992      -119.2475629391
       19.2650000000         2.2360772440      -134.4335207699
       19.2700000000         2.2241770647      -121.1458076680
       19.2750000000         2.2124973740      -117.3493182103
       19.2800000000         2.2010475085      -124.9422971257
       19.2850000000         2.1898366210      -138.2300102277
       19.2900000000         2.1788736734      -117.3493182103
       19.2950000000         2.1681674293      -130.6370313122
       19.3000000000         2.1577264470      -143.9247444142
       19.3050000000         2.1475590730      -130.6370313122
       19.3100000000         2.1376734349      -151.5177233296
       19.3150000000         2.1280774351      -157.2124575162
       19.3200000000         2.1187787445      -161.0089469739
       19.3250000000         2.1097847963      -159.1107022450
       19.3300000000         2.1011027802      -157.2124575162
       19.3350000000         2.0927396365      -161.0089469739
       19.3400000000         2.0847020504      -174.2966600759
       19.3450000000         2.0769964472      -181.8896389913
       19.3500000000         2.0696289865      -176.1949048047
       19.3550000000         2.0626055578      -187.5843731779
       19.3600000000         2.0559317756      -176.1949048047
       19.3650000000         2.0496129747      -189.4826179067
       19.3700000000         2.0436542063      -195.1773520933
       19.3750000000         2.0380602337      -187.5843731779
       19.3800000000         2.0328355288      -204.6685757375
       19.3850000000         2.0279842679      -195.1773520933
       19.3900000000         2.0235103292      -212.2615546530
       19.3950000000         2.0194172891      -197.0755968221
       19.4000000000         2.0157084194      -210.3633099241
       19.4050000000         2.0123866850      -219.8545335684
       19.4100000000         2.0094547413      -227.4475124838
       19.4150000000         2.0069149319      -219.8545335684
       19.4200000000         2.0047692872      -219.8545335684
       19.4250000000         2.0030195223      -225.5492677549
       19.4300000000         2.0016670360      -227.4475124838
       19.4350000000         2.0007129094      -240.7352255858
       19.4400000000         2.0001579054      -233.1422466704
       19.4450000000         2.0000024674      -250.2264492300
       19.4500000000         2.0002467198      -242.6334703146
       19.4550000000         2.0008904674      -242.6334703146
       19.4600000000         2.0019331954      -240.7352255858
       19.4650000000         2.0033740705      -240.7352255858
       19.4700000000         2.0052119407      -238.8369808569
       19.4750000000         2.0074453369      -244.5317150435
       19.4800000000         2.0100724738      -259.7176728743
       19.4850000000         2.0130912513      -252.1246939589
       19.4900000000         2.0164992561      -252.1246939589
       19.4950000000         2.0202937641      -246.4299597723
       19.5000000000         2.0244717419      -263.5141623320
       19.5050000000         2.0290298496      -267.3106517897
       19.5100000000         2.0339644438      -250.2264492300
       19.5150000000         2.0392715796      -257.8194281455
       19.5200000000         2.0449470147      -255.9211834166
       19.5250000000         2.0509862121      -259.7176728743
       19.5300000000         2.0573843443      -261.6159176032
       19.5350000000         2.0641362967      -255.9211834166
       19.5400000000         2.0712366719      -263.5141623320
       19.5450000000         2.0786797939      -248.3282045012
       19.5500000000         2.0864597129      -257.8194281455
       19.5550000000         2.0945702096      -265.4124070609
       19.5600000000         2.1030048007      -252.1246939589
       19.5650000000         2.1117567437      -273.0053859763
       19.5700000000         2.1208190424      -242.6334703146
       19.5750000000         2.1301844525      -269.2088965186
       19.5800000000         2.1398454876      -248.3282045012
       19.5850000000         2.1497944246      -265.4124070609
       19.5900000000         2.1600233106      -269.2088965186
       19.5950000000         2.1705239688      -244.5317150435
       19.6000000000         2.1812880051      -267.3106517897
       19.6050000000         2.1923068149      -238.8369808569
       19.6100000000         2.2035715899      -265.4124070609
       19.6150000000         2.2150733253      -236.9387361281
       19.6200000000         2.2268028266      -252.1246939589
       19.6250000000         2.2387507176      -246.4299597723
       19.6300000000         2.2509074473      -246.4299597723
       19.6350000000         2.2632632978      -244.5317150435
       19.6400000000         2.2758083920      -238.8369808569
       19.6450000000         2.2885327015      -223.6510230261
       19.6500000000         2.3014260547      -244.5317150435
       19.6550000000         2.3144781449      -229.3457572126
       19.6600000000         2.3276785384      -236.9387361281
       19.6650000000         2.3410166831      -231.2440019415
       19.6700000000         2.3544819166      -223.6510230261
       19.6750000000         2.3680634750      -225.5492677549
       19.6800000000         2.3817505015      -208.4650651953
       19.6850000000         2.3955320548      -206.5668204664
       19.6900000000         2.4093971182      -221.7527782972
       19.6950000000         2.4233346081      -208.4650651953
       19.7000000000         2.4373333832      -200.8720862798
       19.7050000000         2.4513822530      -198.9738415510
       19.7100000000         2.4654699871      -206.5668204664
       19.7150000000         2.4795853240      -185.6861284490
       19.7200000000         2.4937169801      -197.0755968221
       19.7250000000         2.5078536587      -178.0931495336
       19.7300000000         2.5219840592      -166.7036811605
       19.7350000000         2.5360968859      -151.5177233296
       19.7400000000         2.5501808574       -86.9774025486
       19.7450000000         2.5642247151       -37.6230395984
       19.7500000000         2.5782172325         2.2400997075
       19.7550000000         2.5921472243        17.4260575384
       19.7600000000         2.6060035550        -5.3528792079
       19.7650000000         2.6197751480        -7.2511239367
       19.7700000000         2.6334509947        -9.1493686656
       19.7750000000         2.6470201626         0.3418549787
       19.7800000000         2.6604718049         9.8330786230
       19.7850000000         2.6737951685        -1.5563897502
       19.7900000000         2.6869796029         2.2400997075
       19.7950000000         2.7000145686        28.8155259115
       19.8000000000         2.7128896458        89.5593572348
       19.8050000000         2.7255945422        51.5944626577
       19.8100000000         2.7381191018        66.7804204886
       19.8150000000         2.7504533127        68.6786652174
       19.8200000000         2.7625873150        85.7628677771
       19.8250000000         2.7745114090        76.2716441328
       19.8300000000         2.7862160628        80.0681335906
       19.8350000000         2.7976919199       102.8470703368
       19.8400000000         2.8089298065        83.8646230483
       19.8450000000         2.8199207395       102.8470703368
       19.8500000000         2.8306559327        99.0505808791
       19.8550000000         2.8411268046       110.4400492522
       19.8600000000         2.8513249849       102.8470703368
       19.8650000000         2.8612423214       110.4400492522
       19.8700000000         2.8708708864       116.1347834388
       19.8750000000         2.8802029828       114.2365387099
       19.8800000000         2.8892311508       116.1347834388
       19.8850000000         2.8979481733       125.6260070830
       19.8900000000         2.9063470822       127.5242518119
       19.8950000000         2.9144211635       137.0154754562
       19.9000000000         2.9221639628       127.5242518119
       19.9050000000         2.9295692906       146.5066991004
       19.9100000000         2.9366312274       148.4049438293
       19.9150000000         2.9433441279       157.8961674736
       19.9200000000         2.9497026258       137.0154754562
       19.9250000000         2.9557016383       169.2856358467
       19.9300000000         2.9613363699       163.5909016601
       19.9350000000         2.9666023163       178.7768594910
       19.9400000000         2.9714952679       174.9803700332
       19.9450000000         2.9760113135       174.9803700332
       19.9500000000         2.9801468428       176.8786147621
       19.9550000000         2.9838985502       174.9803700332
       19.9600000000         2.9872634364       182.5733489487
       19.9650000000         2.9902388117       199.6575515084
       19.9700000000         2.9928222976       188.2680831352
       19.9750000000         2.9950118289       190.1663278641
       19.9800000000         2.9968056553       199.6575515084
       19.9850000000         2.9982023428       199.6575515084
       19.9900000000         2.9992007751       205.3522856949
       19.9950000000         2.9998001538       192.0645725929
