        0.0000000000         3.0000000000        -1.5563897502
        0.0050000000         2.9999777936       -18.6405923099
        0.0100000000         2.9999111762        57.2891968443
        0.0150000000         2.9998001538        51.5944626577
        0.0200000000         2.9996447363        81.9663783194
        0.0250000000         2.9994449375        81.9663783194
        0.0300000000         2.9992007751       102.8470703368
        0.0350000000         2.9989122707       114.2365387099
        0.0400000000         2.9985794501       116.1347834388
        0.0450000000         2.9982023428       146.5066991004
        0.0500000000         2.9977809823       135.1172307273
        0.0550000000         2.9973154060       146.5066991004
        0.0600000000         2.9968056553       155.9979227447
        0.0650000000         2.9962517754       154.0996780159
        0.0700000000         2.9956538155       155.9979227447
        0.0750000000         2.9950118289       173.0821253044
        0.0800000000         2.9943258724       140.8119649139
        0.0850000000         2.9935960070       169.2856358467
        0.0900000000         2.9928222976       165.4891463890
        0.0950000000         2.9920048128       163.5909016601
        0.1000000000         2.9911436254       178.7768594910
        0.1050000000         2.9902388117       176.8786147621
        0.1100000000         2.9892904522       188.2680831352
        0.1150000000         2.9882986310       178.7768594910
        0.1200000000         2.9872634364       186.3698384064
        0.1250000000         2.9861849602       188.2680831352
        0.1300000000         2.9850632982       192.0645725929
        0.1350000000         2.9838985502       186.3698384064
        0.1400000000         2.9826908194       193.9628173218
        0.1450000000         2.9814402133       195.8610620506
        0.1500000000         2.9801468428       201.5557962372
        0.1550000000         2.9788108230       205.3522856949
        0.1600000000         2.9774322724       220.5382435257
        0.1650000000         2.9760113135       207.2505304238
        0.1700000000         2.9745480725       201.5557962372
        0.1750000000         2.9730426794       211.0470198815
        0.1800000000         2.9714952679       207.2505304238
        0.1850000000         2.9699059755       197.7593067795
        0.1900000000         2.9682749434       209.1487751526
        0.1950000000         2.9666023163       216.7417540680
        0.2000000000         2.9648882429       203.4540409661
        0.2050000000         2.9631328755       214.8435093392
        0.2100000000         2.9613363699       214.8435093392
        0.2150000000         2.9594988858       235.7242013566
        0.2200000000         2.9576205863       228.1312224412
        0.2250000000         2.9557016383       207.2505304238
        0.2300000000         2.9537422123       216.7417540680
        0.2350000000         2.9517424822       226.2329777123
        0.2400000000         2.9497026258       224.3347329835
        0.2450000000         2.9476228242       237.6224460854
        0.2500000000         2.9455032621       235.7242013566
        0.2550000000         2.9433441279       245.2154250008
        0.2600000000         2.9411456132       222.4364882546
        0.2650000000         2.9389079135       235.7242013566
        0.2700000000         2.9366312274       241.4189355431
        0.2750000000         2.9343157572       222.4364882546
        0.2800000000         2.9319617086       239.5206908143
        0.2850000000         2.9295692906       228.1312224412
        0.2900000000         2.9271387158       243.3171802720
        0.2950000000         2.9246702001       233.8259566277
        0.3000000000         2.9221639628       230.0294671700
        0.3050000000         2.9196202263       239.5206908143
        0.3100000000         2.9170392168       235.7242013566
        0.3150000000         2.9144211635       230.0294671700
        0.3200000000         2.9117662988       245.2154250008
        0.3250000000         2.9090748587       231.9277118989
        0.3300000000         2.9063470822       247.1136697297
        0.3350000000         2.9035832116       239.5206908143
        0.3400000000         2.9007834924       230.0294671700
        0.3450000000         2.8979481733       230.0294671700
        0.3500000000         2.8950775062       249.0119144586
        0.3550000000         2.8921717460       228.1312224412
        0.3600000000         2.8892311508       241.4189355431
        0.3650000000         2.8862559818       216.7417540680
        0.3700000000         2.8832465034       241.4189355431
        0.3750000000         2.8802029828       235.7242013566
        0.3800000000         2.8771256904       239.5206908143
        0.3850000000         2.8740148995       239.5206908143
        0.3900000000         2.8708708864       220.5382435257
        0.3950000000         2.8676939304       239.5206908143
        0.4000000000         2.8644843137       233.8259566277
        0.4050000000         2.8612423214       226.2329777123
        0.4100000000         2.8579682415       222.4364882546
        0.4150000000         2.8546623648       226.2329777123
        0.4200000000         2.8513249849       235.7242013566
        0.4250000000         2.8479563983       237.6224460854
        0.4300000000         2.8445569042       222.4364882546
        0.4350000000         2.8411268046       252.8084039163
        0.4400000000         2.8376664041       230.0294671700
        0.4450000000         2.8341760101       245.2154250008
        0.4500000000         2.8306559327       228.1312224412
        0.4550000000         2.8271064845       228.1312224412
        0.4600000000         2.8235279808       235.7242013566
        0.4650000000         2.8199207395       230.0294671700
        0.4700000000         2.8162850810       230.0294671700
        0.4750000000         2.8126213282       235.7242013566
        0.4800000000         2.8089298065       226.2329777123
        0.4850000000         2.8052108440       226.2329777123
        0.4900000000         2.8014647708       216.7417540680
        0.4950000000         2.7976919199       220.5382435257
        0.5000000000         2.7938926261       228.1312224412
        0.5050000000         2.7900672272       220.5382435257
        0.5100000000         2.7862160628       220.5382435257
        0.5150000000         2.7823394750       230.0294671700
        0.5200000000         2.7784378082       212.9452646103
        0.5250000000         2.7745114090       224.3347329835
        0.5300000000         2.7705606261       220.5382435257
        0.5350000000         2.7665858104       209.1487751526
        0.5400000000         2.7625873150       209.1487751526
        0.5450000000         2.7585654951       212.9452646103
        0.5500000000         2.7545207079       214.8435093392
        0.5550000000         2.7504533127       212.9452646103
        0.5600000000         2.7463636708       205.3522856949
        0.5650000000         2.7422521454       222.4364882546
        0.5700000000         2.7381191018       201.5557962372
        0.5750000000         2.7339649071       199.6575515084
        0.5800000000         2.7297899303       201.5557962372
        0.5850000000         2.7255945422       212.9452646103
        0.5900000000         2.7213791155       195.8610620506
        0.5950000000         2.7171440246       209.1487751526
        0.6000000000         2.7128896458       199.6575515084
        0.6050000000         2.7086163568       203.4540409661
        0.6100000000         2.7043245374       203.4540409661
        0.6150000000         2.7000145686       192.0645725929
        0.6200000000         2.6956868334       203.4540409661
        0.6250000000         2.6913417162       190.1663278641
        0.6300000000         2.6869796029       197.7593067795
        0.6350000000         2.6826008809       184.4715936775
        0.6400000000         2.6782059394       197.7593067795
        0.6450000000         2.6737951685       182.5733489487
        0.6500000000         2.6693689601       167.3873911178
        0.6550000000         2.6649277074       178.7768594910
        0.6600000000         2.6604718049       146.5066991004
        0.6650000000         2.6560016483       182.5733489487
        0.6700000000         2.6515176348       163.5909016601
        0.6750000000         2.6470201626       167.3873911178
        0.6800000000         2.6425096312       169.2856358467
        0.6850000000         2.6379864413       150.3031885581
        0.6900000000         2.6334509947       159.7944122024
        0.6950000000         2.6289036941       159.7944122024
        0.7000000000         2.6243449436       154.0996780159
        0.7050000000         2.6197751480       146.5066991004
        0.7100000000         2.6151947133       159.7944122024
        0.7150000000         2.6106040464       146.5066991004
        0.7200000000         2.6060035550       146.5066991004
        0.7250000000         2.6013936477       142.7102096427
        0.7300000000         2.5967747340       133.2189859985
        0.7350000000         2.5921472243       137.0154754562
        0.7400000000         2.5875115295       133.2189859985
        0.7450000000         2.5828680614       140.8119649139
        0.7500000000         2.5782172325       140.8119649139
        0.7550000000         2.5735594559       125.6260070830
        0.7600000000         2.5688951453       131.3207412696
        0.7650000000         2.5642247151       121.8295176253
        0.7700000000         2.5595485800       125.6260070830
        0.7750000000         2.5548671555       116.1347834388
        0.7800000000         2.5501808574       121.8295176253
        0.7850000000         2.5454901020       118.0330281676
        0.7900000000         2.5407953058       116.1347834388
        0.7950000000         2.5360968859       110.4400492522
        0.8000000000         2.5313952598       100.9488256079
        0.8050000000         2.5266908449       108.5418045234
        0.8100000000         2.5219840592       106.6435597945
        0.8150000000         2.5172753207       102.8470703368
        0.8200000000         2.5125650477       106.6435597945
        0.8250000000         2.5078536587        85.7628677771
        0.8300000000         2.5031415720        99.0505808791
        0.8350000000         2.4984292063        78.1698888617
        0.8400000000         2.4937169801        78.1698888617
        0.8450000000         2.4890053120        61.0856863020
        0.8500000000         2.4842946205        40.2049942846
        0.8550000000         2.4795853240         6.0365891652
        0.8600000000         2.4748778409       -14.8441028521
        0.8650000000         2.4701725893        -5.3528792079
        0.8700000000         2.4654699871         4.1383444364
        0.8750000000         2.4607704521         6.0365891652
        0.8800000000         2.4560744017        -5.3528792079
        0.8850000000         2.4513822530        -3.4546344790
        0.8900000000         2.4466944229        -7.2511239367
        0.8950000000         2.4420113276       -96.4686261929
        0.9000000000         2.4373333832       -75.5879341755
        0.9050000000         2.4326610053       -69.8931999889
        0.9100000000         2.4279946087       -86.9774025486
        0.9150000000         2.4233346081       -83.1809130909
        0.9200000000         2.4186814174       -77.4861789043
        0.9250000000         2.4140354499       -83.1809130909
        0.9300000000         2.4093971182      -109.7563392948
        0.9350000000         2.4047668344       -94.5703814640
        0.9400000000         2.4001450097       -98.3668709217
        0.9450000000         2.3955320548       -83.1809130909
        0.9500000000         2.3909283793      -121.1458076680
        0.9550000000         2.3863343922      -104.0616051083
        0.9600000000         2.3817505015      -111.6545840237
        0.9650000000         2.3771771144      -104.0616051083
        0.9700000000         2.3726146372      -109.7563392948
        0.9750000000         2.3680634750       -98.3668709217
        0.9800000000         2.3635240322      -113.5528287526
        0.9850000000         2.3589967120      -134.4335207699
        0.9900000000         2.3544819166      -115.4510734814
        0.9950000000         2.3499800469      -121.1458076680
        1.0000000000         2.3454915028      -123.0440523968
        1.0050000000         2.3410166831      -121.1458076680
        1.0100000000         2.3365559852      -128.7387865834
        1.0150000000         2.3321098053      -121.1458076680
        1.0200000000         2.3276785384      -130.6370313122
        1.0250000000         2.3232625781      -128.7387865834
        1.0300000000         2.3188623166      -134.4335207699
        1.0350000000         2.3144781449      -130.6370313122
        1.0400000000         2.3101104522      -126.8405418545
        1.0450000000         2.3057596267      -128.7387865834
        1.0500000000         2.3014260547      -128.7387865834
        1.0550000000         2.2971101212      -126.8405418545
        1.0600000000         2.2928122095      -134.4335207699
        1.0650000000         2.2885327015      -134.4335207699
        1.0700000000         2.2842719772      -136.3317654988
        1.0750000000         2.2800304151      -134.4335207699
        1.0800000000         2.2758083920      -153.4159680585
        1.0850000000         2.2716062828      -134.4335207699
        1.0900000000         2.2674244610      -134.4335207699
        1.0950000000         2.2632632978      -128.7387865834
        1.1000000000         2.2591231629      -157.2124575162
        1.1050000000         2.2550044242      -147.7212338719
        1.1100000000         2.2509074473      -143.9247444142
        1.1150000000         2.2468325963      -143.9247444142
        1.1200000000         2.2427802331      -143.9247444142
        1.1250000000         2.2387507176      -151.5177233296
        1.1300000000         2.2347444078      -155.3142127873
        1.1350000000         2.2307616596      -174.2966600759
        1.1400000000         2.2268028266      -161.0089469739
        1.1450000000         2.2228682606      -159.1107022450
        1.1500000000         2.2189583111      -164.8054364316
        1.1550000000         2.2150733253      -170.5001706182
        1.1600000000         2.2112136483      -174.2966600759
        1.1650000000         2.2073796230      -166.7036811605
        1.1700000000         2.2035715899      -174.2966600759
        1.1750000000         2.1997898873      -174.2966600759
        1.1800000000         2.1960348512      -176.1949048047
        1.1850000000         2.1923068149      -179.9913942624
        1.1900000000         2.1886061098      -183.7878837202
        1.1950000000         2.1849330644      -181.8896389913
        1.2000000000         2.1812880051      -179.9913942624
        1.2050000000         2.1776712557      -197.0755968221
        1.2100000000         2.1740831373      -200.8720862798
        1.2150000000         2.1705239688      -191.3808626356
        1.2200000000         2.1669940663      -197.0755968221
        1.2250000000         2.1634937432      -198.9738415510
        1.2300000000         2.1600233106      -187.5843731779
        1.2350000000         2.1565830767      -193.2791073644
        1.2400000000         2.1531733471      -200.8720862798
        1.2450000000         2.1497944246      -206.5668204664
        1.2500000000         2.1464466094      -189.4826179067
        1.2550000000         2.1431301989      -204.6685757375
        1.2600000000         2.1398454876      -204.6685757375
        1.2650000000         2.1365927673      -204.6685757375
        1.2700000000         2.1333723269      -210.3633099241
        1.2750000000         2.1301844525      -214.1597993818
        1.2800000000         2.1270294273      -214.1597993818
        1.2850000000         2.1239075315      -216.0580441107
        1.2900000000         2.1208190424      -216.0580441107
        1.2950000000         2.1177642343      -219.8545335684
        1.3000000000         2.1147433786      -217.9562888395
        1.3050000000         2.1117567437      -221.7527782972
        1.3100000000         2.1088045947      -235.0404913992
        1.3150000000         2.1058871940      -225.5492677549
        1.3200000000         2.1030048007      -217.9562888395
        1.3250000000         2.1001576708      -216.0580441107
        1.3300000000         2.0973460571      -225.5492677549
        1.3350000000         2.0945702096      -212.2615546530
        1.3400000000         2.0918303746      -238.8369808569
        1.3450000000         2.0891267957      -231.2440019415
        1.3500000000         2.0864597129      -248.3282045012
        1.3550000000         2.0838293631      -223.6510230261
        1.3600000000         2.0812359800      -227.4475124838
        1.3650000000         2.0786797939      -233.1422466704
        1.3700000000         2.0761610320      -231.2440019415
        1.3750000000         2.0736799178      -236.9387361281
        1.3800000000         2.0712366719      -233.1422466704
        1.3850000000         2.0688315112      -227.4475124838
        1.3900000000         2.0664646494      -233.1422466704
        1.3950000000         2.0641362967      -240.7352255858
        1.4000000000         2.0618466600      -242.6334703146
        1.4050000000         2.0595959425      -238.8369808569
        1.4100000000         2.0573843443      -242.6334703146
        1.4150000000         2.0552120618      -208.4650651953
        1.4200000000         2.0530792879      -242.6334703146
        1.4250000000         2.0509862121      -225.5492677549
        1.4300000000         2.0489330203      -248.3282045012
        1.4350000000         2.0469198949      -248.3282045012
        1.4400000000         2.0449470147      -236.9387361281
        1.4450000000         2.0430145549      -246.4299597723
        1.4500000000         2.0411226872      -229.3457572126
        1.4550000000         2.0392715796      -250.2264492300
        1.4600000000         2.0374613966      -236.9387361281
        1.4650000000         2.0356922989      -248.3282045012
        1.4700000000         2.0339644438      -244.5317150435
        1.4750000000         2.0322779846      -240.7352255858
        1.4800000000         2.0306330712      -254.0229386877
        1.4850000000         2.0290298496      -250.2264492300
        1.4900000000         2.0274684624      -257.8194281455
        1.4950000000         2.0259490482      -250.2264492300
        1.5000000000         2.0244717419      -255.9211834166
        1.5050000000         2.0230366747      -265.4124070609
        1.5100000000         2.0216439742      -246.4299597723
        1.5150000000         2.0202937641      -271.1071412474
        1.5200000000         2.0189861642      -250.2264492300
        1.5250000000         2.0177212908      -255.9211834166
        1.5300000000         2.0164992561      -263.5141623320
        1.5350000000         2.0153201688      -254.0229386877
        1.5400000000         2.0141841335      -271.1071412474
        1.5450000000         2.0130912513      -255.9211834166
        1.5500000000         2.0120416190      -267.3106517897
        1.5550000000         2.0110353301      -269.2088965186
        1.5600000000         2.0100724738      -263.5141623320
        1.5650000000         2.0091531357      -280.5983648917
        1.5700000000         2.0082773975      -271.1071412474
        1.5750000000         2.0074453369      -271.1071412474
        1.5800000000         2.0066570279      -265.4124070609
        1.5850000000         2.0059125404      -278.7001201629
        1.5900000000         2.0052119407      -265.4124070609
        1.5950000000         2.0045552909      -286.2930990783
        1.6000000000         2.0039426493      -278.7001201629
        1.6050000000         2.0033740705      -273.0053859763
        1.6100000000         2.0028496048      -295.7843227225
        1.6150000000         2.0023692989      -263.5141623320
        1.6200000000         2.0019331954      -291.9878332648
        1.6250000000         2.0015413331      -273.0053859763
        1.6300000000         2.0011937468      -280.5983648917
        1.6350000000         2.0008904674      -273.0053859763
        1.6400000000         2.0006315217      -267.3106517897
        1.6450000000         2.0004169328      -291.9878332648
        1.6500000000         2.0002467198      -274.9036307051
        1.6550000000         2.0001208978      -265.4124070609
        1.6600000000         2.0000394779      -271.1071412474
        1.6650000000         2.0000024674      -271.1071412474
        1.6700000000         2.0000098696      -269.2088965186
        1.6750000000         2.0000616838      -276.8018754340
        1.6800000000         2.0001579054      -271.1071412474
        1.6850000000         2.0002985258      -293.8860779937
        1.6900000000         2.0004835327      -265.4124070609
        1.6950000000         2.0007129094      -307.1737910957
        1.7000000000         2.0009866358      -274.9036307051
        1.7050000000         2.0013046874      -284.3948543494
        1.7100000000         2.0016670360      -276.8018754340
        1.7150000000         2.0020736494      -293.8860779937
        1.7200000000         2.0025244915      -291.9878332648
        1.7250000000         2.0030195223      -293.8860779937
        1.7300000000         2.0035586977      -284.3948543494
        1.7350000000         2.0041419699      -286.2930990783
        1.7400000000         2.0047692872      -291.9878332648
        1.7450000000         2.0054405936      -303.3773016380
        1.7500000000         2.0061558297      -288.1913438071
        1.7550000000         2.0069149319      -286.2930990783
        1.7600000000         2.0077178327      -278.7001201629
        1.7650000000         2.0085644609      -282.4966096206
        1.7700000000         2.0094547413      -303.3773016380
        1.7750000000         2.0103885947      -280.5983648917
        1.7800000000         2.0113659382      -309.0720358245
        1.7850000000         2.0123866850      -291.9878332648
        1.7900000000         2.0134507445      -290.0895885360
        1.7950000000         2.0145580221      -301.4790569091
        1.8000000000         2.0157084194      -303.3773016380
        1.8050000000         2.0169018344      -290.0895885360
        1.8100000000         2.0181381609      -299.5808121802
        1.8150000000         2.0194172891      -290.0895885360
        1.8200000000         2.0207391055      -309.0720358245
        1.8250000000         2.0221034926      -286.2930990783
        1.8300000000         2.0235103292      -299.5808121802
        1.8350000000         2.0249594904      -303.3773016380
        1.8400000000         2.0264508475      -314.7667700111
        1.8450000000         2.0279842679      -299.5808121802
        1.8500000000         2.0295596155      -303.3773016380
        1.8550000000         2.0311767504      -303.3773016380
        1.8600000000         2.0328355288      -309.0720358245
        1.8650000000         2.0345358034      -303.3773016380
        1.8700000000         2.0362774233      -310.9702805534
        1.8750000000         2.0380602337      -299.5808121802
        1.8800000000         2.0398840763      -299.5808121802
        1.8850000000         2.0417487890      -295.7843227225
        1.8900000000         2.0436542063      -303.3773016380
        1.8950000000         2.0456001588      -322.3597489265
        1.9000000000         2.0475864738      -297.6825674514
        1.9050000000         2.0496129747      -303.3773016380
        1.9100000000         2.0516794816      -290.0895885360
        1.9150000000         2.0537858109      -303.3773016380
        1.9200000000         2.0559317756      -305.2755463668
        1.9250000000         2.0581171850      -295.7843227225
        1.9300000000         2.0603418449      -316.6650147399
        1.9350000000         2.0626055578      -295.7843227225
        1.9400000000         2.0649081227      -291.9878332648
        1.9450000000         2.0672493349      -303.3773016380
        1.9500000000         2.0696289865      -291.9878332648
        1.9550000000         2.0720468662      -307.1737910957
        1.9600000000         2.0745027591      -293.8860779937
        1.9650000000         2.0769964472      -286.2930990783
        1.9700000000         2.0795277089      -305.2755463668
        1.9750000000         2.0820963193      -288.1913438071
        1.9800000000         2.0847020504      -301.4790569091
        1.9850000000         2.0873446707      -295.7843227225
        1.9900000000         2.0900239453      -291.9878332648
        1.9950000000         2.0927396365      -286.2930990783
        2.0000000000         2.0954915028      -291.9878332648
        2.0050000000         2.0982792999      -291.9878332648
        2.0100000000         2.1011027802      -305.2755463668
        2.0150000000         2.1039616929      -293.8860779937
        2.0200000000         2.1068557839      -293.8860779937
        2.0250000000         2.1097847963      -269.2088965186
        2.0300000000         2.1127484699      -280.5983648917
        2.0350000000         2.1157465414      -291.9878332648
        2.0400000000         2.1187787445      -291.9878332648
        2.0450000000         2.1218448099      -288.1913438071
        2.0500000000         2.1249444652      -290.0895885360
        2.0550000000         2.1280774351      -301.4790569091
        2.0600000000         2.1312434413      -280.5983648917
        2.0650000000         2.1344422026      -276.8018754340
        2.0700000000         2.1376734349      -295.7843227225
        2.0750000000         2.1409368511      -286.2930990783
        2.0800000000         2.1442321614      -290.0895885360
        2.0850000000         2.1475590730      -276.8018754340
        2.0900000000         2.1509172905      -278.7001201629
        2.0950000000         2.1543065155      -276.8018754340
        2.1000000000         2.1577264470      -291.9878332648
        2.1050000000         2.1611767813      -252.1246939589
        2.1100000000         2.1646572117      -288.1913438071
        2.1150000000         2.1681674293      -288.1913438071
        2.1200000000         2.1717071221      -273.0053859763
        2.1250000000         2.1752759758      -274.9036307051
        2.1300000000         2.1788736734      -269.2088965186
        2.1350000000         2.1824998953      -267.3106517897
        2.1400000000         2.1861543194      -265.4124070609
        2.1450000000         2.1898366210      -273.0053859763
        2.1500000000         2.1935464732      -265.4124070609
        2.1550000000         2.1972835463      -267.3106517897
        2.1600000000         2.2010475085      -257.8194281455
        2.1650000000         2.2048380253      -265.4124070609
        2.1700000000         2.2086547602      -276.8018754340
        2.1750000000         2.2124973740      -267.3106517897
        2.1800000000         2.2163655254      -255.9211834166
        2.1850000000         2.2202588709      -261.6159176032
        2.1900000000         2.2241770647      -250.2264492300
        2.1950000000         2.2281197586      -259.7176728743
        2.2000000000         2.2320866025      -265.4124070609
        2.2050000000         2.2360772440      -252.1246939589
        2.2100000000         2.2400913287      -252.1246939589
        2.2150000000         2.2441284999      -246.4299597723
        2.2200000000         2.2481883992      -261.6159176032
        2.2250000000         2.2522706658      -248.3282045012
        2.2300000000         2.2563749371      -231.2440019415
        2.2350000000         2.2605008487      -255.9211834166
        2.2400000000         2.2646480339      -233.1422466704
        2.2450000000         2.2688161245      -248.3282045012
        2.2500000000         2.2730047501      -240.7352255858
        2.2550000000         2.2772135388      -219.8545335684
        2.2600000000         2.2814421167      -257.8194281455
        2.2650000000         2.2856901081      -206.5668204664
        2.2700000000         2.2899571358      -236.9387361281
        2.2750000000         2.2942428207      -219.8545335684
        2.2800000000         2.2985467821      -223.6510230261
        2.2850000000         2.3028686378      -238.8369808569
        2.2900000000         2.3072080039      -208.4650651953
        2.2950000000         2.3115644948      -235.0404913992
        2.3000000000         2.3159377237      -204.6685757375
        2.3050000000         2.3203273020      -219.8545335684
        2.3100000000         2.3247328399      -231.2440019415
        2.3150000000         2.3291539461      -208.4650651953
        2.3200000000         2.3335902277      -217.9562888395
        2.3250000000         2.3380412909      -210.3633099241
        2.3300000000         2.3425067402      -210.3633099241
        2.3350000000         2.3469861789      -217.9562888395
        2.3400000000         2.3514792092      -216.0580441107
        2.3450000000         2.3559854320      -195.1773520933
        2.3500000000         2.3605044470      -202.7703310087
        2.3550000000         2.3650358528      -197.0755968221
        2.3600000000         2.3695792469      -206.5668204664
        2.3650000000         2.3741342257      -212.2615546530
        2.3700000000         2.3787003846      -195.1773520933
        2.3750000000         2.3832773181      -187.5843731779
        2.3800000000         2.3878646195      -189.4826179067
        2.3850000000         2.3924618815      -197.0755968221
        2.3900000000         2.3970686956      -193.2791073644
        2.3950000000         2.4016846527      -191.3808626356
        2.4000000000         2.4063093427      -189.4826179067
        2.4050000000         2.4109423549      -181.8896389913
        2.4100000000         2.4155832776      -181.8896389913
        2.4150000000         2.4202316988      -187.5843731779
        2.4200000000         2.4248872054      -181.8896389913
        2.4250000000         2.4295493840      -166.7036811605
        2.4300000000         2.4342178205      -181.8896389913
        2.4350000000         2.4388921000      -168.6019258893
        2.4400000000         2.4435718076      -176.1949048047
        2.4450000000         2.4482565274      -170.5001706182
        2.4500000000         2.4529458433      -179.9913942624
        2.4550000000         2.4576393389      -168.6019258893
        2.4600000000         2.4623365972      -157.2124575162
        2.4650000000         2.4670372010      -174.2966600759
        2.4700000000         2.4717407328      -151.5177233296
        2.4750000000         2.4764467746      -157.2124575162
        2.4800000000         2.4811549087      -159.1107022450
        2.4850000000         2.4858647166      -151.5177233296
        2.4900000000         2.4905757801      -159.1107022450
        2.4950000000         2.4952876808      -143.9247444142
        2.5000000000         2.5000000000      -123.0440523968
        2.5050000000         2.5047123192      -126.8405418545
        2.5100000000         2.5094242199      -109.7563392948
        2.5150000000         2.5141352834      -134.4335207699
        2.5200000000         2.5188450913       -90.7738920063
        2.5250000000         2.5235532254       -43.3177737850
        2.5300000000         2.5282592672        -7.2511239367
        2.5350000000         2.5329627990        11.7313233518
        2.5400000000         2.5376634028        -3.4546344790
        2.5450000000         2.5423606611        -9.1493686656
        2.5500000000         2.5470541567        -5.3528792079
        2.5550000000         2.5517434726        -5.3528792079
        2.5600000000         2.5564281924         4.1383444364
        2.5650000000         2.5611079000         4.1383444364
        2.5700000000         2.5657821795        -1.5563897502
        2.5750000000         2.5704506160         2.2400997075
        2.5800000000         2.5751127946        85.7628677771
        2.5850000000         2.5797683012        66.7804204886
        2.5900000000         2.5844167224        51.5944626577
        2.5950000000         2.5890576451        66.7804204886
        2.6000000000         2.5936906573        68.6786652174
        2.6050000000         2.5983153473        55.3909521154
        2.6100000000         2.6029313044        59.1874415732
        2.6150000000         2.6075381185        78.1698888617
        2.6200000000         2.6121353805        72.4751546751
        2.6250000000         2.6167226819        74.3733994040
        2.6300000000         2.6212996154        72.4751546751
        2.6350000000         2.6258657743        80.0681335906
        2.6400000000         2.6304207531        66.7804204886
        2.6450000000         2.6349641472        76.2716441328
        2.6500000000         2.6394955530        85.7628677771
        2.6550000000         2.6440145680        70.5769099463
        2.6600000000         2.6485207908        89.5593572348
        2.6650000000         2.6530138211        78.1698888617
        2.6700000000         2.6574932598        85.7628677771
        2.6750000000         2.6619587091        91.4576019637
        2.6800000000         2.6664097723        89.5593572348
        2.6850000000         2.6708460539        81.9663783194
        2.6900000000         2.6752671601        89.5593572348
        2.6950000000         2.6796726980        85.7628677771
        2.7000000000         2.6840622763        89.5593572348
        2.7050000000         2.6884355052        97.1523361502
        2.7100000000         2.6927919961        91.4576019637
        2.7150000000         2.6971313622        91.4576019637
        2.7200000000         2.7014532179        85.7628677771
        2.7250000000         2.7057571793        97.1523361502
        2.7300000000         2.7100428642        87.6611125060
        2.7350000000         2.7143098919        95.2540914214
        2.7400000000         2.7185578833        93.3558466925
        2.7450000000         2.7227864612       104.7453150657
        2.7500000000         2.7269952499       108.5418045234
        2.7550000000         2.7311838755       112.3382939811
        2.7600000000         2.7353519661       108.5418045234
        2.7650000000         2.7394991513       119.9312728965
        2.7700000000         2.7436250629       102.8470703368
        2.7750000000         2.7477293342       112.3382939811
        2.7800000000         2.7518116008       116.1347834388
        2.7850000000         2.7558715001       119.9312728965
        2.7900000000         2.7599086713       129.4224965408
        2.7950000000         2.7639227560       116.1347834388
        2.8000000000         2.7679133975       131.3207412696
        2.8050000000         2.7718802414       123.7277623542
        2.8100000000         2.7758229353       121.8295176253
        2.8150000000         2.7797411291       125.6260070830
        2.8200000000         2.7836344746       133.2189859985
        2.8250000000         2.7875026260       119.9312728965
        2.8300000000         2.7913452398       142.7102096427
        2.8350000000         2.7951619747       135.1172307273
        2.8400000000         2.7989524915       144.6084543716
        2.8450000000         2.8027164537       146.5066991004
        2.8500000000         2.8064535268       138.9137201850
        2.8550000000         2.8101633790       146.5066991004
        2.8600000000         2.8138456806       161.6926569313
        2.8650000000         2.8175001047       152.2014332870
        2.8700000000         2.8211263266       154.0996780159
        2.8750000000         2.8247240242       152.2014332870
        2.8800000000         2.8282928779       157.8961674736
        2.8850000000         2.8318325707       157.8961674736
        2.8900000000         2.8353427883       161.6926569313
        2.8950000000         2.8388232187       167.3873911178
        2.9000000000         2.8422735530       161.6926569313
        2.9050000000         2.8456934845       169.2856358467
        2.9100000000         2.8490827095       167.3873911178
        2.9150000000         2.8524409270       159.7944122024
        2.9200000000         2.8557678386       174.9803700332
        2.9250000000         2.8590631489       174.9803700332
        2.9300000000         2.8623265651       176.8786147621
        2.9350000000         2.8655577974       165.4891463890
        2.9400000000         2.8687565587       174.9803700332
        2.9450000000         2.8719225649       195.8610620506
        2.9500000000         2.8750555348       174.9803700332
        2.9550000000         2.8781551901       184.4715936775
        2.9600000000         2.8812212555       192.0645725929
        2.9650000000         2.8842534586       192.0645725929
        2.9700000000         2.8872515301       186.3698384064
        2.9750000000         2.8902152037       188.2680831352
        2.9800000000         2.8931442161       190.1663278641
        2.9850000000         2.8960383071       188.2680831352
        2.9900000000         2.8988972198       209.1487751526
        2.9950000000         2.9017207001       197.7593067795
        3.0000000000         2.9045084972       195.8610620506
        3.0050000000         2.9072603635       193.9628173218
        3.0100000000         2.9099760547       199.6575515084
        3.0150000000         2.9126553293       199.6575515084
        3.0200000000         2.9152979496       203.4540409661
        3.0250000000         2.9179036807       209.1487751526
        3.0300000000         2.9204722911       199.6575515084
        3.0350000000         2.9230035528       199.6575515084
        3.0400000000         2.9254972409       199.6575515084
        3.0450000000         2.9279531338       205.3522856949
        3.0500000000         2.9303710135       220.5382435257
        3.0550000000         2.9327506651       197.7593067795
        3.0600000000         2.9350918773       199.6575515084
        3.0650000000         2.9373944422       205.3522856949
        3.0700000000         2.9396581551       205.3522856949
        3.0750000000         2.9418828150       207.2505304238
        3.0800000000         2.9440682244       212.9452646103
        3.0850000000         2.9462141891       205.3522856949
        3.0900000000         2.9483205184       220.5382435257
        3.0950000000         2.9503870253       218.6399987969
        3.1000000000         2.9524135262       207.2505304238
        3.1050000000         2.9543998412       212.9452646103
        3.1100000000         2.9563457937       218.6399987969
        3.1150000000         2.9582512110       184.4715936775
        3.1200000000         2.9601159237       222.4364882546
        3.1250000000         2.9619397663       203.4540409661
        3.1300000000         2.9637225767       222.4364882546
        3.1350000000         2.9654641966       212.9452646103
        3.1400000000         2.9671644712       216.7417540680
        3.1450000000         2.9688232496       222.4364882546
        3.1500000000         2.9704403845       230.0294671700
        3.1550000000         2.9720157321       224.3347329835
        3.1600000000         2.9735491525       224.3347329835
        3.1650000000         2.9750405096       216.7417540680
        3.1700000000         2.9764896708       222.4364882546
        3.1750000000         2.9778965074       220.5382435257
        3.1800000000         2.9792608945       220.5382435257
        3.1850000000         2.9805827109       222.4364882546
        3.1900000000         2.9818618391       203.4540409661
        3.1950000000         2.9830981656       207.2505304238
        3.2000000000         2.9842915806       224.3347329835
        3.2050000000         2.9854419779       230.0294671700
        3.2100000000         2.9865492555       207.2505304238
        3.2150000000         2.9876133150       222.4364882546
        3.2200000000         2.9886340618       218.6399987969
        3.2250000000         2.9896114053       214.8435093392
        3.2300000000         2.9905452587       233.8259566277
        3.2350000000         2.9914355391       222.4364882546
        3.2400000000         2.9922821673       228.1312224412
        3.2450000000         2.9930850681       237.6224460854
        3.2500000000         2.9938441703       220.5382435257
        3.2550000000         2.9945594064       252.8084039163
        3.2600000000         2.9952307128       216.7417540680
        3.2650000000         2.9958580301       231.9277118989
        3.2700000000         2.9964413023       235.7242013566
        3.2750000000         2.9969804777       212.9452646103
        3.2800000000         2.9974755085       249.0119144586
        3.2850000000         2.9979263506       230.0294671700
        3.2900000000         2.9983329640       230.0294671700
        3.2950000000         2.9986953126       233.8259566277
        3.3000000000         2.9990133642       216.7417540680
        3.3050000000         2.9992870906       231.9277118989
        3.3100000000         2.9995164673       235.7242013566
        3.3150000000         2.9997014742       224.3347329835
        3.3200000000         2.9998420946       237.6224460854
        3.3250000000         2.9999383162       231.9277118989
        3.3300000000         2.9999901304       241.4189355431
        3.3350000000         2.9999975326       237.6224460854
        3.3400000000         2.9999605221       237.6224460854
        3.3450000000         2.9998791022       254.7066486451
        3.3500000000         2.9997532802       224.3347329835
        3.3550000000         2.9995830672       247.1136697297
        3.3600000000         2.9993684783       237.6224460854
        3.3650000000         2.9991095326       245.2154250008
        3.3700000000         2.9988062532       239.5206908143
        3.3750000000         2.9984586669       241.4189355431
        3.3800000000         2.9980668046       249.0119144586
        3.3850000000         2.9976307011       254.7066486451
        3.3900000000         2.9971503952       230.0294671700
        3.3950000000         2.9966259295       254.7066486451
        3.4000000000         2.9960573507       235.7242013566
        3.4050000000         2.9954447091       235.7242013566
        3.4100000000         2.9947880593       250.9101591874
        3.4150000000         2.9940874596       239.5206908143
        3.4200000000         2.9933429721       252.8084039163
        3.4250000000         2.9925546631       237.6224460854
        3.4300000000         2.9917226025       254.7066486451
        3.4350000000         2.9908468643       252.8084039163
        3.4400000000         2.9899275262       245.2154250008
        3.4450000000         2.9889646699       258.5031381028
        3.4500000000         2.9879583810       226.2329777123
        3.4550000000         2.9869087487       258.5031381028
        3.4600000000         2.9858158665       247.1136697297
        3.4650000000         2.9846798312       250.9101591874
        3.4700000000         2.9835007439       250.9101591874
        3.4750000000         2.9822787092       243.3171802720
        3.4800000000         2.9810138358       239.5206908143
        3.4850000000         2.9797062359       239.5206908143
        3.4900000000         2.9783560258       237.6224460854
        3.4950000000         2.9769633253       266.0961170182
        3.5000000000         2.9755282581       237.6224460854
        3.5050000000         2.9740509518       262.2996275605
        3.5100000000         2.9725315376       245.2154250008
        3.5150000000         2.9709701504       245.2154250008
        3.5200000000         2.9693669288       254.7066486451
        3.5250000000         2.9677220154       249.0119144586
        3.5300000000         2.9660355562       254.7066486451
        3.5350000000         2.9643077011       239.5206908143
        3.5400000000         2.9625386034       256.6048933740
        3.5450000000         2.9607284204       243.3171802720
        3.5500000000         2.9588773128       252.8084039163
        3.5550000000         2.9569854451       245.2154250008
        3.5600000000         2.9550529853       254.7066486451
        3.5650000000         2.9530801051       258.5031381028
        3.5700000000         2.9510669797       239.5206908143
        3.5750000000         2.9490137879       260.4013828317
        3.5800000000         2.9469207121       252.8084039163
        3.5850000000         2.9447879382       266.0961170182
        3.5900000000         2.9426156557       245.2154250008
        3.5950000000         2.9404040575       258.5031381028
        3.6000000000         2.9381533400       267.9943617471
        3.6050000000         2.9358637033       252.8084039163
        3.6100000000         2.9335353506       258.5031381028
        3.6150000000         2.9311684888       247.1136697297
        3.6200000000         2.9287633281       239.5206908143
        3.6250000000         2.9263200822       243.3171802720
        3.6300000000         2.9238389680       243.3171802720
        3.6350000000         2.9213202061       256.6048933740
        3.6400000000         2.9187640200       245.2154250008
        3.6450000000         2.9161706369       233.8259566277
        3.6500000000         2.9135402871       235.7242013566
        3.6550000000         2.9108732043       243.3171802720
        3.6600000000         2.9081696254       241.4189355431
        3.6650000000         2.9054297904       241.4189355431
        3.6700000000         2.9026539429       243.3171802720
        3.6750000000         2.8998423292       239.5206908143
        3.6800000000         2.8969951993       226.2329777123
        3.6850000000         2.8941128060       252.8084039163
        3.6900000000         2.8911954053       231.9277118989
        3.6950000000         2.8882432563       239.5206908143
        3.7000000000         2.8852566214       235.7242013566
        3.7050000000         2.8822357657       233.8259566277
        3.7100000000         2.8791809576       254.7066486451
        3.7150000000         2.8760924685       212.9452646103
        3.7200000000         2.8729705727       241.4189355431
        3.7250000000         2.8698155475       220.5382435257
        3.7300000000         2.8666276731       224.3347329835
        3.7350000000         2.8634072327       231.9277118989
        3.7400000000         2.8601545124       220.5382435257
        3.7450000000         2.8568698011       224.3347329835
        3.7500000000         2.8535533906       218.6399987969
        3.7550000000         2.8502055754       212.9452646103
        3.7600000000         2.8468266529       220.5382435257
        3.7650000000         2.8434169233       212.9452646103
        3.7700000000         2.8399766894       224.3347329835
        3.7750000000         2.8365062568       209.1487751526
        3.7800000000         2.8330059337       214.8435093392
        3.7850000000         2.8294760312       214.8435093392
        3.7900000000         2.8259168627       207.2505304238
        3.7950000000         2.8223287443       203.4540409661
        3.8000000000         2.8187119949       222.4364882546
        3.8050000000         2.8150669356       211.0470198815
        3.8100000000         2.8113938902       228.1312224412
        3.8150000000         2.8076931851       197.7593067795
        3.8200000000         2.8039651488       207.2505304238
        3.8250000000         2.8002101127       203.4540409661
        3.8300000000         2.7964284101       205.3522856949
        3.8350000000         2.7926203770       212.9452646103
        3.8400000000         2.7887863517       197.7593067795
        3.8450000000         2.7849266747       197.7593067795
        3.8500000000         2.7810416889       209.1487751526
        3.8550000000         2.7771317394       197.7593067795
        3.8600000000         2.7731971734       205.3522856949
        3.8650000000         2.7692383404       207.2505304238
        3.8700000000         2.7652555922       193.9628173218
        3.8750000000         2.7612492824       192.0645725929
        3.8800000000         2.7572197669       192.0645725929
        3.8850000000         2.7531674037       203.4540409661
        3.8900000000         2.7490925527       192.0645725929
        3.8950000000         2.7449955758       182.5733489487
        3.9000000000         2.7408768371       186.3698384064
        3.9050000000         2.7367367022       186.3698384064
        3.9100000000         2.7325755390       188.2680831352
        3.9150000000         2.7283937172       169.2856358467
        3.9200000000         2.7241916080       192.0645725929
        3.9250000000         2.7199695849       169.2856358467
        3.9300000000         2.7157280228       184.4715936775
        3.9350000000         2.7114672985       180.6751042198
        3.9400000000         2.7071877905       173.0821253044
        3.9450000000         2.7028898788       178.7768594910
        3.9500000000         2.6985739453       176.8786147621
        3.9550000000         2.6942403733       163.5909016601
        3.9600000000         2.6898895478       173.0821253044
        3.9650000000         2.6855218551       157.8961674736
        3.9700000000         2.6811376834       180.6751042198
        3.9750000000         2.6767374219       155.9979227447
        3.9800000000         2.6723214616       163.5909016601
        3.9850000000         2.6678901947       159.7944122024
        3.9900000000         2.6634440148       142.7102096427
        3.9950000000         2.6589833169       165.4891463890
        4.0000000000         2.6545084972       146.5066991004
        4.0050000000         2.6500199531       148.4049438293
        4.0100000000         2.6455180834       144.6084543716
        4.0150000000         2.6410032880       150.3031885581
        4.0200000000         2.6364759678       137.0154754562
        4.0250000000         2.6319365250       138.9137201850
        4.0300000000         2.6273853628       142.7102096427
        4.0350000000         2.6228228856       131.3207412696
        4.0400000000         2.6182494985       133.2189859985
        4.0450000000         2.6136656078       127.5242518119
        4.0500000000         2.6090716207       129.4224965408
        4.0550000000         2.6044679452       129.4224965408
        4.0600000000         2.5998549903       116.1347834388
        4.0650000000         2.5952331656       123.7277623542
        4.0700000000         2.5906028818       123.7277623542
        4.0750000000         2.5859645501       108.5418045234
        4.0800000000         2.5813185826       123.7277623542
        4.0850000000         2.5766653919       112.3382939811
        4.0900000000         2.5720053913       112.3382939811
        4.0950000000         2.5673389947       106.6435597945
        4.1000000000         2.5626666168       108.5418045234
        4.1050000000         2.5579886724       121.8295176253
        4.1100000000         2.5533055771       100.9488256079
        4.1150000000         2.5486177470       110.4400492522
        4.1200000000         2.5439255983        99.0505808791
        4.1250000000         2.5392295479       102.8470703368
        4.1300000000         2.5345300129       102.8470703368
        4.1350000000         2.5298274107        91.4576019637
        4.1400000000         2.5251221591        93.3558466925
        4.1450000000         2.5204146760        93.3558466925
        4.1500000000         2.5157053795        91.4576019637
        4.1550000000         2.5109946880        93.3558466925
        4.1600000000         2.5062830199        85.7628677771
        4.1650000000         2.5015707937        85.7628677771
        4.1700000000         2.4968584280        70.5769099463
        4.1750000000         2.4921463413        66.7804204886
        4.1800000000         2.4874349523        55.3909521154
        4.1850000000         2.4827246793        38.3067495558
        4.1900000000         2.4780159408        -5.3528792079
        4.1950000000         2.4733091551        -5.3528792079
        4.2000000000         2.4686047402        -7.2511239367
        4.2050000000         2.4639031141         6.0365891652
        4.2100000000         2.4592046942        11.7313233518
        4.2150000000         2.4545098980         0.3418549787
        4.2200000000         2.4498191426        -9.1493686656
        4.2250000000         2.4451328445       -12.9458581233
        4.2300000000         2.4404514200      -104.0616051083
        4.2350000000         2.4357752849       -60.4019763446
        4.2400000000         2.4311048547       -71.7914447178
        4.2450000000         2.4264405441       -73.6896894466
        4.2500000000         2.4217827675       -81.2826683620
        4.2550000000         2.4171319386       -88.8756472775
        4.2600000000         2.4124884705       -73.6896894466
        4.2650000000         2.4078527757      -100.2651156506
        4.2700000000         2.4032252660       -83.1809130909
        4.2750000000         2.3986063523       -90.7738920063
        4.2800000000         2.3939964450       -88.8756472775
        4.2850000000         2.3893959536       -92.6721367352
        4.2900000000         2.3848052867       -94.5703814640
        4.2950000000         2.3802248520       -81.2826683620
        4.3000000000         2.3756550564       -85.0791578197
        4.3050000000         2.3710963059       -86.9774025486
        4.3100000000         2.3665490053       -88.8756472775
        4.3150000000         2.3620135587       -98.3668709217
        4.3200000000         2.3574903688       -90.7738920063
        4.3250000000         2.3529798374      -102.1633603794
        4.3300000000         2.3484823652      -104.0616051083
        4.3350000000         2.3439983517      -105.9598498371
        4.3400000000         2.3395281951      -109.7563392948
        4.3450000000         2.3350722926      -104.0616051083
        4.3500000000         2.3306310399      -115.4510734814
        4.3550000000         2.3262048315      -132.5352760411
        4.3600000000         2.3217940606      -111.6545840237
        4.3650000000         2.3173991191      -111.6545840237
        4.3700000000         2.3130203971      -109.7563392948
        4.3750000000         2.3086582838      -119.2475629391
        4.3800000000         2.3043131666      -109.7563392948
        4.3850000000         2.2999854314      -115.4510734814
        4.3900000000         2.2956754626      -121.1458076680
        4.3950000000         2.2913836432      -124.9422971257
        4.4000000000         2.2871103542      -123.0440523968
        4.4050000000         2.2828559754      -115.4510734814
        4.4100000000         2.2786208845      -134.4335207699
        4.4150000000         2.2744054578      -130.6370313122
        4.4200000000         2.2702100697      -126.8405418545
        4.4250000000         2.2660350929      -130.6370313122
        4.4300000000         2.2618808982      -140.1282549565
        4.4350000000         2.2577478546      -126.8405418545
        4.4400000000         2.2536363292      -140.1282549565
        4.4450000000         2.2495466873      -145.8229891431
        4.4500000000         2.2454792921      -134.4335207699
        4.4550000000         2.2414345049      -140.1282549565
        4.4600000000         2.2374126850      -143.9247444142
        4.4650000000         2.2334141896      -145.8229891431
        4.4700000000         2.2294393739      -140.1282549565
        4.4750000000         2.2254885910      -151.5177233296
        4.4800000000         2.2215621918      -145.8229891431
        4.4850000000         2.2176605250      -142.0264996854
        4.4900000000         2.2137839372      -145.8229891431
        4.4950000000         2.2099327728      -155.3142127873
        4.5000000000         2.2061073739      -151.5177233296
        4.5050000000         2.2023080801      -168.6019258893
        4.5100000000         2.1985352292      -159.1107022450
        4.5150000000         2.1947891560      -164.8054364316
        4.5200000000         2.1910701935      -172.3984153470
        4.5250000000         2.1873786718      -157.2124575162
        4.5300000000         2.1837149190      -185.6861284490
        4.5350000000         2.1800792605      -164.8054364316
        4.5400000000         2.1764720192      -170.5001706182
        4.5450000000         2.1728935155      -174.2966600759
        4.5500000000         2.1693440673      -183.7878837202
        4.5550000000         2.1658239899      -174.2966600759
        4.5600000000         2.1623335959      -187.5843731779
        4.5650000000         2.1588731954      -172.3984153470
        4.5700000000         2.1554430958      -181.8896389913
        4.5750000000         2.1520436017      -189.4826179067
        4.5800000000         2.1486750151      -179.9913942624
        4.5850000000         2.1453376352      -198.9738415510
        4.5900000000         2.1420317585      -181.8896389913
        4.5950000000         2.1387576786      -195.1773520933
        4.6000000000         2.1355156863      -202.7703310087
        4.6050000000         2.1323060696      -187.5843731779
        4.6100000000         2.1291291136      -212.2615546530
        4.6150000000         2.1259851005      -197.0755968221
        4.6200000000         2.1228743096      -225.5492677549
        4.6250000000         2.1197970172      -195.1773520933
        4.6300000000         2.1167534966      -216.0580441107
        4.6350000000         2.1137440182      -212.2615546530
        4.6400000000         2.1107688492      -216.0580441107
        4.6450000000         2.1078282540      -210.3633099241
        4.6500000000         2.1049224938      -202.7703310087
        4.6550000000         2.1020518267      -227.4475124838
        4.6600000000         2.0992165076      -219.8545335684
        4.6650000000         2.0964167884      -217.9562888395
        4.6700000000         2.0936529178      -231.2440019415
        4.6750000000         2.0909251413      -229.3457572126
        4.6800000000         2.0882337012      -217.9562888395
        4.6850000000         2.0855788365      -235.0404913992
        4.6900000000         2.0829607832      -217.9562888395
        4.6950000000         2.0803797737      -233.1422466704
        4.7000000000         2.0778360372      -212.2615546530
        4.7050000000         2.0753297999      -235.0404913992
        4.7100000000         2.0728612842      -219.8545335684
        4.7150000000         2.0704307094      -233.1422466704
        4.7200000000         2.0680382914      -223.6510230261
        4.7250000000         2.0656842428      -238.8369808569
        4.7300000000         2.0633687726      -212.2615546530
        4.7350000000         2.0610920865      -236.9387361281
        4.7400000000         2.0588543868      -221.7527782972
        4.7450000000         2.0566558721      -233.1422466704
        4.7500000000         2.0544967379      -233.1422466704
        4.7550000000         2.0523771758      -221.7527782972
        4.7600000000         2.0502973742      -233.1422466704
        4.7650000000         2.0482575178      -242.6334703146
        4.7700000000         2.0462577877      -236.9387361281
        4.7750000000         2.0442983617      -257.8194281455
        4.7800000000         2.0423794137      -235.0404913992
        4.7850000000         2.0405011142      -240.7352255858
        4.7900000000         2.0386636301      -271.1071412474
        4.7950000000         2.0368671245      -235.0404913992
        4.8000000000         2.0351117571      -274.9036307051
        4.8050000000         2.0333976837      -246.4299597723
        4.8100000000         2.0317250566      -255.9211834166
        4.8150000000         2.0300940245      -248.3282045012
        4.8200000000         2.0285047321      -248.3282045012
        4.8250000000         2.0269573206      -254.0229386877
        4.8300000000         2.0254519275      -257.8194281455
        4.8350000000         2.0239886865      -274.9036307051
        4.8400000000         2.0225677276      -257.8194281455
        4.8450000000         2.0211891770      -267.3106517897
        4.8500000000         2.0198531572      -255.9211834166
        4.8550000000         2.0185597867      -252.1246939589
        4.8600000000         2.0173091806      -271.1071412474
        4.8650000000         2.0161014498      -240.7352255858
        4.8700000000         2.0149367018      -286.2930990783
        4.8750000000         2.0138150398      -273.0053859763
        4.8800000000         2.0127365636      -267.3106517897
        4.8850000000         2.0117013690      -265.4124070609
        4.8900000000         2.0107095478      -273.0053859763
        4.8950000000         2.0097611883      -286.2930990783
        4.9000000000         2.0088563746      -265.4124070609
        4.9050000000         2.0079951872      -284.3948543494
        4.9100000000         2.0071777024      -269.2088965186
        4.9150000000         2.0064039930      -291.9878332648
        4.9200000000         2.0056741276      -274.9036307051
        4.9250000000         2.0049881711      -286.2930990783
        4.9300000000         2.0043461845      -278.7001201629
        4.9350000000         2.0037482246      -307.1737910957
        4.9400000000         2.0031943447      -286.2930990783
        4.9450000000         2.0026845940      -288.1913438071
        4.9500000000         2.0022190177      -286.2930990783
        4.9550000000         2.0017976572      -295.7843227225
        4.9600000000         2.0014205499      -280.5983648917
        4.9650000000         2.0010877293      -309.0720358245
        4.9700000000         2.0007992249      -299.5808121802
        4.9750000000         2.0005550625      -293.8860779937
        4.9800000000         2.0003552637      -293.8860779937
        4.9850000000         2.0001998462      -291.9878332648
        4.9900000000         2.0000888238      -295.7843227225
        4.9950000000         2.0000222064      -324.2579936553
        5.0000000000         2.0000000000      -286.2930990783
        5.0050000000         2.0000222064      -301.4790569091
        5.0100000000         2.0000888238      -293.8860779937
        5.0150000000         2.0001998462      -309.0720358245
        5.0200000000         2.0003552637      -295.7843227225
        5.0250000000         2.0005550625      -312.8685252822
        5.0300000000         2.0007992249      -309.0720358245
        5.0350000000         2.0010877293      -301.4790569091
        5.0400000000         2.0014205499      -295.7843227225
        5.0450000000         2.0017976572      -312.8685252822
        5.0500000000         2.0022190177      -278.7001201629
        5.0550000000         2.0026845940      -316.6650147399
        5.0600000000         2.0031943447      -293.8860779937
        5.0650000000         2.0037482246      -307.1737910957
        5.0700000000         2.0043461845      -305.2755463668
        5.0750000000         2.0049881711      -301.4790569091
        5.0800000000         2.0056741276      -307.1737910957
        5.0850000000         2.0064039930      -318.5632594688
        5.0900000000         2.0071777024      -299.5808121802
        5.0950000000         2.0079951872      -309.0720358245
        5.1000000000         2.0088563746      -309.0720358245
        5.1050000000         2.0097611883      -310.9702805534
        5.1100000000         2.0107095478      -307.1737910957
        5.1150000000         2.0117013690      -310.9702805534
        5.1200000000         2.0127365636      -307.1737910957
        5.1250000000         2.0138150398      -301.4790569091
        5.1300000000         2.0149367018      -301.4790569091
        5.1350000000         2.0161014498      -309.0720358245
        5.1400000000         2.0173091806      -310.9702805534
        5.1450000000         2.0185597867      -301.4790569091
        5.1500000000         2.0198531572      -329.9527278419
        5.1550000000         2.0211891770      -301.4790569091
        5.1600000000         2.0225677276      -305.2755463668
        5.1650000000         2.0239886865      -320.4615041976
        5.1700000000         2.0254519275      -312.8685252822
        5.1750000000         2.0269573206      -305.2755463668
        5.1800000000         2.0285047321      -297.6825674514
        5.1850000000         2.0300940245      -303.3773016380
        5.1900000000         2.0317250566      -320.4615041976
        5.1950000000         2.0333976837      -299.5808121802
        5.2000000000         2.0351117571      -324.2579936553
        5.2050000000         2.0368671245      -316.6650147399
        5.2100000000         2.0386636301      -305.2755463668
        5.2150000000         2.0405011142      -293.8860779937
        5.2200000000         2.0423794137      -312.8685252822
        5.2250000000         2.0442983617      -305.2755463668
        5.2300000000         2.0462577877      -312.8685252822
        5.2350000000         2.0482575178      -299.5808121802
        5.2400000000         2.0502973742      -301.4790569091
        5.2450000000         2.0523771758      -297.6825674514
        5.2500000000         2.0544967379      -293.8860779937
        5.2550000000         2.0566558721      -307.1737910957
        5.2600000000         2.0588543868      -305.2755463668
        5.2650000000         2.0610920865      -295.7843227225
        5.2700000000         2.0633687726      -293.8860779937
        5.2750000000         2.0656842428      -305.2755463668
        5.2800000000         2.0680382914      -303.3773016380
        5.2850000000         2.0704307094      -299.5808121802
        5.2900000000         2.0728612842      -305.2755463668
        5.2950000000         2.0753297999      -293.8860779937
        5.3000000000         2.0778360372      -293.8860779937
        5.3050000000         2.0803797737      -293.8860779937
        5.3100000000         2.0829607832      -305.2755463668
        5.3150000000         2.0855788365      -288.1913438071
        5.3200000000         2.0882337012      -301.4790569091
        5.3250000000         2.0909251413      -286.2930990783
        5.3300000000         2.0936529178      -305.2755463668
        5.3350000000         2.0964167884      -286.2930990783
        5.3400000000         2.0992165076      -297.6825674514
        5.3450000000         2.1020518267      -303.3773016380
        5.3500000000         2.1049224938      -293.8860779937
        5.3550000000         2.1078282540      -286.2930990783
        5.3600000000         2.1107688492      -291.9878332648
        5.3650000000         2.1137440182      -286.2930990783
        5.3700000000         2.1167534966      -286.2930990783
        5.3750000000         2.1197970172      -286.2930990783
        5.3800000000         2.1228743096      -291.9878332648
        5.3850000000         2.1259851005      -286.2930990783
        5.3900000000         2.1291291136      -286.2930990783
        5.3950000000         2.1323060696      -286.2930990783
        5.4000000000         2.1355156863      -282.4966096206
        5.4050000000         2.1387576786      -286.2930990783
        5.4100000000         2.1420317585      -295.7843227225
        5.4150000000         2.1453376352      -271.1071412474
        5.4200000000         2.1486750151      -280.5983648917
        5.4250000000         2.1520436017      -269.2088965186
        5.4300000000         2.1554430958      -284.3948543494
        5.4350000000         2.1588731954      -271.1071412474
        5.4400000000         2.1623335959      -265.4124070609
        5.4450000000         2.1658239899      -280.5983648917
        5.4500000000         2.1693440673      -265.4124070609
        5.4550000000         2.1728935155      -295.7843227225
        5.4600000000         2.1764720192      -265.4124070609
        5.4650000000         2.1800792605      -288.1913438071
        5.4700000000         2.1837149190      -250.2264492300
        5.4750000000         2.1873786718      -274.9036307051
        5.4800000000         2.1910701935      -255.9211834166
        5.4850000000         2.1947891560      -255.9211834166
        5.4900000000         2.1985352292      -273.0053859763
        5.4950000000         2.2023080801      -246.4299597723
        5.5000000000         2.2061073739      -265.4124070609
        5.5050000000         2.2099327728      -248.3282045012
        5.5100000000         2.2137839372      -265.4124070609
        5.5150000000         2.2176605250      -246.4299597723
        5.5200000000         2.2215621918      -261.6159176032
        5.5250000000         2.2254885910      -252.1246939589
        5.5300000000         2.2294393739      -269.2088965186
        5.5350000000         2.2334141896      -255.9211834166
        5.5400000000         2.2374126850      -250.2264492300
        5.5450000000         2.2414345049      -257.8194281455
        5.5500000000         2.2454792921      -244.5317150435
        5.5550000000         2.2495466873      -255.9211834166
        5.5600000000         2.2536363292      -240.7352255858
        5.5650000000         2.2577478546      -240.7352255858
        5.5700000000         2.2618808982      -244.5317150435
        5.5750000000         2.2660350929      -233.1422466704
        5.5800000000         2.2702100697      -254.0229386877
        5.5850000000         2.2744054578      -240.7352255858
        5.5900000000         2.2786208845      -229.3457572126
        5.5950000000         2.2828559754      -246.4299597723
        5.6000000000         2.2871103542      -217.9562888395
        5.6050000000         2.2913836432      -246.4299597723
        5.6100000000         2.2956754626      -219.8545335684
        5.6150000000         2.2999854314      -244.5317150435
        5.6200000000         2.3043131666      -223.6510230261
        5.6250000000         2.3086582838      -225.5492677549
        5.6300000000         2.3130203971      -225.5492677549
        5.6350000000         2.3173991191      -223.6510230261
        5.6400000000         2.3217940606      -225.5492677549
        5.6450000000         2.3262048315      -225.5492677549
        5.6500000000         2.3306310399      -219.8545335684
        5.6550000000         2.3350722926      -206.5668204664
        5.6600000000         2.3395281951      -200.8720862798
        5.6650000000         2.3439983517      -212.2615546530
        5.6700000000         2.3484823652      -217.9562888395
        5.6750000000         2.3529798374      -219.8545335684
        5.6800000000         2.3574903688      -178.0931495336
        5.6850000000         2.3620135587      -212.2615546530
        5.6900000000         2.3665490053      -195.1773520933
        5.6950000000         2.3710963059      -197.0755968221
        5.7000000000         2.3756550564      -191.3808626356
        5.7050000000         2.3802248520      -202.7703310087
        5.7100000000         2.3848052867      -187.5843731779
        5.7150000000         2.3893959536      -168.6019258893
        5.7200000000         2.3939964450      -191.3808626356
        5.7250000000         2.3986063523      -185.6861284490
        5.7300000000         2.4032252660      -189.4826179067
        5.7350000000         2.4078527757      -172.3984153470
        5.7400000000         2.4124884705      -185.6861284490
        5.7450000000         2.4171319386      -159.1107022450
        5.7500000000         2.4217827675      -181.8896389913
        5.7550000000         2.4264405441      -176.1949048047
        5.7600000000         2.4311048547      -170.5001706182
        5.7650000000         2.4357752849      -172.3984153470
        5.7700000000         2.4404514200      -162.9071917028
        5.7750000000         2.4451328445      -166.7036811605
        5.7800000000         2.4498191426      -155.3142127873
        5.7850000000         2.4545098980      -170.5001706182
        5.7900000000         2.4592046942      -151.5177233296
        5.7950000000         2.4639031141      -164.8054364316
        5.8000000000         2.4686047402      -147.7212338719
        5.8050000000         2.4733091551      -155.3142127873
        5.8100000000         2.4780159408      -136.3317654988
        5.8150000000         2.4827246793      -140.1282549565
        5.8200000000         2.4874349523      -134.4335207699
        5.8250000000         2.4921463413      -151.5177233296
        5.8300000000         2.4968584280      -128.7387865834
        5.8350000000         2.5015707937      -109.7563392948
        5.8400000000         2.5062830199      -104.0616051083
        5.8450000000         2.5109946880       -98.3668709217
        5.8500000000         2.5157053795       -83.1809130909
        5.8550000000         2.5204146760       -39.5212843272
        5.8600000000         2.5251221591       -12.9458581233
        5.8650000000         2.5298274107        17.4260575384
        5.8700000000         2.5345300129         4.1383444364
        5.8750000000         2.5392295479         0.3418549787
        5.8800000000         2.5439255983        -9.1493686656
        5.8850000000         2.5486177470        -3.4546344790
        5.8900000000         2.5533055771         2.2400997075
        5.8950000000         2.5579886724        -3.4546344790
        5.9000000000         2.5626666168         0.3418549787
        5.9050000000         2.5673389947         9.8330786230
        5.9100000000         2.5720053913        80.0681335906
        5.9150000000         2.5766653919        53.4927073866
        5.9200000000         2.5813185826        68.6786652174
        5.9250000000         2.5859645501        44.0014837423
        5.9300000000         2.5906028818        61.0856863020
        5.9350000000         2.5952331656        62.9839310309
        5.9400000000         2.5998549903        61.0856863020
        5.9450000000         2.6044679452        64.8821757597
        5.9500000000         2.6090716207        55.3909521154
        5.9550000000         2.6136656078        57.2891968443
        5.9600000000         2.6182494985        62.9839310309
        5.9650000000         2.6228228856        68.6786652174
        5.9700000000         2.6273853628        42.1032390135
        5.9750000000         2.6319365250        62.9839310309
        5.9800000000         2.6364759678        70.5769099463
        5.9850000000         2.6410032880        70.5769099463
        5.9900000000         2.6455180834        70.5769099463
        5.9950000000         2.6500199531        78.1698888617
        6.0000000000         2.6545084972        70.5769099463
        6.0050000000         2.6589833169        62.9839310309
        6.0100000000         2.6634440148        76.2716441328
        6.0150000000         2.6678901947        81.9663783194
        6.0200000000         2.6723214616        87.6611125060
        6.0250000000         2.6767374219        83.8646230483
        6.0300000000         2.6811376834        81.9663783194
        6.0350000000         2.6855218551        87.6611125060
        6.0400000000         2.6898895478        80.0681335906
        6.0450000000         2.6942403733        83.8646230483
        6.0500000000         2.6985739453        85.7628677771
        6.0550000000         2.7028898788        85.7628677771
        6.0600000000         2.7071877905        91.4576019637
        6.0650000000         2.7114672985        99.0505808791
        6.0700000000         2.7157280228       102.8470703368
        6.0750000000         2.7199695849        93.3558466925
        6.0800000000         2.7241916080        97.1523361502
        6.0850000000         2.7283937172       112.3382939811
        6.0900000000         2.7325755390       104.7453150657
        6.0950000000         2.7367367022       108.5418045234
        6.1000000000         2.7408768371       108.5418045234
        6.1050000000         2.7449955758       104.7453150657
        6.1100000000         2.7490925527       112.3382939811
        6.1150000000         2.7531674037       114.2365387099
        6.1200000000         2.7572197669       118.0330281676
        6.1250000000         2.7612492824       108.5418045234
        6.1300000000         2.7652555922       123.7277623542
        6.1350000000         2.7692383404       125.6260070830
        6.1400000000         2.7731971734       121.8295176253
        6.1450000000         2.7771317394       129.4224965408
        6.1500000000         2.7810416889       123.7277623542
        6.1550000000         2.7849266747       129.4224965408
        6.1600000000         2.7887863517       121.8295176253
        6.1650000000         2.7926203770       127.5242518119
        6.1700000000         2.7964284101       121.8295176253
        6.1750000000         2.8002101127       129.4224965408
        6.1800000000         2.8039651488       138.9137201850
        6.1850000000         2.8076931851       138.9137201850
        6.1900000000         2.8113938902       142.7102096427
        6.1950000000         2.8150669356       144.6084543716
        6.2000000000         2.8187119949       148.4049438293
        6.2050000000         2.8223287443       148.4049438293
        6.2100000000         2.8259168627       140.8119649139
        6.2150000000         2.8294760312       152.2014332870
        6.2200000000         2.8330059337       154.0996780159
        6.2250000000         2.8365062568       150.3031885581
        6.2300000000         2.8399766894       174.9803700332
        6.2350000000         2.8434169233       154.0996780159
        6.2400000000         2.8468266529       169.2856358467
        6.2450000000         2.8502055754       173.0821253044
        6.2500000000         2.8535533906       169.2856358467
        6.2550000000         2.8568698011       173.0821253044
        6.2600000000         2.8601545124       161.6926569313
        6.2650000000         2.8634072327       174.9803700332
        6.2700000000         2.8666276731       176.8786147621
        6.2750000000         2.8698155475       174.9803700332
        6.2800000000         2.8729705727       173.0821253044
        6.2850000000         2.8760924685       174.9803700332
        6.2900000000         2.8791809576       167.3873911178
        6.2950000000         2.8822357657       188.2680831352
        6.3000000000         2.8852566214       174.9803700332
        6.3050000000         2.8882432563       192.0645725929
        6.3100000000         2.8911954053       182.5733489487
        6.3150000000         2.8941128060       184.4715936775
        6.3200000000         2.8969951993       197.7593067795
        6.3250000000         2.8998423292       176.8786147621
        6.3300000000         2.9026539429       192.0645725929
        6.3350000000         2.9054297904       197.7593067795
        6.3400000000         2.9081696254       190.1663278641
        6.3450000000         2.9108732043       203.4540409661
        6.3500000000         2.9135402871       192.0645725929
        6.3550000000         2.9161706369       211.0470198815
        6.3600000000         2.9187640200       205.3522856949
        6.3650000000         2.9213202061       209.1487751526
        6.3700000000         2.9238389680       216.7417540680
        6.3750000000         2.9263200822       205.3522856949
        6.3800000000         2.9287633281       214.8435093392
        6.3850000000         2.9311684888       212.9452646103
        6.3900000000         2.9335353506       216.7417540680
        6.3950000000         2.9358637033       211.0470198815
        6.4000000000         2.9381533400       220.5382435257
        6.4050000000         2.9404040575       224.3347329835
        6.4100000000         2.9426156557       220.5382435257
        6.4150000000         2.9447879382       222.4364882546
        6.4200000000         2.9469207121       218.6399987969
        6.4250000000         2.9490137879       228.1312224412
        6.4300000000         2.9510669797       226.2329777123
        6.4350000000         2.9530801051       218.6399987969
        6.4400000000         2.9550529853       207.2505304238
        6.4450000000         2.9569854451       216.7417540680
        6.4500000000         2.9588773128       224.3347329835
        6.4550000000         2.9607284204       239.5206908143
        6.4600000000         2.9625386034       231.9277118989
        6.4650000000         2.9643077011       243.3171802720
        6.4700000000         2.9660355562       230.0294671700
        6.4750000000         2.9677220154       233.8259566277
        6.4800000000         2.9693669288       250.9101591874
        6.4850000000         2.9709701504       230.0294671700
        6.4900000000         2.9725315376       233.8259566277
        6.4950000000         2.9740509518       254.7066486451
        6.5000000000         2.9755282581       230.0294671700
        6.5050000000         2.9769633253       249.0119144586
        6.5100000000         2.9783560258       235.7242013566
        6.5150000000         2.9797062359       237.6224460854
        6.5200000000         2.9810138358       241.4189355431
        6.5250000000         2.9822787092       233.8259566277
        6.5300000000         2.9835007439       258.5031381028
        6.5350000000         2.9846798312       231.9277118989
        6.5400000000         2.9858158665       256.6048933740
        6.5450000000         2.9869087487       252.8084039163
        6.5500000000         2.9879583810       252.8084039163
        6.5550000000         2.9889646699       250.9101591874
        6.5600000000         2.9899275262       235.7242013566
        6.5650000000         2.9908468643       260.4013828317
        6.5700000000         2.9917226025       245.2154250008
        6.5750000000         2.9925546631       249.0119144586
        6.5800000000         2.9933429721       252.8084039163
        6.5850000000         2.9940874596       237.6224460854
        6.5900000000         2.9947880593       264.1978722894
        6.5950000000         2.9954447091       237.6224460854
        6.6000000000         2.9960573507       267.9943617471
        6.6050000000         2.9966259295       245.2154250008
        6.6100000000         2.9971503952       249.0119144586
        6.6150000000         2.9976307011       273.6890959337
        6.6200000000         2.9980668046       252.8084039163
        6.6250000000         2.9984586669       264.1978722894
        6.6300000000         2.9988062532       256.6048933740
        6.6350000000         2.9991095326       267.9943617471
        6.6400000000         2.9993684783       262.2996275605
        6.6450000000         2.9995830672       247.1136697297
        6.6500000000         2.9997532802       262.2996275605
        6.6550000000         2.9998791022       260.4013828317
        6.6600000000         2.9999605221       262.2996275605
        6.6650000000         2.9999975326       245.2154250008
        6.6700000000         2.9999901304       260.4013828317
        6.6750000000         2.9999383162       260.4013828317
        6.6800000000         2.9998420946       271.7908512048
        6.6850000000         2.9997014742       260.4013828317
        6.6900000000         2.9995164673       256.6048933740
        6.6950000000         2.9992870906       267.9943617471
        6.7000000000         2.9990133642       260.4013828317
        6.7050000000         2.9986953126       285.0785643068
        6.7100000000         2.9983329640       252.8084039163
        6.7150000000         2.9979263506       275.5873406625
        6.7200000000         2.9974755085       241.4189355431
        6.7250000000         2.9969804777       252.8084039163
        6.7300000000         2.9964413023       260.4013828317
        6.7350000000         2.9958580301       250.9101591874
        6.7400000000         2.9952307128       271.7908512048
        6.7450000000         2.9945594064       241.4189355431
        6.7500000000         2.9938441703       273.6890959337
        6.7550000000         2.9930850681       260.4013828317
        6.7600000000         2.9922821673       258.5031381028
        6.7650000000         2.9914355391       264.1978722894
        6.7700000000         2.9905452587       250.9101591874
        6.7750000000         2.9896114053       260.4013828317
        6.7800000000         2.9886340618       262.2996275605
        6.7850000000         2.9876133150       256.6048933740
        6.7900000000         2.9865492555       243.3171802720
        6.7950000000         2.9854419779       269.8926064759
        6.8000000000         2.9842915806       247.1136697297
        6.8050000000         2.9830981656       260.4013828317
        6.8100000000         2.9818618391       245.2154250008
        6.8150000000         2.9805827109       249.0119144586
        6.8200000000         2.9792608945       250.9101591874
        6.8250000000         2.9778965074       237.6224460854
        6.8300000000         2.9764896708       260.4013828317
        6.8350000000         2.9750405096       247.1136697297
        6.8400000000         2.9735491525       258.5031381028
        6.8450000000         2.9720157321       239.5206908143
        6.8500000000         2.9704403845       256.6048933740
        6.8550000000         2.9688232496       239.5206908143
        6.8600000000         2.9671644712       230.0294671700
        6.8650000000         2.9654641966       260.4013828317
        6.8700000000         2.9637225767       239.5206908143
        6.8750000000         2.9619397663       249.0119144586
        6.8800000000         2.9601159237       249.0119144586
        6.8850000000         2.9582512110       237.6224460854
        6.8900000000         2.9563457937       256.6048933740
        6.8950000000         2.9543998412       230.0294671700
        6.9000000000         2.9524135262       239.5206908143
        6.9050000000         2.9503870253       243.3171802720
        6.9100000000         2.9483205184       226.2329777123
        6.9150000000         2.9462141891       250.9101591874
        6.9200000000         2.9440682244       228.1312224412
        6.9250000000         2.9418828150       247.1136697297
        6.9300000000         2.9396581551       228.1312224412
        6.9350000000         2.9373944422       235.7242013566
        6.9400000000         2.9350918773       249.0119144586
        6.9450000000         2.9327506651       231.9277118989
        6.9500000000         2.9303710135       252.8084039163
        6.9550000000         2.9279531338       237.6224460854
        6.9600000000         2.9254972409       233.8259566277
        6.9650000000         2.9230035528       228.1312224412
        6.9700000000         2.9204722911       239.5206908143
        6.9750000000         2.9179036807       239.5206908143
        6.9800000000         2.9152979496       237.6224460854
        6.9850000000         2.9126553293       222.4364882546
        6.9900000000         2.9099760547       237.6224460854
        6.9950000000         2.9072603635       220.5382435257
        7.0000000000         2.9045084972       233.8259566277
        7.0050000000         2.9017207001       230.0294671700
        7.0100000000         2.8988972198       224.3347329835
        7.0150000000         2.8960383071       230.0294671700
        7.0200000000         2.8931442161       224.3347329835
        7.0250000000         2.8902152037       247.1136697297
        7.0300000000         2.8872515301       230.0294671700
        7.0350000000         2.8842534586       230.0294671700
        7.0400000000         2.8812212555       233.8259566277
        7.0450000000         2.8781551901       220.5382435257
        7.0500000000         2.8750555348       226.2329777123
        7.0550000000         2.8719225649       237.6224460854
        7.0600000000         2.8687565587       218.6399987969
        7.0650000000         2.8655577974       233.8259566277
        7.0700000000         2.8623265651       214.8435093392
        7.0750000000         2.8590631489       224.3347329835
        7.0800000000         2.8557678386       214.8435093392
        7.0850000000         2.8524409270       211.0470198815
        7.0900000000         2.8490827095       203.4540409661
        7.0950000000         2.8456934845       222.4364882546
        7.1000000000         2.8422735530       212.9452646103
        7.1050000000         2.8388232187       220.5382435257
        7.1100000000         2.8353427883       214.8435093392
        7.1150000000         2.8318325707       209.1487751526
        7.1200000000         2.8282928779       230.0294671700
        7.1250000000         2.8247240242       224.3347329835
        7.1300000000         2.8211263266       220.5382435257
        7.1350000000         2.8175001047       214.8435093392
        7.1400000000         2.8138456806       178.7768594910
        7.1450000000         2.8101633790       201.5557962372
        7.1500000000         2.8064535268       211.0470198815
        7.1550000000         2.8027164537       199.6575515084
        7.1600000000         2.7989524915       214.8435093392
        7.1650000000         2.7951619747       207.2505304238
        7.1700000000         2.7913452398       192.0645725929
        7.1750000000         2.7875026260       207.2505304238
        7.1800000000         2.7836344746       199.6575515084
        7.1850000000         2.7797411291       205.3522856949
        7.1900000000         2.7758229353       212.9452646103
        7.1950000000         2.7718802414       193.9628173218
        7.2000000000         2.7679133975       193.9628173218
        7.2050000000         2.7639227560       209.1487751526
        7.2100000000         2.7599086713       176.8786147621
        7.2150000000         2.7558715001       193.9628173218
        7.2200000000         2.7518116008       197.7593067795
        7.2250000000         2.7477293342       201.5557962372
        7.2300000000         2.7436250629       192.0645725929
        7.2350000000         2.7394991513       207.2505304238
        7.2400000000         2.7353519661       184.4715936775
        7.2450000000         2.7311838755       192.0645725929
        7.2500000000         2.7269952499       174.9803700332
        7.2550000000         2.7227864612       180.6751042198
        7.2600000000         2.7185578833       174.9803700332
        7.2650000000         2.7143098919       176.8786147621
        7.2700000000         2.7100428642       174.9803700332
        7.2750000000         2.7057571793       173.0821253044
        7.2800000000         2.7014532179       182.5733489487
        7.2850000000         2.6971313622       165.4891463890
        7.2900000000         2.6927919961       159.7944122024
        7.2950000000         2.6884355052       159.7944122024
        7.3000000000         2.6840622763       161.6926569313
        7.3050000000         2.6796726980       146.5066991004
        7.3100000000         2.6752671601       146.5066991004
        7.3150000000         2.6708460539       155.9979227447
        7.3200000000         2.6664097723       138.9137201850
        7.3250000000         2.6619587091       159.7944122024
        7.3300000000         2.6574932598       133.2189859985
        7.3350000000         2.6530138211       154.0996780159
        7.3400000000         2.6485207908       135.1172307273
        7.3450000000         2.6440145680       135.1172307273
        7.3500000000         2.6394955530       146.5066991004
        7.3550000000         2.6349641472       121.8295176253
        7.3600000000         2.6304207531       144.6084543716
        7.3650000000         2.6258657743       123.7277623542
        7.3700000000         2.6212996154       135.1172307273
        7.3750000000         2.6167226819       119.9312728965
        7.3800000000         2.6121353805       118.0330281676
        7.3850000000         2.6075381185       116.1347834388
        7.3900000000         2.6029313044       118.0330281676
        7.3950000000         2.5983153473       116.1347834388
        7.4000000000         2.5936906573       112.3382939811
        7.4050000000         2.5890576451       116.1347834388
        7.4100000000         2.5844167224        99.0505808791
        7.4150000000         2.5797683012        99.0505808791
        7.4200000000         2.5751127946        95.2540914214
        7.4250000000         2.5704506160        91.4576019637
        7.4300000000         2.5657821795        93.3558466925
        7.4350000000         2.5611079000        89.5593572348
        7.4400000000         2.5564281924        83.8646230483
        7.4450000000         2.5517434726        85.7628677771
        7.4500000000         2.5470541567        87.6611125060
        7.4550000000         2.5423606611        89.5593572348
        7.4600000000         2.5376634028        81.9663783194
        7.4650000000         2.5329627990        83.8646230483
        7.4700000000         2.5282592672        83.8646230483
        7.4750000000         2.5235532254        81.9663783194
        7.4800000000         2.5188450913        78.1698888617
        7.4850000000         2.5141352834        89.5593572348
        7.4900000000         2.5094242199        78.1698888617
        7.4950000000         2.5047123192        66.7804204886
        7.5000000000         2.5000000000        51.5944626577
        7.5050000000         2.4952876808        47.7979732000
        7.5100000000         2.4905757801        42.1032390135
        7.5150000000         2.4858647166        38.3067495558
        7.5200000000         2.4811549087         7.9348338941
        7.5250000000         2.4764467746       -16.7423475810
        7.5300000000         2.4717407328         6.0365891652
        7.5350000000         2.4670372010        -5.3528792079
        7.5400000000         2.4623365972        11.7313233518
        7.5450000000         2.4576393389         0.3418549787
        7.5500000000         2.4529458433        -5.3528792079
        7.5550000000         2.4482565274       -12.9458581233
        7.5600000000         2.4435718076      -100.2651156506
        7.5650000000         2.4388921000       -66.0967105312
        7.5700000000         2.4342178205       -56.6054868869
        7.5750000000         2.4295493840       -79.3844236332
        7.5800000000         2.4248872054       -73.6896894466
        7.5850000000         2.4202316988       -81.2826683620
        7.5900000000         2.4155832776       -69.8931999889
        7.5950000000         2.4109423549      -105.9598498371
        7.6000000000         2.4063093427       -83.1809130909
        7.6050000000         2.4016846527      -104.0616051083
        7.6100000000         2.3970686956       -85.0791578197
        7.6150000000         2.3924618815       -90.7738920063
        7.6200000000         2.3878646195       -96.4686261929
        7.6250000000         2.3832773181      -100.2651156506
        7.6300000000         2.3787003846       -94.5703814640
        7.6350000000         2.3741342257       -94.5703814640
        7.6400000000         2.3695792469       -90.7738920063
        7.6450000000         2.3650358528       -96.4686261929
        7.6500000000         2.3605044470       -98.3668709217
        7.6550000000         2.3559854320      -104.0616051083
        7.6600000000         2.3514792092       -96.4686261929
        7.6650000000         2.3469861789       -98.3668709217
        7.6700000000         2.3425067402       -96.4686261929
        7.6750000000         2.3380412909      -113.5528287526
        7.6800000000         2.3335902277      -105.9598498371
        7.6850000000         2.3291539461      -115.4510734814
        7.6900000000         2.3247328399      -121.1458076680
        7.6950000000         2.3203273020      -117.3493182103
        7.7000000000         2.3159377237      -115.4510734814
        7.7050000000         2.3115644948      -117.3493182103
        7.7100000000         2.3072080039      -130.6370313122
        7.7150000000         2.3028686378      -134.4335207699
        7.7200000000         2.2985467821      -115.4510734814
        7.7250000000         2.2942428207      -136.3317654988
        7.7300000000         2.2899571358      -134.4335207699
        7.7350000000         2.2856901081      -134.4335207699
        7.7400000000         2.2814421167      -138.2300102277
        7.7450000000         2.2772135388      -132.5352760411
        7.7500000000         2.2730047501      -138.2300102277
        7.7550000000         2.2688161245      -140.1282549565
        7.7600000000         2.2646480339      -145.8229891431
        7.7650000000         2.2605008487      -153.4159680585
        7.7700000000         2.2563749371      -140.1282549565
        7.7750000000         2.2522706658      -143.9247444142
        7.7800000000         2.2481883992      -159.1107022450
        7.7850000000         2.2441284999      -140.1282549565
        7.7900000000         2.2400913287      -168.6019258893
        7.7950000000         2.2360772440      -162.9071917028
        7.8000000000         2.2320866025      -149.6194786008
        7.8050000000         2.2281197586      -170.5001706182
        7.8100000000         2.2241770647      -155.3142127873
        7.8150000000         2.2202588709      -164.8054364316
        7.8200000000         2.2163655254      -162.9071917028
        7.8250000000         2.2124973740      -168.6019258893
        7.8300000000         2.2086547602      -170.5001706182
        7.8350000000         2.2048380253      -187.5843731779
        7.8400000000         2.2010475085      -161.0089469739
        7.8450000000         2.1972835463      -183.7878837202
        7.8500000000         2.1935464732      -178.0931495336
        7.8550000000         2.1898366210      -172.3984153470
        7.8600000000         2.1861543194      -181.8896389913
        7.8650000000         2.1824998953      -172.3984153470
        7.8700000000         2.1788736734      -219.8545335684
        7.8750000000         2.1752759758      -183.7878837202
        7.8800000000         2.1717071221      -185.6861284490
        7.8850000000         2.1681674293      -193.2791073644
        7.8900000000         2.1646572117      -195.1773520933
        7.8950000000         2.1611767813      -195.1773520933
        7.9000000000         2.1577264470      -204.6685757375
        7.9050000000         2.1543065155      -195.1773520933
        7.9100000000         2.1509172905      -204.6685757375
        7.9150000000         2.1475590730      -204.6685757375
        7.9200000000         2.1442321614      -202.7703310087
        7.9250000000         2.1409368511      -197.0755968221
        7.9300000000         2.1376734349      -219.8545335684
        7.9350000000         2.1344422026      -210.3633099241
        7.9400000000         2.1312434413      -212.2615546530
        7.9450000000         2.1280774351      -216.0580441107
        7.9500000000         2.1249444652      -216.0580441107
        7.9550000000         2.1218448099      -210.3633099241
        7.9600000000         2.1187787445      -225.5492677549
        7.9650000000         2.1157465414      -214.1597993818
        7.9700000000         2.1127484699      -233.1422466704
        7.9750000000         2.1097847963      -229.3457572126
        7.9800000000         2.1068557839      -219.8545335684
        7.9850000000         2.1039616929      -236.9387361281
        7.9900000000         2.1011027802      -223.6510230261
        7.9950000000         2.0982792999      -242.6334703146
        8.0000000000         2.0954915028      -227.4475124838
        8.0050000000         2.0927396365      -248.3282045012
        8.0100000000         2.0900239453      -246.4299597723
        8.0150000000         2.0873446707      -240.7352255858
        8.0200000000         2.0847020504      -248.3282045012
        8.0250000000         2.0820963193      -240.7352255858
        8.0300000000         2.0795277089      -238.8369808569
        8.0350000000         2.0769964472      -250.2264492300
        8.0400000000         2.0745027591      -233.1422466704
        8.0450000000         2.0720468662      -263.5141623320
        8.0500000000         2.0696289865      -246.4299597723
        8.0550000000         2.0672493349      -248.3282045012
        8.0600000000         2.0649081227      -261.6159176032
        8.0650000000         2.0626055578      -255.9211834166
        8.0700000000         2.0603418449      -269.2088965186
        8.0750000000         2.0581171850      -254.0229386877
        8.0800000000         2.0559317756      -261.6159176032
        8.0850000000         2.0537858109      -284.3948543494
        8.0900000000         2.0516794816      -255.9211834166
        8.0950000000         2.0496129747      -276.8018754340
        8.1000000000         2.0475864738      -254.0229386877
        8.1050000000         2.0456001588      -282.4966096206
        8.1100000000         2.0436542063      -263.5141623320
        8.1150000000         2.0417487890      -257.8194281455
        8.1200000000         2.0398840763      -278.7001201629
        8.1250000000         2.0380602337      -252.1246939589
        8.1300000000         2.0362774233      -291.9878332648
        8.1350000000         2.0345358034      -254.0229386877
        8.1400000000         2.0328355288      -278.7001201629
        8.1450000000         2.0311767504      -271.1071412474
        8.1500000000         2.0295596155      -303.3773016380
        8.1550000000         2.0279842679      -276.8018754340
        8.1600000000         2.0264508475      -254.0229386877
        8.1650000000         2.0249594904      -286.2930990783
        8.1700000000         2.0235103292      -276.8018754340
        8.1750000000         2.0221034926      -284.3948543494
        8.1800000000         2.0207391055      -269.2088965186
        8.1850000000         2.0194172891      -280.5983648917
        8.1900000000         2.0181381609      -274.9036307051
        8.1950000000         2.0169018344      -286.2930990783
        8.2000000000         2.0157084194      -282.4966096206
        8.2050000000         2.0145580221      -293.8860779937
        8.2100000000         2.0134507445      -278.7001201629
        8.2150000000         2.0123866850      -286.2930990783
        8.2200000000         2.0113659382      -297.6825674514
        8.2250000000         2.0103885947      -291.9878332648
        8.2300000000         2.0094547413      -278.7001201629
        8.2350000000         2.0085644609      -299.5808121802
        8.2400000000         2.0077178327      -291.9878332648
        8.2450000000         2.0069149319      -293.8860779937
        8.2500000000         2.0061558297      -291.9878332648
        8.2550000000         2.0054405936      -282.4966096206
        8.2600000000         2.0047692872      -286.2930990783
        8.2650000000         2.0041419699      -297.6825674514
        8.2700000000         2.0035586977      -291.9878332648
        8.2750000000         2.0030195223      -290.0895885360
        8.2800000000         2.0025244915      -293.8860779937
        8.2850000000         2.0020736494      -293.8860779937
        8.2900000000         2.0016670360      -295.7843227225
        8.2950000000         2.0013046874      -293.8860779937
        8.3000000000         2.0009866358      -297.6825674514
        8.3050000000         2.0007129094      -291.9878332648
        8.3100000000         2.0004835327      -297.6825674514
        8.3150000000         2.0002985258      -295.7843227225
        8.3200000000         2.0001579054      -295.7843227225
        8.3250000000         2.0000616838      -299.5808121802
        8.3300000000         2.0000098696      -297.6825674514
        8.3350000000         2.0000024674      -305.2755463668
        8.3400000000         2.0000394779      -291.9878332648
        8.3450000000         2.0001208978      -295.7843227225
        8.3500000000         2.0002467198      -288.1913438071
        8.3550000000         2.0004169328      -310.9702805534
        8.3600000000         2.0006315217      -312.8685252822
        8.3650000000         2.0008904674      -310.9702805534
        8.3700000000         2.0011937468      -303.3773016380
        8.3750000000         2.0015413331      -312.8685252822
        8.3800000000         2.0019331954      -295.7843227225
        8.3850000000         2.0023692989      -312.8685252822
        8.3900000000         2.0028496048      -288.1913438071
        8.3950000000         2.0033740705      -309.0720358245
        8.4000000000         2.0039426493      -307.1737910957
        8.4050000000         2.0045552909      -312.8685252822
        8.4100000000         2.0052119407      -307.1737910957
        8.4150000000         2.0059125404      -303.3773016380
        8.4200000000         2.0066570279      -312.8685252822
        8.4250000000         2.0074453369      -312.8685252822
        8.4300000000         2.0082773975      -291.9878332648
        8.4350000000         2.0091531357      -309.0720358245
        8.4400000000         2.0100724738      -299.5808121802
        8.4450000000         2.0110353301      -297.6825674514
        8.4500000000         2.0120416190      -303.3773016380
        8.4550000000         2.0130912513      -312.8685252822
        8.4600000000         2.0141841335      -309.0720358245
        8.4650000000         2.0153201688      -309.0720358245
        8.4700000000         2.0164992561      -310.9702805534
        8.4750000000         2.0177212908      -309.0720358245
        8.4800000000         2.0189861642      -314.7667700111
        8.4850000000         2.0202937641      -301.4790569091
        8.4900000000         2.0216439742      -286.2930990783
        8.4950000000         2.0230366747      -295.7843227225
        8.5000000000         2.0244717419      -305.2755463668
        8.5050000000         2.0259490482      -309.0720358245
        8.5100000000         2.0274684624      -305.2755463668
        8.5150000000         2.0290298496      -309.0720358245
        8.5200000000         2.0306330712      -295.7843227225
        8.5250000000         2.0322779846      -295.7843227225
        8.5300000000         2.0339644438      -307.1737910957
        8.5350000000         2.0356922989      -310.9702805534
        8.5400000000         2.0374613966      -309.0720358245
        8.5450000000         2.0392715796      -295.7843227225
        8.5500000000         2.0411226872      -312.8685252822
        8.5550000000         2.0430145549      -299.5808121802
        8.5600000000         2.0449470147      -297.6825674514
        8.5650000000         2.0469198949      -316.6650147399
        8.5700000000         2.0489330203      -301.4790569091
        8.5750000000         2.0509862121      -301.4790569091
        8.5800000000         2.0530792879      -299.5808121802
        8.5850000000         2.0552120618      -309.0720358245
        8.5900000000         2.0573843443      -318.5632594688
        8.5950000000         2.0595959425      -305.2755463668
        8.6000000000         2.0618466600      -307.1737910957
        8.6050000000         2.0641362967      -299.5808121802
        8.6100000000         2.0664646494      -312.8685252822
        8.6150000000         2.0688315112      -297.6825674514
        8.6200000000         2.0712366719      -307.1737910957
        8.6250000000         2.0736799178      -297.6825674514
        8.6300000000         2.0761610320      -310.9702805534
        8.6350000000         2.0786797939      -290.0895885360
        8.6400000000         2.0812359800      -305.2755463668
        8.6450000000         2.0838293631      -297.6825674514
        8.6500000000         2.0864597129      -301.4790569091
        8.6550000000         2.0891267957      -301.4790569091
        8.6600000000         2.0918303746      -293.8860779937
        8.6650000000         2.0945702096      -295.7843227225
        8.6700000000         2.0973460571      -293.8860779937
        8.6750000000         2.1001576708      -291.9878332648
        8.6800000000         2.1030048007      -299.5808121802
        8.6850000000         2.1058871940      -299.5808121802
        8.6900000000         2.1088045947      -280.5983648917
        8.6950000000         2.1117567437      -291.9878332648
        8.7000000000         2.1147433786      -295.7843227225
        8.7050000000         2.1177642343      -280.5983648917
        8.7100000000         2.1208190424      -286.2930990783
        8.7150000000         2.1239075315      -278.7001201629
        8.7200000000         2.1270294273      -282.4966096206
        8.7250000000         2.1301844525      -276.8018754340
        8.7300000000         2.1333723269      -282.4966096206
        8.7350000000         2.1365927673      -295.7843227225
        8.7400000000         2.1398454876      -278.7001201629
        8.7450000000         2.1431301989      -288.1913438071
        8.7500000000         2.1464466094      -274.9036307051
        8.7550000000         2.1497944246      -297.6825674514
        8.7600000000         2.1531733471      -276.8018754340
        8.7650000000         2.1565830767      -280.5983648917
        8.7700000000         2.1600233106      -280.5983648917
        8.7750000000         2.1634937432      -280.5983648917
        8.7800000000         2.1669940663      -282.4966096206
        8.7850000000         2.1705239688      -271.1071412474
        8.7900000000         2.1740831373      -278.7001201629
        8.7950000000         2.1776712557      -284.3948543494
        8.8000000000         2.1812880051      -273.0053859763
        8.8050000000         2.1849330644      -291.9878332648
        8.8100000000         2.1886061098      -273.0053859763
        8.8150000000         2.1923068149      -269.2088965186
        8.8200000000         2.1960348512      -280.5983648917
        8.8250000000         2.1997898873      -265.4124070609
        8.8300000000         2.2035715899      -280.5983648917
        8.8350000000         2.2073796230      -278.7001201629
        8.8400000000         2.2112136483      -271.1071412474
        8.8450000000         2.2150733253      -263.5141623320
        8.8500000000         2.2189583111      -271.1071412474
        8.8550000000         2.2228682606      -276.8018754340
        8.8600000000         2.2268028266      -265.4124070609
        8.8650000000         2.2307616596      -265.4124070609
        8.8700000000         2.2347444078      -254.0229386877
        8.8750000000         2.2387507176      -265.4124070609
        8.8800000000         2.2427802331      -263.5141623320
        8.8850000000         2.2468325963      -265.4124070609
        8.8900000000         2.2509074473      -255.9211834166
        8.8950000000         2.2550044242      -252.1246939589
        8.9000000000         2.2591231629      -263.5141623320
        8.9050000000         2.2632632978      -246.4299597723
        8.9100000000         2.2674244610      -255.9211834166
        8.9150000000         2.2716062828      -240.7352255858
        8.9200000000         2.2758083920      -252.1246939589
        8.9250000000         2.2800304151      -236.9387361281
        8.9300000000         2.2842719772      -229.3457572126
        8.9350000000         2.2885327015      -246.4299597723
        8.9400000000         2.2928122095      -236.9387361281
        8.9450000000         2.2971101212      -236.9387361281
        8.9500000000         2.3014260547      -225.5492677549
        8.9550000000         2.3057596267      -206.5668204664
        8.9600000000         2.3101104522      -227.4475124838
        8.9650000000         2.3144781449      -221.7527782972
        8.9700000000         2.3188623166      -246.4299597723
        8.9750000000         2.3232625781      -231.2440019415
        8.9800000000         2.3276785384      -225.5492677549
        8.9850000000         2.3321098053      -231.2440019415
        8.9900000000         2.3365559852      -225.5492677549
        8.9950000000         2.3410166831      -216.0580441107
        9.0000000000         2.3454915028      -219.8545335684
        9.0050000000         2.3499800469      -200.8720862798
        9.0100000000         2.3544819166      -216.0580441107
        9.0150000000         2.3589967120      -204.6685757375
        9.0200000000         2.3635240322      -217.9562888395
        9.0250000000         2.3680634750      -204.6685757375
        9.0300000000         2.3726146372      -200.8720862798
        9.0350000000         2.3771771144      -181.8896389913
        9.0400000000         2.3817505015      -195.1773520933
        9.0450000000         2.3863343922      -202.7703310087
        9.0500000000         2.3909283793      -161.0089469739
        9.0550000000         2.3955320548      -204.6685757375
        9.0600000000         2.4001450097      -179.9913942624
        9.0650000000         2.4047668344      -204.6685757375
        9.0700000000         2.4093971182      -195.1773520933
        9.0750000000         2.4140354499      -187.5843731779
        9.0800000000         2.4186814174      -176.1949048047
        9.0850000000         2.4233346081      -168.6019258893
        9.0900000000         2.4279946087      -183.7878837202
        9.0950000000         2.4326610053      -174.2966600759
        9.1000000000         2.4373333832      -164.8054364316
        9.1050000000         2.4420113276      -179.9913942624
        9.1100000000         2.4466944229      -157.2124575162
        9.1150000000         2.4513822530      -166.7036811605
        9.1200000000         2.4560744017      -136.3317654988
        9.1250000000         2.4607704521      -162.9071917028
        9.1300000000         2.4654699871      -161.0089469739
        9.1350000000         2.4701725893      -151.5177233296
        9.1400000000         2.4748778409      -157.2124575162
        9.1450000000         2.4795853240      -155.3142127873
        9.1500000000         2.4842946205      -143.9247444142
        9.1550000000         2.4890053120      -145.8229891431
        9.1600000000         2.4937169801      -123.0440523968
        9.1650000000         2.4984292063      -128.7387865834
        9.1700000000         2.5031415720      -121.1458076680
        9.1750000000         2.5078536587      -109.7563392948
        9.1800000000         2.5125650477       -92.6721367352
        9.1850000000         2.5172753207       -73.6896894466
        9.1900000000         2.5219840592       -22.4370817676
        9.1950000000         2.5266908449        -7.2511239367
        9.2000000000         2.5313952598        11.7313233518
        9.2050000000         2.5360968859         0.3418549787
        9.2100000000         2.5407953058        -9.1493686656
        9.2150000000         2.5454901020        -5.3528792079
        9.2200000000         2.5501808574         2.2400997075
        9.2250000000         2.5548671555         2.2400997075
        9.2300000000         2.5595485800        -1.5563897502
        9.2350000000         2.5642247151        -1.5563897502
        9.2400000000         2.5688951453        17.4260575384
        9.2450000000         2.5735594559        83.8646230483
        9.2500000000         2.5782172325        26.9172811826
        9.2550000000         2.5828680614        61.0856863020
        9.2600000000         2.5875115295        45.8997284712
        9.2650000000         2.5921472243        66.7804204886
        9.2700000000         2.5967747340        40.2049942846
        9.2750000000         2.6013936477        62.9839310309
        9.2800000000         2.6060035550        61.0856863020
        9.2850000000         2.6106040464        49.6962179289
        9.2900000000         2.6151947133        59.1874415732
        9.2950000000         2.6197751480        53.4927073866
        9.3000000000         2.6243449436        55.3909521154
        9.3050000000         2.6289036941        47.7979732000
        9.3100000000         2.6334509947        59.1874415732
        9.3150000000         2.6379864413        66.7804204886
        9.3200000000         2.6425096312        53.4927073866
        9.3250000000         2.6470201626        61.0856863020
        9.3300000000         2.6515176348        66.7804204886
        9.3350000000         2.6560016483        68.6786652174
        9.3400000000         2.6604718049        64.8821757597
        9.3450000000         2.6649277074        70.5769099463
        9.3500000000         2.6693689601        74.3733994040
        9.3550000000         2.6737951685        70.5769099463
        9.3600000000         2.6782059394        78.1698888617
        9.3650000000         2.6826008809        78.1698888617
        9.3700000000         2.6869796029        78.1698888617
        9.3750000000         2.6913417162        78.1698888617
        9.3800000000         2.6956868334        81.9663783194
        9.3850000000         2.7000145686        87.6611125060
        9.3900000000         2.7043245374        85.7628677771
        9.3950000000         2.7086163568        93.3558466925
        9.4000000000         2.7128896458        93.3558466925
        9.4050000000         2.7171440246        87.6611125060
        9.4100000000         2.7213791155        85.7628677771
        9.4150000000         2.7255945422        99.0505808791
        9.4200000000         2.7297899303        87.6611125060
        9.4250000000         2.7339649071        97.1523361502
        9.4300000000         2.7381191018        99.0505808791
        9.4350000000         2.7422521454       100.9488256079
        9.4400000000         2.7463636708        97.1523361502
        9.4450000000         2.7504533127       104.7453150657
        9.4500000000         2.7545207079       121.8295176253
        9.4550000000         2.7585654951       108.5418045234
        9.4600000000         2.7625873150       118.0330281676
        9.4650000000         2.7665858104       106.6435597945
        9.4700000000         2.7705606261       121.8295176253
        9.4750000000         2.7745114090       114.2365387099
        9.4800000000         2.7784378082       119.9312728965
        9.4850000000         2.7823394750       129.4224965408
        9.4900000000         2.7862160628       121.8295176253
        9.4950000000         2.7900672272       135.1172307273
        9.5000000000         2.7938926261       140.8119649139
        9.5050000000         2.7976919199       137.0154754562
        9.5100000000         2.8014647708       138.9137201850
        9.5150000000         2.8052108440       135.1172307273
        9.5200000000         2.8089298065       138.9137201850
        9.5250000000         2.8126213282       161.6926569313
        9.5300000000         2.8162850810       137.0154754562
        9.5350000000         2.8199207395       146.5066991004
        9.5400000000         2.8235279808       146.5066991004
        9.5450000000         2.8271064845       148.4049438293
        9.5500000000         2.8306559327       152.2014332870
        9.5550000000         2.8341760101       152.2014332870
        9.5600000000         2.8376664041       152.2014332870
        9.5650000000         2.8411268046       157.8961674736
        9.5700000000         2.8445569042       161.6926569313
        9.5750000000         2.8479563983       167.3873911178
        9.5800000000         2.8513249849       163.5909016601
        9.5850000000         2.8546623648       174.9803700332
        9.5900000000         2.8579682415       154.0996780159
        9.5950000000         2.8612423214       178.7768594910
        9.6000000000         2.8644843137       169.2856358467
        9.6050000000         2.8676939304       171.1838805755
        9.6100000000         2.8708708864       176.8786147621
        9.6150000000         2.8740148995       176.8786147621
        9.6200000000         2.8771256904       178.7768594910
        9.6250000000         2.8802029828       167.3873911178
        9.6300000000         2.8832465034       182.5733489487
        9.6350000000         2.8862559818       192.0645725929
        9.6400000000         2.8892311508       176.8786147621
        9.6450000000         2.8921717460       193.9628173218
        9.6500000000         2.8950775062       190.1663278641
        9.6550000000         2.8979481733       188.2680831352
        9.6600000000         2.9007834924       184.4715936775
        9.6650000000         2.9035832116       203.4540409661
        9.6700000000         2.9063470822       205.3522856949
        9.6750000000         2.9090748587       192.0645725929
        9.6800000000         2.9117662988       205.3522856949
        9.6850000000         2.9144211635       203.4540409661
        9.6900000000         2.9170392168       199.6575515084
        9.6950000000         2.9196202263       214.8435093392
        9.7000000000         2.9221639628       209.1487751526
        9.7050000000         2.9246702001       226.2329777123
        9.7100000000         2.9271387158       203.4540409661
        9.7150000000         2.9295692906       226.2329777123
        9.7200000000         2.9319617086       209.1487751526
        9.7250000000         2.9343157572       220.5382435257
        9.7300000000         2.9366312274       214.8435093392
        9.7350000000         2.9389079135       233.8259566277
        9.7400000000         2.9411456132       222.4364882546
        9.7450000000         2.9433441279       216.7417540680
        9.7500000000         2.9455032621       220.5382435257
        9.7550000000         2.9476228242       218.6399987969
        9.7600000000         2.9497026258       222.4364882546
        9.7650000000         2.9517424822       228.1312224412
        9.7700000000         2.9537422123       228.1312224412
        9.7750000000         2.9557016383       237.6224460854
        9.7800000000         2.9576205863       230.0294671700
        9.7850000000         2.9594988858       233.8259566277
        9.7900000000         2.9613363699       233.8259566277
        9.7950000000         2.9631328755       249.0119144586
        9.8000000000         2.9648882429       237.6224460854
        9.8050000000         2.9666023163       239.5206908143
        9.8100000000         2.9682749434       233.8259566277
        9.8150000000         2.9699059755       252.8084039163
        9.8200000000         2.9714952679       245.2154250008
        9.8250000000         2.9730426794       237.6224460854
        9.8300000000         2.9745480725       243.3171802720
        9.8350000000         2.9760113135       235.7242013566
        9.8400000000         2.9774322724       250.9101591874
        9.8450000000         2.9788108230       237.6224460854
        9.8500000000         2.9801468428       245.2154250008
        9.8550000000         2.9814402133       256.6048933740
        9.8600000000         2.9826908194       247.1136697297
        9.8650000000         2.9838985502       250.9101591874
        9.8700000000         2.9850632982       250.9101591874
        9.8750000000         2.9861849602       264.1978722894
        9.8800000000         2.9872634364       266.0961170182
        9.8850000000         2.9882986310       258.5031381028
        9.8900000000         2.9892904522       260.4013828317
        9.8950000000         2.9902388117       256.6048933740
        9.9000000000         2.9911436254       252.8084039163
        9.9050000000         2.9920048128       243.3171802720
        9.9100000000         2.9928222976       264.1978722894
        9.9150000000         2.9935960070       256.6048933740
        9.9200000000         2.9943258724       264.1978722894
        9.9250000000         2.9950118289       266.0961170182
        9.9300000000         2.9956538155       243.3171802720
        9.9350000000         2.9962517754       264.1978722894
        9.9400000000         2.9968056553       252.8084039163
        9.9450000000         2.9973154060       273.6890959337
        9.9500000000         2.9977809823       271.7908512048
        9.9550000000         2.9982023428       260.4013828317
        9.9600000000         2.9985794501       269.8926064759
        9.9650000000         2.9989122707       262.2996275605
        9.9700000000         2.9992007751       269.8926064759
        9.9750000000         2.9994449375       260.4013828317
        9.9800000000         2.9996447363       275.5873406625
        9.9850000000         2.9998001538       258.5031381028
        9.9900000000         2.9999111762       277.4855853914
        9.9950000000         2.9999777936       275.5873406625
       10.0000000000         3.0000000000       269.8926064759
       10.0050000000         2.9999777936       279.3838301202
       10.0100000000         2.9999111762       273.6890959337
       10.0150000000         2.9998001538       281.2820748491
       10.0200000000         2.9996447363       281.2820748491
       10.0250000000         2.9994449375       273.6890959337
       10.0300000000         2.9992007751       273.6890959337
       10.0350000000         2.9989122707       267.9943617471
       10.0400000000         2.9985794501       281.2820748491
       10.0450000000         2.9982023428       290.7732984933
       10.0500000000         2.9977809823       279.3838301202
       10.0550000000         2.9973154060       283.1803195779
       10.0600000000         2.9968056553       277.4855853914
       10.0650000000         2.9962517754       277.4855853914
       10.0700000000         2.9956538155       273.6890959337
       10.0750000000         2.9950118289       281.2820748491
       10.0800000000         2.9943258724       285.0785643068
       10.0850000000         2.9935960070       283.1803195779
       10.0900000000         2.9928222976       283.1803195779
       10.0950000000         2.9920048128       271.7908512048
       10.1000000000         2.9911436254       294.5697879510
       10.1050000000         2.9902388117       281.2820748491
       10.1100000000         2.9892904522       294.5697879510
       10.1150000000         2.9882986310       279.3838301202
       10.1200000000         2.9872634364       285.0785643068
       10.1250000000         2.9861849602       279.3838301202
       10.1300000000         2.9850632982       279.3838301202
       10.1350000000         2.9838985502       286.9768090356
       10.1400000000         2.9826908194       275.5873406625
       10.1450000000         2.9814402133       281.2820748491
       10.1500000000         2.9801468428       269.8926064759
       10.1550000000         2.9788108230       283.1803195779
       10.1600000000         2.9774322724       288.8750537645
       10.1650000000         2.9760113135       285.0785643068
       10.1700000000         2.9745480725       285.0785643068
       10.1750000000         2.9730426794       281.2820748491
       10.1800000000         2.9714952679       285.0785643068
       10.1850000000         2.9699059755       277.4855853914
       10.1900000000         2.9682749434       264.1978722894
       10.1950000000         2.9666023163       290.7732984933
       10.2000000000         2.9648882429       258.5031381028
       10.2050000000         2.9631328755       275.5873406625
       10.2100000000         2.9613363699       271.7908512048
       10.2150000000         2.9594988858       283.1803195779
       10.2200000000         2.9576205863       266.0961170182
       10.2250000000         2.9557016383       281.2820748491
       10.2300000000         2.9537422123       262.2996275605
       10.2350000000         2.9517424822       275.5873406625
       10.2400000000         2.9497026258       283.1803195779
       10.2450000000         2.9476228242       269.8926064759
       10.2500000000         2.9455032621       273.6890959337
       10.2550000000         2.9433441279       269.8926064759
       10.2600000000         2.9411456132       277.4855853914
       10.2650000000         2.9389079135       260.4013828317
       10.2700000000         2.9366312274       275.5873406625
       10.2750000000         2.9343157572       267.9943617471
       10.2800000000         2.9319617086       269.8926064759
       10.2850000000         2.9295692906       267.9943617471
       10.2900000000         2.9271387158       258.5031381028
       10.2950000000         2.9246702001       267.9943617471
       10.3000000000         2.9221639628       269.8926064759
       10.3050000000         2.9196202263       264.1978722894
       10.3100000000         2.9170392168       264.1978722894
       10.3150000000         2.9144211635       271.7908512048
       10.3200000000         2.9117662988       260.4013828317
       10.3250000000         2.9090748587       262.2996275605
       10.3300000000         2.9063470822       258.5031381028
       10.3350000000         2.9035832116       266.0961170182
       10.3400000000         2.9007834924       256.6048933740
       10.3450000000         2.8979481733       243.3171802720
       10.3500000000         2.8950775062       256.6048933740
       10.3550000000         2.8921717460       237.6224460854
       10.3600000000         2.8892311508       266.0961170182
       10.3650000000         2.8862559818       243.3171802720
       10.3700000000         2.8832465034       260.4013828317
       10.3750000000         2.8802029828       252.8084039163
       10.3800000000         2.8771256904       241.4189355431
       10.3850000000         2.8740148995       254.7066486451
       10.3900000000         2.8708708864       247.1136697297
       10.3950000000         2.8676939304       247.1136697297
       10.4000000000         2.8644843137       239.5206908143
       10.4050000000         2.8612423214       245.2154250008
       10.4100000000         2.8579682415       237.6224460854
       10.4150000000         2.8546623648       230.0294671700
       10.4200000000         2.8513249849       235.7242013566
       10.4250000000         2.8479563983       230.0294671700
       10.4300000000         2.8445569042       230.0294671700
       10.4350000000         2.8411268046       230.0294671700
       10.4400000000         2.8376664041       228.1312224412
       10.4450000000         2.8341760101       237.6224460854
       10.4500000000         2.8306559327       214.8435093392
       10.4550000000         2.8271064845       214.8435093392
       10.4600000000         2.8235279808       222.4364882546
       10.4650000000         2.8199207395       212.9452646103
       10.4700000000         2.8162850810       226.2329777123
       10.4750000000         2.8126213282       207.2505304238
       10.4800000000         2.8089298065       224.3347329835
       10.4850000000         2.8052108440       220.5382435257
       10.4900000000         2.8014647708       205.3522856949
       10.4950000000         2.7976919199       209.1487751526
       10.5000000000         2.7938926261       205.3522856949
       10.5050000000         2.7900672272       192.0645725929
       10.5100000000         2.7862160628       211.0470198815
       10.5150000000         2.7823394750       211.0470198815
       10.5200000000         2.7784378082       199.6575515084
       10.5250000000         2.7745114090       207.2505304238
       10.5300000000         2.7705606261       180.6751042198
       10.5350000000         2.7665858104       201.5557962372
       10.5400000000         2.7625873150       176.8786147621
       10.5450000000         2.7585654951       199.6575515084
       10.5500000000         2.7545207079       169.2856358467
       10.5550000000         2.7504533127       155.9979227447
       10.5600000000         2.7463636708       184.4715936775
       10.5650000000         2.7422521454       184.4715936775
       10.5700000000         2.7381191018       188.2680831352
       10.5750000000         2.7339649071       173.0821253044
       10.5800000000         2.7297899303       173.0821253044
       10.5850000000         2.7255945422       169.2856358467
       10.5900000000         2.7213791155       176.8786147621
       10.5950000000         2.7171440246       176.8786147621
       10.6000000000         2.7128896458       165.4891463890
       10.6050000000         2.7086163568       178.7768594910
       10.6100000000         2.7043245374       159.7944122024
       10.6150000000         2.7000145686       176.8786147621
       10.6200000000         2.6956868334       169.2856358467
       10.6250000000         2.6913417162       159.7944122024
       10.6300000000         2.6869796029       161.6926569313
       10.6350000000         2.6826008809       163.5909016601
       10.6400000000         2.6782059394       154.0996780159
       10.6450000000         2.6737951685       157.8961674736
       10.6500000000         2.6693689601       146.5066991004
       10.6550000000         2.6649277074       131.3207412696
       10.6600000000         2.6604718049       152.2014332870
       10.6650000000         2.6560016483       133.2189859985
       10.6700000000         2.6515176348       142.7102096427
       10.6750000000         2.6470201626       133.2189859985
       10.6800000000         2.6425096312       133.2189859985
       10.6850000000         2.6379864413       127.5242518119
       10.6900000000         2.6334509947       125.6260070830
       10.6950000000         2.6289036941       125.6260070830
       10.7000000000         2.6243449436       131.3207412696
       10.7050000000         2.6197751480       123.7277623542
       10.7100000000         2.6151947133       123.7277623542
       10.7150000000         2.6106040464       116.1347834388
       10.7200000000         2.6060035550       123.7277623542
       10.7250000000         2.6013936477       121.8295176253
       10.7300000000         2.5967747340       121.8295176253
       10.7350000000         2.5921472243       108.5418045234
       10.7400000000         2.5875115295       108.5418045234
       10.7450000000         2.5828680614       116.1347834388
       10.7500000000         2.5782172325       102.8470703368
       10.7550000000         2.5735594559       118.0330281676
       10.7600000000         2.5688951453        99.0505808791
       10.7650000000         2.5642247151       104.7453150657
       10.7700000000         2.5595485800        99.0505808791
       10.7750000000         2.5548671555        95.2540914214
       10.7800000000         2.5501808574        87.6611125060
       10.7850000000         2.5454901020        87.6611125060
       10.7900000000         2.5407953058        99.0505808791
       10.7950000000         2.5360968859        85.7628677771
       10.8000000000         2.5313952598        85.7628677771
       10.8050000000         2.5266908449        85.7628677771
       10.8100000000         2.5219840592        74.3733994040
       10.8150000000         2.5172753207        85.7628677771
       10.8200000000         2.5125650477        81.9663783194
       10.8250000000         2.5078536587        78.1698888617
       10.8300000000         2.5031415720        70.5769099463
       10.8350000000         2.4984292063        51.5944626577
       10.8400000000         2.4937169801        45.8997284712
       10.8450000000         2.4890053120        32.6120153692
       10.8500000000         2.4842946205        17.4260575384
       10.8550000000         2.4795853240       -12.9458581233
       10.8600000000         2.4748778409         2.2400997075
       10.8650000000         2.4701725893        -3.4546344790
       10.8700000000         2.4654699871         6.0365891652
       10.8750000000         2.4607704521         0.3418549787
       10.8800000000         2.4560744017        -5.3528792079
       10.8850000000         2.4513822530         0.3418549787
       10.8900000000         2.4466944229       -43.3177737850
       10.8950000000         2.4420113276      -111.6545840237
       10.9000000000         2.4373333832       -69.8931999889
       10.9050000000         2.4326610053       -81.2826683620
       10.9100000000         2.4279946087       -75.5879341755
       10.9150000000         2.4233346081       -77.4861789043
       10.9200000000         2.4186814174       -73.6896894466
       10.9250000000         2.4140354499       -92.6721367352
       10.9300000000         2.4093971182       -96.4686261929
       10.9350000000         2.4047668344       -96.4686261929
       10.9400000000         2.4001450097      -100.2651156506
       10.9450000000         2.3955320548       -98.3668709217
       10.9500000000         2.3909283793      -111.6545840237
       10.9550000000         2.3863343922      -102.1633603794
       10.9600000000         2.3817505015      -104.0616051083
       10.9650000000         2.3771771144       -98.3668709217
       10.9700000000         2.3726146372      -111.6545840237
       10.9750000000         2.3680634750      -107.8580945660
       10.9800000000         2.3635240322      -115.4510734814
       10.9850000000         2.3589967120      -109.7563392948
       10.9900000000         2.3544819166      -117.3493182103
       10.9950000000         2.3499800469      -121.1458076680
       11.0000000000         2.3454915028      -115.4510734814
       11.0050000000         2.3410166831      -121.1458076680
       11.0100000000         2.3365559852      -104.0616051083
       11.0150000000         2.3321098053      -119.2475629391
       11.0200000000         2.3276785384      -130.6370313122
       11.0250000000         2.3232625781      -128.7387865834
       11.0300000000         2.3188623166      -157.2124575162
       11.0350000000         2.3144781449      -128.7387865834
       11.0400000000         2.3101104522      -136.3317654988
       11.0450000000         2.3057596267      -143.9247444142
       11.0500000000         2.3014260547      -142.0264996854
       11.0550000000         2.2971101212      -151.5177233296
       11.0600000000         2.2928122095      -145.8229891431
       11.0650000000         2.2885327015      -149.6194786008
       11.0700000000         2.2842719772      -145.8229891431
       11.0750000000         2.2800304151      -140.1282549565
       11.0800000000         2.2758083920      -140.1282549565
       11.0850000000         2.2716062828      -153.4159680585
       11.0900000000         2.2674244610      -162.9071917028
       11.0950000000         2.2632632978      -157.2124575162
       11.1000000000         2.2591231629      -176.1949048047
       11.1050000000         2.2550044242      -164.8054364316
       11.1100000000         2.2509074473      -157.2124575162
       11.1150000000         2.2468325963      -162.9071917028
       11.1200000000         2.2427802331      -166.7036811605
       11.1250000000         2.2387507176      -155.3142127873
       11.1300000000         2.2347444078      -162.9071917028
       11.1350000000         2.2307616596      -162.9071917028
       11.1400000000         2.2268028266      -170.5001706182
       11.1450000000         2.2228682606      -183.7878837202
       11.1500000000         2.2189583111      -149.6194786008
       11.1550000000         2.2150733253      -164.8054364316
       11.1600000000         2.2112136483      -179.9913942624
       11.1650000000         2.2073796230      -172.3984153470
       11.1700000000         2.2035715899      -176.1949048047
       11.1750000000         2.1997898873      -179.9913942624
       11.1800000000         2.1960348512      -189.4826179067
       11.1850000000         2.1923068149      -181.8896389913
       11.1900000000         2.1886061098      -176.1949048047
       11.1950000000         2.1849330644      -200.8720862798
       11.2000000000         2.1812880051      -181.8896389913
       11.2050000000         2.1776712557      -187.5843731779
       11.2100000000         2.1740831373      -191.3808626356
       11.2150000000         2.1705239688      -191.3808626356
       11.2200000000         2.1669940663      -202.7703310087
       11.2250000000         2.1634937432      -189.4826179067
       11.2300000000         2.1600233106      -195.1773520933
       11.2350000000         2.1565830767      -189.4826179067
       11.2400000000         2.1531733471      -204.6685757375
       11.2450000000         2.1497944246      -202.7703310087
       11.2500000000         2.1464466094      -198.9738415510
       11.2550000000         2.1431301989      -208.4650651953
       11.2600000000         2.1398454876      -197.0755968221
       11.2650000000         2.1365927673      -221.7527782972
       11.2700000000         2.1333723269      -216.0580441107
       11.2750000000         2.1301844525      -206.5668204664
       11.2800000000         2.1270294273      -216.0580441107
       11.2850000000         2.1239075315      -212.2615546530
       11.2900000000         2.1208190424      -225.5492677549
       11.2950000000         2.1177642343      -231.2440019415
       11.3000000000         2.1147433786      -221.7527782972
       11.3050000000         2.1117567437      -223.6510230261
       11.3100000000         2.1088045947      -216.0580441107
       11.3150000000         2.1058871940      -221.7527782972
       11.3200000000         2.1030048007      -219.8545335684
       11.3250000000         2.1001576708      -235.0404913992
       11.3300000000         2.0973460571      -217.9562888395
       11.3350000000         2.0945702096      -225.5492677549
       11.3400000000         2.0918303746      -236.9387361281
       11.3450000000         2.0891267957      -231.2440019415
       11.3500000000         2.0864597129      -238.8369808569
       11.3550000000         2.0838293631      -231.2440019415
       11.3600000000         2.0812359800      -219.8545335684
       11.3650000000         2.0786797939      -229.3457572126
       11.3700000000         2.0761610320      -233.1422466704
       11.3750000000         2.0736799178      -252.1246939589
       11.3800000000         2.0712366719      -240.7352255858
       11.3850000000         2.0688315112      -221.7527782972
       11.3900000000         2.0664646494      -257.8194281455
       11.3950000000         2.0641362967      -217.9562888395
       11.4000000000         2.0618466600      -257.8194281455
       11.4050000000         2.0595959425      -233.1422466704
       11.4100000000         2.0573843443      -248.3282045012
       11.4150000000         2.0552120618      -250.2264492300
       11.4200000000         2.0530792879      -242.6334703146
       11.4250000000         2.0509862121      -273.0053859763
       11.4300000000         2.0489330203      -236.9387361281
       11.4350000000         2.0469198949      -242.6334703146
       11.4400000000         2.0449470147      -267.3106517897
       11.4450000000         2.0430145549      -255.9211834166
       11.4500000000         2.0411226872      -265.4124070609
       11.4550000000         2.0392715796      -252.1246939589
       11.4600000000         2.0374613966      -274.9036307051
       11.4650000000         2.0356922989      -261.6159176032
       11.4700000000         2.0339644438      -257.8194281455
       11.4750000000         2.0322779846      -278.7001201629
       11.4800000000         2.0306330712      -244.5317150435
       11.4850000000         2.0290298496      -291.9878332648
       11.4900000000         2.0274684624      -261.6159176032
       11.4950000000         2.0259490482      -280.5983648917
       11.5000000000         2.0244717419      -276.8018754340
       11.5050000000         2.0230366747      -273.0053859763
       11.5100000000         2.0216439742      -280.5983648917
       11.5150000000         2.0202937641      -273.0053859763
       11.5200000000         2.0189861642      -273.0053859763
       11.5250000000         2.0177212908      -273.0053859763
       11.5300000000         2.0164992561      -278.7001201629
       11.5350000000         2.0153201688      -286.2930990783
       11.5400000000         2.0141841335      -278.7001201629
       11.5450000000         2.0130912513      -280.5983648917
       11.5500000000         2.0120416190      -282.4966096206
       11.5550000000         2.0110353301      -286.2930990783
       11.5600000000         2.0100724738      -290.0895885360
       11.5650000000         2.0091531357      -282.4966096206
       11.5700000000         2.0082773975      -293.8860779937
       11.5750000000         2.0074453369      -290.0895885360
       11.5800000000         2.0066570279      -297.6825674514
       11.5850000000         2.0059125404      -280.5983648917
       11.5900000000         2.0052119407      -297.6825674514
       11.5950000000         2.0045552909      -301.4790569091
       11.6000000000         2.0039426493      -303.3773016380
       11.6050000000         2.0033740705      -288.1913438071
       11.6100000000         2.0028496048      -301.4790569091
       11.6150000000         2.0023692989      -295.7843227225
       11.6200000000         2.0019331954      -288.1913438071
       11.6250000000         2.0015413331      -293.8860779937
       11.6300000000         2.0011937468      -297.6825674514
       11.6350000000         2.0008904674      -301.4790569091
       11.6400000000         2.0006315217      -303.3773016380
       11.6450000000         2.0004169328      -286.2930990783
       11.6500000000         2.0002467198      -297.6825674514
       11.6550000000         2.0001208978      -303.3773016380
       11.6600000000         2.0000394779      -301.4790569091
       11.6650000000         2.0000024674      -314.7667700111
       11.6700000000         2.0000098696      -297.6825674514
       11.6750000000         2.0000616838      -310.9702805534
       11.6800000000         2.0001579054      -301.4790569091
       11.6850000000         2.0002985258      -309.0720358245
       11.6900000000         2.0004835327      -316.6650147399
       11.6950000000         2.0007129094      -301.4790569091
       11.7000000000         2.0009866358      -310.9702805534
       11.7050000000         2.0013046874      -309.0720358245
       11.7100000000         2.0016670360      -310.9702805534
       11.7150000000         2.0020736494      -301.4790569091
       11.7200000000         2.0025244915      -309.0720358245
       11.7250000000         2.0030195223      -301.4790569091
       11.7300000000         2.0035586977      -312.8685252822
       11.7350000000         2.0041419699      -295.7843227225
       11.7400000000         2.0047692872      -310.9702805534
       11.7450000000         2.0054405936      -303.3773016380
       11.7500000000         2.0061558297      -301.4790569091
       11.7550000000         2.0069149319      -310.9702805534
       11.7600000000         2.0077178327      -309.0720358245
       11.7650000000         2.0085644609      -297.6825674514
       11.7700000000         2.0094547413      -322.3597489265
       11.7750000000         2.0103885947      -303.3773016380
       11.7800000000         2.0113659382      -318.5632594688
       11.7850000000         2.0123866850      -303.3773016380
       11.7900000000         2.0134507445      -299.5808121802
       11.7950000000         2.0145580221      -320.4615041976
       11.8000000000         2.0157084194      -305.2755463668
       11.8050000000         2.0169018344      -303.3773016380
       11.8100000000         2.0181381609      -303.3773016380
       11.8150000000         2.0194172891      -297.6825674514
       11.8200000000         2.0207391055      -310.9702805534
       11.8250000000         2.0221034926      -305.2755463668
       11.8300000000         2.0235103292      -322.3597489265
       11.8350000000         2.0249594904      -303.3773016380
       11.8400000000         2.0264508475      -305.2755463668
       11.8450000000         2.0279842679      -310.9702805534
       11.8500000000         2.0295596155      -310.9702805534
       11.8550000000         2.0311767504      -307.1737910957
       11.8600000000         2.0328355288      -299.5808121802
       11.8650000000         2.0345358034      -310.9702805534
       11.8700000000         2.0362774233      -322.3597489265
       11.8750000000         2.0380602337      -307.1737910957
       11.8800000000         2.0398840763      -322.3597489265
       11.8850000000         2.0417487890      -312.8685252822
       11.8900000000         2.0436542063      -305.2755463668
       11.8950000000         2.0456001588      -301.4790569091
       11.9000000000         2.0475864738      -310.9702805534
       11.9050000000         2.0496129747      -309.0720358245
       11.9100000000         2.0516794816      -293.8860779937
       11.9150000000         2.0537858109      -310.9702805534
       11.9200000000         2.0559317756      -310.9702805534
       11.9250000000         2.0581171850      -309.0720358245
       11.9300000000         2.0603418449      -284.3948543494
       11.9350000000         2.0626055578      -303.3773016380
       11.9400000000         2.0649081227      -316.6650147399
       11.9450000000         2.0672493349      -301.4790569091
       11.9500000000         2.0696289865      -297.6825674514
       11.9550000000         2.0720468662      -297.6825674514
       11.9600000000         2.0745027591      -310.9702805534
       11.9650000000         2.0769964472      -303.3773016380
       11.9700000000         2.0795277089      -307.1737910957
       11.9750000000         2.0820963193      -316.6650147399
       11.9800000000         2.0847020504      -318.5632594688
       11.9850000000         2.0873446707      -309.0720358245
       11.9900000000         2.0900239453      -303.3773016380
       11.9950000000         2.0927396365      -310.9702805534
       12.0000000000         2.0954915028      -290.0895885360
       12.0050000000         2.0982792999      -310.9702805534
       12.0100000000         2.1011027802      -310.9702805534
       12.0150000000         2.1039616929      -293.8860779937
       12.0200000000         2.1068557839      -293.8860779937
       12.0250000000         2.1097847963      -273.0053859763
       12.0300000000         2.1127484699      -310.9702805534
       12.0350000000         2.1157465414      -295.7843227225
       12.0400000000         2.1187787445      -303.3773016380
       12.0450000000         2.1218448099      -301.4790569091
       12.0500000000         2.1249444652      -280.5983648917
       12.0550000000         2.1280774351      -293.8860779937
       12.0600000000         2.1312434413      -286.2930990783
       12.0650000000         2.1344422026      -295.7843227225
       12.0700000000         2.1376734349      -309.0720358245
       12.0750000000         2.1409368511      -291.9878332648
       12.0800000000         2.1442321614      -286.2930990783
       12.0850000000         2.1475590730      -282.4966096206
       12.0900000000         2.1509172905      -271.1071412474
       12.0950000000         2.1543065155      -293.8860779937
       12.1000000000         2.1577264470      -295.7843227225
       12.1050000000         2.1611767813      -293.8860779937
       12.1100000000         2.1646572117      -274.9036307051
       12.1150000000         2.1681674293      -276.8018754340
       12.1200000000         2.1717071221      -276.8018754340
       12.1250000000         2.1752759758      -278.7001201629
       12.1300000000         2.1788736734      -280.5983648917
       12.1350000000         2.1824998953      -263.5141623320
       12.1400000000         2.1861543194      -274.9036307051
       12.1450000000         2.1898366210      -267.3106517897
       12.1500000000         2.1935464732      -273.0053859763
       12.1550000000         2.1972835463      -276.8018754340
       12.1600000000         2.2010475085      -261.6159176032
       12.1650000000         2.2048380253      -250.2264492300
       12.1700000000         2.2086547602      -255.9211834166
       12.1750000000         2.2124973740      -263.5141623320
       12.1800000000         2.2163655254      -254.0229386877
       12.1850000000         2.2202588709      -269.2088965186
       12.1900000000         2.2241770647      -244.5317150435
       12.1950000000         2.2281197586      -261.6159176032
       12.2000000000         2.2320866025      -257.8194281455
       12.2050000000         2.2360772440      -248.3282045012
       12.2100000000         2.2400913287      -261.6159176032
       12.2150000000         2.2441284999      -231.2440019415
       12.2200000000         2.2481883992      -242.6334703146
       12.2250000000         2.2522706658      -259.7176728743
       12.2300000000         2.2563749371      -252.1246939589
       12.2350000000         2.2605008487      -248.3282045012
       12.2400000000         2.2646480339      -235.0404913992
       12.2450000000         2.2688161245      -235.0404913992
       12.2500000000         2.2730047501      -225.5492677549
       12.2550000000         2.2772135388      -244.5317150435
       12.2600000000         2.2814421167      -219.8545335684
       12.2650000000         2.2856901081      -233.1422466704
       12.2700000000         2.2899571358      -225.5492677549
       12.2750000000         2.2942428207      -212.2615546530
       12.2800000000         2.2985467821      -221.7527782972
       12.2850000000         2.3028686378      -204.6685757375
       12.2900000000         2.3072080039      -225.5492677549
       12.2950000000         2.3115644948      -216.0580441107
       12.3000000000         2.3159377237      -219.8545335684
       12.3050000000         2.3203273020      -197.0755968221
       12.3100000000         2.3247328399      -212.2615546530
       12.3150000000         2.3291539461      -197.0755968221
       12.3200000000         2.3335902277      -200.8720862798
       12.3250000000         2.3380412909      -202.7703310087
       12.3300000000         2.3425067402      -216.0580441107
       12.3350000000         2.3469861789      -195.1773520933
       12.3400000000         2.3514792092      -204.6685757375
       12.3450000000         2.3559854320      -206.5668204664
       12.3500000000         2.3605044470      -179.9913942624
       12.3550000000         2.3650358528      -212.2615546530
       12.3600000000         2.3695792469      -183.7878837202
       12.3650000000         2.3741342257      -200.8720862798
       12.3700000000         2.3787003846      -183.7878837202
       12.3750000000         2.3832773181      -189.4826179067
       12.3800000000         2.3878646195      -191.3808626356
       12.3850000000         2.3924618815      -185.6861284490
       12.3900000000         2.3970686956      -202.7703310087
       12.3950000000         2.4016846527      -176.1949048047
       12.4000000000         2.4063093427      -197.0755968221
       12.4050000000         2.4109423549      -178.0931495336
       12.4100000000         2.4155832776      -174.2966600759
       12.4150000000         2.4202316988      -181.8896389913
       12.4200000000         2.4248872054      -179.9913942624
       12.4250000000         2.4295493840      -172.3984153470
       12.4300000000         2.4342178205      -168.6019258893
       12.4350000000         2.4388921000      -181.8896389913
       12.4400000000         2.4435718076      -178.0931495336
       12.4450000000         2.4482565274      -172.3984153470
       12.4500000000         2.4529458433      -162.9071917028
       12.4550000000         2.4576393389      -157.2124575162
       12.4600000000         2.4623365972      -164.8054364316
       12.4650000000         2.4670372010      -153.4159680585
       12.4700000000         2.4717407328      -157.2124575162
       12.4750000000         2.4764467746      -162.9071917028
       12.4800000000         2.4811549087      -151.5177233296
       12.4850000000         2.4858647166      -147.7212338719
       12.4900000000         2.4905757801      -155.3142127873
       12.4950000000         2.4952876808      -155.3142127873
       12.5000000000         2.5000000000      -124.9422971257
       12.5050000000         2.5047123192      -111.6545840237
       12.5100000000         2.5094242199      -111.6545840237
       12.5150000000         2.5141352834      -105.9598498371
       12.5200000000         2.5188450913       -81.2826683620
       12.5250000000         2.5235532254       -43.3177737850
       12.5300000000         2.5282592672       -14.8441028521
       12.5350000000         2.5329627990        15.5278128095
       12.5400000000         2.5376634028        -3.4546344790
       12.5450000000         2.5423606611       -12.9458581233
       12.5500000000         2.5470541567       -12.9458581233
       12.5550000000         2.5517434726         6.0365891652
       12.5600000000         2.5564281924         0.3418549787
       12.5650000000         2.5611079000         4.1383444364
       12.5700000000         2.5657821795         0.3418549787
       12.5750000000         2.5704506160         6.0365891652
       12.5800000000         2.5751127946        70.5769099463
       12.5850000000         2.5797683012        62.9839310309
       12.5900000000         2.5844167224        62.9839310309
       12.5950000000         2.5890576451        55.3909521154
       12.6000000000         2.5936906573        49.6962179289
       12.6050000000         2.5983153473        61.0856863020
       12.6100000000         2.6029313044        51.5944626577
       12.6150000000         2.6075381185        59.1874415732
       12.6200000000         2.6121353805        51.5944626577
       12.6250000000         2.6167226819        55.3909521154
       12.6300000000         2.6212996154        68.6786652174
       12.6350000000         2.6258657743        49.6962179289
       12.6400000000         2.6304207531        61.0856863020
       12.6450000000         2.6349641472        51.5944626577
       12.6500000000         2.6394955530        57.2891968443
       12.6550000000         2.6440145680        61.0856863020
       12.6600000000         2.6485207908        53.4927073866
       12.6650000000         2.6530138211        66.7804204886
       12.6700000000         2.6574932598        53.4927073866
       12.6750000000         2.6619587091        64.8821757597
       12.6800000000         2.6664097723        70.5769099463
       12.6850000000         2.6708460539        57.2891968443
       12.6900000000         2.6752671601        72.4751546751
       12.6950000000         2.6796726980        57.2891968443
       12.7000000000         2.6840622763        72.4751546751
       12.7050000000         2.6884355052        68.6786652174
       12.7100000000         2.6927919961        68.6786652174
       12.7150000000         2.6971313622        76.2716441328
       12.7200000000         2.7014532179        76.2716441328
       12.7250000000         2.7057571793        70.5769099463
       12.7300000000         2.7100428642        80.0681335906
       12.7350000000         2.7143098919        78.1698888617
       12.7400000000         2.7185578833        72.4751546751
       12.7450000000         2.7227864612        81.9663783194
       12.7500000000         2.7269952499        85.7628677771
       12.7550000000         2.7311838755        81.9663783194
       12.7600000000         2.7353519661        85.7628677771
       12.7650000000         2.7394991513        83.8646230483
       12.7700000000         2.7436250629        83.8646230483
       12.7750000000         2.7477293342        93.3558466925
       12.7800000000         2.7518116008       102.8470703368
       12.7850000000         2.7558715001       102.8470703368
       12.7900000000         2.7599086713        95.2540914214
       12.7950000000         2.7639227560        99.0505808791
       12.8000000000         2.7679133975       100.9488256079
       12.8050000000         2.7718802414       104.7453150657
       12.8100000000         2.7758229353       118.0330281676
       12.8150000000         2.7797411291       102.8470703368
       12.8200000000         2.7836344746       116.1347834388
       12.8250000000         2.7875026260       108.5418045234
       12.8300000000         2.7913452398       114.2365387099
       12.8350000000         2.7951619747       123.7277623542
       12.8400000000         2.7989524915       125.6260070830
       12.8450000000         2.8027164537       123.7277623542
       12.8500000000         2.8064535268       127.5242518119
       12.8550000000         2.8101633790       119.9312728965
       12.8600000000         2.8138456806       129.4224965408
       12.8650000000         2.8175001047       121.8295176253
       12.8700000000         2.8211263266       125.6260070830
       12.8750000000         2.8247240242       123.7277623542
       12.8800000000         2.8282928779       131.3207412696
       12.8850000000         2.8318325707       138.9137201850
       12.8900000000         2.8353427883       123.7277623542
       12.8950000000         2.8388232187       144.6084543716
       12.9000000000         2.8422735530       135.1172307273
       12.9050000000         2.8456934845       140.8119649139
       12.9100000000         2.8490827095       137.0154754562
       12.9150000000         2.8524409270       146.5066991004
       12.9200000000         2.8557678386       140.8119649139
       12.9250000000         2.8590631489       138.9137201850
       12.9300000000         2.8623265651       146.5066991004
       12.9350000000         2.8655577974       146.5066991004
       12.9400000000         2.8687565587       150.3031885581
       12.9450000000         2.8719225649       146.5066991004
       12.9500000000         2.8750555348       152.2014332870
       12.9550000000         2.8781551901       150.3031885581
       12.9600000000         2.8812212555       159.7944122024
       12.9650000000         2.8842534586       169.2856358467
       12.9700000000         2.8872515301       154.0996780159
       12.9750000000         2.8902152037       159.7944122024
       12.9800000000         2.8931442161       163.5909016601
       12.9850000000         2.8960383071       163.5909016601
       12.9900000000         2.8988972198       174.9803700332
       12.9950000000         2.9017207001       159.7944122024
       13.0000000000         2.9045084972       178.7768594910
       13.0050000000         2.9072603635       176.8786147621
       13.0100000000         2.9099760547       173.0821253044
       13.0150000000         2.9126553293       178.7768594910
       13.0200000000         2.9152979496       174.9803700332
       13.0250000000         2.9179036807       180.6751042198
       13.0300000000         2.9204722911       192.0645725929
       13.0350000000         2.9230035528       176.8786147621
       13.0400000000         2.9254972409       195.8610620506
       13.0450000000         2.9279531338       178.7768594910
       13.0500000000         2.9303710135       180.6751042198
       13.0550000000         2.9327506651       197.7593067795
       13.0600000000         2.9350918773       180.6751042198
       13.0650000000         2.9373944422       169.2856358467
       13.0700000000         2.9396581551       178.7768594910
       13.0750000000         2.9418828150       184.4715936775
       13.0800000000         2.9440682244       192.0645725929
       13.0850000000         2.9462141891       205.3522856949
       13.0900000000         2.9483205184       197.7593067795
       13.0950000000         2.9503870253       199.6575515084
       13.1000000000         2.9524135262       209.1487751526
       13.1050000000         2.9543998412       209.1487751526
       13.1100000000         2.9563457937       212.9452646103
       13.1150000000         2.9582512110       212.9452646103
       13.1200000000         2.9601159237       212.9452646103
       13.1250000000         2.9619397663       218.6399987969
       13.1300000000         2.9637225767       212.9452646103
       13.1350000000         2.9654641966       216.7417540680
       13.1400000000         2.9671644712       205.3522856949
       13.1450000000         2.9688232496       231.9277118989
       13.1500000000         2.9704403845       203.4540409661
       13.1550000000         2.9720157321       222.4364882546
       13.1600000000         2.9735491525       233.8259566277
       13.1650000000         2.9750405096       212.9452646103
       13.1700000000         2.9764896708       241.4189355431
       13.1750000000         2.9778965074       230.0294671700
       13.1800000000         2.9792608945       226.2329777123
       13.1850000000         2.9805827109       245.2154250008
       13.1900000000         2.9818618391       226.2329777123
       13.1950000000         2.9830981656       245.2154250008
       13.2000000000         2.9842915806       230.0294671700
       13.2050000000         2.9854419779       235.7242013566
       13.2100000000         2.9865492555       258.5031381028
       13.2150000000         2.9876133150       230.0294671700
       13.2200000000         2.9886340618       237.6224460854
       13.2250000000         2.9896114053       233.8259566277
       13.2300000000         2.9905452587       247.1136697297
       13.2350000000         2.9914355391       254.7066486451
       13.2400000000         2.9922821673       250.9101591874
       13.2450000000         2.9930850681       252.8084039163
       13.2500000000         2.9938441703       245.2154250008
       13.2550000000         2.9945594064       252.8084039163
       13.2600000000         2.9952307128       258.5031381028
       13.2650000000         2.9958580301       254.7066486451
       13.2700000000         2.9964413023       264.1978722894
       13.2750000000         2.9969804777       254.7066486451
       13.2800000000         2.9974755085       252.8084039163
       13.2850000000         2.9979263506       266.0961170182
       13.2900000000         2.9983329640       260.4013828317
       13.2950000000         2.9986953126       266.0961170182
       13.3000000000         2.9990133642       258.5031381028
       13.3050000000         2.9992870906       254.7066486451
       13.3100000000         2.9995164673       260.4013828317
       13.3150000000         2.9997014742       271.7908512048
       13.3200000000         2.9998420946       267.9943617471
       13.3250000000         2.9999383162       267.9943617471
       13.3300000000         2.9999901304       279.3838301202
       13.3350000000         2.9999975326       256.6048933740
       13.3400000000         2.9999605221       267.9943617471
       13.3450000000         2.9998791022       283.1803195779
       13.3500000000         2.9997532802       277.4855853914
       13.3550000000         2.9995830672       273.6890959337
       13.3600000000         2.9993684783       277.4855853914
       13.3650000000         2.9991095326       285.0785643068
       13.3700000000         2.9988062532       283.1803195779
       13.3750000000         2.9984586669       277.4855853914
       13.3800000000         2.9980668046       283.1803195779
       13.3850000000         2.9976307011       267.9943617471
       13.3900000000         2.9971503952       283.1803195779
       13.3950000000         2.9966259295       298.3662774088
       13.4000000000         2.9960573507       279.3838301202
       13.4050000000         2.9954447091       283.1803195779
       13.4100000000         2.9947880593       281.2820748491
       13.4150000000         2.9940874596       292.6715432222
       13.4200000000         2.9933429721       290.7732984933
       13.4250000000         2.9925546631       296.4680326799
       13.4300000000         2.9917226025       283.1803195779
       13.4350000000         2.9908468643       294.5697879510
       13.4400000000         2.9899275262       290.7732984933
       13.4450000000         2.9889646699       296.4680326799
       13.4500000000         2.9879583810       294.5697879510
       13.4550000000         2.9869087487       296.4680326799
       13.4600000000         2.9858158665       285.0785643068
       13.4650000000         2.9846798312       294.5697879510
       13.4700000000         2.9835007439       294.5697879510
       13.4750000000         2.9822787092       298.3662774088
       13.4800000000         2.9810138358       266.0961170182
       13.4850000000         2.9797062359       296.4680326799
       13.4900000000         2.9783560258       300.2645221376
       13.4950000000         2.9769633253       294.5697879510
       13.5000000000         2.9755282581       288.8750537645
       13.5050000000         2.9740509518       317.3487246973
       13.5100000000         2.9725315376       285.0785643068
       13.5150000000         2.9709701504       298.3662774088
       13.5200000000         2.9693669288       290.7732984933
       13.5250000000         2.9677220154       292.6715432222
       13.5300000000         2.9660355562       281.2820748491
       13.5350000000         2.9643077011       281.2820748491
       13.5400000000         2.9625386034       296.4680326799
       13.5450000000         2.9607284204       283.1803195779
       13.5500000000         2.9588773128       277.4855853914
       13.5550000000         2.9569854451       269.8926064759
       13.5600000000         2.9550529853       277.4855853914
       13.5650000000         2.9530801051       288.8750537645
       13.5700000000         2.9510669797       296.4680326799
       13.5750000000         2.9490137879       296.4680326799
       13.5800000000         2.9469207121       290.7732984933
       13.5850000000         2.9447879382       279.3838301202
       13.5900000000         2.9426156557       281.2820748491
       13.5950000000         2.9404040575       279.3838301202
       13.6000000000         2.9381533400       285.0785643068
       13.6050000000         2.9358637033       277.4855853914
       13.6100000000         2.9335353506       285.0785643068
       13.6150000000         2.9311684888       275.5873406625
       13.6200000000         2.9287633281       281.2820748491
       13.6250000000         2.9263200822       285.0785643068
       13.6300000000         2.9238389680       273.6890959337
       13.6350000000         2.9213202061       285.0785643068
       13.6400000000         2.9187640200       288.8750537645
       13.6450000000         2.9161706369       277.4855853914
       13.6500000000         2.9135402871       279.3838301202
       13.6550000000         2.9108732043       273.6890959337
       13.6600000000         2.9081696254       290.7732984933
       13.6650000000         2.9054297904       279.3838301202
       13.6700000000         2.9026539429       267.9943617471
       13.6750000000         2.8998423292       279.3838301202
       13.6800000000         2.8969951993       267.9943617471
       13.6850000000         2.8941128060       271.7908512048
       13.6900000000         2.8911954053       266.0961170182
       13.6950000000         2.8882432563       283.1803195779
       13.7000000000         2.8852566214       260.4013828317
       13.7050000000         2.8822357657       275.5873406625
       13.7100000000         2.8791809576       256.6048933740
       13.7150000000         2.8760924685       267.9943617471
       13.7200000000         2.8729705727       271.7908512048
       13.7250000000         2.8698155475       252.8084039163
       13.7300000000         2.8666276731       269.8926064759
       13.7350000000         2.8634072327       256.6048933740
       13.7400000000         2.8601545124       267.9943617471
       13.7450000000         2.8568698011       250.9101591874
       13.7500000000         2.8535533906       250.9101591874
       13.7550000000         2.8502055754       258.5031381028
       13.7600000000         2.8468266529       252.8084039163
       13.7650000000         2.8434169233       264.1978722894
       13.7700000000         2.8399766894       245.2154250008
       13.7750000000         2.8365062568       226.2329777123
       13.7800000000         2.8330059337       239.5206908143
       13.7850000000         2.8294760312       250.9101591874
       13.7900000000         2.8259168627       243.3171802720
       13.7950000000         2.8223287443       254.7066486451
       13.8000000000         2.8187119949       247.1136697297
       13.8050000000         2.8150669356       239.5206908143
       13.8100000000         2.8113938902       247.1136697297
       13.8150000000         2.8076931851       231.9277118989
       13.8200000000         2.8039651488       233.8259566277
       13.8250000000         2.8002101127       237.6224460854
       13.8300000000         2.7964284101       218.6399987969
       13.8350000000         2.7926203770       235.7242013566
       13.8400000000         2.7887863517       222.4364882546
       13.8450000000         2.7849266747       237.6224460854
       13.8500000000         2.7810416889       228.1312224412
       13.8550000000         2.7771317394       222.4364882546
       13.8600000000         2.7731971734       231.9277118989
       13.8650000000         2.7692383404       209.1487751526
       13.8700000000         2.7652555922       220.5382435257
       13.8750000000         2.7612492824       233.8259566277
       13.8800000000         2.7572197669       218.6399987969
       13.8850000000         2.7531674037       220.5382435257
       13.8900000000         2.7490925527       216.7417540680
       13.8950000000         2.7449955758       207.2505304238
       13.9000000000         2.7408768371       222.4364882546
       13.9050000000         2.7367367022       207.2505304238
       13.9100000000         2.7325755390       205.3522856949
       13.9150000000         2.7283937172       205.3522856949
       13.9200000000         2.7241916080       193.9628173218
       13.9250000000         2.7199695849       203.4540409661
       13.9300000000         2.7157280228       193.9628173218
       13.9350000000         2.7114672985       199.6575515084
       13.9400000000         2.7071877905       199.6575515084
       13.9450000000         2.7028898788       197.7593067795
       13.9500000000         2.6985739453       182.5733489487
       13.9550000000         2.6942403733       199.6575515084
       13.9600000000         2.6898895478       192.0645725929
       13.9650000000         2.6855218551       180.6751042198
       13.9700000000         2.6811376834       173.0821253044
       13.9750000000         2.6767374219       174.9803700332
       13.9800000000         2.6723214616       176.8786147621
       13.9850000000         2.6678901947       174.9803700332
       13.9900000000         2.6634440148       182.5733489487
       13.9950000000         2.6589833169       163.5909016601
       14.0000000000         2.6545084972       169.2856358467
       14.0050000000         2.6500199531       159.7944122024
       14.0100000000         2.6455180834       173.0821253044
       14.0150000000         2.6410032880       163.5909016601
       14.0200000000         2.6364759678       154.0996780159
       14.0250000000         2.6319365250       157.8961674736
       14.0300000000         2.6273853628       157.8961674736
       14.0350000000         2.6228228856       138.9137201850
       14.0400000000         2.6182494985       144.6084543716
       14.0450000000         2.6136656078       135.1172307273
       14.0500000000         2.6090716207       131.3207412696
       14.0550000000         2.6044679452       135.1172307273
       14.0600000000         2.5998549903       142.7102096427
       14.0650000000         2.5952331656       131.3207412696
       14.0700000000         2.5906028818       133.2189859985
       14.0750000000         2.5859645501       127.5242518119
       14.0800000000         2.5813185826       123.7277623542
       14.0850000000         2.5766653919       129.4224965408
       14.0900000000         2.5720053913       114.2365387099
       14.0950000000         2.5673389947       119.9312728965
       14.1000000000         2.5626666168       106.6435597945
       14.1050000000         2.5579886724       119.9312728965
       14.1100000000         2.5533055771       110.4400492522
       14.1150000000         2.5486177470       125.6260070830
       14.1200000000         2.5439255983        99.0505808791
       14.1250000000         2.5392295479        89.5593572348
       14.1300000000         2.5345300129       100.9488256079
       14.1350000000         2.5298274107        85.7628677771
       14.1400000000         2.5251221591        91.4576019637
       14.1450000000         2.5204146760        87.6611125060
       14.1500000000         2.5157053795        80.0681335906
       14.1550000000         2.5109946880        81.9663783194
       14.1600000000         2.5062830199        83.8646230483
       14.1650000000         2.5015707937        70.5769099463
       14.1700000000         2.4968584280        55.3909521154
       14.1750000000         2.4921463413        53.4927073866
       14.1800000000         2.4874349523        42.1032390135
       14.1850000000         2.4827246793        28.8155259115
       14.1900000000         2.4780159408       -14.8441028521
       14.1950000000         2.4733091551         2.2400997075
       14.2000000000         2.4686047402        -7.2511239367
       14.2050000000         2.4639031141         0.3418549787
       14.2100000000         2.4592046942        -1.5563897502
       14.2150000000         2.4545098980         0.3418549787
       14.2200000000         2.4498191426         0.3418549787
       14.2250000000         2.4451328445       -22.4370817676
       14.2300000000         2.4404514200      -121.1458076680
       14.2350000000         2.4357752849       -66.0967105312
       14.2400000000         2.4311048547       -66.0967105312
       14.2450000000         2.4264405441       -85.0791578197
       14.2500000000         2.4217827675       -73.6896894466
       14.2550000000         2.4171319386       -71.7914447178
       14.2600000000         2.4124884705       -90.7738920063
       14.2650000000         2.4078527757      -109.7563392948
       14.2700000000         2.4032252660      -100.2651156506
       14.2750000000         2.3986063523       -98.3668709217
       14.2800000000         2.3939964450       -98.3668709217
       14.2850000000         2.3893959536       -92.6721367352
       14.2900000000         2.3848052867      -104.0616051083
       14.2950000000         2.3802248520      -111.6545840237
       14.3000000000         2.3756550564      -107.8580945660
       14.3050000000         2.3710963059      -111.6545840237
       14.3100000000         2.3665490053      -109.7563392948
       14.3150000000         2.3620135587      -107.8580945660
       14.3200000000         2.3574903688      -126.8405418545
       14.3250000000         2.3529798374      -117.3493182103
       14.3300000000         2.3484823652      -111.6545840237
       14.3350000000         2.3439983517      -124.9422971257
       14.3400000000         2.3395281951      -117.3493182103
       14.3450000000         2.3350722926      -142.0264996854
       14.3500000000         2.3306310399      -124.9422971257
       14.3550000000         2.3262048315      -143.9247444142
       14.3600000000         2.3217940606      -115.4510734814
       14.3650000000         2.3173991191      -136.3317654988
       14.3700000000         2.3130203971      -121.1458076680
       14.3750000000         2.3086582838      -142.0264996854
       14.3800000000         2.3043131666      -140.1282549565
       14.3850000000         2.2999854314      -134.4335207699
       14.3900000000         2.2956754626      -143.9247444142
       14.3950000000         2.2913836432      -142.0264996854
       14.4000000000         2.2871103542      -149.6194786008
       14.4050000000         2.2828559754      -143.9247444142
       14.4100000000         2.2786208845      -142.0264996854
       14.4150000000         2.2744054578      -147.7212338719
       14.4200000000         2.2702100697      -155.3142127873
       14.4250000000         2.2660350929      -149.6194786008
       14.4300000000         2.2618808982      -164.8054364316
       14.4350000000         2.2577478546      -161.0089469739
       14.4400000000         2.2536363292      -157.2124575162
       14.4450000000         2.2495466873      -170.5001706182
       14.4500000000         2.2454792921      -168.6019258893
       14.4550000000         2.2414345049      -179.9913942624
       14.4600000000         2.2374126850      -172.3984153470
       14.4650000000         2.2334141896      -176.1949048047
       14.4700000000         2.2294393739      -183.7878837202
       14.4750000000         2.2254885910      -179.9913942624
       14.4800000000         2.2215621918      -179.9913942624
       14.4850000000         2.2176605250      -168.6019258893
       14.4900000000         2.2137839372      -176.1949048047
       14.4950000000         2.2099327728      -181.8896389913
       14.5000000000         2.2061073739      -187.5843731779
       14.5050000000         2.2023080801      -191.3808626356
       14.5100000000         2.1985352292      -191.3808626356
       14.5150000000         2.1947891560      -191.3808626356
       14.5200000000         2.1910701935      -193.2791073644
       14.5250000000         2.1873786718      -189.4826179067
       14.5300000000         2.1837149190      -210.3633099241
       14.5350000000         2.1800792605      -197.0755968221
       14.5400000000         2.1764720192      -193.2791073644
       14.5450000000         2.1728935155      -202.7703310087
       14.5500000000         2.1693440673      -197.0755968221
       14.5550000000         2.1658239899      -202.7703310087
       14.5600000000         2.1623335959      -204.6685757375
       14.5650000000         2.1588731954      -208.4650651953
       14.5700000000         2.1554430958      -204.6685757375
       14.5750000000         2.1520436017      -212.2615546530
       14.5800000000         2.1486750151      -197.0755968221
       14.5850000000         2.1453376352      -216.0580441107
       14.5900000000         2.1420317585      -214.1597993818
       14.5950000000         2.1387576786      -221.7527782972
       14.6000000000         2.1355156863      -217.9562888395
       14.6050000000         2.1323060696      -212.2615546530
       14.6100000000         2.1291291136      -225.5492677549
       14.6150000000         2.1259851005      -229.3457572126
       14.6200000000         2.1228743096      -233.1422466704
       14.6250000000         2.1197970172      -229.3457572126
       14.6300000000         2.1167534966      -225.5492677549
       14.6350000000         2.1137440182      -229.3457572126
       14.6400000000         2.1107688492      -240.7352255858
       14.6450000000         2.1078282540      -227.4475124838
       14.6500000000         2.1049224938      -225.5492677549
       14.6550000000         2.1020518267      -233.1422466704
       14.6600000000         2.0992165076      -225.5492677549
       14.6650000000         2.0964167884      -235.0404913992
       14.6700000000         2.0936529178      -236.9387361281
       14.6750000000         2.0909251413      -225.5492677549
       14.6800000000         2.0882337012      -240.7352255858
       14.6850000000         2.0855788365      -242.6334703146
       14.6900000000         2.0829607832      -235.0404913992
       14.6950000000         2.0803797737      -244.5317150435
       14.7000000000         2.0778360372      -227.4475124838
       14.7050000000         2.0753297999      -257.8194281455
       14.7100000000         2.0728612842      -244.5317150435
       14.7150000000         2.0704307094      -248.3282045012
       14.7200000000         2.0680382914      -254.0229386877
       14.7250000000         2.0656842428      -233.1422466704
       14.7300000000         2.0633687726      -273.0053859763
       14.7350000000         2.0610920865      -240.7352255858
       14.7400000000         2.0588543868      -255.9211834166
       14.7450000000         2.0566558721      -261.6159176032
       14.7500000000         2.0544967379      -248.3282045012
       14.7550000000         2.0523771758      -267.3106517897
       14.7600000000         2.0502973742      -244.5317150435
       14.7650000000         2.0482575178      -271.1071412474
       14.7700000000         2.0462577877      -265.4124070609
       14.7750000000         2.0442983617      -274.9036307051
       14.7800000000         2.0423794137      -267.3106517897
       14.7850000000         2.0405011142      -267.3106517897
       14.7900000000         2.0386636301      -257.8194281455
       14.7950000000         2.0368671245      -274.9036307051
       14.8000000000         2.0351117571      -280.5983648917
       14.8050000000         2.0333976837      -269.2088965186
       14.8100000000         2.0317250566      -259.7176728743
       14.8150000000         2.0300940245      -267.3106517897
       14.8200000000         2.0285047321      -276.8018754340
       14.8250000000         2.0269573206      -286.2930990783
       14.8300000000         2.0254519275      -255.9211834166
       14.8350000000         2.0239886865      -297.6825674514
       14.8400000000         2.0225677276      -254.0229386877
       14.8450000000         2.0211891770      -286.2930990783
       14.8500000000         2.0198531572      -271.1071412474
       14.8550000000         2.0185597867      -288.1913438071
       14.8600000000         2.0173091806      -276.8018754340
       14.8650000000         2.0161014498      -286.2930990783
       14.8700000000         2.0149367018      -282.4966096206
       14.8750000000         2.0138150398      -278.7001201629
       14.8800000000         2.0127365636      -290.0895885360
       14.8850000000         2.0117013690      -267.3106517897
       14.8900000000         2.0107095478      -286.2930990783
       14.8950000000         2.0097611883      -288.1913438071
       14.9000000000         2.0088563746      -284.3948543494
       14.9050000000         2.0079951872      -284.3948543494
       14.9100000000         2.0071777024      -291.9878332648
       14.9150000000         2.0064039930      -278.7001201629
       14.9200000000         2.0056741276      -288.1913438071
       14.9250000000         2.0049881711      -276.8018754340
       14.9300000000         2.0043461845      -297.6825674514
       14.9350000000         2.0037482246      -293.8860779937
       14.9400000000         2.0031943447      -278.7001201629
       14.9450000000         2.0026845940      -301.4790569091
       14.9500000000         2.0022190177      -301.4790569091
       14.9550000000         2.0017976572      -297.6825674514
       14.9600000000         2.0014205499      -293.8860779937
       14.9650000000         2.0010877293      -290.0895885360
       14.9700000000         2.0007992249      -291.9878332648
       14.9750000000         2.0005550625      -310.9702805534
       14.9800000000         2.0003552637      -301.4790569091
       14.9850000000         2.0001998462      -295.7843227225
       14.9900000000         2.0000888238      -314.7667700111
       14.9950000000         2.0000222064      -291.9878332648
       15.0000000000         2.0000000000      -307.1737910957
       15.0050000000         2.0000222064      -309.0720358245
       15.0100000000         2.0000888238      -303.3773016380
       15.0150000000         2.0001998462      -303.3773016380
       15.0200000000         2.0003552637      -309.0720358245
       15.0250000000         2.0005550625      -318.5632594688
       15.0300000000         2.0007992249      -307.1737910957
       15.0350000000         2.0010877293      -293.8860779937
       15.0400000000         2.0014205499      -299.5808121802
       15.0450000000         2.0017976572      -316.6650147399
       15.0500000000         2.0022190177      -310.9702805534
       15.0550000000         2.0026845940      -309.0720358245
       15.0600000000         2.0031943447      -307.1737910957
       15.0650000000         2.0037482246      -310.9702805534
       15.0700000000         2.0043461845      -310.9702805534
       15.0750000000         2.0049881711      -312.8685252822
       15.0800000000         2.0056741276      -318.5632594688
       15.0850000000         2.0064039930      -320.4615041976
       15.0900000000         2.0071777024      -310.9702805534
       15.0950000000         2.0079951872      -312.8685252822
       15.1000000000         2.0088563746      -316.6650147399
       15.1050000000         2.0097611883      -293.8860779937
       15.1100000000         2.0107095478      -335.6474620285
       15.1150000000         2.0117013690      -309.0720358245
       15.1200000000         2.0127365636      -305.2755463668
       15.1250000000         2.0138150398      -303.3773016380
       15.1300000000         2.0149367018      -301.4790569091
       15.1350000000         2.0161014498      -331.8509725708
       15.1400000000         2.0173091806      -303.3773016380
       15.1450000000         2.0185597867      -331.8509725708
       15.1500000000         2.0198531572      -318.5632594688
       15.1550000000         2.0211891770      -301.4790569091
       15.1600000000         2.0225677276      -310.9702805534
       15.1650000000         2.0239886865      -309.0720358245
       15.1700000000         2.0254519275      -310.9702805534
       15.1750000000         2.0269573206      -309.0720358245
       15.1800000000         2.0285047321      -288.1913438071
       15.1850000000         2.0300940245      -310.9702805534
       15.1900000000         2.0317250566      -288.1913438071
       15.1950000000         2.0333976837      -309.0720358245
       15.2000000000         2.0351117571      -318.5632594688
       15.2050000000         2.0368671245      -314.7667700111
       15.2100000000         2.0386636301      -293.8860779937
       15.2150000000         2.0405011142      -316.6650147399
       15.2200000000         2.0423794137      -310.9702805534
       15.2250000000         2.0442983617      -307.1737910957
       15.2300000000         2.0462577877      -293.8860779937
       15.2350000000         2.0482575178      -310.9702805534
       15.2400000000         2.0502973742      -303.3773016380
       15.2450000000         2.0523771758      -303.3773016380
       15.2500000000         2.0544967379      -310.9702805534
       15.2550000000         2.0566558721      -301.4790569091
       15.2600000000         2.0588543868      -290.0895885360
       15.2650000000         2.0610920865      -301.4790569091
       15.2700000000         2.0633687726      -278.7001201629
       15.2750000000         2.0656842428      -310.9702805534
       15.2800000000         2.0680382914      -284.3948543494
       15.2850000000         2.0704307094      -314.7667700111
       15.2900000000         2.0728612842      -299.5808121802
       15.2950000000         2.0753297999      -299.5808121802
       15.3000000000         2.0778360372      -286.2930990783
       15.3050000000         2.0803797737      -297.6825674514
       15.3100000000         2.0829607832      -291.9878332648
       15.3150000000         2.0855788365      -299.5808121802
       15.3200000000         2.0882337012      -301.4790569091
       15.3250000000         2.0909251413      -290.0895885360
       15.3300000000         2.0936529178      -286.2930990783
       15.3350000000         2.0964167884      -293.8860779937
       15.3400000000         2.0992165076      -269.2088965186
       15.3450000000         2.1020518267      -299.5808121802
       15.3500000000         2.1049224938      -280.5983648917
       15.3550000000         2.1078282540      -291.9878332648
       15.3600000000         2.1107688492      -280.5983648917
       15.3650000000         2.1137440182      -293.8860779937
       15.3700000000         2.1167534966      -276.8018754340
       15.3750000000         2.1197970172      -288.1913438071
       15.3800000000         2.1228743096      -276.8018754340
       15.3850000000         2.1259851005      -273.0053859763
       15.3900000000         2.1291291136      -301.4790569091
       15.3950000000         2.1323060696      -278.7001201629
       15.4000000000         2.1355156863      -282.4966096206
       15.4050000000         2.1387576786      -259.7176728743
       15.4100000000         2.1420317585      -265.4124070609
       15.4150000000         2.1453376352      -274.9036307051
       15.4200000000         2.1486750151      -282.4966096206
       15.4250000000         2.1520436017      -267.3106517897
       15.4300000000         2.1554430958      -291.9878332648
       15.4350000000         2.1588731954      -265.4124070609
       15.4400000000         2.1623335959      -280.5983648917
       15.4450000000         2.1658239899      -274.9036307051
       15.4500000000         2.1693440673      -273.0053859763
       15.4550000000         2.1728935155      -263.5141623320
       15.4600000000         2.1764720192      -273.0053859763
       15.4650000000         2.1800792605      -276.8018754340
       15.4700000000         2.1837149190      -269.2088965186
       15.4750000000         2.1873786718      -267.3106517897
       15.4800000000         2.1910701935      -259.7176728743
       15.4850000000         2.1947891560      -274.9036307051
       15.4900000000         2.1985352292      -265.4124070609
       15.4950000000         2.2023080801      -271.1071412474
       15.5000000000         2.2061073739      -263.5141623320
       15.5050000000         2.2099327728      -257.8194281455
       15.5100000000         2.2137839372      -261.6159176032
       15.5150000000         2.2176605250      -257.8194281455
       15.5200000000         2.2215621918      -259.7176728743
       15.5250000000         2.2254885910      -255.9211834166
       15.5300000000         2.2294393739      -257.8194281455
       15.5350000000         2.2334141896      -236.9387361281
       15.5400000000         2.2374126850      -280.5983648917
       15.5450000000         2.2414345049      -242.6334703146
       15.5500000000         2.2454792921      -263.5141623320
       15.5550000000         2.2495466873      -248.3282045012
       15.5600000000         2.2536363292      -236.9387361281
       15.5650000000         2.2577478546      -263.5141623320
       15.5700000000         2.2618808982      -252.1246939589
       15.5750000000         2.2660350929      -250.2264492300
       15.5800000000         2.2702100697      -236.9387361281
       15.5850000000         2.2744054578      -236.9387361281
       15.5900000000         2.2786208845      -240.7352255858
       15.5950000000         2.2828559754      -242.6334703146
       15.6000000000         2.2871103542      -242.6334703146
       15.6050000000         2.2913836432      -244.5317150435
       15.6100000000         2.2956754626      -225.5492677549
       15.6150000000         2.2999854314      -236.9387361281
       15.6200000000         2.3043131666      -229.3457572126
       15.6250000000         2.3086582838      -238.8369808569
       15.6300000000         2.3130203971      -242.6334703146
       15.6350000000         2.3173991191      -223.6510230261
       15.6400000000         2.3217940606      -248.3282045012
       15.6450000000         2.3262048315      -219.8545335684
       15.6500000000         2.3306310399      -231.2440019415
       15.6550000000         2.3350722926      -233.1422466704
       15.6600000000         2.3395281951      -233.1422466704
       15.6650000000         2.3439983517      -231.2440019415
       15.6700000000         2.3484823652      -217.9562888395
       15.6750000000         2.3529798374      -225.5492677549
       15.6800000000         2.3574903688      -229.3457572126
       15.6850000000         2.3620135587      -221.7527782972
       15.6900000000         2.3665490053      -231.2440019415
       15.6950000000         2.3710963059      -191.3808626356
       15.7000000000         2.3756550564      -206.5668204664
       15.7050000000         2.3802248520      -217.9562888395
       15.7100000000         2.3848052867      -212.2615546530
       15.7150000000         2.3893959536      -206.5668204664
       15.7200000000         2.3939964450      -223.6510230261
       15.7250000000         2.3986063523      -197.0755968221
       15.7300000000         2.4032252660      -219.8545335684
       15.7350000000         2.4078527757      -187.5843731779
       15.7400000000         2.4124884705      -181.8896389913
       15.7450000000         2.4171319386      -187.5843731779
       15.7500000000         2.4217827675      -191.3808626356
       15.7550000000         2.4264405441      -189.4826179067
       15.7600000000         2.4311048547      -200.8720862798
       15.7650000000         2.4357752849      -187.5843731779
       15.7700000000         2.4404514200      -189.4826179067
       15.7750000000         2.4451328445      -191.3808626356
       15.7800000000         2.4498191426      -181.8896389913
       15.7850000000         2.4545098980      -187.5843731779
       15.7900000000         2.4592046942      -185.6861284490
       15.7950000000         2.4639031141      -178.0931495336
       15.8000000000         2.4686047402      -181.8896389913
       15.8050000000         2.4733091551      -161.0089469739
       15.8100000000         2.4780159408      -179.9913942624
       15.8150000000         2.4827246793      -178.0931495336
       15.8200000000         2.4874349523      -174.2966600759
       15.8250000000         2.4921463413      -174.2966600759
       15.8300000000         2.4968584280      -155.3142127873
       15.8350000000         2.5015707937      -145.8229891431
       15.8400000000         2.5062830199      -126.8405418545
       15.8450000000         2.5109946880      -130.6370313122
       15.8500000000         2.5157053795      -117.3493182103
       15.8550000000         2.5204146760       -66.0967105312
       15.8600000000         2.5251221591       -24.3353264964
       15.8650000000         2.5298274107        17.4260575384
       15.8700000000         2.5345300129         7.9348338941
       15.8750000000         2.5392295479        -5.3528792079
       15.8800000000         2.5439255983        -9.1493686656
       15.8850000000         2.5486177470        -3.4546344790
       15.8900000000         2.5533055771         2.2400997075
       15.8950000000         2.5579886724         4.1383444364
       15.9000000000         2.5626666168        -7.2511239367
       15.9050000000         2.5673389947         0.3418549787
       15.9100000000         2.5720053913        28.8155259115
       15.9150000000         2.5766653919        83.8646230483
       15.9200000000         2.5813185826        40.2049942846
       15.9250000000         2.5859645501        64.8821757597
       15.9300000000         2.5906028818        38.3067495558
       15.9350000000         2.5952331656        70.5769099463
       15.9400000000         2.5998549903        44.0014837423
       15.9450000000         2.6044679452        64.8821757597
       15.9500000000         2.6090716207        53.4927073866
       15.9550000000         2.6136656078        57.2891968443
       15.9600000000         2.6182494985        57.2891968443
       15.9650000000         2.6228228856        55.3909521154
       15.9700000000         2.6273853628        45.8997284712
       15.9750000000         2.6319365250        53.4927073866
       15.9800000000         2.6364759678        53.4927073866
       15.9850000000         2.6410032880        51.5944626577
       15.9900000000         2.6455180834        59.1874415732
       15.9950000000         2.6500199531        59.1874415732
       16.0000000000         2.6545084972        59.1874415732
       16.0050000000         2.6589833169        59.1874415732
       16.0100000000         2.6634440148        59.1874415732
       16.0150000000         2.6678901947        64.8821757597
       16.0200000000         2.6723214616        64.8821757597
       16.0250000000         2.6767374219        70.5769099463
       16.0300000000         2.6811376834        64.8821757597
       16.0350000000         2.6855218551        70.5769099463
       16.0400000000         2.6898895478        66.7804204886
       16.0450000000         2.6942403733        74.3733994040
       16.0500000000         2.6985739453        74.3733994040
       16.0550000000         2.7028898788        70.5769099463
       16.0600000000         2.7071877905        81.9663783194
       16.0650000000         2.7114672985        76.2716441328
       16.0700000000         2.7157280228        81.9663783194
       16.0750000000         2.7199695849        81.9663783194
       16.0800000000         2.7241916080        87.6611125060
       16.0850000000         2.7283937172        85.7628677771
       16.0900000000         2.7325755390        83.8646230483
       16.0950000000         2.7367367022        87.6611125060
       16.1000000000         2.7408768371        85.7628677771
       16.1050000000         2.7449955758        97.1523361502
       16.1100000000         2.7490925527        91.4576019637
       16.1150000000         2.7531674037       108.5418045234
       16.1200000000         2.7572197669        99.0505808791
       16.1250000000         2.7612492824        81.9663783194
       16.1300000000         2.7652555922       100.9488256079
       16.1350000000         2.7692383404       110.4400492522
       16.1400000000         2.7731971734       110.4400492522
       16.1450000000         2.7771317394       112.3382939811
       16.1500000000         2.7810416889       112.3382939811
       16.1550000000         2.7849266747       106.6435597945
       16.1600000000         2.7887863517       119.9312728965
       16.1650000000         2.7926203770       121.8295176253
       16.1700000000         2.7964284101       116.1347834388
       16.1750000000         2.8002101127       121.8295176253
       16.1800000000         2.8039651488       123.7277623542
       16.1850000000         2.8076931851       119.9312728965
       16.1900000000         2.8113938902       123.7277623542
       16.1950000000         2.8150669356       125.6260070830
       16.2000000000         2.8187119949       121.8295176253
       16.2050000000         2.8223287443       131.3207412696
       16.2100000000         2.8259168627       129.4224965408
       16.2150000000         2.8294760312       135.1172307273
       16.2200000000         2.8330059337       140.8119649139
       16.2250000000         2.8365062568       133.2189859985
       16.2300000000         2.8399766894       138.9137201850
       16.2350000000         2.8434169233       131.3207412696
       16.2400000000         2.8468266529       150.3031885581
       16.2450000000         2.8502055754       138.9137201850
       16.2500000000         2.8535533906       146.5066991004
       16.2550000000         2.8568698011       140.8119649139
       16.2600000000         2.8601545124       152.2014332870
       16.2650000000         2.8634072327       154.0996780159
       16.2700000000         2.8666276731       157.8961674736
       16.2750000000         2.8698155475       161.6926569313
       16.2800000000         2.8729705727       167.3873911178
       16.2850000000         2.8760924685       163.5909016601
       16.2900000000         2.8791809576       159.7944122024
       16.2950000000         2.8822357657       169.2856358467
       16.3000000000         2.8852566214       169.2856358467
       16.3050000000         2.8882432563       171.1838805755
       16.3100000000         2.8911954053       182.5733489487
       16.3150000000         2.8941128060       169.2856358467
       16.3200000000         2.8969951993       176.8786147621
       16.3250000000         2.8998423292       165.4891463890
       16.3300000000         2.9026539429       174.9803700332
       16.3350000000         2.9054297904       188.2680831352
       16.3400000000         2.9081696254       173.0821253044
       16.3450000000         2.9108732043       188.2680831352
       16.3500000000         2.9135402871       192.0645725929
       16.3550000000         2.9161706369       173.0821253044
       16.3600000000         2.9187640200       197.7593067795
       16.3650000000         2.9213202061       178.7768594910
       16.3700000000         2.9238389680       199.6575515084
       16.3750000000         2.9263200822       192.0645725929
       16.3800000000         2.9287633281       201.5557962372
       16.3850000000         2.9311684888       192.0645725929
       16.3900000000         2.9335353506       207.2505304238
       16.3950000000         2.9358637033       220.5382435257
       16.4000000000         2.9381533400       199.6575515084
       16.4050000000         2.9404040575       220.5382435257
       16.4100000000         2.9426156557       207.2505304238
       16.4150000000         2.9447879382       209.1487751526
       16.4200000000         2.9469207121       224.3347329835
       16.4250000000         2.9490137879       211.0470198815
       16.4300000000         2.9510669797       214.8435093392
       16.4350000000         2.9530801051       203.4540409661
       16.4400000000         2.9550529853       218.6399987969
       16.4450000000         2.9569854451       207.2505304238
       16.4500000000         2.9588773128       209.1487751526
       16.4550000000         2.9607284204       212.9452646103
       16.4600000000         2.9625386034       224.3347329835
       16.4650000000         2.9643077011       226.2329777123
       16.4700000000         2.9660355562       220.5382435257
       16.4750000000         2.9677220154       233.8259566277
       16.4800000000         2.9693669288       233.8259566277
       16.4850000000         2.9709701504       224.3347329835
       16.4900000000         2.9725315376       239.5206908143
       16.4950000000         2.9740509518       239.5206908143
       16.5000000000         2.9755282581       228.1312224412
       16.5050000000         2.9769633253       224.3347329835
       16.5100000000         2.9783560258       226.2329777123
       16.5150000000         2.9797062359       250.9101591874
       16.5200000000         2.9810138358       233.8259566277
       16.5250000000         2.9822787092       235.7242013566
       16.5300000000         2.9835007439       235.7242013566
       16.5350000000         2.9846798312       231.9277118989
       16.5400000000         2.9858158665       239.5206908143
       16.5450000000         2.9869087487       231.9277118989
       16.5500000000         2.9879583810       239.5206908143
       16.5550000000         2.9889646699       250.9101591874
       16.5600000000         2.9899275262       230.0294671700
       16.5650000000         2.9908468643       230.0294671700
       16.5700000000         2.9917226025       249.0119144586
       16.5750000000         2.9925546631       235.7242013566
       16.5800000000         2.9933429721       241.4189355431
       16.5850000000         2.9940874596       228.1312224412
       16.5900000000         2.9947880593       250.9101591874
       16.5950000000         2.9954447091       230.0294671700
       16.6000000000         2.9960573507       235.7242013566
       16.6050000000         2.9966259295       256.6048933740
       16.6100000000         2.9971503952       237.6224460854
       16.6150000000         2.9976307011       241.4189355431
       16.6200000000         2.9980668046       235.7242013566
       16.6250000000         2.9984586669       231.9277118989
       16.6300000000         2.9988062532       258.5031381028
       16.6350000000         2.9991095326       230.0294671700
       16.6400000000         2.9993684783       258.5031381028
       16.6450000000         2.9995830672       241.4189355431
       16.6500000000         2.9997532802       233.8259566277
       16.6550000000         2.9998791022       247.1136697297
       16.6600000000         2.9999605221       245.2154250008
       16.6650000000         2.9999975326       258.5031381028
       16.6700000000         2.9999901304       233.8259566277
       16.6750000000         2.9999383162       237.6224460854
       16.6800000000         2.9998420946       212.9452646103
       16.6850000000         2.9997014742       239.5206908143
       16.6900000000         2.9995164673       254.7066486451
       16.6950000000         2.9992870906       247.1136697297
       16.7000000000         2.9990133642       254.7066486451
       16.7050000000         2.9986953126       264.1978722894
       16.7100000000         2.9983329640       230.0294671700
       16.7150000000         2.9979263506       249.0119144586
       16.7200000000         2.9974755085       239.5206908143
       16.7250000000         2.9969804777       256.6048933740
       16.7300000000         2.9964413023       250.9101591874
       16.7350000000         2.9958580301       258.5031381028
       16.7400000000         2.9952307128       252.8084039163
       16.7450000000         2.9945594064       249.0119144586
       16.7500000000         2.9938441703       271.7908512048
       16.7550000000         2.9930850681       258.5031381028
       16.7600000000         2.9922821673       249.0119144586
       16.7650000000         2.9914355391       260.4013828317
       16.7700000000         2.9905452587       247.1136697297
       16.7750000000         2.9896114053       266.0961170182
       16.7800000000         2.9886340618       245.2154250008
       16.7850000000         2.9876133150       247.1136697297
       16.7900000000         2.9865492555       264.1978722894
       16.7950000000         2.9854419779       224.3347329835
       16.8000000000         2.9842915806       262.2996275605
       16.8050000000         2.9830981656       250.9101591874
       16.8100000000         2.9818618391       275.5873406625
       16.8150000000         2.9805827109       254.7066486451
       16.8200000000         2.9792608945       256.6048933740
       16.8250000000         2.9778965074       266.0961170182
       16.8300000000         2.9764896708       279.3838301202
       16.8350000000         2.9750405096       273.6890959337
       16.8400000000         2.9735491525       224.3347329835
       16.8450000000         2.9720157321       256.6048933740
       16.8500000000         2.9704403845       250.9101591874
       16.8550000000         2.9688232496       266.0961170182
       16.8600000000         2.9671644712       264.1978722894
       16.8650000000         2.9654641966       264.1978722894
       16.8700000000         2.9637225767       256.6048933740
       16.8750000000         2.9619397663       266.0961170182
       16.8800000000         2.9601159237       267.9943617471
       16.8850000000         2.9582512110       264.1978722894
       16.8900000000         2.9563457937       271.7908512048
       16.8950000000         2.9543998412       266.0961170182
       16.9000000000         2.9524135262       269.8926064759
       16.9050000000         2.9503870253       277.4855853914
       16.9100000000         2.9483205184       245.2154250008
       16.9150000000         2.9462141891       281.2820748491
       16.9200000000         2.9440682244       254.7066486451
       16.9250000000         2.9418828150       264.1978722894
       16.9300000000         2.9396581551       267.9943617471
       16.9350000000         2.9373944422       283.1803195779
       16.9400000000         2.9350918773       256.6048933740
       16.9450000000         2.9327506651       283.1803195779
       16.9500000000         2.9303710135       266.0961170182
       16.9550000000         2.9279531338       264.1978722894
       16.9600000000         2.9254972409       279.3838301202
       16.9650000000         2.9230035528       252.8084039163
       16.9700000000         2.9204722911       264.1978722894
       16.9750000000         2.9179036807       271.7908512048
       16.9800000000         2.9152979496       273.6890959337
       16.9850000000         2.9126553293       277.4855853914
       16.9900000000         2.9099760547       267.9943617471
       16.9950000000         2.9072603635       260.4013828317
       17.0000000000         2.9045084972       267.9943617471
       17.0050000000         2.9017207001       258.5031381028
       17.0100000000         2.8988972198       273.6890959337
       17.0150000000         2.8960383071       267.9943617471
       17.0200000000         2.8931442161       260.4013828317
       17.0250000000         2.8902152037       271.7908512048
       17.0300000000         2.8872515301       254.7066486451
       17.0350000000         2.8842534586       275.5873406625
       17.0400000000         2.8812212555       269.8926064759
       17.0450000000         2.8781551901       271.7908512048
       17.0500000000         2.8750555348       266.0961170182
       17.0550000000         2.8719225649       258.5031381028
       17.0600000000         2.8687565587       269.8926064759
       17.0650000000         2.8655577974       266.0961170182
       17.0700000000         2.8623265651       271.7908512048
       17.0750000000         2.8590631489       273.6890959337
       17.0800000000         2.8557678386       266.0961170182
       17.0850000000         2.8524409270       256.6048933740
       17.0900000000         2.8490827095       256.6048933740
       17.0950000000         2.8456934845       260.4013828317
       17.1000000000         2.8422735530       254.7066486451
       17.1050000000         2.8388232187       245.2154250008
       17.1100000000         2.8353427883       250.9101591874
       17.1150000000         2.8318325707       254.7066486451
       17.1200000000         2.8282928779       254.7066486451
       17.1250000000         2.8247240242       250.9101591874
       17.1300000000         2.8211263266       249.0119144586
       17.1350000000         2.8175001047       260.4013828317
       17.1400000000         2.8138456806       241.4189355431
       17.1450000000         2.8101633790       252.8084039163
       17.1500000000         2.8064535268       249.0119144586
       17.1550000000         2.8027164537       245.2154250008
       17.1600000000         2.7989524915       241.4189355431
       17.1650000000         2.7951619747       230.0294671700
       17.1700000000         2.7913452398       239.5206908143
       17.1750000000         2.7875026260       241.4189355431
       17.1800000000         2.7836344746       237.6224460854
       17.1850000000         2.7797411291       241.4189355431
       17.1900000000         2.7758229353       226.2329777123
       17.1950000000         2.7718802414       220.5382435257
       17.2000000000         2.7679133975       228.1312224412
       17.2050000000         2.7639227560       220.5382435257
       17.2100000000         2.7599086713       239.5206908143
       17.2150000000         2.7558715001       214.8435093392
       17.2200000000         2.7518116008       228.1312224412
       17.2250000000         2.7477293342       220.5382435257
       17.2300000000         2.7436250629       220.5382435257
       17.2350000000         2.7394991513       214.8435093392
       17.2400000000         2.7353519661       209.1487751526
       17.2450000000         2.7311838755       205.3522856949
       17.2500000000         2.7269952499       211.0470198815
       17.2550000000         2.7227864612       212.9452646103
       17.2600000000         2.7185578833       203.4540409661
       17.2650000000         2.7143098919       212.9452646103
       17.2700000000         2.7100428642       190.1663278641
       17.2750000000         2.7057571793       207.2505304238
       17.2800000000         2.7014532179       193.9628173218
       17.2850000000         2.6971313622       203.4540409661
       17.2900000000         2.6927919961       176.8786147621
       17.2950000000         2.6884355052       193.9628173218
       17.3000000000         2.6840622763       178.7768594910
       17.3050000000         2.6796726980       188.2680831352
       17.3100000000         2.6752671601       192.0645725929
       17.3150000000         2.6708460539       190.1663278641
       17.3200000000         2.6664097723       161.6926569313
       17.3250000000         2.6619587091       173.0821253044
       17.3300000000         2.6574932598       171.1838805755
       17.3350000000         2.6530138211       176.8786147621
       17.3400000000         2.6485207908       180.6751042198
       17.3450000000         2.6440145680       171.1838805755
       17.3500000000         2.6394955530       167.3873911178
       17.3550000000         2.6349641472       163.5909016601
       17.3600000000         2.6304207531       161.6926569313
       17.3650000000         2.6258657743       159.7944122024
       17.3700000000         2.6212996154       152.2014332870
       17.3750000000         2.6167226819       154.0996780159
       17.3800000000         2.6121353805       152.2014332870
       17.3850000000         2.6075381185       118.0330281676
       17.3900000000         2.6029313044       144.6084543716
       17.3950000000         2.5983153473       137.0154754562
       17.4000000000         2.5936906573       146.5066991004
       17.4050000000         2.5890576451       133.2189859985
       17.4100000000         2.5844167224       133.2189859985
       17.4150000000         2.5797683012       127.5242518119
       17.4200000000         2.5751127946       129.4224965408
       17.4250000000         2.5704506160       123.7277623542
       17.4300000000         2.5657821795       127.5242518119
       17.4350000000         2.5611079000       127.5242518119
       17.4400000000         2.5564281924       125.6260070830
       17.4450000000         2.5517434726       123.7277623542
       17.4500000000         2.5470541567       118.0330281676
       17.4550000000         2.5423606611       116.1347834388
       17.4600000000         2.5376634028       119.9312728965
       17.4650000000         2.5329627990       118.0330281676
       17.4700000000         2.5282592672       119.9312728965
       17.4750000000         2.5235532254       106.6435597945
       17.4800000000         2.5188450913       112.3382939811
       17.4850000000         2.5141352834       110.4400492522
       17.4900000000         2.5094242199       104.7453150657
       17.4950000000         2.5047123192        97.1523361502
       17.5000000000         2.5000000000        85.7628677771
       17.5050000000         2.4952876808        78.1698888617
       17.5100000000         2.4905757801        68.6786652174
       17.5150000000         2.4858647166        53.4927073866
       17.5200000000         2.4811549087        40.2049942846
       17.5250000000         2.4764467746         9.8330786230
       17.5300000000         2.4717407328        -9.1493686656
       17.5350000000         2.4670372010         0.3418549787
       17.5400000000         2.4623365972         2.2400997075
       17.5450000000         2.4576393389         9.8330786230
       17.5500000000         2.4529458433         6.0365891652
       17.5550000000         2.4482565274         0.3418549787
       17.5600000000         2.4435718076         0.3418549787
       17.5650000000         2.4388921000       -60.4019763446
       17.5700000000         2.4342178205      -111.6545840237
       17.5750000000         2.4295493840       -58.5037316158
       17.5800000000         2.4248872054      -104.0616051083
       17.5850000000         2.4202316988       -69.8931999889
       17.5900000000         2.4155832776      -104.0616051083
       17.5950000000         2.4109423549       -79.3844236332
       17.6000000000         2.4063093427      -119.2475629391
       17.6050000000         2.4016846527      -111.6545840237
       17.6100000000         2.3970686956      -104.0616051083
       17.6150000000         2.3924618815       -98.3668709217
       17.6200000000         2.3878646195      -104.0616051083
       17.6250000000         2.3832773181      -115.4510734814
       17.6300000000         2.3787003846      -102.1633603794
       17.6350000000         2.3741342257      -119.2475629391
       17.6400000000         2.3695792469      -104.0616051083
       17.6450000000         2.3650358528      -115.4510734814
       17.6500000000         2.3605044470      -102.1633603794
       17.6550000000         2.3559854320      -123.0440523968
       17.6600000000         2.3514792092      -128.7387865834
       17.6650000000         2.3469861789      -117.3493182103
       17.6700000000         2.3425067402      -126.8405418545
       17.6750000000         2.3380412909      -130.6370313122
       17.6800000000         2.3335902277      -134.4335207699
       17.6850000000         2.3291539461      -132.5352760411
       17.6900000000         2.3247328399      -134.4335207699
       17.6950000000         2.3203273020      -138.2300102277
       17.7000000000         2.3159377237      -142.0264996854
       17.7050000000         2.3115644948      -140.1282549565
       17.7100000000         2.3072080039      -151.5177233296
       17.7150000000         2.3028686378      -130.6370313122
       17.7200000000         2.2985467821      -155.3142127873
       17.7250000000         2.2942428207      -143.9247444142
       17.7300000000         2.2899571358      -166.7036811605
       17.7350000000         2.2856901081      -147.7212338719
       17.7400000000         2.2814421167      -157.2124575162
       17.7450000000         2.2772135388      -157.2124575162
       17.7500000000         2.2730047501      -140.1282549565
       17.7550000000         2.2688161245      -168.6019258893
       17.7600000000         2.2646480339      -151.5177233296
       17.7650000000         2.2605008487      -166.7036811605
       17.7700000000         2.2563749371      -155.3142127873
       17.7750000000         2.2522706658      -162.9071917028
       17.7800000000         2.2481883992      -162.9071917028
       17.7850000000         2.2441284999      -166.7036811605
       17.7900000000         2.2400913287      -161.0089469739
       17.7950000000         2.2360772440      -179.9913942624
       17.8000000000         2.2320866025      -164.8054364316
       17.8050000000         2.2281197586      -164.8054364316
       17.8100000000         2.2241770647      -164.8054364316
       17.8150000000         2.2202588709      -181.8896389913
       17.8200000000         2.2163655254      -166.7036811605
       17.8250000000         2.2124973740      -164.8054364316
       17.8300000000         2.2086547602      -185.6861284490
       17.8350000000         2.2048380253      -174.2966600759
       17.8400000000         2.2010475085      -178.0931495336
       17.8450000000         2.1972835463      -185.6861284490
       17.8500000000         2.1935464732      -172.3984153470
       17.8550000000         2.1898366210      -191.3808626356
       17.8600000000         2.1861543194      -179.9913942624
       17.8650000000         2.1824998953      -198.9738415510
       17.8700000000         2.1788736734      -179.9913942624
       17.8750000000         2.1752759758      -195.1773520933
       17.8800000000         2.1717071221      -197.0755968221
       17.8850000000         2.1681674293      -189.4826179067
       17.8900000000         2.1646572117      -197.0755968221
       17.8950000000         2.1611767813      -195.1773520933
       17.9000000000         2.1577264470      -200.8720862798
       17.9050000000         2.1543065155      -202.7703310087
       17.9100000000         2.1509172905      -189.4826179067
       17.9150000000         2.1475590730      -200.8720862798
       17.9200000000         2.1442321614      -202.7703310087
       17.9250000000         2.1409368511      -212.2615546530
       17.9300000000         2.1376734349      -202.7703310087
       17.9350000000         2.1344422026      -214.1597993818
       17.9400000000         2.1312434413      -219.8545335684
       17.9450000000         2.1280774351      -210.3633099241
       17.9500000000         2.1249444652      -219.8545335684
       17.9550000000         2.1218448099      -216.0580441107
       17.9600000000         2.1187787445      -214.1597993818
       17.9650000000         2.1157465414      -212.2615546530
       17.9700000000         2.1127484699      -227.4475124838
       17.9750000000         2.1097847963      -225.5492677549
       17.9800000000         2.1068557839      -216.0580441107
       17.9850000000         2.1039616929      -221.7527782972
       17.9900000000         2.1011027802      -227.4475124838
       17.9950000000         2.0982792999      -223.6510230261
       18.0000000000         2.0954915028      -248.3282045012
       18.0050000000         2.0927396365      -231.2440019415
       18.0100000000         2.0900239453      -244.5317150435
       18.0150000000         2.0873446707      -219.8545335684
       18.0200000000         2.0847020504      -248.3282045012
       18.0250000000         2.0820963193      -244.5317150435
       18.0300000000         2.0795277089      -242.6334703146
       18.0350000000         2.0769964472      -240.7352255858
       18.0400000000         2.0745027591      -236.9387361281
       18.0450000000         2.0720468662      -257.8194281455
       18.0500000000         2.0696289865      -236.9387361281
       18.0550000000         2.0672493349      -246.4299597723
       18.0600000000         2.0649081227      -250.2264492300
       18.0650000000         2.0626055578      -244.5317150435
       18.0700000000         2.0603418449      -265.4124070609
       18.0750000000         2.0581171850      -276.8018754340
       18.0800000000         2.0559317756      -255.9211834166
       18.0850000000         2.0537858109      -242.6334703146
       18.0900000000         2.0516794816      -259.7176728743
       18.0950000000         2.0496129747      -263.5141623320
       18.1000000000         2.0475864738      -250.2264492300
       18.1050000000         2.0456001588      -250.2264492300
       18.1100000000         2.0436542063      -265.4124070609
       18.1150000000         2.0417487890      -254.0229386877
       18.1200000000         2.0398840763      -278.7001201629
       18.1250000000         2.0380602337      -259.7176728743
       18.1300000000         2.0362774233      -271.1071412474
       18.1350000000         2.0345358034      -273.0053859763
       18.1400000000         2.0328355288      -263.5141623320
       18.1450000000         2.0311767504      -278.7001201629
       18.1500000000         2.0295596155      -263.5141623320
       18.1550000000         2.0279842679      -293.8860779937
       18.1600000000         2.0264508475      -273.0053859763
       18.1650000000         2.0249594904      -280.5983648917
       18.1700000000         2.0235103292      -280.5983648917
       18.1750000000         2.0221034926      -276.8018754340
       18.1800000000         2.0207391055      -261.6159176032
       18.1850000000         2.0194172891      -282.4966096206
       18.1900000000         2.0181381609      -286.2930990783
       18.1950000000         2.0169018344      -271.1071412474
       18.2000000000         2.0157084194      -286.2930990783
       18.2050000000         2.0145580221      -267.3106517897
       18.2100000000         2.0134507445      -282.4966096206
       18.2150000000         2.0123866850      -291.9878332648
       18.2200000000         2.0113659382      -290.0895885360
       18.2250000000         2.0103885947      -301.4790569091
       18.2300000000         2.0094547413      -293.8860779937
       18.2350000000         2.0085644609      -282.4966096206
       18.2400000000         2.0077178327      -290.0895885360
       18.2450000000         2.0069149319      -293.8860779937
       18.2500000000         2.0061558297      -291.9878332648
       18.2550000000         2.0054405936      -288.1913438071
       18.2600000000         2.0047692872      -307.1737910957
       18.2650000000         2.0041419699      -290.0895885360
       18.2700000000         2.0035586977      -295.7843227225
       18.2750000000         2.0030195223      -282.4966096206
       18.2800000000         2.0025244915      -291.9878332648
       18.2850000000         2.0020736494      -305.2755463668
       18.2900000000         2.0016670360      -295.7843227225
       18.2950000000         2.0013046874      -286.2930990783
       18.3000000000         2.0009866358      -305.2755463668
       18.3050000000         2.0007129094      -295.7843227225
       18.3100000000         2.0004835327      -309.0720358245
       18.3150000000         2.0002985258      -291.9878332648
       18.3200000000         2.0001579054      -299.5808121802
       18.3250000000         2.0000616838      -301.4790569091
       18.3300000000         2.0000098696      -293.8860779937
       18.3350000000         2.0000024674      -305.2755463668
       18.3400000000         2.0000394779      -295.7843227225
       18.3450000000         2.0001208978      -293.8860779937
       18.3500000000         2.0002467198      -297.6825674514
       18.3550000000         2.0004169328      -301.4790569091
       18.3600000000         2.0006315217      -309.0720358245
       18.3650000000         2.0008904674      -297.6825674514
       18.3700000000         2.0011937468      -307.1737910957
       18.3750000000         2.0015413331      -310.9702805534
       18.3800000000         2.0019331954      -301.4790569091
       18.3850000000         2.0023692989      -305.2755463668
       18.3900000000         2.0028496048      -290.0895885360
       18.3950000000         2.0033740705      -299.5808121802
       18.4000000000         2.0039426493      -329.9527278419
       18.4050000000         2.0045552909      -309.0720358245
       18.4100000000         2.0052119407      -295.7843227225
       18.4150000000         2.0059125404      -288.1913438071
       18.4200000000         2.0066570279      -305.2755463668
       18.4250000000         2.0074453369      -286.2930990783
       18.4300000000         2.0082773975      -309.0720358245
       18.4350000000         2.0091531357      -293.8860779937
       18.4400000000         2.0100724738      -293.8860779937
       18.4450000000         2.0110353301      -303.3773016380
       18.4500000000         2.0120416190      -295.7843227225
       18.4550000000         2.0130912513      -282.4966096206
       18.4600000000         2.0141841335      -305.2755463668
       18.4650000000         2.0153201688      -282.4966096206
       18.4700000000         2.0164992561      -301.4790569091
       18.4750000000         2.0177212908      -307.1737910957
       18.4800000000         2.0189861642      -307.1737910957
       18.4850000000         2.0202937641      -299.5808121802
       18.4900000000         2.0216439742      -301.4790569091
       18.4950000000         2.0230366747      -310.9702805534
       18.5000000000         2.0244717419      -305.2755463668
       18.5050000000         2.0259490482      -297.6825674514
       18.5100000000         2.0274684624      -331.8509725708
       18.5150000000         2.0290298496      -295.7843227225
       18.5200000000         2.0306330712      -305.2755463668
       18.5250000000         2.0322779846      -307.1737910957
       18.5300000000         2.0339644438      -301.4790569091
       18.5350000000         2.0356922989      -293.8860779937
       18.5400000000         2.0374613966      -318.5632594688
       18.5450000000         2.0392715796      -309.0720358245
       18.5500000000         2.0411226872      -303.3773016380
       18.5550000000         2.0430145549      -286.2930990783
       18.5600000000         2.0449470147      -305.2755463668
       18.5650000000         2.0469198949      -301.4790569091
       18.5700000000         2.0489330203      -299.5808121802
       18.5750000000         2.0509862121      -293.8860779937
       18.5800000000         2.0530792879      -305.2755463668
       18.5850000000         2.0552120618      -310.9702805534
       18.5900000000         2.0573843443      -291.9878332648
       18.5950000000         2.0595959425      -299.5808121802
       18.6000000000         2.0618466600      -307.1737910957
       18.6050000000         2.0641362967      -301.4790569091
       18.6100000000         2.0664646494      -295.7843227225
       18.6150000000         2.0688315112      -297.6825674514
       18.6200000000         2.0712366719      -301.4790569091
       18.6250000000         2.0736799178      -286.2930990783
       18.6300000000         2.0761610320      -312.8685252822
       18.6350000000         2.0786797939      -309.0720358245
       18.6400000000         2.0812359800      -291.9878332648
       18.6450000000         2.0838293631      -288.1913438071
       18.6500000000         2.0864597129      -307.1737910957
       18.6550000000         2.0891267957      -307.1737910957
       18.6600000000         2.0918303746      -303.3773016380
       18.6650000000         2.0945702096      -286.2930990783
       18.6700000000         2.0973460571      -297.6825674514
       18.6750000000         2.1001576708      -293.8860779937
       18.6800000000         2.1030048007      -310.9702805534
       18.6850000000         2.1058871940      -282.4966096206
       18.6900000000         2.1088045947      -310.9702805534
       18.6950000000         2.1117567437      -286.2930990783
       18.7000000000         2.1147433786      -288.1913438071
       18.7050000000         2.1177642343      -288.1913438071
       18.7100000000         2.1208190424      -291.9878332648
       18.7150000000         2.1239075315      -278.7001201629
       18.7200000000         2.1270294273      -297.6825674514
       18.7250000000         2.1301844525      -282.4966096206
       18.7300000000         2.1333723269      -293.8860779937
       18.7350000000         2.1365927673      -265.4124070609
       18.7400000000         2.1398454876      -293.8860779937
       18.7450000000         2.1431301989      -276.8018754340
       18.7500000000         2.1464466094      -293.8860779937
       18.7550000000         2.1497944246      -278.7001201629
       18.7600000000         2.1531733471      -284.3948543494
       18.7650000000         2.1565830767      -242.6334703146
       18.7700000000         2.1600233106      -278.7001201629
       18.7750000000         2.1634937432      -263.5141623320
       18.7800000000         2.1669940663      -278.7001201629
       18.7850000000         2.1705239688      -284.3948543494
       18.7900000000         2.1740831373      -278.7001201629
       18.7950000000         2.1776712557      -278.7001201629
       18.8000000000         2.1812880051      -271.1071412474
       18.8050000000         2.1849330644      -303.3773016380
       18.8100000000         2.1886061098      -263.5141623320
       18.8150000000         2.1923068149      -286.2930990783
       18.8200000000         2.1960348512      -269.2088965186
       18.8250000000         2.1997898873      -267.3106517897
       18.8300000000         2.2035715899      -254.0229386877
       18.8350000000         2.2073796230      -265.4124070609
       18.8400000000         2.2112136483      -276.8018754340
       18.8450000000         2.2150733253      -255.9211834166
       18.8500000000         2.2189583111      -280.5983648917
       18.8550000000         2.2228682606      -244.5317150435
       18.8600000000         2.2268028266      -254.0229386877
       18.8650000000         2.2307616596      -259.7176728743
       18.8700000000         2.2347444078      -259.7176728743
       18.8750000000         2.2387507176      -257.8194281455
       18.8800000000         2.2427802331      -255.9211834166
       18.8850000000         2.2468325963      -259.7176728743
       18.8900000000         2.2509074473      -255.9211834166
       18.8950000000         2.2550044242      -259.7176728743
       18.9000000000         2.2591231629      -236.9387361281
       18.9050000000         2.2632632978      -250.2264492300
       18.9100000000         2.2674244610      -242.6334703146
       18.9150000000         2.2716062828      -252.1246939589
       18.9200000000         2.2758083920      -236.9387361281
       18.9250000000         2.2800304151      -240.7352255858
       18.9300000000         2.2842719772      -250.2264492300
       18.9350000000         2.2885327015      -229.3457572126
       18.9400000000         2.2928122095      -257.8194281455
       18.9450000000         2.2971101212      -225.5492677549
       18.9500000000         2.3014260547      -246.4299597723
       18.9550000000         2.3057596267      -235.0404913992
       18.9600000000         2.3101104522      -227.4475124838
       18.9650000000         2.3144781449      -248.3282045012
       18.9700000000         2.3188623166      -214.1597993818
       18.9750000000         2.3232625781      -233.1422466704
       18.9800000000         2.3276785384      -236.9387361281
       18.9850000000         2.3321098053      -221.7527782972
       18.9900000000         2.3365559852      -235.0404913992
       18.9950000000         2.3410166831      -216.0580441107
       19.0000000000         2.3454915028      -227.4475124838
       19.0050000000         2.3499800469      -217.9562888395
       19.0100000000         2.3544819166      -212.2615546530
       19.0150000000         2.3589967120      -217.9562888395
       19.0200000000         2.3635240322      -219.8545335684
       19.0250000000         2.3680634750      -206.5668204664
       19.0300000000         2.3726146372      -217.9562888395
       19.0350000000         2.3771771144      -210.3633099241
       19.0400000000         2.3817505015      -195.1773520933
       19.0450000000         2.3863343922      -219.8545335684
       19.0500000000         2.3909283793      -200.8720862798
       19.0550000000         2.3955320548      -189.4826179067
       19.0600000000         2.4001450097      -208.4650651953
       19.0650000000         2.4047668344      -189.4826179067
       19.0700000000         2.4093971182      -200.8720862798
       19.0750000000         2.4140354499      -202.7703310087
       19.0800000000         2.4186814174      -181.8896389913
       19.0850000000         2.4233346081      -195.1773520933
       19.0900000000         2.4279946087      -172.3984153470
       19.0950000000         2.4326610053      -181.8896389913
       19.1000000000         2.4373333832      -179.9913942624
       19.1050000000         2.4420113276      -189.4826179067
       19.1100000000         2.4466944229      -176.1949048047
       19.1150000000         2.4513822530      -189.4826179067
       19.1200000000         2.4560744017      -164.8054364316
       19.1250000000         2.4607704521      -174.2966600759
       19.1300000000         2.4654699871      -161.0089469739
       19.1350000000         2.4701725893      -170.5001706182
       19.1400000000         2.4748778409      -164.8054364316
       19.1450000000         2.4795853240      -164.8054364316
       19.1500000000         2.4842946205      -161.0089469739
       19.1550000000         2.4890053120      -157.2124575162
       19.1600000000         2.4937169801      -149.6194786008
       19.1650000000         2.4984292063      -149.6194786008
       19.1700000000         2.5031415720      -134.4335207699
       19.1750000000         2.5078536587      -128.7387865834
       19.1800000000         2.5125650477      -111.6545840237
       19.1850000000         2.5172753207       -92.6721367352
       19.1900000000         2.5219840592       -50.9107527004
       19.1950000000         2.5266908449       -18.6405923099
       19.2000000000         2.5313952598         6.0365891652
       19.2050000000         2.5360968859         6.0365891652
       19.2100000000         2.5407953058         0.3418549787
       19.2150000000         2.5454901020        -7.2511239367
       19.2200000000         2.5501808574        -1.5563897502
       19.2250000000         2.5548671555         2.2400997075
       19.2300000000         2.5595485800        -5.3528792079
       19.2350000000         2.5642247151       -24.3353264964
       19.2400000000         2.5688951453        -1.5563897502
       19.2450000000         2.5735594559        11.7313233518
       19.2500000000         2.5782172325        97.1523361502
       19.2550000000         2.5828680614        62.9839310309
       19.2600000000         2.5875115295        51.5944626577
       19.2650000000         2.5921472243        62.9839310309
       19.2700000000         2.5967747340        68.6786652174
       19.2750000000         2.6013936477        70.5769099463
       19.2800000000         2.6060035550        66.7804204886
       19.2850000000         2.6106040464        99.0505808791
       19.2900000000         2.6151947133        74.3733994040
       19.2950000000         2.6197751480        74.3733994040
       19.3000000000         2.6243449436        78.1698888617
       19.3050000000         2.6289036941        74.3733994040
       19.3100000000         2.6334509947        81.9663783194
       19.3150000000         2.6379864413        72.4751546751
       19.3200000000         2.6425096312        81.9663783194
       19.3250000000         2.6470201626        76.2716441328
       19.3300000000         2.6515176348        81.9663783194
       19.3350000000         2.6560016483        78.1698888617
       19.3400000000         2.6604718049        83.8646230483
       19.3450000000         2.6649277074        87.6611125060
       19.3500000000         2.6693689601        83.8646230483
       19.3550000000         2.6737951685        87.6611125060
       19.3600000000         2.6782059394        89.5593572348
       19.3650000000         2.6826008809        91.4576019637
       19.3700000000         2.6869796029        99.0505808791
       19.3750000000         2.6913417162        91.4576019637
       19.3800000000         2.6956868334        72.4751546751
       19.3850000000         2.7000145686        87.6611125060
       19.3900000000         2.7043245374        99.0505808791
       19.3950000000         2.7086163568        87.6611125060
       19.4000000000         2.7128896458       104.7453150657
       19.4050000000         2.7171440246        95.2540914214
       19.4100000000         2.7213791155       112.3382939811
       19.4150000000         2.7255945422       104.7453150657
       19.4200000000         2.7297899303       108.5418045234
       19.4250000000         2.7339649071       104.7453150657
       19.4300000000         2.7381191018       100.9488256079
       19.4350000000         2.7422521454       121.8295176253
       19.4400000000         2.7463636708        99.0505808791
       19.4450000000         2.7504533127       116.1347834388
       19.4500000000         2.7545207079       104.7453150657
       19.4550000000         2.7585654951       104.7453150657
       19.4600000000         2.7625873150       119.9312728965
       19.4650000000         2.7665858104       114.2365387099
       19.4700000000         2.7705606261       135.1172307273
       19.4750000000         2.7745114090       118.0330281676
       19.4800000000         2.7784378082       131.3207412696
       19.4850000000         2.7823394750       125.6260070830
       19.4900000000         2.7862160628       138.9137201850
       19.4950000000         2.7900672272       108.5418045234
       19.5000000000         2.7938926261       144.6084543716
       19.5050000000         2.7976919199       131.3207412696
       19.5100000000         2.8014647708       152.2014332870
       19.5150000000         2.8052108440       142.7102096427
       19.5200000000         2.8089298065       148.4049438293
       19.5250000000         2.8126213282       135.1172307273
       19.5300000000         2.8162850810       157.8961674736
       19.5350000000         2.8199207395       146.5066991004
       19.5400000000         2.8235279808       157.8961674736
       19.5450000000         2.8271064845       157.8961674736
       19.5500000000         2.8306559327       154.0996780159
       19.5550000000         2.8341760101       155.9979227447
       19.5600000000         2.8376664041       148.4049438293
       19.5650000000         2.8411268046       155.9979227447
       19.5700000000         2.8445569042       159.7944122024
       19.5750000000         2.8479563983       167.3873911178
       19.5800000000         2.8513249849       165.4891463890
       19.5850000000         2.8546623648       157.8961674736
       19.5900000000         2.8579682415       163.5909016601
       19.5950000000         2.8612423214       171.1838805755
       19.6000000000         2.8644843137       167.3873911178
       19.6050000000         2.8676939304       176.8786147621
       19.6100000000         2.8708708864       163.5909016601
       19.6150000000         2.8740148995       165.4891463890
       19.6200000000         2.8771256904       176.8786147621
       19.6250000000         2.8802029828       176.8786147621
       19.6300000000         2.8832465034       173.0821253044
       19.6350000000         2.8862559818       186.3698384064
       19.6400000000         2.8892311508       180.6751042198
       19.6450000000         2.8921717460       190.1663278641
       19.6500000000         2.8950775062       178.7768594910
       19.6550000000         2.8979481733       192.0645725929
       19.6600000000         2.9007834924       184.4715936775
       19.6650000000         2.9035832116       184.4715936775
       19.6700000000         2.9063470822       211.0470198815
       19.6750000000         2.9090748587       182.5733489487
       19.6800000000         2.9117662988       201.5557962372
       19.6850000000         2.9144211635       190.1663278641
       19.6900000000         2.9170392168       188.2680831352
       19.6950000000         2.9196202263       186.3698384064
       19.7000000000         2.9221639628       211.0470198815
       19.7050000000         2.9246702001       201.5557962372
       19.7100000000         2.9271387158       188.2680831352
       19.7150000000         2.9295692906       195.8610620506
       19.7200000000         2.9319617086       176.8786147621
       19.7250000000         2.9343157572       207.2505304238
       19.7300000000         2.9366312274       199.6575515084
       19.7350000000         2.9389079135       207.2505304238
       19.7400000000         2.9411456132       205.3522856949
       19.7450000000         2.9433441279       195.8610620506
       19.7500000000         2.9455032621       211.0470198815
       19.7550000000         2.9476228242       205.3522856949
       19.7600000000         2.9497026258       214.8435093392
       19.7650000000         2.9517424822       205.3522856949
       19.7700000000         2.9537422123       199.6575515084
       19.7750000000         2.9557016383       205.3522856949
       19.7800000000         2.9576205863       207.2505304238
       19.7850000000         2.9594988858       199.6575515084
       19.7900000000         2.9613363699       209.1487751526
       19.7950000000         2.9631328755       209.1487751526
       19.8000000000         2.9648882429       203.4540409661
       19.8050000000         2.9666023163       193.9628173218
       19.8100000000         2.9682749434       205.3522856949
       19.8150000000         2.9699059755       212.9452646103
       19.8200000000         2.9714952679       211.0470198815
       19.8250000000         2.9730426794       203.4540409661
       19.8300000000         2.9745480725       226.2329777123
       19.8350000000         2.9760113135       212.9452646103
       19.8400000000         2.9774322724       220.5382435257
       19.8450000000         2.9788108230       231.9277118989
       19.8500000000         2.9801468428       212.9452646103
       19.8550000000         2.9814402133       228.1312224412
       19.8600000000         2.9826908194       214.8435093392
       19.8650000000         2.9838985502       222.4364882546
       19.8700000000         2.9850632982       228.1312224412
       19.8750000000         2.9861849602       199.6575515084
       19.8800000000         2.9872634364       220.5382435257
       19.8850000000         2.9882986310       226.2329777123
       19.8900000000         2.9892904522       218.6399987969
       19.8950000000         2.9902388117       235.7242013566
       19.9000000000         2.9911436254       230.0294671700
       19.9050000000         2.9920048128       224.3347329835
       19.9100000000         2.9928222976       233.8259566277
       19.9150000000         2.9935960070       243.3171802720
       19.9200000000         2.9943258724       237.6224460854
       19.9250000000         2.9950118289       233.8259566277
       19.9300000000         2.9956538155       230.0294671700
       19.9350000000         2.9962517754       237.6224460854
       19.9400000000         2.9968056553       239.5206908143
       19.9450000000         2.9973154060       237.6224460854
       19.9500000000         2.9977809823       260.4013828317
       19.9550000000         2.9982023428       241.4189355431
       19.9600000000         2.9985794501       235.7242013566
       19.9650000000         2.9989122707       247.1136697297
       19.9700000000         2.9992007751       237.6224460854
       19.9750000000         2.9994449375       250.9101591874
       19.9800000000         2.9996447363       235.7242013566
       19.9850000000         2.9998001538       237.6224460854
       19.9900000000         2.9999111762       226.2329777123
       19.9950000000         2.9999777936       237.6224460854
