        0.0000000000         3.0000000000         2.2400997075
        0.0050000000         2.9999383162        11.7313233518
        0.0100000000         2.9997532802        57.2891968443
        0.0150000000         2.9994449375        55.3909521154
        0.0200000000         2.9990133642        93.3558466925
        0.0250000000         2.9984586669        89.5593572348
        0.0300000000         2.9977809823       106.6435597945
        0.0350000000         2.9969804777       118.0330281676
        0.0400000000         2.9960573507       121.8295176253
        0.0450000000         2.9950118289       142.7102096427
        0.0500000000         2.9938441703       133.2189859985
        0.0550000000         2.9925546631       138.9137201850
        0.0600000000         2.9911436254       152.2014332870
        0.0650000000         2.9896114053       146.5066991004
        0.0700000000         2.9879583810       163.5909016601
        0.0750000000         2.9861849602       148.4049438293
        0.0800000000         2.9842915806       171.1838805755
        0.0850000000         2.9822787092       159.7944122024
        0.0900000000         2.9801468428       173.0821253044
        0.0950000000         2.9778965074       178.7768594910
        0.1000000000         2.9755282581       174.9803700332
        0.1050000000         2.9730426794       174.9803700332
        0.1100000000         2.9704403845       174.9803700332
        0.1150000000         2.9677220154       176.8786147621
        0.1200000000         2.9648882429       184.4715936775
        0.1250000000         2.9619397663       186.3698384064
        0.1300000000         2.9588773128       192.0645725929
        0.1350000000         2.9557016383       190.1663278641
        0.1400000000         2.9524135262       199.6575515084
        0.1450000000         2.9490137879       199.6575515084
        0.1500000000         2.9455032621       195.8610620506
        0.1550000000         2.9418828150       212.9452646103
        0.1600000000         2.9381533400       195.8610620506
        0.1650000000         2.9343157572       197.7593067795
        0.1700000000         2.9303710135       205.3522856949
        0.1750000000         2.9263200822       201.5557962372
        0.1800000000         2.9221639628       193.9628173218
        0.1850000000         2.9179036807       209.1487751526
        0.1900000000         2.9135402871       212.9452646103
        0.1950000000         2.9090748587       209.1487751526
        0.2000000000         2.9045084972       218.6399987969
        0.2050000000         2.8998423292       201.5557962372
        0.2100000000         2.8950775062       211.0470198815
        0.2150000000         2.8902152037       207.2505304238
        0.2200000000         2.8852566214       211.0470198815
        0.2250000000         2.8802029828       220.5382435257
        0.2300000000         2.8750555348       218.6399987969
        0.2350000000         2.8698155475       203.4540409661
        0.2400000000         2.8644843137       222.4364882546
        0.2450000000         2.8590631489       205.3522856949
        0.2500000000         2.8535533906       211.0470198815
        0.2550000000         2.8479563983       222.4364882546
        0.2600000000         2.8422735530       209.1487751526
        0.2650000000         2.8365062568       218.6399987969
        0.2700000000         2.8306559327       207.2505304238
        0.2750000000         2.8247240242       212.9452646103
        0.2800000000         2.8187119949       207.2505304238
        0.2850000000         2.8126213282       212.9452646103
        0.2900000000         2.8064535268       203.4540409661
        0.2950000000         2.8002101127       222.4364882546
        0.3000000000         2.7938926261       209.1487751526
        0.3050000000         2.7875026260       207.2505304238
        0.3100000000         2.7810416889       201.5557962372
        0.3150000000         2.7745114090       211.0470198815
        0.3200000000         2.7679133975       197.7593067795
        0.3250000000         2.7612492824       207.2505304238
        0.3300000000         2.7545207079       207.2505304238
        0.3350000000         2.7477293342       188.2680831352
        0.3400000000         2.7408768371       203.4540409661
        0.3450000000         2.7339649071       203.4540409661
        0.3500000000         2.7269952499       193.9628173218
        0.3550000000         2.7199695849       197.7593067795
        0.3600000000         2.7128896458       192.0645725929
        0.3650000000         2.7057571793       188.2680831352
        0.3700000000         2.6985739453       190.1663278641
        0.3750000000         2.6913417162       182.5733489487
        0.3800000000         2.6840622763       180.6751042198
        0.3850000000         2.6767374219       192.0645725929
        0.3900000000         2.6693689601       174.9803700332
        0.3950000000         2.6619587091       178.7768594910
        0.4000000000         2.6545084972       169.2856358467
        0.4050000000         2.6470201626       180.6751042198
        0.4100000000         2.6394955530       161.6926569313
        0.4150000000         2.6319365250       152.2014332870
        0.4200000000         2.6243449436       163.5909016601
        0.4250000000         2.6167226819       148.4049438293
        0.4300000000         2.6090716207       152.2014332870
        0.4350000000         2.6013936477       161.6926569313
        0.4400000000         2.5936906573       150.3031885581
        0.4450000000         2.5859645501       148.4049438293
        0.4500000000         2.5782172325       144.6084543716
        0.4550000000         2.5704506160       135.1172307273
        0.4600000000         2.5626666168       129.4224965408
        0.4650000000         2.5548671555       131.3207412696
        0.4700000000         2.5470541567       133.2189859985
        0.4750000000         2.5392295479       146.5066991004
        0.4800000000         2.5313952598       140.8119649139
        0.4850000000         2.5235532254       133.2189859985
        0.4900000000         2.5157053795       131.3207412696
        0.4950000000         2.5078536587       121.8295176253
        0.5000000000         2.5000000000       123.7277623542
        0.5050000000         2.4921463413       106.6435597945
        0.5100000000         2.4842946205        99.0505808791
        0.5150000000         2.4764467746        83.8646230483
        0.5200000000         2.4686047402        40.2049942846
        0.5250000000         2.4607704521         4.1383444364
        0.5300000000         2.4529458433       -16.7423475810
        0.5350000000         2.4451328445         7.9348338941
        0.5400000000         2.4373333832         2.2400997075
        0.5450000000         2.4295493840         2.2400997075
        0.5500000000         2.4217827675        -3.4546344790
        0.5550000000         2.4140354499        -5.3528792079
        0.5600000000         2.4063093427       -50.9107527004
        0.5650000000         2.3986063523      -119.2475629391
        0.5700000000         2.3909283793       -67.9949552601
        0.5750000000         2.3832773181       -73.6896894466
        0.5800000000         2.3756550564      -100.2651156506
        0.5850000000         2.3680634750       -88.8756472775
        0.5900000000         2.3605044470       -73.6896894466
        0.5950000000         2.3529798374      -107.8580945660
        0.6000000000         2.3454915028      -121.1458076680
        0.6050000000         2.3380412909      -105.9598498371
        0.6100000000         2.3306310399       -96.4686261929
        0.6150000000         2.3232625781      -102.1633603794
        0.6200000000         2.3159377237      -126.8405418545
        0.6250000000         2.3086582838      -109.7563392948
        0.6300000000         2.3014260547      -115.4510734814
        0.6350000000         2.2942428207      -104.0616051083
        0.6400000000         2.2871103542      -107.8580945660
        0.6450000000         2.2800304151      -117.3493182103
        0.6500000000         2.2730047501      -132.5352760411
        0.6550000000         2.2660350929      -130.6370313122
        0.6600000000         2.2591231629      -111.6545840237
        0.6650000000         2.2522706658      -126.8405418545
        0.6700000000         2.2454792921      -126.8405418545
        0.6750000000         2.2387507176      -136.3317654988
        0.6800000000         2.2320866025      -136.3317654988
        0.6850000000         2.2254885910      -119.2475629391
        0.6900000000         2.2189583111      -142.0264996854
        0.6950000000         2.2124973740      -143.9247444142
        0.7000000000         2.2061073739      -142.0264996854
        0.7050000000         2.1997898873      -142.0264996854
        0.7100000000         2.1935464732      -147.7212338719
        0.7150000000         2.1873786718      -151.5177233296
        0.7200000000         2.1812880051      -149.6194786008
        0.7250000000         2.1752759758      -155.3142127873
        0.7300000000         2.1693440673      -149.6194786008
        0.7350000000         2.1634937432      -155.3142127873
        0.7400000000         2.1577264470      -159.1107022450
        0.7450000000         2.1520436017      -168.6019258893
        0.7500000000         2.1464466094      -162.9071917028
        0.7550000000         2.1409368511      -170.5001706182
        0.7600000000         2.1355156863      -164.8054364316
        0.7650000000         2.1301844525      -185.6861284490
        0.7700000000         2.1249444652      -189.4826179067
        0.7750000000         2.1197970172      -181.8896389913
        0.7800000000         2.1147433786      -193.2791073644
        0.7850000000         2.1097847963      -183.7878837202
        0.7900000000         2.1049224938      -200.8720862798
        0.7950000000         2.1001576708      -187.5843731779
        0.8000000000         2.0954915028      -181.8896389913
        0.8050000000         2.0909251413      -200.8720862798
        0.8100000000         2.0864597129      -185.6861284490
        0.8150000000         2.0820963193      -223.6510230261
        0.8200000000         2.0778360372      -197.0755968221
        0.8250000000         2.0736799178      -225.5492677549
        0.8300000000         2.0696289865      -204.6685757375
        0.8350000000         2.0656842428      -202.7703310087
        0.8400000000         2.0618466600      -214.1597993818
        0.8450000000         2.0581171850      -212.2615546530
        0.8500000000         2.0544967379      -223.6510230261
        0.8550000000         2.0509862121      -210.3633099241
        0.8600000000         2.0475864738      -214.1597993818
        0.8650000000         2.0442983617      -216.0580441107
        0.8700000000         2.0411226872      -219.8545335684
        0.8750000000         2.0380602337      -225.5492677549
        0.8800000000         2.0351117571      -225.5492677549
        0.8850000000         2.0322779846      -217.9562888395
        0.8900000000         2.0295596155      -246.4299597723
        0.8950000000         2.0269573206      -208.4650651953
        0.9000000000         2.0244717419      -246.4299597723
        0.9050000000         2.0221034926      -231.2440019415
        0.9100000000         2.0198531572      -248.3282045012
        0.9150000000         2.0177212908      -246.4299597723
        0.9200000000         2.0157084194      -242.6334703146
        0.9250000000         2.0138150398      -246.4299597723
        0.9300000000         2.0120416190      -242.6334703146
        0.9350000000         2.0103885947      -244.5317150435
        0.9400000000         2.0088563746      -250.2264492300
        0.9450000000         2.0074453369      -255.9211834166
        0.9500000000         2.0061558297      -269.2088965186
        0.9550000000         2.0049881711      -263.5141623320
        0.9600000000         2.0039426493      -259.7176728743
        0.9650000000         2.0030195223      -273.0053859763
        0.9700000000         2.0022190177      -255.9211834166
        0.9750000000         2.0015413331      -282.4966096206
        0.9800000000         2.0009866358      -267.3106517897
        0.9850000000         2.0005550625      -269.2088965186
        0.9900000000         2.0002467198      -280.5983648917
        0.9950000000         2.0000616838      -248.3282045012
        1.0000000000         2.0000000000      -284.3948543494
        1.0050000000         2.0000616838      -278.7001201629
        1.0100000000         2.0002467198      -267.3106517897
        1.0150000000         2.0005550625      -274.9036307051
        1.0200000000         2.0009866358      -286.2930990783
        1.0250000000         2.0015413331      -286.2930990783
        1.0300000000         2.0022190177      -290.0895885360
        1.0350000000         2.0030195223      -278.7001201629
        1.0400000000         2.0039426493      -293.8860779937
        1.0450000000         2.0049881711      -276.8018754340
        1.0500000000         2.0061558297      -299.5808121802
        1.0550000000         2.0074453369      -278.7001201629
        1.0600000000         2.0088563746      -307.1737910957
        1.0650000000         2.0103885947      -295.7843227225
        1.0700000000         2.0120416190      -278.7001201629
        1.0750000000         2.0138150398      -291.9878332648
        1.0800000000         2.0157084194      -273.0053859763
        1.0850000000         2.0177212908      -295.7843227225
        1.0900000000         2.0198531572      -293.8860779937
        1.0950000000         2.0221034926      -286.2930990783
        1.1000000000         2.0244717419      -295.7843227225
        1.1050000000         2.0269573206      -282.4966096206
        1.1100000000         2.0295596155      -286.2930990783
        1.1150000000         2.0322779846      -293.8860779937
        1.1200000000         2.0351117571      -301.4790569091
        1.1250000000         2.0380602337      -293.8860779937
        1.1300000000         2.0411226872      -280.5983648917
        1.1350000000         2.0442983617      -299.5808121802
        1.1400000000         2.0475864738      -307.1737910957
        1.1450000000         2.0509862121      -299.5808121802
        1.1500000000         2.0544967379      -278.7001201629
        1.1550000000         2.0581171850      -295.7843227225
        1.1600000000         2.0618466600      -293.8860779937
        1.1650000000         2.0656842428      -297.6825674514
        1.1700000000         2.0696289865      -288.1913438071
        1.1750000000         2.0736799178      -305.2755463668
        1.1800000000         2.0778360372      -282.4966096206
        1.1850000000         2.0820963193      -310.9702805534
        1.1900000000         2.0864597129      -276.8018754340
        1.1950000000         2.0909251413      -303.3773016380
        1.2000000000         2.0954915028      -291.9878332648
        1.2050000000         2.1001576708      -280.5983648917
        1.2100000000         2.1049224938      -293.8860779937
        1.2150000000         2.1097847963      -305.2755463668
        1.2200000000         2.1147433786      -276.8018754340
        1.2250000000         2.1197970172      -286.2930990783
        1.2300000000         2.1249444652      -271.1071412474
        1.2350000000         2.1301844525      -303.3773016380
        1.2400000000         2.1355156863      -278.7001201629
        1.2450000000         2.1409368511      -280.5983648917
        1.2500000000         2.1464466094      -286.2930990783
        1.2550000000         2.1520436017      -286.2930990783
        1.2600000000         2.1577264470      -293.8860779937
        1.2650000000         2.1634937432      -278.7001201629
        1.2700000000         2.1693440673      -284.3948543494
        1.2750000000         2.1752759758      -288.1913438071
        1.2800000000         2.1812880051      -265.4124070609
        1.2850000000         2.1873786718      -290.0895885360
        1.2900000000         2.1935464732      -280.5983648917
        1.2950000000         2.1997898873      -263.5141623320
        1.3000000000         2.2061073739      -291.9878332648
        1.3050000000         2.2124973740      -255.9211834166
        1.3100000000         2.2189583111      -293.8860779937
        1.3150000000         2.2254885910      -269.2088965186
        1.3200000000         2.2320866025      -273.0053859763
        1.3250000000         2.2387507176      -248.3282045012
        1.3300000000         2.2454792921      -276.8018754340
        1.3350000000         2.2522706658      -261.6159176032
        1.3400000000         2.2591231629      -265.4124070609
        1.3450000000         2.2660350929      -273.0053859763
        1.3500000000         2.2730047501      -248.3282045012
        1.3550000000         2.2800304151      -265.4124070609
        1.3600000000         2.2871103542      -231.2440019415
        1.3650000000         2.2942428207      -269.2088965186
        1.3700000000         2.3014260547      -248.3282045012
        1.3750000000         2.3086582838      -255.9211834166
        1.3800000000         2.3159377237      -265.4124070609
        1.3850000000         2.3232625781      -240.7352255858
        1.3900000000         2.3306310399      -254.0229386877
        1.3950000000         2.3380412909      -238.8369808569
        1.4000000000         2.3454915028      -248.3282045012
        1.4050000000         2.3529798374      -233.1422466704
        1.4100000000         2.3605044470      -248.3282045012
        1.4150000000         2.3680634750      -238.8369808569
        1.4200000000         2.3756550564      -225.5492677549
        1.4250000000         2.3832773181      -231.2440019415
        1.4300000000         2.3909283793      -221.7527782972
        1.4350000000         2.3986063523      -227.4475124838
        1.4400000000         2.4063093427      -225.5492677549
        1.4450000000         2.4140354499      -219.8545335684
        1.4500000000         2.4217827675      -227.4475124838
        1.4550000000         2.4295493840      -206.5668204664
        1.4600000000         2.4373333832      -206.5668204664
        1.4650000000         2.4451328445      -216.0580441107
        1.4700000000         2.4529458433      -204.6685757375
        1.4750000000         2.4607704521      -195.1773520933
        1.4800000000         2.4686047402      -208.4650651953
        1.4850000000         2.4764467746      -197.0755968221
        1.4900000000         2.4842946205      -179.9913942624
        1.4950000000         2.4921463413      -189.4826179067
        1.5000000000         2.5000000000      -176.1949048047
        1.5050000000         2.5078536587      -166.7036811605
        1.5100000000         2.5157053795      -164.8054364316
        1.5150000000         2.5235532254      -136.3317654988
        1.5200000000         2.5313952598       -96.4686261929
        1.5250000000         2.5392295479       -54.7072421581
        1.5300000000         2.5470541567       -20.5388370387
        1.5350000000         2.5548671555        13.6295680807
        1.5400000000         2.5626666168         2.2400997075
        1.5450000000         2.5704506160        -3.4546344790
        1.5500000000         2.5782172325        -5.3528792079
        1.5550000000         2.5859645501         0.3418549787
        1.5600000000         2.5936906573         0.3418549787
        1.5650000000         2.6013936477        -5.3528792079
        1.5700000000         2.6090716207         6.0365891652
        1.5750000000         2.6167226819        30.7137706403
        1.5800000000         2.6243449436        85.7628677771
        1.5850000000         2.6319365250        47.7979732000
        1.5900000000         2.6394955530        66.7804204886
        1.5950000000         2.6470201626        49.6962179289
        1.6000000000         2.6545084972        70.5769099463
        1.6050000000         2.6619587091        57.2891968443
        1.6100000000         2.6693689601        87.6611125060
        1.6150000000         2.6767374219        74.3733994040
        1.6200000000         2.6840622763        70.5769099463
        1.6250000000         2.6913417162        78.1698888617
        1.6300000000         2.6985739453        72.4751546751
        1.6350000000         2.7057571793        78.1698888617
        1.6400000000         2.7128896458        72.4751546751
        1.6450000000         2.7199695849        80.0681335906
        1.6500000000         2.7269952499        78.1698888617
        1.6550000000         2.7339649071        85.7628677771
        1.6600000000         2.7408768371        89.5593572348
        1.6650000000         2.7477293342        97.1523361502
        1.6700000000         2.7545207079        89.5593572348
        1.6750000000         2.7612492824        95.2540914214
        1.6800000000         2.7679133975        93.3558466925
        1.6850000000         2.7745114090       102.8470703368
        1.6900000000         2.7810416889        93.3558466925
        1.6950000000         2.7875026260       110.4400492522
        1.7000000000         2.7938926261       108.5418045234
        1.7050000000         2.8002101127       100.9488256079
        1.7100000000         2.8064535268       114.2365387099
        1.7150000000         2.8126213282       108.5418045234
        1.7200000000         2.8187119949       119.9312728965
        1.7250000000         2.8247240242       112.3382939811
        1.7300000000         2.8306559327       121.8295176253
        1.7350000000         2.8365062568       116.1347834388
        1.7400000000         2.8422735530       123.7277623542
        1.7450000000         2.8479563983       118.0330281676
        1.7500000000         2.8535533906       127.5242518119
        1.7550000000         2.8590631489       121.8295176253
        1.7600000000         2.8644843137       131.3207412696
        1.7650000000         2.8698155475       146.5066991004
        1.7700000000         2.8750555348       137.0154754562
        1.7750000000         2.8802029828       144.6084543716
        1.7800000000         2.8852566214       155.9979227447
        1.7850000000         2.8902152037       144.6084543716
        1.7900000000         2.8950775062       157.8961674736
        1.7950000000         2.8998423292       144.6084543716
        1.8000000000         2.9045084972       161.6926569313
        1.8050000000         2.9090748587       157.8961674736
        1.8100000000         2.9135402871       169.2856358467
        1.8150000000         2.9179036807       159.7944122024
        1.8200000000         2.9221639628       165.4891463890
        1.8250000000         2.9263200822       184.4715936775
        1.8300000000         2.9303710135       161.6926569313
        1.8350000000         2.9343157572       184.4715936775
        1.8400000000         2.9381533400       174.9803700332
        1.8450000000         2.9418828150       180.6751042198
        1.8500000000         2.9455032621       188.2680831352
        1.8550000000         2.9490137879       182.5733489487
        1.8600000000         2.9524135262       193.9628173218
        1.8650000000         2.9557016383       184.4715936775
        1.8700000000         2.9588773128       184.4715936775
        1.8750000000         2.9619397663       195.8610620506
        1.8800000000         2.9648882429       184.4715936775
        1.8850000000         2.9677220154       197.7593067795
        1.8900000000         2.9704403845       199.6575515084
        1.8950000000         2.9730426794       207.2505304238
        1.9000000000         2.9755282581       197.7593067795
        1.9050000000         2.9778965074       195.8610620506
        1.9100000000         2.9801468428       214.8435093392
        1.9150000000         2.9822787092       197.7593067795
        1.9200000000         2.9842915806       224.3347329835
        1.9250000000         2.9861849602       199.6575515084
        1.9300000000         2.9879583810       230.0294671700
        1.9350000000         2.9896114053       199.6575515084
        1.9400000000         2.9911436254       205.3522856949
        1.9450000000         2.9925546631       212.9452646103
        1.9500000000         2.9938441703       214.8435093392
        1.9550000000         2.9950118289       222.4364882546
        1.9600000000         2.9960573507       222.4364882546
        1.9650000000         2.9969804777       214.8435093392
        1.9700000000         2.9977809823       220.5382435257
        1.9750000000         2.9984586669       222.4364882546
        1.9800000000         2.9990133642       218.6399987969
        1.9850000000         2.9994449375       235.7242013566
        1.9900000000         2.9997532802       226.2329777123
        1.9950000000         2.9999383162       237.6224460854
        2.0000000000         3.0000000000       237.6224460854
        2.0050000000         2.9999383162       228.1312224412
        2.0100000000         2.9997532802       243.3171802720
        2.0150000000         2.9994449375       239.5206908143
        2.0200000000         2.9990133642       239.5206908143
        2.0250000000         2.9984586669       243.3171802720
        2.0300000000         2.9977809823       233.8259566277
        2.0350000000         2.9969804777       243.3171802720
        2.0400000000         2.9960573507       249.0119144586
        2.0450000000         2.9950118289       233.8259566277
        2.0500000000         2.9938441703       258.5031381028
        2.0550000000         2.9925546631       245.2154250008
        2.0600000000         2.9911436254       237.6224460854
        2.0650000000         2.9896114053       249.0119144586
        2.0700000000         2.9879583810       249.0119144586
        2.0750000000         2.9861849602       249.0119144586
        2.0800000000         2.9842915806       235.7242013566
        2.0850000000         2.9822787092       245.2154250008
        2.0900000000         2.9801468428       235.7242013566
        2.0950000000         2.9778965074       260.4013828317
        2.1000000000         2.9755282581       266.0961170182
        2.1050000000         2.9730426794       245.2154250008
        2.1100000000         2.9704403845       262.2996275605
        2.1150000000         2.9677220154       256.6048933740
        2.1200000000         2.9648882429       258.5031381028
        2.1250000000         2.9619397663       245.2154250008
        2.1300000000         2.9588773128       252.8084039163
        2.1350000000         2.9557016383       249.0119144586
        2.1400000000         2.9524135262       233.8259566277
        2.1450000000         2.9490137879       267.9943617471
        2.1500000000         2.9455032621       252.8084039163
        2.1550000000         2.9418828150       254.7066486451
        2.1600000000         2.9381533400       252.8084039163
        2.1650000000         2.9343157572       249.0119144586
        2.1700000000         2.9303710135       243.3171802720
        2.1750000000         2.9263200822       237.6224460854
        2.1800000000         2.9221639628       262.2996275605
        2.1850000000         2.9179036807       252.8084039163
        2.1900000000         2.9135402871       252.8084039163
        2.1950000000         2.9090748587       250.9101591874
        2.2000000000         2.9045084972       243.3171802720
        2.2050000000         2.8998423292       243.3171802720
        2.2100000000         2.8950775062       239.5206908143
        2.2150000000         2.8902152037       247.1136697297
        2.2200000000         2.8852566214       250.9101591874
        2.2250000000         2.8802029828       220.5382435257
        2.2300000000         2.8750555348       237.6224460854
        2.2350000000         2.8698155475       214.8435093392
        2.2400000000         2.8644843137       230.0294671700
        2.2450000000         2.8590631489       237.6224460854
        2.2500000000         2.8535533906       218.6399987969
        2.2550000000         2.8479563983       243.3171802720
        2.2600000000         2.8422735530       218.6399987969
        2.2650000000         2.8365062568       222.4364882546
        2.2700000000         2.8306559327       222.4364882546
        2.2750000000         2.8247240242       226.2329777123
        2.2800000000         2.8187119949       233.8259566277
        2.2850000000         2.8126213282       212.9452646103
        2.2900000000         2.8064535268       209.1487751526
        2.2950000000         2.8002101127       220.5382435257
        2.3000000000         2.7938926261       199.6575515084
        2.3050000000         2.7875026260       209.1487751526
        2.3100000000         2.7810416889       211.0470198815
        2.3150000000         2.7745114090       199.6575515084
        2.3200000000         2.7679133975       199.6575515084
        2.3250000000         2.7612492824       193.9628173218
        2.3300000000         2.7545207079       197.7593067795
        2.3350000000         2.7477293342       188.2680831352
        2.3400000000         2.7408768371       184.4715936775
        2.3450000000         2.7339649071       184.4715936775
        2.3500000000         2.7269952499       192.0645725929
        2.3550000000         2.7199695849       184.4715936775
        2.3600000000         2.7128896458       180.6751042198
        2.3650000000         2.7057571793       176.8786147621
        2.3700000000         2.6985739453       176.8786147621
        2.3750000000         2.6913417162       180.6751042198
        2.3800000000         2.6840622763       174.9803700332
        2.3850000000         2.6767374219       173.0821253044
        2.3900000000         2.6693689601       169.2856358467
        2.3950000000         2.6619587091       157.8961674736
        2.4000000000         2.6545084972       161.6926569313
        2.4050000000         2.6470201626       148.4049438293
        2.4100000000         2.6394955530       159.7944122024
        2.4150000000         2.6319365250       159.7944122024
        2.4200000000         2.6243449436       157.8961674736
        2.4250000000         2.6167226819       154.0996780159
        2.4300000000         2.6090716207       148.4049438293
        2.4350000000         2.6013936477       138.9137201850
        2.4400000000         2.5936906573       138.9137201850
        2.4450000000         2.5859645501       138.9137201850
        2.4500000000         2.5782172325       131.3207412696
        2.4550000000         2.5704506160       135.1172307273
        2.4600000000         2.5626666168       118.0330281676
        2.4650000000         2.5548671555       119.9312728965
        2.4700000000         2.5470541567       137.0154754562
        2.4750000000         2.5392295479       127.5242518119
        2.4800000000         2.5313952598       123.7277623542
        2.4850000000         2.5235532254       116.1347834388
        2.4900000000         2.5157053795       104.7453150657
        2.4950000000         2.5078536587       131.3207412696
        2.5000000000         2.5000000000       100.9488256079
        2.5050000000         2.4921463413       102.8470703368
        2.5100000000         2.4842946205        80.0681335906
        2.5150000000         2.4764467746        59.1874415732
        2.5200000000         2.4686047402        13.6295680807
        2.5250000000         2.4607704521       -12.9458581233
        2.5300000000         2.4529458433         0.3418549787
        2.5350000000         2.4451328445        -5.3528792079
        2.5400000000         2.4373333832         6.0365891652
        2.5450000000         2.4295493840        -5.3528792079
        2.5500000000         2.4217827675        -1.5563897502
        2.5550000000         2.4140354499        -7.2511239367
        2.5600000000         2.4063093427       -73.6896894466
        2.5650000000         2.3986063523       -98.3668709217
        2.5700000000         2.3909283793       -71.7914447178
        2.5750000000         2.3832773181       -92.6721367352
        2.5800000000         2.3756550564       -77.4861789043
        2.5850000000         2.3680634750       -92.6721367352
        2.5900000000         2.3605044470       -64.1984658024
        2.5950000000         2.3529798374      -121.1458076680
        2.6000000000         2.3454915028       -88.8756472775
        2.6050000000         2.3380412909      -102.1633603794
        2.6100000000         2.3306310399       -86.9774025486
        2.6150000000         2.3232625781       -88.8756472775
        2.6200000000         2.3159377237      -104.0616051083
        2.6250000000         2.3086582838       -94.5703814640
        2.6300000000         2.3014260547      -104.0616051083
        2.6350000000         2.2942428207       -88.8756472775
        2.6400000000         2.2871103542      -111.6545840237
        2.6450000000         2.2800304151      -109.7563392948
        2.6500000000         2.2730047501      -117.3493182103
        2.6550000000         2.2660350929      -117.3493182103
        2.6600000000         2.2591231629      -111.6545840237
        2.6650000000         2.2522706658      -124.9422971257
        2.6700000000         2.2454792921      -117.3493182103
        2.6750000000         2.2387507176      -126.8405418545
        2.6800000000         2.2320866025      -117.3493182103
        2.6850000000         2.2254885910      -140.1282549565
        2.6900000000         2.2189583111      -117.3493182103
        2.6950000000         2.2124973740      -130.6370313122
        2.7000000000         2.2061073739      -132.5352760411
        2.7050000000         2.1997898873      -128.7387865834
        2.7100000000         2.1935464732      -143.9247444142
        2.7150000000         2.1873786718      -145.8229891431
        2.7200000000         2.1812880051      -143.9247444142
        2.7250000000         2.1752759758      -143.9247444142
        2.7300000000         2.1693440673      -157.2124575162
        2.7350000000         2.1634937432      -149.6194786008
        2.7400000000         2.1577264470      -149.6194786008
        2.7450000000         2.1520436017      -149.6194786008
        2.7500000000         2.1464466094      -172.3984153470
        2.7550000000         2.1409368511      -161.0089469739
        2.7600000000         2.1355156863      -172.3984153470
        2.7650000000         2.1301844525      -172.3984153470
        2.7700000000         2.1249444652      -157.2124575162
        2.7750000000         2.1197970172      -185.6861284490
        2.7800000000         2.1147433786      -161.0089469739
        2.7850000000         2.1097847963      -189.4826179067
        2.7900000000         2.1049224938      -178.0931495336
        2.7950000000         2.1001576708      -172.3984153470
        2.8000000000         2.0954915028      -200.8720862798
        2.8050000000         2.0909251413      -172.3984153470
        2.8100000000         2.0864597129      -198.9738415510
        2.8150000000         2.0820963193      -189.4826179067
        2.8200000000         2.0778360372      -185.6861284490
        2.8250000000         2.0736799178      -210.3633099241
        2.8300000000         2.0696289865      -193.2791073644
        2.8350000000         2.0656842428      -212.2615546530
        2.8400000000         2.0618466600      -195.1773520933
        2.8450000000         2.0581171850      -221.7527782972
        2.8500000000         2.0544967379      -212.2615546530
        2.8550000000         2.0509862121      -202.7703310087
        2.8600000000         2.0475864738      -227.4475124838
        2.8650000000         2.0442983617      -202.7703310087
        2.8700000000         2.0411226872      -231.2440019415
        2.8750000000         2.0380602337      -212.2615546530
        2.8800000000         2.0351117571      -225.5492677549
        2.8850000000         2.0322779846      -227.4475124838
        2.8900000000         2.0295596155      -242.6334703146
        2.8950000000         2.0269573206      -242.6334703146
        2.9000000000         2.0244717419      -225.5492677549
        2.9050000000         2.0221034926      -236.9387361281
        2.9100000000         2.0198531572      -231.2440019415
        2.9150000000         2.0177212908      -248.3282045012
        2.9200000000         2.0157084194      -231.2440019415
        2.9250000000         2.0138150398      -250.2264492300
        2.9300000000         2.0120416190      -244.5317150435
        2.9350000000         2.0103885947      -238.8369808569
        2.9400000000         2.0088563746      -261.6159176032
        2.9450000000         2.0074453369      -235.0404913992
        2.9500000000         2.0061558297      -267.3106517897
        2.9550000000         2.0049881711      -257.8194281455
        2.9600000000         2.0039426493      -263.5141623320
        2.9650000000         2.0030195223      -263.5141623320
        2.9700000000         2.0022190177      -248.3282045012
        2.9750000000         2.0015413331      -265.4124070609
        2.9800000000         2.0009866358      -263.5141623320
        2.9850000000         2.0005550625      -278.7001201629
        2.9900000000         2.0002467198      -269.2088965186
        2.9950000000         2.0000616838      -271.1071412474
        3.0000000000         2.0000000000      -274.9036307051
        3.0050000000         2.0000616838      -271.1071412474
        3.0100000000         2.0002467198      -276.8018754340
        3.0150000000         2.0005550625      -273.0053859763
        3.0200000000         2.0009866358      -291.9878332648
        3.0250000000         2.0015413331      -271.1071412474
        3.0300000000         2.0022190177      -295.7843227225
        3.0350000000         2.0030195223      -271.1071412474
        3.0400000000         2.0039426493      -293.8860779937
        3.0450000000         2.0049881711      -293.8860779937
        3.0500000000         2.0061558297      -286.2930990783
        3.0550000000         2.0074453369      -288.1913438071
        3.0600000000         2.0088563746      -303.3773016380
        3.0650000000         2.0103885947      -282.4966096206
        3.0700000000         2.0120416190      -291.9878332648
        3.0750000000         2.0138150398      -286.2930990783
        3.0800000000         2.0157084194      -309.0720358245
        3.0850000000         2.0177212908      -278.7001201629
        3.0900000000         2.0198531572      -291.9878332648
        3.0950000000         2.0221034926      -307.1737910957
        3.1000000000         2.0244717419      -297.6825674514
        3.1050000000         2.0269573206      -310.9702805534
        3.1100000000         2.0295596155      -293.8860779937
        3.1150000000         2.0322779846      -305.2755463668
        3.1200000000         2.0351117571      -314.7667700111
        3.1250000000         2.0380602337      -288.1913438071
        3.1300000000         2.0411226872      -320.4615041976
        3.1350000000         2.0442983617      -291.9878332648
        3.1400000000         2.0475864738      -309.0720358245
        3.1450000000         2.0509862121      -293.8860779937
        3.1500000000         2.0544967379      -305.2755463668
        3.1550000000         2.0581171850      -314.7667700111
        3.1600000000         2.0618466600      -301.4790569091
        3.1650000000         2.0656842428      -297.6825674514
        3.1700000000         2.0696289865      -318.5632594688
        3.1750000000         2.0736799178      -282.4966096206
        3.1800000000         2.0778360372      -322.3597489265
        3.1850000000         2.0820963193      -297.6825674514
        3.1900000000         2.0864597129      -310.9702805534
        3.1950000000         2.0909251413      -301.4790569091
        3.2000000000         2.0954915028      -301.4790569091
        3.2050000000         2.1001576708      -299.5808121802
        3.2100000000         2.1049224938      -310.9702805534
        3.2150000000         2.1097847963      -295.7843227225
        3.2200000000         2.1147433786      -291.9878332648
        3.2250000000         2.1197970172      -297.6825674514
        3.2300000000         2.1249444652      -301.4790569091
        3.2350000000         2.1301844525      -288.1913438071
        3.2400000000         2.1355156863      -307.1737910957
        3.2450000000         2.1409368511      -282.4966096206
        3.2500000000         2.1464466094      -276.8018754340
        3.2550000000         2.1520436017      -284.3948543494
        3.2600000000         2.1577264470      -291.9878332648
        3.2650000000         2.1634937432      -295.7843227225
        3.2700000000         2.1693440673      -282.4966096206
        3.2750000000         2.1752759758      -263.5141623320
        3.2800000000         2.1812880051      -280.5983648917
        3.2850000000         2.1873786718      -267.3106517897
        3.2900000000         2.1935464732      -280.5983648917
        3.2950000000         2.1997898873      -286.2930990783
        3.3000000000         2.2061073739      -269.2088965186
        3.3050000000         2.2124973740      -273.0053859763
        3.3100000000         2.2189583111      -263.5141623320
        3.3150000000         2.2254885910      -276.8018754340
        3.3200000000         2.2320866025      -261.6159176032
        3.3250000000         2.2387507176      -274.9036307051
        3.3300000000         2.2454792921      -267.3106517897
        3.3350000000         2.2522706658      -271.1071412474
        3.3400000000         2.2591231629      -257.8194281455
        3.3450000000         2.2660350929      -263.5141623320
        3.3500000000         2.2730047501      -259.7176728743
        3.3550000000         2.2800304151      -248.3282045012
        3.3600000000         2.2871103542      -257.8194281455
        3.3650000000         2.2942428207      -250.2264492300
        3.3700000000         2.3014260547      -255.9211834166
        3.3750000000         2.3086582838      -244.5317150435
        3.3800000000         2.3159377237      -255.9211834166
        3.3850000000         2.3232625781      -236.9387361281
        3.3900000000         2.3306310399      -242.6334703146
        3.3950000000         2.3380412909      -225.5492677549
        3.4000000000         2.3454915028      -231.2440019415
        3.4050000000         2.3529798374      -248.3282045012
        3.4100000000         2.3605044470      -221.7527782972
        3.4150000000         2.3680634750      -238.8369808569
        3.4200000000         2.3756550564      -223.6510230261
        3.4250000000         2.3832773181      -225.5492677549
        3.4300000000         2.3909283793      -223.6510230261
        3.4350000000         2.3986063523      -212.2615546530
        3.4400000000         2.4063093427      -216.0580441107
        3.4450000000         2.4140354499      -210.3633099241
        3.4500000000         2.4217827675      -217.9562888395
        3.4550000000         2.4295493840      -202.7703310087
        3.4600000000         2.4373333832      -208.4650651953
        3.4650000000         2.4451328445      -193.2791073644
        3.4700000000         2.4529458433      -195.1773520933
        3.4750000000         2.4607704521      -200.8720862798
        3.4800000000         2.4686047402      -189.4826179067
        3.4850000000         2.4764467746      -191.3808626356
        3.4900000000         2.4842946205      -181.8896389913
        3.4950000000         2.4921463413      -174.2966600759
        3.5000000000         2.5000000000      -174.2966600759
        3.5050000000         2.5078536587      -161.0089469739
        3.5100000000         2.5157053795      -142.0264996854
        3.5150000000         2.5235532254      -126.8405418545
        3.5200000000         2.5313952598       -73.6896894466
        3.5250000000         2.5392295479       -28.1318159541
        3.5300000000         2.5470541567         2.2400997075
        3.5350000000         2.5548671555        17.4260575384
        3.5400000000         2.5626666168         0.3418549787
        3.5450000000         2.5704506160        -9.1493686656
        3.5500000000         2.5782172325        -3.4546344790
        3.5550000000         2.5859645501         0.3418549787
        3.5600000000         2.5936906573         2.2400997075
        3.5650000000         2.6013936477        -1.5563897502
        3.5700000000         2.6090716207        -3.4546344790
        3.5750000000         2.6167226819         0.3418549787
        3.5800000000         2.6243449436        83.8646230483
        3.5850000000         2.6319365250        74.3733994040
        3.5900000000         2.6394955530        55.3909521154
        3.5950000000         2.6470201626        62.9839310309
        3.6000000000         2.6545084972        59.1874415732
        3.6050000000         2.6619587091        64.8821757597
        3.6100000000         2.6693689601        55.3909521154
        3.6150000000         2.6767374219        97.1523361502
        3.6200000000         2.6840622763        74.3733994040
        3.6250000000         2.6913417162        91.4576019637
        3.6300000000         2.6985739453        81.9663783194
        3.6350000000         2.7057571793        87.6611125060
        3.6400000000         2.7128896458        78.1698888617
        3.6450000000         2.7199695849        89.5593572348
        3.6500000000         2.7269952499        93.3558466925
        3.6550000000         2.7339649071        93.3558466925
        3.6600000000         2.7408768371        81.9663783194
        3.6650000000         2.7477293342        95.2540914214
        3.6700000000         2.7545207079        87.6611125060
        3.6750000000         2.7612492824        99.0505808791
        3.6800000000         2.7679133975        99.0505808791
        3.6850000000         2.7745114090       104.7453150657
        3.6900000000         2.7810416889       110.4400492522
        3.6950000000         2.7875026260       102.8470703368
        3.7000000000         2.7938926261       116.1347834388
        3.7050000000         2.8002101127        78.1698888617
        3.7100000000         2.8064535268       116.1347834388
        3.7150000000         2.8126213282       125.6260070830
        3.7200000000         2.8187119949       125.6260070830
        3.7250000000         2.8247240242       131.3207412696
        3.7300000000         2.8306559327       125.6260070830
        3.7350000000         2.8365062568       135.1172307273
        3.7400000000         2.8422735530       144.6084543716
        3.7450000000         2.8479563983       129.4224965408
        3.7500000000         2.8535533906       140.8119649139
        3.7550000000         2.8590631489       133.2189859985
        3.7600000000         2.8644843137       152.2014332870
        3.7650000000         2.8698155475       144.6084543716
        3.7700000000         2.8750555348       148.4049438293
        3.7750000000         2.8802029828       142.7102096427
        3.7800000000         2.8852566214       154.0996780159
        3.7850000000         2.8902152037       155.9979227447
        3.7900000000         2.8950775062       157.8961674736
        3.7950000000         2.8998423292       163.5909016601
        3.8000000000         2.9045084972       161.6926569313
        3.8050000000         2.9090748587       169.2856358467
        3.8100000000         2.9135402871       155.9979227447
        3.8150000000         2.9179036807       182.5733489487
        3.8200000000         2.9221639628       174.9803700332
        3.8250000000         2.9263200822       165.4891463890
        3.8300000000         2.9303710135       169.2856358467
        3.8350000000         2.9343157572       176.8786147621
        3.8400000000         2.9381533400       180.6751042198
        3.8450000000         2.9418828150       188.2680831352
        3.8500000000         2.9455032621       184.4715936775
        3.8550000000         2.9490137879       176.8786147621
        3.8600000000         2.9524135262       190.1663278641
        3.8650000000         2.9557016383       188.2680831352
        3.8700000000         2.9588773128       192.0645725929
        3.8750000000         2.9619397663       176.8786147621
        3.8800000000         2.9648882429       192.0645725929
        3.8850000000         2.9677220154       193.9628173218
        3.8900000000         2.9704403845       193.9628173218
        3.8950000000         2.9730426794       207.2505304238
        3.9000000000         2.9755282581       201.5557962372
        3.9050000000         2.9778965074       199.6575515084
        3.9100000000         2.9801468428       197.7593067795
        3.9150000000         2.9822787092       212.9452646103
        3.9200000000         2.9842915806       211.0470198815
        3.9250000000         2.9861849602       214.8435093392
        3.9300000000         2.9879583810       222.4364882546
        3.9350000000         2.9896114053       203.4540409661
        3.9400000000         2.9911436254       228.1312224412
        3.9450000000         2.9925546631       207.2505304238
        3.9500000000         2.9938441703       218.6399987969
        3.9550000000         2.9950118289       233.8259566277
        3.9600000000         2.9960573507       230.0294671700
        3.9650000000         2.9969804777       218.6399987969
        3.9700000000         2.9977809823       237.6224460854
        3.9750000000         2.9984586669       218.6399987969
        3.9800000000         2.9990133642       230.0294671700
        3.9850000000         2.9994449375       228.1312224412
        3.9900000000         2.9997532802       220.5382435257
        3.9950000000         2.9999383162       241.4189355431
        4.0000000000         3.0000000000       230.0294671700
        4.0050000000         2.9999383162       249.0119144586
        4.0100000000         2.9997532802       239.5206908143
        4.0150000000         2.9994449375       231.9277118989
        4.0200000000         2.9990133642       249.0119144586
        4.0250000000         2.9984586669       228.1312224412
        4.0300000000         2.9977809823       243.3171802720
        4.0350000000         2.9969804777       250.9101591874
        4.0400000000         2.9960573507       231.9277118989
        4.0450000000         2.9950118289       247.1136697297
        4.0500000000         2.9938441703       241.4189355431
        4.0550000000         2.9925546631       247.1136697297
        4.0600000000         2.9911436254       241.4189355431
        4.0650000000         2.9896114053       237.6224460854
        4.0700000000         2.9879583810       243.3171802720
        4.0750000000         2.9861849602       241.4189355431
        4.0800000000         2.9842915806       247.1136697297
        4.0850000000         2.9822787092       250.9101591874
        4.0900000000         2.9801468428       243.3171802720
        4.0950000000         2.9778965074       243.3171802720
        4.1000000000         2.9755282581       243.3171802720
        4.1050000000         2.9730426794       258.5031381028
        4.1100000000         2.9704403845       254.7066486451
        4.1150000000         2.9677220154       258.5031381028
        4.1200000000         2.9648882429       252.8084039163
        4.1250000000         2.9619397663       237.6224460854
        4.1300000000         2.9588773128       260.4013828317
        4.1350000000         2.9557016383       252.8084039163
        4.1400000000         2.9524135262       252.8084039163
        4.1450000000         2.9490137879       260.4013828317
        4.1500000000         2.9455032621       250.9101591874
        4.1550000000         2.9418828150       258.5031381028
        4.1600000000         2.9381533400       250.9101591874
        4.1650000000         2.9343157572       260.4013828317
        4.1700000000         2.9303710135       252.8084039163
        4.1750000000         2.9263200822       260.4013828317
        4.1800000000         2.9221639628       252.8084039163
        4.1850000000         2.9179036807       243.3171802720
        4.1900000000         2.9135402871       264.1978722894
        4.1950000000         2.9090748587       245.2154250008
        4.2000000000         2.9045084972       254.7066486451
        4.2050000000         2.8998423292       237.6224460854
        4.2100000000         2.8950775062       243.3171802720
        4.2150000000         2.8902152037       250.9101591874
        4.2200000000         2.8852566214       235.7242013566
        4.2250000000         2.8802029828       256.6048933740
        4.2300000000         2.8750555348       235.7242013566
        4.2350000000         2.8698155475       235.7242013566
        4.2400000000         2.8644843137       243.3171802720
        4.2450000000         2.8590631489       239.5206908143
        4.2500000000         2.8535533906       254.7066486451
        4.2550000000         2.8479563983       231.9277118989
        4.2600000000         2.8422735530       237.6224460854
        4.2650000000         2.8365062568       237.6224460854
        4.2700000000         2.8306559327       230.0294671700
        4.2750000000         2.8247240242       237.6224460854
        4.2800000000         2.8187119949       228.1312224412
        4.2850000000         2.8126213282       237.6224460854
        4.2900000000         2.8064535268       230.0294671700
        4.2950000000         2.8002101127       228.1312224412
        4.3000000000         2.7938926261       230.0294671700
        4.3050000000         2.7875026260       214.8435093392
        4.3100000000         2.7810416889       230.0294671700
        4.3150000000         2.7745114090       224.3347329835
        4.3200000000         2.7679133975       199.6575515084
        4.3250000000         2.7612492824       230.0294671700
        4.3300000000         2.7545207079       203.4540409661
        4.3350000000         2.7477293342       209.1487751526
        4.3400000000         2.7408768371       211.0470198815
        4.3450000000         2.7339649071       199.6575515084
        4.3500000000         2.7269952499       207.2505304238
        4.3550000000         2.7199695849       182.5733489487
        4.3600000000         2.7128896458       205.3522856949
        4.3650000000         2.7057571793       190.1663278641
        4.3700000000         2.6985739453       203.4540409661
        4.3750000000         2.6913417162       188.2680831352
        4.3800000000         2.6840622763       199.6575515084
        4.3850000000         2.6767374219       176.8786147621
        4.3900000000         2.6693689601       178.7768594910
        4.3950000000         2.6619587091       190.1663278641
        4.4000000000         2.6545084972       171.1838805755
        4.4050000000         2.6470201626       174.9803700332
        4.4100000000         2.6394955530       159.7944122024
        4.4150000000         2.6319365250       171.1838805755
        4.4200000000         2.6243449436       165.4891463890
        4.4250000000         2.6167226819       159.7944122024
        4.4300000000         2.6090716207       155.9979227447
        4.4350000000         2.6013936477       137.0154754562
        4.4400000000         2.5936906573       150.3031885581
        4.4450000000         2.5859645501       138.9137201850
        4.4500000000         2.5782172325       146.5066991004
        4.4550000000         2.5704506160       137.0154754562
        4.4600000000         2.5626666168       131.3207412696
        4.4650000000         2.5548671555       125.6260070830
        4.4700000000         2.5470541567       127.5242518119
        4.4750000000         2.5392295479       123.7277623542
        4.4800000000         2.5313952598       127.5242518119
        4.4850000000         2.5235532254       110.4400492522
        4.4900000000         2.5157053795       114.2365387099
        4.4950000000         2.5078536587        99.0505808791
        4.5000000000         2.5000000000       108.5418045234
        4.5050000000         2.4921463413        81.9663783194
        4.5100000000         2.4842946205        85.7628677771
        4.5150000000         2.4764467746        47.7979732000
        4.5200000000         2.4686047402         9.8330786230
        4.5250000000         2.4607704521       -14.8441028521
        4.5300000000         2.4529458433        17.4260575384
        4.5350000000         2.4451328445         0.3418549787
        4.5400000000         2.4373333832         6.0365891652
        4.5450000000         2.4295493840         2.2400997075
        4.5500000000         2.4217827675         0.3418549787
        4.5550000000         2.4140354499       -11.0476133944
        4.5600000000         2.4063093427       -67.9949552601
        4.5650000000         2.3986063523       -96.4686261929
        4.5700000000         2.3909283793       -58.5037316158
        4.5750000000         2.3832773181       -96.4686261929
        4.5800000000         2.3756550564       -73.6896894466
        4.5850000000         2.3680634750       -92.6721367352
        4.5900000000         2.3605044470       -73.6896894466
        4.5950000000         2.3529798374      -107.8580945660
        4.6000000000         2.3454915028       -88.8756472775
        4.6050000000         2.3380412909       -83.1809130909
        4.6100000000         2.3306310399       -94.5703814640
        4.6150000000         2.3232625781       -96.4686261929
        4.6200000000         2.3159377237      -111.6545840237
        4.6250000000         2.3086582838      -100.2651156506
        4.6300000000         2.3014260547      -111.6545840237
        4.6350000000         2.2942428207      -100.2651156506
        4.6400000000         2.2871103542      -111.6545840237
        4.6450000000         2.2800304151      -128.7387865834
        4.6500000000         2.2730047501      -121.1458076680
        4.6550000000         2.2660350929      -123.0440523968
        4.6600000000         2.2591231629      -123.0440523968
        4.6650000000         2.2522706658      -119.2475629391
        4.6700000000         2.2454792921      -126.8405418545
        4.6750000000         2.2387507176      -136.3317654988
        4.6800000000         2.2320866025      -128.7387865834
        4.6850000000         2.2254885910      -140.1282549565
        4.6900000000         2.2189583111      -136.3317654988
        4.6950000000         2.2124973740      -151.5177233296
        4.7000000000         2.2061073739      -138.2300102277
        4.7050000000         2.1997898873      -142.0264996854
        4.7100000000         2.1935464732      -157.2124575162
        4.7150000000         2.1873786718      -155.3142127873
        4.7200000000         2.1812880051      -157.2124575162
        4.7250000000         2.1752759758      -153.4159680585
        4.7300000000         2.1693440673      -159.1107022450
        4.7350000000         2.1634937432      -168.6019258893
        4.7400000000         2.1577264470      -162.9071917028
        4.7450000000         2.1520436017      -170.5001706182
        4.7500000000         2.1464466094      -179.9913942624
        4.7550000000         2.1409368511      -174.2966600759
        4.7600000000         2.1355156863      -176.1949048047
        4.7650000000         2.1301844525      -193.2791073644
        4.7700000000         2.1249444652      -185.6861284490
        4.7750000000         2.1197970172      -187.5843731779
        4.7800000000         2.1147433786      -198.9738415510
        4.7850000000         2.1097847963      -181.8896389913
        4.7900000000         2.1049224938      -206.5668204664
        4.7950000000         2.1001576708      -197.0755968221
        4.8000000000         2.0954915028      -217.9562888395
        4.8050000000         2.0909251413      -191.3808626356
        4.8100000000         2.0864597129      -210.3633099241
        4.8150000000         2.0820963193      -206.5668204664
        4.8200000000         2.0778360372      -202.7703310087
        4.8250000000         2.0736799178      -236.9387361281
        4.8300000000         2.0696289865      -204.6685757375
        4.8350000000         2.0656842428      -223.6510230261
        4.8400000000         2.0618466600      -229.3457572126
        4.8450000000         2.0581171850      -219.8545335684
        4.8500000000         2.0544967379      -233.1422466704
        4.8550000000         2.0509862121      -221.7527782972
        4.8600000000         2.0475864738      -223.6510230261
        4.8650000000         2.0442983617      -236.9387361281
        4.8700000000         2.0411226872      -229.3457572126
        4.8750000000         2.0380602337      -246.4299597723
        4.8800000000         2.0351117571      -240.7352255858
        4.8850000000         2.0322779846      -236.9387361281
        4.8900000000         2.0295596155      -267.3106517897
        4.8950000000         2.0269573206      -248.3282045012
        4.9000000000         2.0244717419      -248.3282045012
        4.9050000000         2.0221034926      -246.4299597723
        4.9100000000         2.0198531572      -246.4299597723
        4.9150000000         2.0177212908      -267.3106517897
        4.9200000000         2.0157084194      -250.2264492300
        4.9250000000         2.0138150398      -259.7176728743
        4.9300000000         2.0120416190      -274.9036307051
        4.9350000000         2.0103885947      -254.0229386877
        4.9400000000         2.0088563746      -282.4966096206
        4.9450000000         2.0074453369      -284.3948543494
        4.9500000000         2.0061558297      -265.4124070609
        4.9550000000         2.0049881711      -265.4124070609
        4.9600000000         2.0039426493      -290.0895885360
        4.9650000000         2.0030195223      -274.9036307051
        4.9700000000         2.0022190177      -286.2930990783
        4.9750000000         2.0015413331      -273.0053859763
        4.9800000000         2.0009866358      -273.0053859763
        4.9850000000         2.0005550625      -301.4790569091
        4.9900000000         2.0002467198      -265.4124070609
        4.9950000000         2.0000616838      -310.9702805534
        5.0000000000         2.0000000000      -280.5983648917
        5.0050000000         2.0000616838      -286.2930990783
        5.0100000000         2.0002467198      -282.4966096206
        5.0150000000         2.0005550625      -295.7843227225
        5.0200000000         2.0009866358      -273.0053859763
        5.0250000000         2.0015413331      -307.1737910957
        5.0300000000         2.0022190177      -282.4966096206
        5.0350000000         2.0030195223      -295.7843227225
        5.0400000000         2.0039426493      -286.2930990783
        5.0450000000         2.0049881711      -293.8860779937
        5.0500000000         2.0061558297      -288.1913438071
        5.0550000000         2.0074453369      -303.3773016380
        5.0600000000         2.0088563746      -303.3773016380
        5.0650000000         2.0103885947      -280.5983648917
        5.0700000000         2.0120416190      -290.0895885360
        5.0750000000         2.0138150398      -295.7843227225
        5.0800000000         2.0157084194      -293.8860779937
        5.0850000000         2.0177212908      -295.7843227225
        5.0900000000         2.0198531572      -295.7843227225
        5.0950000000         2.0221034926      -280.5983648917
        5.1000000000         2.0244717419      -293.8860779937
        5.1050000000         2.0269573206      -297.6825674514
        5.1100000000         2.0295596155      -301.4790569091
        5.1150000000         2.0322779846      -291.9878332648
        5.1200000000         2.0351117571      -293.8860779937
        5.1250000000         2.0380602337      -297.6825674514
        5.1300000000         2.0411226872      -280.5983648917
        5.1350000000         2.0442983617      -295.7843227225
        5.1400000000         2.0475864738      -297.6825674514
        5.1450000000         2.0509862121      -291.9878332648
        5.1500000000         2.0544967379      -295.7843227225
        5.1550000000         2.0581171850      -293.8860779937
        5.1600000000         2.0618466600      -293.8860779937
        5.1650000000         2.0656842428      -293.8860779937
        5.1700000000         2.0696289865      -290.0895885360
        5.1750000000         2.0736799178      -293.8860779937
        5.1800000000         2.0778360372      -280.5983648917
        5.1850000000         2.0820963193      -297.6825674514
        5.1900000000         2.0864597129      -286.2930990783
        5.1950000000         2.0909251413      -284.3948543494
        5.2000000000         2.0954915028      -293.8860779937
        5.2050000000         2.1001576708      -286.2930990783
        5.2100000000         2.1049224938      -288.1913438071
        5.2150000000         2.1097847963      -295.7843227225
        5.2200000000         2.1147433786      -286.2930990783
        5.2250000000         2.1197970172      -295.7843227225
        5.2300000000         2.1249444652      -273.0053859763
        5.2350000000         2.1301844525      -293.8860779937
        5.2400000000         2.1355156863      -280.5983648917
        5.2450000000         2.1409368511      -276.8018754340
        5.2500000000         2.1464466094      -286.2930990783
        5.2550000000         2.1520436017      -267.3106517897
        5.2600000000         2.1577264470      -276.8018754340
        5.2650000000         2.1634937432      -265.4124070609
        5.2700000000         2.1693440673      -280.5983648917
        5.2750000000         2.1752759758      -267.3106517897
        5.2800000000         2.1812880051      -271.1071412474
        5.2850000000         2.1873786718      -265.4124070609
        5.2900000000         2.1935464732      -271.1071412474
        5.2950000000         2.1997898873      -280.5983648917
        5.3000000000         2.2061073739      -265.4124070609
        5.3050000000         2.2124973740      -265.4124070609
        5.3100000000         2.2189583111      -248.3282045012
        5.3150000000         2.2254885910      -267.3106517897
        5.3200000000         2.2320866025      -240.7352255858
        5.3250000000         2.2387507176      -265.4124070609
        5.3300000000         2.2454792921      -265.4124070609
        5.3350000000         2.2522706658      -248.3282045012
        5.3400000000         2.2591231629      -254.0229386877
        5.3450000000         2.2660350929      -225.5492677549
        5.3500000000         2.2730047501      -246.4299597723
        5.3550000000         2.2800304151      -233.1422466704
        5.3600000000         2.2871103542      -252.1246939589
        5.3650000000         2.2942428207      -233.1422466704
        5.3700000000         2.3014260547      -236.9387361281
        5.3750000000         2.3086582838      -227.4475124838
        5.3800000000         2.3159377237      -219.8545335684
        5.3850000000         2.3232625781      -231.2440019415
        5.3900000000         2.3306310399      -217.9562888395
        5.3950000000         2.3380412909      -217.9562888395
        5.4000000000         2.3454915028      -214.1597993818
        5.4050000000         2.3529798374      -204.6685757375
        5.4100000000         2.3605044470      -217.9562888395
        5.4150000000         2.3680634750      -212.2615546530
        5.4200000000         2.3756550564      -204.6685757375
        5.4250000000         2.3832773181      -198.9738415510
        5.4300000000         2.3909283793      -206.5668204664
        5.4350000000         2.3986063523      -195.1773520933
        5.4400000000         2.4063093427      -202.7703310087
        5.4450000000         2.4140354499      -195.1773520933
        5.4500000000         2.4217827675      -181.8896389913
        5.4550000000         2.4295493840      -187.5843731779
        5.4600000000         2.4373333832      -189.4826179067
        5.4650000000         2.4451328445      -183.7878837202
        5.4700000000         2.4529458433      -185.6861284490
        5.4750000000         2.4607704521      -189.4826179067
        5.4800000000         2.4686047402      -168.6019258893
        5.4850000000         2.4764467746      -172.3984153470
        5.4900000000         2.4842946205      -172.3984153470
        5.4950000000         2.4921463413      -164.8054364316
        5.5000000000         2.5000000000      -162.9071917028
        5.5050000000         2.5078536587      -142.0264996854
        5.5100000000         2.5157053795      -138.2300102277
        5.5150000000         2.5235532254      -113.5528287526
        5.5200000000         2.5313952598       -75.5879341755
        5.5250000000         2.5392295479       -30.0300606830
        5.5300000000         2.5470541567         9.8330786230
        5.5350000000         2.5548671555         7.9348338941
        5.5400000000         2.5626666168         6.0365891652
        5.5450000000         2.5704506160         6.0365891652
        5.5500000000         2.5782172325         0.3418549787
        5.5550000000         2.5859645501        -3.4546344790
        5.5600000000         2.5936906573         0.3418549787
        5.5650000000         2.6013936477         6.0365891652
        5.5700000000         2.6090716207         2.2400997075
        5.5750000000         2.6167226819         4.1383444364
        5.5800000000         2.6243449436        95.2540914214
        5.5850000000         2.6319365250        61.0856863020
        5.5900000000         2.6394955530        45.8997284712
        5.5950000000         2.6470201626        59.1874415732
        5.6000000000         2.6545084972        61.0856863020
        5.6050000000         2.6619587091        70.5769099463
        5.6100000000         2.6693689601        61.0856863020
        5.6150000000         2.6767374219        83.8646230483
        5.6200000000         2.6840622763        62.9839310309
        5.6250000000         2.6913417162        70.5769099463
        5.6300000000         2.6985739453        68.6786652174
        5.6350000000         2.7057571793        78.1698888617
        5.6400000000         2.7128896458        83.8646230483
        5.6450000000         2.7199695849        87.6611125060
        5.6500000000         2.7269952499        76.2716441328
        5.6550000000         2.7339649071        83.8646230483
        5.6600000000         2.7408768371        93.3558466925
        5.6650000000         2.7477293342        85.7628677771
        5.6700000000         2.7545207079        91.4576019637
        5.6750000000         2.7612492824        93.3558466925
        5.6800000000         2.7679133975        97.1523361502
        5.6850000000         2.7745114090       102.8470703368
        5.6900000000         2.7810416889        97.1523361502
        5.6950000000         2.7875026260       116.1347834388
        5.7000000000         2.7938926261       102.8470703368
        5.7050000000         2.8002101127       118.0330281676
        5.7100000000         2.8064535268       116.1347834388
        5.7150000000         2.8126213282       123.7277623542
        5.7200000000         2.8187119949       123.7277623542
        5.7250000000         2.8247240242       129.4224965408
        5.7300000000         2.8306559327       133.2189859985
        5.7350000000         2.8365062568       133.2189859985
        5.7400000000         2.8422735530       140.8119649139
        5.7450000000         2.8479563983       138.9137201850
        5.7500000000         2.8535533906       133.2189859985
        5.7550000000         2.8590631489       142.7102096427
        5.7600000000         2.8644843137       144.6084543716
        5.7650000000         2.8698155475       146.5066991004
        5.7700000000         2.8750555348       144.6084543716
        5.7750000000         2.8802029828       163.5909016601
        5.7800000000         2.8852566214       154.0996780159
        5.7850000000         2.8902152037       167.3873911178
        5.7900000000         2.8950775062       159.7944122024
        5.7950000000         2.8998423292       171.1838805755
        5.8000000000         2.9045084972       171.1838805755
        5.8050000000         2.9090748587       163.5909016601
        5.8100000000         2.9135402871       173.0821253044
        5.8150000000         2.9179036807       178.7768594910
        5.8200000000         2.9221639628       173.0821253044
        5.8250000000         2.9263200822       188.2680831352
        5.8300000000         2.9303710135       174.9803700332
        5.8350000000         2.9343157572       190.1663278641
        5.8400000000         2.9381533400       197.7593067795
        5.8450000000         2.9418828150       197.7593067795
        5.8500000000         2.9455032621       197.7593067795
        5.8550000000         2.9490137879       192.0645725929
        5.8600000000         2.9524135262       203.4540409661
        5.8650000000         2.9557016383       186.3698384064
        5.8700000000         2.9588773128       199.6575515084
        5.8750000000         2.9619397663       207.2505304238
        5.8800000000         2.9648882429       209.1487751526
        5.8850000000         2.9677220154       203.4540409661
        5.8900000000         2.9704403845       209.1487751526
        5.8950000000         2.9730426794       207.2505304238
        5.9000000000         2.9755282581       216.7417540680
        5.9050000000         2.9778965074       218.6399987969
        5.9100000000         2.9801468428       212.9452646103
        5.9150000000         2.9822787092       216.7417540680
        5.9200000000         2.9842915806       211.0470198815
        5.9250000000         2.9861849602       224.3347329835
        5.9300000000         2.9879583810       235.7242013566
        5.9350000000         2.9896114053       220.5382435257
        5.9400000000         2.9911436254       222.4364882546
        5.9450000000         2.9925546631       230.0294671700
        5.9500000000         2.9938441703       230.0294671700
        5.9550000000         2.9950118289       245.2154250008
        5.9600000000         2.9960573507       235.7242013566
        5.9650000000         2.9969804777       222.4364882546
        5.9700000000         2.9977809823       233.8259566277
        5.9750000000         2.9984586669       230.0294671700
        5.9800000000         2.9990133642       233.8259566277
        5.9850000000         2.9994449375       252.8084039163
        5.9900000000         2.9997532802       235.7242013566
        5.9950000000         2.9999383162       237.6224460854
        6.0000000000         3.0000000000       218.6399987969
        6.0050000000         2.9999383162       239.5206908143
        6.0100000000         2.9997532802       252.8084039163
        6.0150000000         2.9994449375       226.2329777123
        6.0200000000         2.9990133642       267.9943617471
        6.0250000000         2.9984586669       237.6224460854
        6.0300000000         2.9977809823       249.0119144586
        6.0350000000         2.9969804777       249.0119144586
        6.0400000000         2.9960573507       235.7242013566
        6.0450000000         2.9950118289       262.2996275605
        6.0500000000         2.9938441703       230.0294671700
        6.0550000000         2.9925546631       252.8084039163
        6.0600000000         2.9911436254       241.4189355431
        6.0650000000         2.9896114053       250.9101591874
        6.0700000000         2.9879583810       254.7066486451
        6.0750000000         2.9861849602       237.6224460854
        6.0800000000         2.9842915806       264.1978722894
        6.0850000000         2.9822787092       249.0119144586
        6.0900000000         2.9801468428       252.8084039163
        6.0950000000         2.9778965074       250.9101591874
        6.1000000000         2.9755282581       250.9101591874
        6.1050000000         2.9730426794       264.1978722894
        6.1100000000         2.9704403845       243.3171802720
        6.1150000000         2.9677220154       269.8926064759
        6.1200000000         2.9648882429       254.7066486451
        6.1250000000         2.9619397663       249.0119144586
        6.1300000000         2.9588773128       258.5031381028
        6.1350000000         2.9557016383       245.2154250008
        6.1400000000         2.9524135262       252.8084039163
        6.1450000000         2.9490137879       239.5206908143
        6.1500000000         2.9455032621       260.4013828317
        6.1550000000         2.9418828150       254.7066486451
        6.1600000000         2.9381533400       247.1136697297
        6.1650000000         2.9343157572       249.0119144586
        6.1700000000         2.9303710135       252.8084039163
        6.1750000000         2.9263200822       249.0119144586
        6.1800000000         2.9221639628       237.6224460854
        6.1850000000         2.9179036807       237.6224460854
        6.1900000000         2.9135402871       247.1136697297
        6.1950000000         2.9090748587       241.4189355431
        6.2000000000         2.9045084972       245.2154250008
        6.2050000000         2.8998423292       239.5206908143
        6.2100000000         2.8950775062       258.5031381028
        6.2150000000         2.8902152037       239.5206908143
        6.2200000000         2.8852566214       233.8259566277
        6.2250000000         2.8802029828       243.3171802720
        6.2300000000         2.8750555348       230.0294671700
        6.2350000000         2.8698155475       252.8084039163
        6.2400000000         2.8644843137       237.6224460854
        6.2450000000         2.8590631489       241.4189355431
        6.2500000000         2.8535533906       228.1312224412
        6.2550000000         2.8479563983       237.6224460854
        6.2600000000         2.8422735530       252.8084039163
        6.2650000000         2.8365062568       228.1312224412
        6.2700000000         2.8306559327       245.2154250008
        6.2750000000         2.8247240242       230.0294671700
        6.2800000000         2.8187119949       212.9452646103
        6.2850000000         2.8126213282       230.0294671700
        6.2900000000         2.8064535268       224.3347329835
        6.2950000000         2.8002101127       224.3347329835
        6.3000000000         2.7938926261       224.3347329835
        6.3050000000         2.7875026260       216.7417540680
        6.3100000000         2.7810416889       230.0294671700
        6.3150000000         2.7745114090       220.5382435257
        6.3200000000         2.7679133975       214.8435093392
        6.3250000000         2.7612492824       222.4364882546
        6.3300000000         2.7545207079       212.9452646103
        6.3350000000         2.7477293342       228.1312224412
        6.3400000000         2.7408768371       222.4364882546
        6.3450000000         2.7339649071       199.6575515084
        6.3500000000         2.7269952499       220.5382435257
        6.3550000000         2.7199695849       207.2505304238
        6.3600000000         2.7128896458       207.2505304238
        6.3650000000         2.7057571793       211.0470198815
        6.3700000000         2.6985739453       192.0645725929
        6.3750000000         2.6913417162       190.1663278641
        6.3800000000         2.6840622763       192.0645725929
        6.3850000000         2.6767374219       195.8610620506
        6.3900000000         2.6693689601       169.2856358467
        6.3950000000         2.6619587091       192.0645725929
        6.4000000000         2.6545084972       173.0821253044
        6.4050000000         2.6470201626       169.2856358467
        6.4100000000         2.6394955530       176.8786147621
        6.4150000000         2.6319365250       161.6926569313
        6.4200000000         2.6243449436       174.9803700332
        6.4250000000         2.6167226819       165.4891463890
        6.4300000000         2.6090716207       159.7944122024
        6.4350000000         2.6013936477       169.2856358467
        6.4400000000         2.5936906573       152.2014332870
        6.4450000000         2.5859645501       152.2014332870
        6.4500000000         2.5782172325       152.2014332870
        6.4550000000         2.5704506160       146.5066991004
        6.4600000000         2.5626666168       142.7102096427
        6.4650000000         2.5548671555       137.0154754562
        6.4700000000         2.5470541567       138.9137201850
        6.4750000000         2.5392295479       142.7102096427
        6.4800000000         2.5313952598       133.2189859985
        6.4850000000         2.5235532254       125.6260070830
        6.4900000000         2.5157053795       129.4224965408
        6.4950000000         2.5078536587       121.8295176253
        6.5000000000         2.5000000000       118.0330281676
        6.5050000000         2.4921463413       104.7453150657
        6.5100000000         2.4842946205        85.7628677771
        6.5150000000         2.4764467746        76.2716441328
        6.5200000000         2.4686047402        25.0190364538
        6.5250000000         2.4607704521       -12.9458581233
        6.5300000000         2.4529458433        -7.2511239367
        6.5350000000         2.4451328445        -1.5563897502
        6.5400000000         2.4373333832         0.3418549787
        6.5450000000         2.4295493840        -5.3528792079
        6.5500000000         2.4217827675        -1.5563897502
        6.5550000000         2.4140354499        -5.3528792079
        6.5600000000         2.4063093427       -66.0967105312
        6.5650000000         2.3986063523      -104.0616051083
        6.5700000000         2.3909283793       -73.6896894466
        6.5750000000         2.3832773181       -85.0791578197
        6.5800000000         2.3756550564       -83.1809130909
        6.5850000000         2.3680634750      -100.2651156506
        6.5900000000         2.3605044470       -88.8756472775
        6.5950000000         2.3529798374      -119.2475629391
        6.6000000000         2.3454915028      -107.8580945660
        6.6050000000         2.3380412909      -109.7563392948
        6.6100000000         2.3306310399      -100.2651156506
        6.6150000000         2.3232625781      -117.3493182103
        6.6200000000         2.3159377237      -111.6545840237
        6.6250000000         2.3086582838      -124.9422971257
        6.6300000000         2.3014260547      -126.8405418545
        6.6350000000         2.2942428207      -121.1458076680
        6.6400000000         2.2871103542      -111.6545840237
        6.6450000000         2.2800304151      -119.2475629391
        6.6500000000         2.2730047501      -126.8405418545
        6.6550000000         2.2660350929      -117.3493182103
        6.6600000000         2.2591231629      -132.5352760411
        6.6650000000         2.2522706658      -124.9422971257
        6.6700000000         2.2454792921      -142.0264996854
        6.6750000000         2.2387507176      -145.8229891431
        6.6800000000         2.2320866025      -143.9247444142
        6.6850000000         2.2254885910      -147.7212338719
        6.6900000000         2.2189583111      -143.9247444142
        6.6950000000         2.2124973740      -172.3984153470
        6.7000000000         2.2061073739      -157.2124575162
        6.7050000000         2.1997898873      -157.2124575162
        6.7100000000         2.1935464732      -157.2124575162
        6.7150000000         2.1873786718      -161.0089469739
        6.7200000000         2.1812880051      -170.5001706182
        6.7250000000         2.1752759758      -172.3984153470
        6.7300000000         2.1693440673      -174.2966600759
        6.7350000000         2.1634937432      -179.9913942624
        6.7400000000         2.1577264470      -176.1949048047
        6.7450000000         2.1520436017      -176.1949048047
        6.7500000000         2.1464466094      -197.0755968221
        6.7550000000         2.1409368511      -191.3808626356
        6.7600000000         2.1355156863      -191.3808626356
        6.7650000000         2.1301844525      -191.3808626356
        6.7700000000         2.1249444652      -187.5843731779
        6.7750000000         2.1197970172      -212.2615546530
        6.7800000000         2.1147433786      -189.4826179067
        6.7850000000         2.1097847963      -202.7703310087
        6.7900000000         2.1049224938      -198.9738415510
        6.7950000000         2.1001576708      -219.8545335684
        6.8000000000         2.0954915028      -206.5668204664
        6.8050000000         2.0909251413      -219.8545335684
        6.8100000000         2.0864597129      -223.6510230261
        6.8150000000         2.0820963193      -208.4650651953
        6.8200000000         2.0778360372      -227.4475124838
        6.8250000000         2.0736799178      -227.4475124838
        6.8300000000         2.0696289865      -214.1597993818
        6.8350000000         2.0656842428      -246.4299597723
        6.8400000000         2.0618466600      -229.3457572126
        6.8450000000         2.0581171850      -244.5317150435
        6.8500000000         2.0544967379      -235.0404913992
        6.8550000000         2.0509862121      -217.9562888395
        6.8600000000         2.0475864738      -259.7176728743
        6.8650000000         2.0442983617      -233.1422466704
        6.8700000000         2.0411226872      -240.7352255858
        6.8750000000         2.0380602337      -244.5317150435
        6.8800000000         2.0351117571      -236.9387361281
        6.8850000000         2.0322779846      -265.4124070609
        6.8900000000         2.0295596155      -240.7352255858
        6.8950000000         2.0269573206      -246.4299597723
        6.9000000000         2.0244717419      -265.4124070609
        6.9050000000         2.0221034926      -233.1422466704
        6.9100000000         2.0198531572      -291.9878332648
        6.9150000000         2.0177212908      -246.4299597723
        6.9200000000         2.0157084194      -265.4124070609
        6.9250000000         2.0138150398      -265.4124070609
        6.9300000000         2.0120416190      -257.8194281455
        6.9350000000         2.0103885947      -271.1071412474
        6.9400000000         2.0088563746      -257.8194281455
        6.9450000000         2.0074453369      -288.1913438071
        6.9500000000         2.0061558297      -261.6159176032
        6.9550000000         2.0049881711      -276.8018754340
        6.9600000000         2.0039426493      -269.2088965186
        6.9650000000         2.0030195223      -282.4966096206
        6.9700000000         2.0022190177      -280.5983648917
        6.9750000000         2.0015413331      -278.7001201629
        6.9800000000         2.0009866358      -280.5983648917
        6.9850000000         2.0005550625      -278.7001201629
        6.9900000000         2.0002467198      -282.4966096206
        6.9950000000         2.0000616838      -265.4124070609
        7.0000000000         2.0000000000      -305.2755463668
        7.0050000000         2.0000616838      -274.9036307051
        7.0100000000         2.0002467198      -297.6825674514
        7.0150000000         2.0005550625      -280.5983648917
        7.0200000000         2.0009866358      -295.7843227225
        7.0250000000         2.0015413331      -286.2930990783
        7.0300000000         2.0022190177      -295.7843227225
        7.0350000000         2.0030195223      -282.4966096206
        7.0400000000         2.0039426493      -303.3773016380
        7.0450000000         2.0049881711      -286.2930990783
        7.0500000000         2.0061558297      -295.7843227225
        7.0550000000         2.0074453369      -276.8018754340
        7.0600000000         2.0088563746      -288.1913438071
        7.0650000000         2.0103885947      -297.6825674514
        7.0700000000         2.0120416190      -291.9878332648
        7.0750000000         2.0138150398      -295.7843227225
        7.0800000000         2.0157084194      -295.7843227225
        7.0850000000         2.0177212908      -290.0895885360
        7.0900000000         2.0198531572      -303.3773016380
        7.0950000000         2.0221034926      -282.4966096206
        7.1000000000         2.0244717419      -316.6650147399
        7.1050000000         2.0269573206      -290.0895885360
        7.1100000000         2.0295596155      -301.4790569091
        7.1150000000         2.0322779846      -293.8860779937
        7.1200000000         2.0351117571      -293.8860779937
        7.1250000000         2.0380602337      -290.0895885360
        7.1300000000         2.0411226872      -293.8860779937
        7.1350000000         2.0442983617      -295.7843227225
        7.1400000000         2.0475864738      -291.9878332648
        7.1450000000         2.0509862121      -291.9878332648
        7.1500000000         2.0544967379      -299.5808121802
        7.1550000000         2.0581171850      -293.8860779937
        7.1600000000         2.0618466600      -295.7843227225
        7.1650000000         2.0656842428      -295.7843227225
        7.1700000000         2.0696289865      -291.9878332648
        7.1750000000         2.0736799178      -303.3773016380
        7.1800000000         2.0778360372      -282.4966096206
        7.1850000000         2.0820963193      -299.5808121802
        7.1900000000         2.0864597129      -282.4966096206
        7.1950000000         2.0909251413      -305.2755463668
        7.2000000000         2.0954915028      -278.7001201629
        7.2050000000         2.1001576708      -282.4966096206
        7.2100000000         2.1049224938      -290.0895885360
        7.2150000000         2.1097847963      -280.5983648917
        7.2200000000         2.1147433786      -284.3948543494
        7.2250000000         2.1197970172      -280.5983648917
        7.2300000000         2.1249444652      -280.5983648917
        7.2350000000         2.1301844525      -273.0053859763
        7.2400000000         2.1355156863      -263.5141623320
        7.2450000000         2.1409368511      -280.5983648917
        7.2500000000         2.1464466094      -265.4124070609
        7.2550000000         2.1520436017      -265.4124070609
        7.2600000000         2.1577264470      -273.0053859763
        7.2650000000         2.1634937432      -263.5141623320
        7.2700000000         2.1693440673      -263.5141623320
        7.2750000000         2.1752759758      -261.6159176032
        7.2800000000         2.1812880051      -254.0229386877
        7.2850000000         2.1873786718      -263.5141623320
        7.2900000000         2.1935464732      -269.2088965186
        7.2950000000         2.1997898873      -254.0229386877
        7.3000000000         2.2061073739      -255.9211834166
        7.3050000000         2.2124973740      -248.3282045012
        7.3100000000         2.2189583111      -250.2264492300
        7.3150000000         2.2254885910      -261.6159176032
        7.3200000000         2.2320866025      -240.7352255858
        7.3250000000         2.2387507176      -255.9211834166
        7.3300000000         2.2454792921      -236.9387361281
        7.3350000000         2.2522706658      -261.6159176032
        7.3400000000         2.2591231629      -242.6334703146
        7.3450000000         2.2660350929      -240.7352255858
        7.3500000000         2.2730047501      -242.6334703146
        7.3550000000         2.2800304151      -233.1422466704
        7.3600000000         2.2871103542      -242.6334703146
        7.3650000000         2.2942428207      -236.9387361281
        7.3700000000         2.3014260547      -242.6334703146
        7.3750000000         2.3086582838      -238.8369808569
        7.3800000000         2.3159377237      -229.3457572126
        7.3850000000         2.3232625781      -235.0404913992
        7.3900000000         2.3306310399      -219.8545335684
        7.3950000000         2.3380412909      -223.6510230261
        7.4000000000         2.3454915028      -238.8369808569
        7.4050000000         2.3529798374      -212.2615546530
        7.4100000000         2.3605044470      -221.7527782972
        7.4150000000         2.3680634750      -212.2615546530
        7.4200000000         2.3756550564      -212.2615546530
        7.4250000000         2.3832773181      -217.9562888395
        7.4300000000         2.3909283793      -212.2615546530
        7.4350000000         2.3986063523      -200.8720862798
        7.4400000000         2.4063093427      -212.2615546530
        7.4450000000         2.4140354499      -189.4826179067
        7.4500000000         2.4217827675      -202.7703310087
        7.4550000000         2.4295493840      -195.1773520933
        7.4600000000         2.4373333832      -187.5843731779
        7.4650000000         2.4451328445      -179.9913942624
        7.4700000000         2.4529458433      -172.3984153470
        7.4750000000         2.4607704521      -176.1949048047
        7.4800000000         2.4686047402      -172.3984153470
        7.4850000000         2.4764467746      -168.6019258893
        7.4900000000         2.4842946205      -176.1949048047
        7.4950000000         2.4921463413      -151.5177233296
        7.5000000000         2.5000000000      -145.8229891431
        7.5050000000         2.5078536587      -149.6194786008
        7.5100000000         2.5157053795      -117.3493182103
        7.5150000000         2.5235532254      -105.9598498371
        7.5200000000         2.5313952598       -54.7072421581
        7.5250000000         2.5392295479       -11.0476133944
        7.5300000000         2.5470541567         7.9348338941
        7.5350000000         2.5548671555         6.0365891652
        7.5400000000         2.5626666168         0.3418549787
        7.5450000000         2.5704506160       -12.9458581233
        7.5500000000         2.5782172325         0.3418549787
        7.5550000000         2.5859645501         0.3418549787
        7.5600000000         2.5936906573         0.3418549787
        7.5650000000         2.6013936477        -3.4546344790
        7.5700000000         2.6090716207        -3.4546344790
        7.5750000000         2.6167226819        32.6120153692
        7.5800000000         2.6243449436        78.1698888617
        7.5850000000         2.6319365250        57.2891968443
        7.5900000000         2.6394955530        62.9839310309
        7.5950000000         2.6470201626        53.4927073866
        7.6000000000         2.6545084972        72.4751546751
        7.6050000000         2.6619587091        59.1874415732
        7.6100000000         2.6693689601        66.7804204886
        7.6150000000         2.6767374219        68.6786652174
        7.6200000000         2.6840622763        74.3733994040
        7.6250000000         2.6913417162        83.8646230483
        7.6300000000         2.6985739453        78.1698888617
        7.6350000000         2.7057571793        70.5769099463
        7.6400000000         2.7128896458        81.9663783194
        7.6450000000         2.7199695849        87.6611125060
        7.6500000000         2.7269952499        81.9663783194
        7.6550000000         2.7339649071        85.7628677771
        7.6600000000         2.7408768371        97.1523361502
        7.6650000000         2.7477293342       100.9488256079
        7.6700000000         2.7545207079        99.0505808791
        7.6750000000         2.7612492824        99.0505808791
        7.6800000000         2.7679133975       104.7453150657
        7.6850000000         2.7745114090       116.1347834388
        7.6900000000         2.7810416889       106.6435597945
        7.6950000000         2.7875026260       123.7277623542
        7.7000000000         2.7938926261       116.1347834388
        7.7050000000         2.8002101127       116.1347834388
        7.7100000000         2.8064535268       121.8295176253
        7.7150000000         2.8126213282       131.3207412696
        7.7200000000         2.8187119949       144.6084543716
        7.7250000000         2.8247240242       123.7277623542
        7.7300000000         2.8306559327       133.2189859985
        7.7350000000         2.8365062568       137.0154754562
        7.7400000000         2.8422735530       135.1172307273
        7.7450000000         2.8479563983       137.0154754562
        7.7500000000         2.8535533906       137.0154754562
        7.7550000000         2.8590631489       152.2014332870
        7.7600000000         2.8644843137       152.2014332870
        7.7650000000         2.8698155475       152.2014332870
        7.7700000000         2.8750555348       155.9979227447
        7.7750000000         2.8802029828       155.9979227447
        7.7800000000         2.8852566214       169.2856358467
        7.7850000000         2.8902152037       159.7944122024
        7.7900000000         2.8950775062       163.5909016601
        7.7950000000         2.8998423292       174.9803700332
        7.8000000000         2.9045084972       173.0821253044
        7.8050000000         2.9090748587       180.6751042198
        7.8100000000         2.9135402871       173.0821253044
        7.8150000000         2.9179036807       173.0821253044
        7.8200000000         2.9221639628       188.2680831352
        7.8250000000         2.9263200822       174.9803700332
        7.8300000000         2.9303710135       190.1663278641
        7.8350000000         2.9343157572       178.7768594910
        7.8400000000         2.9381533400       192.0645725929
        7.8450000000         2.9418828150       199.6575515084
        7.8500000000         2.9455032621       197.7593067795
        7.8550000000         2.9490137879       205.3522856949
        7.8600000000         2.9524135262       197.7593067795
        7.8650000000         2.9557016383       201.5557962372
        7.8700000000         2.9588773128       203.4540409661
        7.8750000000         2.9619397663       205.3522856949
        7.8800000000         2.9648882429       207.2505304238
        7.8850000000         2.9677220154       201.5557962372
        7.8900000000         2.9704403845       222.4364882546
        7.8950000000         2.9730426794       211.0470198815
        7.9000000000         2.9755282581       212.9452646103
        7.9050000000         2.9778965074       212.9452646103
        7.9100000000         2.9801468428       218.6399987969
        7.9150000000         2.9822787092       212.9452646103
        7.9200000000         2.9842915806       226.2329777123
        7.9250000000         2.9861849602       199.6575515084
        7.9300000000         2.9879583810       228.1312224412
        7.9350000000         2.9896114053       214.8435093392
        7.9400000000         2.9911436254       226.2329777123
        7.9450000000         2.9925546631       237.6224460854
        7.9500000000         2.9938441703       233.8259566277
        7.9550000000         2.9950118289       237.6224460854
        7.9600000000         2.9960573507       235.7242013566
        7.9650000000         2.9969804777       218.6399987969
        7.9700000000         2.9977809823       245.2154250008
        7.9750000000         2.9984586669       239.5206908143
        7.9800000000         2.9990133642       245.2154250008
        7.9850000000         2.9994449375       237.6224460854
        7.9900000000         2.9997532802       230.0294671700
        7.9950000000         2.9999383162       252.8084039163
        8.0000000000         3.0000000000       249.0119144586
        8.0050000000         2.9999383162       256.6048933740
        8.0100000000         2.9997532802       250.9101591874
        8.0150000000         2.9994449375       243.3171802720
        8.0200000000         2.9990133642       260.4013828317
        8.0250000000         2.9984586669       241.4189355431
        8.0300000000         2.9977809823       260.4013828317
        8.0350000000         2.9969804777       245.2154250008
        8.0400000000         2.9960573507       250.9101591874
        8.0450000000         2.9950118289       260.4013828317
        8.0500000000         2.9938441703       237.6224460854
        8.0550000000         2.9925546631       260.4013828317
        8.0600000000         2.9911436254       245.2154250008
        8.0650000000         2.9896114053       266.0961170182
        8.0700000000         2.9879583810       245.2154250008
        8.0750000000         2.9861849602       252.8084039163
        8.0800000000         2.9842915806       262.2996275605
        8.0850000000         2.9822787092       243.3171802720
        8.0900000000         2.9801468428       237.6224460854
        8.0950000000         2.9778965074       245.2154250008
        8.1000000000         2.9755282581       266.0961170182
        8.1050000000         2.9730426794       256.6048933740
        8.1100000000         2.9704403845       264.1978722894
        8.1150000000         2.9677220154       254.7066486451
        8.1200000000         2.9648882429       241.4189355431
        8.1250000000         2.9619397663       258.5031381028
        8.1300000000         2.9588773128       250.9101591874
        8.1350000000         2.9557016383       258.5031381028
        8.1400000000         2.9524135262       252.8084039163
        8.1450000000         2.9490137879       252.8084039163
        8.1500000000         2.9455032621       260.4013828317
        8.1550000000         2.9418828150       247.1136697297
        8.1600000000         2.9381533400       258.5031381028
        8.1650000000         2.9343157572       235.7242013566
        8.1700000000         2.9303710135       267.9943617471
        8.1750000000         2.9263200822       249.0119144586
        8.1800000000         2.9221639628       258.5031381028
        8.1850000000         2.9179036807       252.8084039163
        8.1900000000         2.9135402871       249.0119144586
        8.1950000000         2.9090748587       249.0119144586
        8.2000000000         2.9045084972       231.9277118989
        8.2050000000         2.8998423292       245.2154250008
        8.2100000000         2.8950775062       241.4189355431
        8.2150000000         2.8902152037       245.2154250008
        8.2200000000         2.8852566214       250.9101591874
        8.2250000000         2.8802029828       237.6224460854
        8.2300000000         2.8750555348       250.9101591874
        8.2350000000         2.8698155475       241.4189355431
        8.2400000000         2.8644843137       247.1136697297
        8.2450000000         2.8590631489       235.7242013566
        8.2500000000         2.8535533906       231.9277118989
        8.2550000000         2.8479563983       241.4189355431
        8.2600000000         2.8422735530       228.1312224412
        8.2650000000         2.8365062568       245.2154250008
        8.2700000000         2.8306559327       237.6224460854
        8.2750000000         2.8247240242       220.5382435257
        8.2800000000         2.8187119949       231.9277118989
        8.2850000000         2.8126213282       224.3347329835
        8.2900000000         2.8064535268       218.6399987969
        8.2950000000         2.8002101127       220.5382435257
        8.3000000000         2.7938926261       212.9452646103
        8.3050000000         2.7875026260       230.0294671700
        8.3100000000         2.7810416889       212.9452646103
        8.3150000000         2.7745114090       226.2329777123
        8.3200000000         2.7679133975       218.6399987969
        8.3250000000         2.7612492824       203.4540409661
        8.3300000000         2.7545207079       220.5382435257
        8.3350000000         2.7477293342       207.2505304238
        8.3400000000         2.7408768371       220.5382435257
        8.3450000000         2.7339649071       201.5557962372
        8.3500000000         2.7269952499       199.6575515084
        8.3550000000         2.7199695849       201.5557962372
        8.3600000000         2.7128896458       199.6575515084
        8.3650000000         2.7057571793       190.1663278641
        8.3700000000         2.6985739453       193.9628173218
        8.3750000000         2.6913417162       192.0645725929
        8.3800000000         2.6840622763       193.9628173218
        8.3850000000         2.6767374219       159.7944122024
        8.3900000000         2.6693689601       169.2856358467
        8.3950000000         2.6619587091       184.4715936775
        8.4000000000         2.6545084972       167.3873911178
        8.4050000000         2.6470201626       163.5909016601
        8.4100000000         2.6394955530       171.1838805755
        8.4150000000         2.6319365250       152.2014332870
        8.4200000000         2.6243449436       163.5909016601
        8.4250000000         2.6167226819       152.2014332870
        8.4300000000         2.6090716207       152.2014332870
        8.4350000000         2.6013936477       144.6084543716
        8.4400000000         2.5936906573       142.7102096427
        8.4450000000         2.5859645501       146.5066991004
        8.4500000000         2.5782172325       146.5066991004
        8.4550000000         2.5704506160       131.3207412696
        8.4600000000         2.5626666168       131.3207412696
        8.4650000000         2.5548671555       131.3207412696
        8.4700000000         2.5470541567       119.9312728965
        8.4750000000         2.5392295479       116.1347834388
        8.4800000000         2.5313952598       110.4400492522
        8.4850000000         2.5235532254       108.5418045234
        8.4900000000         2.5157053795       104.7453150657
        8.4950000000         2.5078536587       102.8470703368
        8.5000000000         2.5000000000       108.5418045234
        8.5050000000         2.4921463413        81.9663783194
        8.5100000000         2.4842946205        78.1698888617
        8.5150000000         2.4764467746        55.3909521154
        8.5200000000         2.4686047402         9.8330786230
        8.5250000000         2.4607704521       -14.8441028521
        8.5300000000         2.4529458433         2.2400997075
        8.5350000000         2.4451328445        -7.2511239367
        8.5400000000         2.4373333832        -1.5563897502
        8.5450000000         2.4295493840         0.3418549787
        8.5500000000         2.4217827675        -1.5563897502
        8.5550000000         2.4140354499        -9.1493686656
        8.5600000000         2.4063093427      -109.7563392948
        8.5650000000         2.3986063523       -90.7738920063
        8.5700000000         2.3909283793       -79.3844236332
        8.5750000000         2.3832773181       -77.4861789043
        8.5800000000         2.3756550564       -96.4686261929
        8.5850000000         2.3680634750       -88.8756472775
        8.5900000000         2.3605044470      -109.7563392948
        8.5950000000         2.3529798374      -105.9598498371
        8.6000000000         2.3454915028      -124.9422971257
        8.6050000000         2.3380412909       -98.3668709217
        8.6100000000         2.3306310399      -107.8580945660
        8.6150000000         2.3232625781      -119.2475629391
        8.6200000000         2.3159377237      -123.0440523968
        8.6250000000         2.3086582838      -119.2475629391
        8.6300000000         2.3014260547      -119.2475629391
        8.6350000000         2.2942428207      -121.1458076680
        8.6400000000         2.2871103542      -107.8580945660
        8.6450000000         2.2800304151      -134.4335207699
        8.6500000000         2.2730047501      -134.4335207699
        8.6550000000         2.2660350929      -151.5177233296
        8.6600000000         2.2591231629      -126.8405418545
        8.6650000000         2.2522706658      -157.2124575162
        8.6700000000         2.2454792921      -134.4335207699
        8.6750000000         2.2387507176      -157.2124575162
        8.6800000000         2.2320866025      -130.6370313122
        8.6850000000         2.2254885910      -149.6194786008
        8.6900000000         2.2189583111      -149.6194786008
        8.6950000000         2.2124973740      -145.8229891431
        8.7000000000         2.2061073739      -157.2124575162
        8.7050000000         2.1997898873      -145.8229891431
        8.7100000000         2.1935464732      -164.8054364316
        8.7150000000         2.1873786718      -147.7212338719
        8.7200000000         2.1812880051      -161.0089469739
        8.7250000000         2.1752759758      -168.6019258893
        8.7300000000         2.1693440673      -159.1107022450
        8.7350000000         2.1634937432      -172.3984153470
        8.7400000000         2.1577264470      -174.2966600759
        8.7450000000         2.1520436017      -168.6019258893
        8.7500000000         2.1464466094      -172.3984153470
        8.7550000000         2.1409368511      -161.0089469739
        8.7600000000         2.1355156863      -200.8720862798
        8.7650000000         2.1301844525      -176.1949048047
        8.7700000000         2.1249444652      -189.4826179067
        8.7750000000         2.1197970172      -191.3808626356
        8.7800000000         2.1147433786      -195.1773520933
        8.7850000000         2.1097847963      -195.1773520933
        8.7900000000         2.1049224938      -191.3808626356
        8.7950000000         2.1001576708      -197.0755968221
        8.8000000000         2.0954915028      -197.0755968221
        8.8050000000         2.0909251413      -202.7703310087
        8.8100000000         2.0864597129      -210.3633099241
        8.8150000000         2.0820963193      -206.5668204664
        8.8200000000         2.0778360372      -223.6510230261
        8.8250000000         2.0736799178      -198.9738415510
        8.8300000000         2.0696289865      -221.7527782972
        8.8350000000         2.0656842428      -214.1597993818
        8.8400000000         2.0618466600      -214.1597993818
        8.8450000000         2.0581171850      -208.4650651953
        8.8500000000         2.0544967379      -217.9562888395
        8.8550000000         2.0509862121      -221.7527782972
        8.8600000000         2.0475864738      -231.2440019415
        8.8650000000         2.0442983617      -233.1422466704
        8.8700000000         2.0411226872      -221.7527782972
        8.8750000000         2.0380602337      -242.6334703146
        8.8800000000         2.0351117571      -229.3457572126
        8.8850000000         2.0322779846      -238.8369808569
        8.8900000000         2.0295596155      -244.5317150435
        8.8950000000         2.0269573206      -225.5492677549
        8.9000000000         2.0244717419      -246.4299597723
        8.9050000000         2.0221034926      -244.5317150435
        8.9100000000         2.0198531572      -246.4299597723
        8.9150000000         2.0177212908      -250.2264492300
        8.9200000000         2.0157084194      -231.2440019415
        8.9250000000         2.0138150398      -242.6334703146
        8.9300000000         2.0120416190      -238.8369808569
        8.9350000000         2.0103885947      -265.4124070609
        8.9400000000         2.0088563746      -248.3282045012
        8.9450000000         2.0074453369      -257.8194281455
        8.9500000000         2.0061558297      -255.9211834166
        8.9550000000         2.0049881711      -244.5317150435
        8.9600000000         2.0039426493      -254.0229386877
        8.9650000000         2.0030195223      -246.4299597723
        8.9700000000         2.0022190177      -284.3948543494
        8.9750000000         2.0015413331      -257.8194281455
        8.9800000000         2.0009866358      -265.4124070609
        8.9850000000         2.0005550625      -265.4124070609
        8.9900000000         2.0002467198      -263.5141623320
        8.9950000000         2.0000616838      -274.9036307051
        9.0000000000         2.0000000000      -252.1246939589
        9.0050000000         2.0000616838      -280.5983648917
        9.0100000000         2.0002467198      -263.5141623320
        9.0150000000         2.0005550625      -273.0053859763
        9.0200000000         2.0009866358      -269.2088965186
        9.0250000000         2.0015413331      -267.3106517897
        9.0300000000         2.0022190177      -282.4966096206
        9.0350000000         2.0030195223      -267.3106517897
        9.0400000000         2.0039426493      -286.2930990783
        9.0450000000         2.0049881711      -259.7176728743
        9.0500000000         2.0061558297      -291.9878332648
        9.0550000000         2.0074453369      -255.9211834166
        9.0600000000         2.0088563746      -276.8018754340
        9.0650000000         2.0103885947      -274.9036307051
        9.0700000000         2.0120416190      -274.9036307051
        9.0750000000         2.0138150398      -278.7001201629
        9.0800000000         2.0157084194      -255.9211834166
        9.0850000000         2.0177212908      -274.9036307051
        9.0900000000         2.0198531572      -261.6159176032
        9.0950000000         2.0221034926      -282.4966096206
        9.1000000000         2.0244717419      -267.3106517897
        9.1050000000         2.0269573206      -273.0053859763
        9.1100000000         2.0295596155      -265.4124070609
        9.1150000000         2.0322779846      -273.0053859763
        9.1200000000         2.0351117571      -263.5141623320
        9.1250000000         2.0380602337      -261.6159176032
        9.1300000000         2.0411226872      -257.8194281455
        9.1350000000         2.0442983617      -273.0053859763
        9.1400000000         2.0475864738      -267.3106517897
        9.1450000000         2.0509862121      -259.7176728743
        9.1500000000         2.0544967379      -263.5141623320
        9.1550000000         2.0581171850      -282.4966096206
        9.1600000000         2.0618466600      -263.5141623320
        9.1650000000         2.0656842428      -265.4124070609
        9.1700000000         2.0696289865      -267.3106517897
        9.1750000000         2.0736799178      -273.0053859763
        9.1800000000         2.0778360372      -236.9387361281
        9.1850000000         2.0820963193      -278.7001201629
        9.1900000000         2.0864597129      -248.3282045012
        9.1950000000         2.0909251413      -280.5983648917
        9.2000000000         2.0954915028      -248.3282045012
        9.2050000000         2.1001576708      -257.8194281455
        9.2100000000         2.1049224938      -255.9211834166
        9.2150000000         2.1097847963      -257.8194281455
        9.2200000000         2.1147433786      -271.1071412474
        9.2250000000         2.1197970172      -242.6334703146
        9.2300000000         2.1249444652      -273.0053859763
        9.2350000000         2.1301844525      -235.0404913992
        9.2400000000         2.1355156863      -263.5141623320
        9.2450000000         2.1409368511      -250.2264492300
        9.2500000000         2.1464466094      -250.2264492300
        9.2550000000         2.1520436017      -255.9211834166
        9.2600000000         2.1577264470      -236.9387361281
        9.2650000000         2.1634937432      -250.2264492300
        9.2700000000         2.1693440673      -244.5317150435
        9.2750000000         2.1752759758      -248.3282045012
        9.2800000000         2.1812880051      -244.5317150435
        9.2850000000         2.1873786718      -229.3457572126
        9.2900000000         2.1935464732      -246.4299597723
        9.2950000000         2.1997898873      -233.1422466704
        9.3000000000         2.2061073739      -242.6334703146
        9.3050000000         2.2124973740      -252.1246939589
        9.3100000000         2.2189583111      -227.4475124838
        9.3150000000         2.2254885910      -242.6334703146
        9.3200000000         2.2320866025      -206.5668204664
        9.3250000000         2.2387507176      -248.3282045012
        9.3300000000         2.2454792921      -233.1422466704
        9.3350000000         2.2522706658      -227.4475124838
        9.3400000000         2.2591231629      -233.1422466704
        9.3450000000         2.2660350929      -212.2615546530
        9.3500000000         2.2730047501      -236.9387361281
        9.3550000000         2.2800304151      -221.7527782972
        9.3600000000         2.2871103542      -225.5492677549
        9.3650000000         2.2942428207      -223.6510230261
        9.3700000000         2.3014260547      -216.0580441107
        9.3750000000         2.3086582838      -216.0580441107
        9.3800000000         2.3159377237      -225.5492677549
        9.3850000000         2.3232625781      -204.6685757375
        9.3900000000         2.3306310399      -206.5668204664
        9.3950000000         2.3380412909      -204.6685757375
        9.4000000000         2.3454915028      -197.0755968221
        9.4050000000         2.3529798374      -212.2615546530
        9.4100000000         2.3605044470      -206.5668204664
        9.4150000000         2.3680634750      -191.3808626356
        9.4200000000         2.3756550564      -208.4650651953
        9.4250000000         2.3832773181      -185.6861284490
        9.4300000000         2.3909283793      -204.6685757375
        9.4350000000         2.3986063523      -181.8896389913
        9.4400000000         2.4063093427      -206.5668204664
        9.4450000000         2.4140354499      -168.6019258893
        9.4500000000         2.4217827675      -178.0931495336
        9.4550000000         2.4295493840      -179.9913942624
        9.4600000000         2.4373333832      -157.2124575162
        9.4650000000         2.4451328445      -176.1949048047
        9.4700000000         2.4529458433      -170.5001706182
        9.4750000000         2.4607704521      -161.0089469739
        9.4800000000         2.4686047402      -166.7036811605
        9.4850000000         2.4764467746      -157.2124575162
        9.4900000000         2.4842946205      -162.9071917028
        9.4950000000         2.4921463413      -157.2124575162
        9.5000000000         2.5000000000      -134.4335207699
        9.5050000000         2.5078536587      -145.8229891431
        9.5100000000         2.5157053795      -128.7387865834
        9.5150000000         2.5235532254      -100.2651156506
        9.5200000000         2.5313952598       -60.4019763446
        9.5250000000         2.5392295479       -35.7247948695
        9.5300000000         2.5470541567         6.0365891652
        9.5350000000         2.5548671555         6.0365891652
        9.5400000000         2.5626666168         7.9348338941
        9.5450000000         2.5704506160         4.1383444364
        9.5500000000         2.5782172325        -1.5563897502
        9.5550000000         2.5859645501        -3.4546344790
        9.5600000000         2.5936906573         2.2400997075
        9.5650000000         2.6013936477        -3.4546344790
        9.5700000000         2.6090716207         0.3418549787
        9.5750000000         2.6167226819        30.7137706403
        9.5800000000         2.6243449436        78.1698888617
        9.5850000000         2.6319365250        51.5944626577
        9.5900000000         2.6394955530        66.7804204886
        9.5950000000         2.6470201626        59.1874415732
        9.6000000000         2.6545084972        64.8821757597
        9.6050000000         2.6619587091        62.9839310309
        9.6100000000         2.6693689601        62.9839310309
        9.6150000000         2.6767374219        83.8646230483
        9.6200000000         2.6840622763        70.5769099463
        9.6250000000         2.6913417162        78.1698888617
        9.6300000000         2.6985739453        61.0856863020
        9.6350000000         2.7057571793        85.7628677771
        9.6400000000         2.7128896458        83.8646230483
        9.6450000000         2.7199695849        85.7628677771
        9.6500000000         2.7269952499        89.5593572348
        9.6550000000         2.7339649071        81.9663783194
        9.6600000000         2.7408768371        91.4576019637
        9.6650000000         2.7477293342        85.7628677771
        9.6700000000         2.7545207079        99.0505808791
        9.6750000000         2.7612492824       102.8470703368
        9.6800000000         2.7679133975       102.8470703368
        9.6850000000         2.7745114090        91.4576019637
        9.6900000000         2.7810416889       112.3382939811
        9.6950000000         2.7875026260       104.7453150657
        9.7000000000         2.7938926261       116.1347834388
        9.7050000000         2.8002101127       118.0330281676
        9.7100000000         2.8064535268        91.4576019637
        9.7150000000         2.8126213282       118.0330281676
        9.7200000000         2.8187119949       121.8295176253
        9.7250000000         2.8247240242       127.5242518119
        9.7300000000         2.8306559327       125.6260070830
        9.7350000000         2.8365062568       133.2189859985
        9.7400000000         2.8422735530       138.9137201850
        9.7450000000         2.8479563983       144.6084543716
        9.7500000000         2.8535533906       144.6084543716
        9.7550000000         2.8590631489       150.3031885581
        9.7600000000         2.8644843137       140.8119649139
        9.7650000000         2.8698155475       148.4049438293
        9.7700000000         2.8750555348       152.2014332870
        9.7750000000         2.8802029828       159.7944122024
        9.7800000000         2.8852566214       163.5909016601
        9.7850000000         2.8902152037       154.0996780159
        9.7900000000         2.8950775062       173.0821253044
        9.7950000000         2.8998423292       169.2856358467
        9.8000000000         2.9045084972       169.2856358467
        9.8050000000         2.9090748587       169.2856358467
        9.8100000000         2.9135402871       167.3873911178
        9.8150000000         2.9179036807       178.7768594910
        9.8200000000         2.9221639628       182.5733489487
        9.8250000000         2.9263200822       182.5733489487
        9.8300000000         2.9303710135       165.4891463890
        9.8350000000         2.9343157572       192.0645725929
        9.8400000000         2.9381533400       176.8786147621
        9.8450000000         2.9418828150       197.7593067795
        9.8500000000         2.9455032621       195.8610620506
        9.8550000000         2.9490137879       190.1663278641
        9.8600000000         2.9524135262       201.5557962372
        9.8650000000         2.9557016383       192.0645725929
        9.8700000000         2.9588773128       209.1487751526
        9.8750000000         2.9619397663       173.0821253044
        9.8800000000         2.9648882429       212.9452646103
        9.8850000000         2.9677220154       199.6575515084
        9.8900000000         2.9704403845       211.0470198815
        9.8950000000         2.9730426794       207.2505304238
        9.9000000000         2.9755282581       212.9452646103
        9.9050000000         2.9778965074       222.4364882546
        9.9100000000         2.9801468428       216.7417540680
        9.9150000000         2.9822787092       209.1487751526
        9.9200000000         2.9842915806       214.8435093392
        9.9250000000         2.9861849602       220.5382435257
        9.9300000000         2.9879583810       218.6399987969
        9.9350000000         2.9896114053       231.9277118989
        9.9400000000         2.9911436254       214.8435093392
        9.9450000000         2.9925546631       230.0294671700
        9.9500000000         2.9938441703       228.1312224412
        9.9550000000         2.9950118289       235.7242013566
        9.9600000000         2.9960573507       230.0294671700
        9.9650000000         2.9969804777       218.6399987969
        9.9700000000         2.9977809823       243.3171802720
        9.9750000000         2.9984586669       233.8259566277
        9.9800000000         2.9990133642       226.2329777123
        9.9850000000         2.9994449375       249.0119144586
        9.9900000000         2.9997532802       230.0294671700
        9.9950000000         2.9999383162       239.5206908143
       10.0000000000         3.0000000000       239.5206908143
       10.0050000000         2.9999383162       241.4189355431
       10.0100000000         2.9997532802       252.8084039163
       10.0150000000         2.9994449375       233.8259566277
       10.0200000000         2.9990133642       250.9101591874
       10.0250000000         2.9984586669       245.2154250008
       10.0300000000         2.9977809823       235.7242013566
       10.0350000000         2.9969804777       245.2154250008
       10.0400000000         2.9960573507       249.0119144586
       10.0450000000         2.9950118289       247.1136697297
       10.0500000000         2.9938441703       243.3171802720
       10.0550000000         2.9925546631       249.0119144586
       10.0600000000         2.9911436254       241.4189355431
       10.0650000000         2.9896114053       243.3171802720
       10.0700000000         2.9879583810       241.4189355431
       10.0750000000         2.9861849602       237.6224460854
       10.0800000000         2.9842915806       235.7242013566
       10.0850000000         2.9822787092       266.0961170182
       10.0900000000         2.9801468428       235.7242013566
       10.0950000000         2.9778965074       266.0961170182
       10.1000000000         2.9755282581       247.1136697297
       10.1050000000         2.9730426794       239.5206908143
       10.1100000000         2.9704403845       266.0961170182
       10.1150000000         2.9677220154       241.4189355431
       10.1200000000         2.9648882429       256.6048933740
       10.1250000000         2.9619397663       235.7242013566
       10.1300000000         2.9588773128       252.8084039163
       10.1350000000         2.9557016383       245.2154250008
       10.1400000000         2.9524135262       249.0119144586
       10.1450000000         2.9490137879       250.9101591874
       10.1500000000         2.9455032621       239.5206908143
       10.1550000000         2.9418828150       252.8084039163
       10.1600000000         2.9381533400       228.1312224412
       10.1650000000         2.9343157572       250.9101591874
       10.1700000000         2.9303710135       239.5206908143
       10.1750000000         2.9263200822       245.2154250008
       10.1800000000         2.9221639628       252.8084039163
       10.1850000000         2.9179036807       224.3347329835
       10.1900000000         2.9135402871       249.0119144586
       10.1950000000         2.9090748587       231.9277118989
       10.2000000000         2.9045084972       243.3171802720
       10.2050000000         2.8998423292       239.5206908143
       10.2100000000         2.8950775062       233.8259566277
       10.2150000000         2.8902152037       243.3171802720
       10.2200000000         2.8852566214       222.4364882546
       10.2250000000         2.8802029828       237.6224460854
       10.2300000000         2.8750555348       228.1312224412
       10.2350000000         2.8698155475       214.8435093392
       10.2400000000         2.8644843137       230.0294671700
       10.2450000000         2.8590631489       230.0294671700
       10.2500000000         2.8535533906       228.1312224412
       10.2550000000         2.8479563983       241.4189355431
       10.2600000000         2.8422735530       218.6399987969
       10.2650000000         2.8365062568       230.0294671700
       10.2700000000         2.8306559327       224.3347329835
       10.2750000000         2.8247240242       224.3347329835
       10.2800000000         2.8187119949       230.0294671700
       10.2850000000         2.8126213282       203.4540409661
       10.2900000000         2.8064535268       220.5382435257
       10.2950000000         2.8002101127       214.8435093392
       10.3000000000         2.7938926261       178.7768594910
       10.3050000000         2.7875026260       224.3347329835
       10.3100000000         2.7810416889       201.5557962372
       10.3150000000         2.7745114090       203.4540409661
       10.3200000000         2.7679133975       216.7417540680
       10.3250000000         2.7612492824       182.5733489487
       10.3300000000         2.7545207079       190.1663278641
       10.3350000000         2.7477293342       188.2680831352
       10.3400000000         2.7408768371       188.2680831352
       10.3450000000         2.7339649071       199.6575515084
       10.3500000000         2.7269952499       190.1663278641
       10.3550000000         2.7199695849       192.0645725929
       10.3600000000         2.7128896458       190.1663278641
       10.3650000000         2.7057571793       180.6751042198
       10.3700000000         2.6985739453       176.8786147621
       10.3750000000         2.6913417162       176.8786147621
       10.3800000000         2.6840622763       178.7768594910
       10.3850000000         2.6767374219       182.5733489487
       10.3900000000         2.6693689601       165.4891463890
       10.3950000000         2.6619587091       169.2856358467
       10.4000000000         2.6545084972       161.6926569313
       10.4050000000         2.6470201626       171.1838805755
       10.4100000000         2.6394955530       154.0996780159
       10.4150000000         2.6319365250       159.7944122024
       10.4200000000         2.6243449436       154.0996780159
       10.4250000000         2.6167226819       144.6084543716
       10.4300000000         2.6090716207       148.4049438293
       10.4350000000         2.6013936477       133.2189859985
       10.4400000000         2.5936906573       157.8961674736
       10.4450000000         2.5859645501       116.1347834388
       10.4500000000         2.5782172325       144.6084543716
       10.4550000000         2.5704506160       118.0330281676
       10.4600000000         2.5626666168       121.8295176253
       10.4650000000         2.5548671555       116.1347834388
       10.4700000000         2.5470541567       104.7453150657
       10.4750000000         2.5392295479       116.1347834388
       10.4800000000         2.5313952598       104.7453150657
       10.4850000000         2.5235532254       116.1347834388
       10.4900000000         2.5157053795        95.2540914214
       10.4950000000         2.5078536587       104.7453150657
       10.5000000000         2.5000000000        99.0505808791
       10.5050000000         2.4921463413        76.2716441328
       10.5100000000         2.4842946205        76.2716441328
       10.5150000000         2.4764467746        40.2049942846
       10.5200000000         2.4686047402         7.9348338941
       10.5250000000         2.4607704521       -20.5388370387
       10.5300000000         2.4529458433         2.2400997075
       10.5350000000         2.4451328445         2.2400997075
       10.5400000000         2.4373333832         4.1383444364
       10.5450000000         2.4295493840         0.3418549787
       10.5500000000         2.4217827675        -3.4546344790
       10.5550000000         2.4140354499        -7.2511239367
       10.5600000000         2.4063093427      -104.0616051083
       10.5650000000         2.3986063523       -88.8756472775
       10.5700000000         2.3909283793       -75.5879341755
       10.5750000000         2.3832773181       -88.8756472775
       10.5800000000         2.3756550564       -85.0791578197
       10.5850000000         2.3680634750       -98.3668709217
       10.5900000000         2.3605044470       -88.8756472775
       10.5950000000         2.3529798374      -113.5528287526
       10.6000000000         2.3454915028      -107.8580945660
       10.6050000000         2.3380412909      -100.2651156506
       10.6100000000         2.3306310399      -109.7563392948
       10.6150000000         2.3232625781      -109.7563392948
       10.6200000000         2.3159377237      -126.8405418545
       10.6250000000         2.3086582838      -121.1458076680
       10.6300000000         2.3014260547      -121.1458076680
       10.6350000000         2.2942428207      -124.9422971257
       10.6400000000         2.2871103542      -117.3493182103
       10.6450000000         2.2800304151      -136.3317654988
       10.6500000000         2.2730047501      -136.3317654988
       10.6550000000         2.2660350929      -130.6370313122
       10.6600000000         2.2591231629      -134.4335207699
       10.6650000000         2.2522706658      -134.4335207699
       10.6700000000         2.2454792921      -151.5177233296
       10.6750000000         2.2387507176      -140.1282549565
       10.6800000000         2.2320866025      -143.9247444142
       10.6850000000         2.2254885910      -142.0264996854
       10.6900000000         2.2189583111      -155.3142127873
       10.6950000000         2.2124973740      -145.8229891431
       10.7000000000         2.2061073739      -153.4159680585
       10.7050000000         2.1997898873      -157.2124575162
       10.7100000000         2.1935464732      -159.1107022450
       10.7150000000         2.1873786718      -159.1107022450
       10.7200000000         2.1812880051      -161.0089469739
       10.7250000000         2.1752759758      -138.2300102277
       10.7300000000         2.1693440673      -179.9913942624
       10.7350000000         2.1634937432      -159.1107022450
       10.7400000000         2.1577264470      -174.2966600759
       10.7450000000         2.1520436017      -162.9071917028
       10.7500000000         2.1464466094      -176.1949048047
       10.7550000000         2.1409368511      -181.8896389913
       10.7600000000         2.1355156863      -170.5001706182
       10.7650000000         2.1301844525      -197.0755968221
       10.7700000000         2.1249444652      -185.6861284490
       10.7750000000         2.1197970172      -187.5843731779
       10.7800000000         2.1147433786      -193.2791073644
       10.7850000000         2.1097847963      -187.5843731779
       10.7900000000         2.1049224938      -189.4826179067
       10.7950000000         2.1001576708      -193.2791073644
       10.8000000000         2.0954915028      -191.3808626356
       10.8050000000         2.0909251413      -197.0755968221
       10.8100000000         2.0864597129      -197.0755968221
       10.8150000000         2.0820963193      -195.1773520933
       10.8200000000         2.0778360372      -206.5668204664
       10.8250000000         2.0736799178      -204.6685757375
       10.8300000000         2.0696289865      -204.6685757375
       10.8350000000         2.0656842428      -210.3633099241
       10.8400000000         2.0618466600      -216.0580441107
       10.8450000000         2.0581171850      -204.6685757375
       10.8500000000         2.0544967379      -223.6510230261
       10.8550000000         2.0509862121      -202.7703310087
       10.8600000000         2.0475864738      -225.5492677549
       10.8650000000         2.0442983617      -214.1597993818
       10.8700000000         2.0411226872      -225.5492677549
       10.8750000000         2.0380602337      -223.6510230261
       10.8800000000         2.0351117571      -225.5492677549
       10.8850000000         2.0322779846      -225.5492677549
       10.8900000000         2.0295596155      -227.4475124838
       10.8950000000         2.0269573206      -229.3457572126
       10.9000000000         2.0244717419      -225.5492677549
       10.9050000000         2.0221034926      -231.2440019415
       10.9100000000         2.0198531572      -242.6334703146
       10.9150000000         2.0177212908      -236.9387361281
       10.9200000000         2.0157084194      -248.3282045012
       10.9250000000         2.0138150398      -235.0404913992
       10.9300000000         2.0120416190      -236.9387361281
       10.9350000000         2.0103885947      -252.1246939589
       10.9400000000         2.0088563746      -225.5492677549
       10.9450000000         2.0074453369      -255.9211834166
       10.9500000000         2.0061558297      -229.3457572126
       10.9550000000         2.0049881711      -250.2264492300
       10.9600000000         2.0039426493      -261.6159176032
       10.9650000000         2.0030195223      -242.6334703146
       10.9700000000         2.0022190177      -265.4124070609
       10.9750000000         2.0015413331      -240.7352255858
       10.9800000000         2.0009866358      -267.3106517897
       10.9850000000         2.0005550625      -248.3282045012
       10.9900000000         2.0002467198      -255.9211834166
       10.9950000000         2.0000616838      -257.8194281455
       11.0000000000         2.0000000000      -233.1422466704
       11.0050000000         2.0000616838      -286.2930990783
       11.0100000000         2.0002467198      -238.8369808569
       11.0150000000         2.0005550625      -248.3282045012
       11.0200000000         2.0009866358      -250.2264492300
       11.0250000000         2.0015413331      -263.5141623320
       11.0300000000         2.0022190177      -254.0229386877
       11.0350000000         2.0030195223      -254.0229386877
       11.0400000000         2.0039426493      -248.3282045012
       11.0450000000         2.0049881711      -252.1246939589
       11.0500000000         2.0061558297      -259.7176728743
       11.0550000000         2.0074453369      -248.3282045012
       11.0600000000         2.0088563746      -255.9211834166
       11.0650000000         2.0103885947      -265.4124070609
       11.0700000000         2.0120416190      -250.2264492300
       11.0750000000         2.0138150398      -257.8194281455
       11.0800000000         2.0157084194      -265.4124070609
       11.0850000000         2.0177212908      -248.3282045012
       11.0900000000         2.0198531572      -273.0053859763
       11.0950000000         2.0221034926      -244.5317150435
       11.1000000000         2.0244717419      -271.1071412474
       11.1050000000         2.0269573206      -250.2264492300
       11.1100000000         2.0295596155      -280.5983648917
       11.1150000000         2.0322779846      -261.6159176032
       11.1200000000         2.0351117571      -265.4124070609
       11.1250000000         2.0380602337      -263.5141623320
       11.1300000000         2.0411226872      -252.1246939589
       11.1350000000         2.0442983617      -276.8018754340
       11.1400000000         2.0475864738      -255.9211834166
       11.1450000000         2.0509862121      -273.0053859763
       11.1500000000         2.0544967379      -250.2264492300
       11.1550000000         2.0581171850      -273.0053859763
       11.1600000000         2.0618466600      -265.4124070609
       11.1650000000         2.0656842428      -271.1071412474
       11.1700000000         2.0696289865      -259.7176728743
       11.1750000000         2.0736799178      -257.8194281455
       11.1800000000         2.0778360372      -273.0053859763
       11.1850000000         2.0820963193      -252.1246939589
       11.1900000000         2.0864597129      -265.4124070609
       11.1950000000         2.0909251413      -269.2088965186
       11.2000000000         2.0954915028      -254.0229386877
       11.2050000000         2.1001576708      -271.1071412474
       11.2100000000         2.1049224938      -248.3282045012
       11.2150000000         2.1097847963      -273.0053859763
       11.2200000000         2.1147433786      -257.8194281455
       11.2250000000         2.1197970172      -271.1071412474
       11.2300000000         2.1249444652      -254.0229386877
       11.2350000000         2.1301844525      -267.3106517897
       11.2400000000         2.1355156863      -250.2264492300
       11.2450000000         2.1409368511      -259.7176728743
       11.2500000000         2.1464466094      -269.2088965186
       11.2550000000         2.1520436017      -246.4299597723
       11.2600000000         2.1577264470      -271.1071412474
       11.2650000000         2.1634937432      -244.5317150435
       11.2700000000         2.1693440673      -248.3282045012
       11.2750000000         2.1752759758      -255.9211834166
       11.2800000000         2.1812880051      -255.9211834166
       11.2850000000         2.1873786718      -274.9036307051
       11.2900000000         2.1935464732      -255.9211834166
       11.2950000000         2.1997898873      -259.7176728743
       11.3000000000         2.2061073739      -250.2264492300
       11.3050000000         2.2124973740      -252.1246939589
       11.3100000000         2.2189583111      -236.9387361281
       11.3150000000         2.2254885910      -236.9387361281
       11.3200000000         2.2320866025      -252.1246939589
       11.3250000000         2.2387507176      -238.8369808569
       11.3300000000         2.2454792921      -250.2264492300
       11.3350000000         2.2522706658      -242.6334703146
       11.3400000000         2.2591231629      -233.1422466704
       11.3450000000         2.2660350929      -248.3282045012
       11.3500000000         2.2730047501      -229.3457572126
       11.3550000000         2.2800304151      -236.9387361281
       11.3600000000         2.2871103542      -236.9387361281
       11.3650000000         2.2942428207      -255.9211834166
       11.3700000000         2.3014260547      -242.6334703146
       11.3750000000         2.3086582838      -227.4475124838
       11.3800000000         2.3159377237      -235.0404913992
       11.3850000000         2.3232625781      -227.4475124838
       11.3900000000         2.3306310399      -229.3457572126
       11.3950000000         2.3380412909      -233.1422466704
       11.4000000000         2.3454915028      -233.1422466704
       11.4050000000         2.3529798374      -227.4475124838
       11.4100000000         2.3605044470      -210.3633099241
       11.4150000000         2.3680634750      -229.3457572126
       11.4200000000         2.3756550564      -227.4475124838
       11.4250000000         2.3832773181      -221.7527782972
       11.4300000000         2.3909283793      -227.4475124838
       11.4350000000         2.3986063523      -219.8545335684
       11.4400000000         2.4063093427      -212.2615546530
       11.4450000000         2.4140354499      -208.4650651953
       11.4500000000         2.4217827675      -206.5668204664
       11.4550000000         2.4295493840      -214.1597993818
       11.4600000000         2.4373333832      -202.7703310087
       11.4650000000         2.4451328445      -181.8896389913
       11.4700000000         2.4529458433      -187.5843731779
       11.4750000000         2.4607704521      -202.7703310087
       11.4800000000         2.4686047402      -195.1773520933
       11.4850000000         2.4764467746      -193.2791073644
       11.4900000000         2.4842946205      -185.6861284490
       11.4950000000         2.4921463413      -179.9913942624
       11.5000000000         2.5000000000      -176.1949048047
       11.5050000000         2.5078536587      -151.5177233296
       11.5100000000         2.5157053795      -149.6194786008
       11.5150000000         2.5235532254      -124.9422971257
       11.5200000000         2.5313952598       -88.8756472775
       11.5250000000         2.5392295479       -31.9283054118
       11.5300000000         2.5470541567         6.0365891652
       11.5350000000         2.5548671555        17.4260575384
       11.5400000000         2.5626666168        -1.5563897502
       11.5450000000         2.5704506160        -5.3528792079
       11.5500000000         2.5782172325        -3.4546344790
       11.5550000000         2.5859645501        -1.5563897502
       11.5600000000         2.5936906573        -3.4546344790
       11.5650000000         2.6013936477        -5.3528792079
       11.5700000000         2.6090716207         7.9348338941
       11.5750000000         2.6167226819        21.2225469961
       11.5800000000         2.6243449436        78.1698888617
       11.5850000000         2.6319365250        51.5944626577
       11.5900000000         2.6394955530        55.3909521154
       11.5950000000         2.6470201626        40.2049942846
       11.6000000000         2.6545084972        66.7804204886
       11.6050000000         2.6619587091        51.5944626577
       11.6100000000         2.6693689601        70.5769099463
       11.6150000000         2.6767374219        70.5769099463
       11.6200000000         2.6840622763        64.8821757597
       11.6250000000         2.6913417162        72.4751546751
       11.6300000000         2.6985739453        68.6786652174
       11.6350000000         2.7057571793        81.9663783194
       11.6400000000         2.7128896458        83.8646230483
       11.6450000000         2.7199695849        78.1698888617
       11.6500000000         2.7269952499        74.3733994040
       11.6550000000         2.7339649071        85.7628677771
       11.6600000000         2.7408768371        85.7628677771
       11.6650000000         2.7477293342        95.2540914214
       11.6700000000         2.7545207079        97.1523361502
       11.6750000000         2.7612492824        91.4576019637
       11.6800000000         2.7679133975       106.6435597945
       11.6850000000         2.7745114090       110.4400492522
       11.6900000000         2.7810416889        99.0505808791
       11.6950000000         2.7875026260       110.4400492522
       11.7000000000         2.7938926261       112.3382939811
       11.7050000000         2.8002101127       108.5418045234
       11.7100000000         2.8064535268       112.3382939811
       11.7150000000         2.8126213282       114.2365387099
       11.7200000000         2.8187119949       129.4224965408
       11.7250000000         2.8247240242       125.6260070830
       11.7300000000         2.8306559327       127.5242518119
       11.7350000000         2.8365062568       133.2189859985
       11.7400000000         2.8422735530       146.5066991004
       11.7450000000         2.8479563983       137.0154754562
       11.7500000000         2.8535533906       154.0996780159
       11.7550000000         2.8590631489       150.3031885581
       11.7600000000         2.8644843137       155.9979227447
       11.7650000000         2.8698155475       157.8961674736
       11.7700000000         2.8750555348       148.4049438293
       11.7750000000         2.8802029828       159.7944122024
       11.7800000000         2.8852566214       159.7944122024
       11.7850000000         2.8902152037       176.8786147621
       11.7900000000         2.8950775062       169.2856358467
       11.7950000000         2.8998423292       157.8961674736
       11.8000000000         2.9045084972       176.8786147621
       11.8050000000         2.9090748587       174.9803700332
       11.8100000000         2.9135402871       186.3698384064
       11.8150000000         2.9179036807       174.9803700332
       11.8200000000         2.9221639628       188.2680831352
       11.8250000000         2.9263200822       184.4715936775
       11.8300000000         2.9303710135       190.1663278641
       11.8350000000         2.9343157572       199.6575515084
       11.8400000000         2.9381533400       199.6575515084
       11.8450000000         2.9418828150       193.9628173218
       11.8500000000         2.9455032621       205.3522856949
       11.8550000000         2.9490137879       199.6575515084
       11.8600000000         2.9524135262       211.0470198815
       11.8650000000         2.9557016383       203.4540409661
       11.8700000000         2.9588773128       214.8435093392
       11.8750000000         2.9619397663       211.0470198815
       11.8800000000         2.9648882429       226.2329777123
       11.8850000000         2.9677220154       207.2505304238
       11.8900000000         2.9704403845       218.6399987969
       11.8950000000         2.9730426794       224.3347329835
       11.9000000000         2.9755282581       228.1312224412
       11.9050000000         2.9778965074       226.2329777123
       11.9100000000         2.9801468428       235.7242013566
       11.9150000000         2.9822787092       230.0294671700
       11.9200000000         2.9842915806       233.8259566277
       11.9250000000         2.9861849602       239.5206908143
       11.9300000000         2.9879583810       249.0119144586
       11.9350000000         2.9896114053       239.5206908143
       11.9400000000         2.9911436254       226.2329777123
       11.9450000000         2.9925546631       243.3171802720
       11.9500000000         2.9938441703       239.5206908143
       11.9550000000         2.9950118289       245.2154250008
       11.9600000000         2.9960573507       235.7242013566
       11.9650000000         2.9969804777       233.8259566277
       11.9700000000         2.9977809823       250.9101591874
       11.9750000000         2.9984586669       231.9277118989
       11.9800000000         2.9990133642       245.2154250008
       11.9850000000         2.9994449375       249.0119144586
       11.9900000000         2.9997532802       239.5206908143
       11.9950000000         2.9999383162       267.9943617471
       12.0000000000         3.0000000000       243.3171802720
       12.0050000000         2.9999383162       271.7908512048
       12.0100000000         2.9997532802       245.2154250008
       12.0150000000         2.9994449375       254.7066486451
       12.0200000000         2.9990133642       267.9943617471
       12.0250000000         2.9984586669       245.2154250008
       12.0300000000         2.9977809823       269.8926064759
       12.0350000000         2.9969804777       250.9101591874
       12.0400000000         2.9960573507       283.1803195779
       12.0450000000         2.9950118289       266.0961170182
       12.0500000000         2.9938441703       243.3171802720
       12.0550000000         2.9925546631       275.5873406625
       12.0600000000         2.9911436254       260.4013828317
       12.0650000000         2.9896114053       275.5873406625
       12.0700000000         2.9879583810       262.2996275605
       12.0750000000         2.9861849602       267.9943617471
       12.0800000000         2.9842915806       266.0961170182
       12.0850000000         2.9822787092       264.1978722894
       12.0900000000         2.9801468428       258.5031381028
       12.0950000000         2.9778965074       267.9943617471
       12.1000000000         2.9755282581       266.0961170182
       12.1050000000         2.9730426794       267.9943617471
       12.1100000000         2.9704403845       269.8926064759
       12.1150000000         2.9677220154       254.7066486451
       12.1200000000         2.9648882429       266.0961170182
       12.1250000000         2.9619397663       264.1978722894
       12.1300000000         2.9588773128       275.5873406625
       12.1350000000         2.9557016383       266.0961170182
       12.1400000000         2.9524135262       269.8926064759
       12.1450000000         2.9490137879       260.4013828317
       12.1500000000         2.9455032621       252.8084039163
       12.1550000000         2.9418828150       271.7908512048
       12.1600000000         2.9381533400       266.0961170182
       12.1650000000         2.9343157572       267.9943617471
       12.1700000000         2.9303710135       267.9943617471
       12.1750000000         2.9263200822       264.1978722894
       12.1800000000         2.9221639628       271.7908512048
       12.1850000000         2.9179036807       260.4013828317
       12.1900000000         2.9135402871       262.2996275605
       12.1950000000         2.9090748587       260.4013828317
       12.2000000000         2.9045084972       279.3838301202
       12.2050000000         2.8998423292       256.6048933740
       12.2100000000         2.8950775062       277.4855853914
       12.2150000000         2.8902152037       258.5031381028
       12.2200000000         2.8852566214       266.0961170182
       12.2250000000         2.8802029828       264.1978722894
       12.2300000000         2.8750555348       269.8926064759
       12.2350000000         2.8698155475       269.8926064759
       12.2400000000         2.8644843137       256.6048933740
       12.2450000000         2.8590631489       262.2996275605
       12.2500000000         2.8535533906       245.2154250008
       12.2550000000         2.8479563983       271.7908512048
       12.2600000000         2.8422735530       241.4189355431
       12.2650000000         2.8365062568       260.4013828317
       12.2700000000         2.8306559327       252.8084039163
       12.2750000000         2.8247240242       237.6224460854
       12.2800000000         2.8187119949       245.2154250008
       12.2850000000         2.8126213282       235.7242013566
       12.2900000000         2.8064535268       256.6048933740
       12.2950000000         2.8002101127       226.2329777123
       12.3000000000         2.7938926261       239.5206908143
       12.3050000000         2.7875026260       239.5206908143
       12.3100000000         2.7810416889       228.1312224412
       12.3150000000         2.7745114090       235.7242013566
       12.3200000000         2.7679133975       222.4364882546
       12.3250000000         2.7612492824       231.9277118989
       12.3300000000         2.7545207079       233.8259566277
       12.3350000000         2.7477293342       230.0294671700
       12.3400000000         2.7408768371       231.9277118989
       12.3450000000         2.7339649071       216.7417540680
       12.3500000000         2.7269952499       207.2505304238
       12.3550000000         2.7199695849       216.7417540680
       12.3600000000         2.7128896458       211.0470198815
       12.3650000000         2.7057571793       212.9452646103
       12.3700000000         2.6985739453       212.9452646103
       12.3750000000         2.6913417162       203.4540409661
       12.3800000000         2.6840622763       205.3522856949
       12.3850000000         2.6767374219       205.3522856949
       12.3900000000         2.6693689601       195.8610620506
       12.3950000000         2.6619587091       192.0645725929
       12.4000000000         2.6545084972       182.5733489487
       12.4050000000         2.6470201626       174.9803700332
       12.4100000000         2.6394955530       184.4715936775
       12.4150000000         2.6319365250       178.7768594910
       12.4200000000         2.6243449436       182.5733489487
       12.4250000000         2.6167226819       173.0821253044
       12.4300000000         2.6090716207       159.7944122024
       12.4350000000         2.6013936477       161.6926569313
       12.4400000000         2.5936906573       155.9979227447
       12.4450000000         2.5859645501       167.3873911178
       12.4500000000         2.5782172325       148.4049438293
       12.4550000000         2.5704506160       144.6084543716
       12.4600000000         2.5626666168       140.8119649139
       12.4650000000         2.5548671555       144.6084543716
       12.4700000000         2.5470541567       133.2189859985
       12.4750000000         2.5392295479       131.3207412696
       12.4800000000         2.5313952598       127.5242518119
       12.4850000000         2.5235532254       127.5242518119
       12.4900000000         2.5157053795       131.3207412696
       12.4950000000         2.5078536587       121.8295176253
       12.5000000000         2.5000000000       123.7277623542
       12.5050000000         2.4921463413        97.1523361502
       12.5100000000         2.4842946205        91.4576019637
       12.5150000000         2.4764467746        72.4751546751
       12.5200000000         2.4686047402        26.9172811826
       12.5250000000         2.4607704521       -12.9458581233
       12.5300000000         2.4529458433        -7.2511239367
       12.5350000000         2.4451328445         6.0365891652
       12.5400000000         2.4373333832         6.0365891652
       12.5450000000         2.4295493840         0.3418549787
       12.5500000000         2.4217827675         0.3418549787
       12.5550000000         2.4140354499       -12.9458581233
       12.5600000000         2.4063093427       -30.0300606830
       12.5650000000         2.3986063523      -119.2475629391
       12.5700000000         2.3909283793       -60.4019763446
       12.5750000000         2.3832773181      -109.7563392948
       12.5800000000         2.3756550564       -86.9774025486
       12.5850000000         2.3680634750      -100.2651156506
       12.5900000000         2.3605044470       -88.8756472775
       12.5950000000         2.3529798374      -102.1633603794
       12.6000000000         2.3454915028      -111.6545840237
       12.6050000000         2.3380412909      -115.4510734814
       12.6100000000         2.3306310399      -113.5528287526
       12.6150000000         2.3232625781      -102.1633603794
       12.6200000000         2.3159377237      -121.1458076680
       12.6250000000         2.3086582838      -119.2475629391
       12.6300000000         2.3014260547      -126.8405418545
       12.6350000000         2.2942428207      -126.8405418545
       12.6400000000         2.2871103542      -117.3493182103
       12.6450000000         2.2800304151      -121.1458076680
       12.6500000000         2.2730047501      -132.5352760411
       12.6550000000         2.2660350929      -134.4335207699
       12.6600000000         2.2591231629      -128.7387865834
       12.6650000000         2.2522706658      -143.9247444142
       12.6700000000         2.2454792921      -134.4335207699
       12.6750000000         2.2387507176      -151.5177233296
       12.6800000000         2.2320866025      -140.1282549565
       12.6850000000         2.2254885910      -153.4159680585
       12.6900000000         2.2189583111      -140.1282549565
       12.6950000000         2.2124973740      -157.2124575162
       12.7000000000         2.2061073739      -153.4159680585
       12.7050000000         2.1997898873      -164.8054364316
       12.7100000000         2.1935464732      -157.2124575162
       12.7150000000         2.1873786718      -174.2966600759
       12.7200000000         2.1812880051      -157.2124575162
       12.7250000000         2.1752759758      -166.7036811605
       12.7300000000         2.1693440673      -172.3984153470
       12.7350000000         2.1634937432      -170.5001706182
       12.7400000000         2.1577264470      -189.4826179067
       12.7450000000         2.1520436017      -178.0931495336
       12.7500000000         2.1464466094      -174.2966600759
       12.7550000000         2.1409368511      -189.4826179067
       12.7600000000         2.1355156863      -179.9913942624
       12.7650000000         2.1301844525      -193.2791073644
       12.7700000000         2.1249444652      -176.1949048047
       12.7750000000         2.1197970172      -187.5843731779
       12.7800000000         2.1147433786      -197.0755968221
       12.7850000000         2.1097847963      -195.1773520933
       12.7900000000         2.1049224938      -202.7703310087
       12.7950000000         2.1001576708      -185.6861284490
       12.8000000000         2.0954915028      -202.7703310087
       12.8050000000         2.0909251413      -191.3808626356
       12.8100000000         2.0864597129      -214.1597993818
       12.8150000000         2.0820963193      -198.9738415510
       12.8200000000         2.0778360372      -206.5668204664
       12.8250000000         2.0736799178      -212.2615546530
       12.8300000000         2.0696289865      -217.9562888395
       12.8350000000         2.0656842428      -195.1773520933
       12.8400000000         2.0618466600      -227.4475124838
       12.8450000000         2.0581171850      -212.2615546530
       12.8500000000         2.0544967379      -210.3633099241
       12.8550000000         2.0509862121      -231.2440019415
       12.8600000000         2.0475864738      -208.4650651953
       12.8650000000         2.0442983617      -229.3457572126
       12.8700000000         2.0411226872      -229.3457572126
       12.8750000000         2.0380602337      -221.7527782972
       12.8800000000         2.0351117571      -233.1422466704
       12.8850000000         2.0322779846      -221.7527782972
       12.8900000000         2.0295596155      -227.4475124838
       12.8950000000         2.0269573206      -240.7352255858
       12.9000000000         2.0244717419      -221.7527782972
       12.9050000000         2.0221034926      -233.1422466704
       12.9100000000         2.0198531572      -225.5492677549
       12.9150000000         2.0177212908      -229.3457572126
       12.9200000000         2.0157084194      -248.3282045012
       12.9250000000         2.0138150398      -229.3457572126
       12.9300000000         2.0120416190      -238.8369808569
       12.9350000000         2.0103885947      -227.4475124838
       12.9400000000         2.0088563746      -240.7352255858
       12.9450000000         2.0074453369      -240.7352255858
       12.9500000000         2.0061558297      -236.9387361281
       12.9550000000         2.0049881711      -235.0404913992
       12.9600000000         2.0039426493      -244.5317150435
       12.9650000000         2.0030195223      -246.4299597723
       12.9700000000         2.0022190177      -250.2264492300
       12.9750000000         2.0015413331      -255.9211834166
       12.9800000000         2.0009866358      -233.1422466704
       12.9850000000         2.0005550625      -261.6159176032
       12.9900000000         2.0002467198      -242.6334703146
       12.9950000000         2.0000616838      -261.6159176032
       13.0000000000         2.0000000000      -252.1246939589
       13.0050000000         2.0000616838      -252.1246939589
       13.0100000000         2.0002467198      -263.5141623320
       13.0150000000         2.0005550625      -246.4299597723
       13.0200000000         2.0009866358      -267.3106517897
       13.0250000000         2.0015413331      -238.8369808569
       13.0300000000         2.0022190177      -280.5983648917
       13.0350000000         2.0030195223      -267.3106517897
       13.0400000000         2.0039426493      -261.6159176032
       13.0450000000         2.0049881711      -267.3106517897
       13.0500000000         2.0061558297      -255.9211834166
       13.0550000000         2.0074453369      -280.5983648917
       13.0600000000         2.0088563746      -257.8194281455
       13.0650000000         2.0103885947      -278.7001201629
       13.0700000000         2.0120416190      -255.9211834166
       13.0750000000         2.0138150398      -278.7001201629
       13.0800000000         2.0157084194      -273.0053859763
       13.0850000000         2.0177212908      -276.8018754340
       13.0900000000         2.0198531572      -263.5141623320
       13.0950000000         2.0221034926      -284.3948543494
       13.1000000000         2.0244717419      -286.2930990783
       13.1050000000         2.0269573206      -257.8194281455
       13.1100000000         2.0295596155      -295.7843227225
       13.1150000000         2.0322779846      -276.8018754340
       13.1200000000         2.0351117571      -276.8018754340
       13.1250000000         2.0380602337      -271.1071412474
       13.1300000000         2.0411226872      -271.1071412474
       13.1350000000         2.0442983617      -288.1913438071
       13.1400000000         2.0475864738      -274.9036307051
       13.1450000000         2.0509862121      -280.5983648917
       13.1500000000         2.0544967379      -259.7176728743
       13.1550000000         2.0581171850      -273.0053859763
       13.1600000000         2.0618466600      -267.3106517897
       13.1650000000         2.0656842428      -286.2930990783
       13.1700000000         2.0696289865      -265.4124070609
       13.1750000000         2.0736799178      -288.1913438071
       13.1800000000         2.0778360372      -267.3106517897
       13.1850000000         2.0820963193      -263.5141623320
       13.1900000000         2.0864597129      -274.9036307051
       13.1950000000         2.0909251413      -273.0053859763
       13.2000000000         2.0954915028      -274.9036307051
       13.2050000000         2.1001576708      -278.7001201629
       13.2100000000         2.1049224938      -271.1071412474
       13.2150000000         2.1097847963      -276.8018754340
       13.2200000000         2.1147433786      -278.7001201629
       13.2250000000         2.1197970172      -252.1246939589
       13.2300000000         2.1249444652      -276.8018754340
       13.2350000000         2.1301844525      -257.8194281455
       13.2400000000         2.1355156863      -269.2088965186
       13.2450000000         2.1409368511      -263.5141623320
       13.2500000000         2.1464466094      -261.6159176032
       13.2550000000         2.1520436017      -267.3106517897
       13.2600000000         2.1577264470      -263.5141623320
       13.2650000000         2.1634937432      -276.8018754340
       13.2700000000         2.1693440673      -263.5141623320
       13.2750000000         2.1752759758      -271.1071412474
       13.2800000000         2.1812880051      -284.3948543494
       13.2850000000         2.1873786718      -255.9211834166
       13.2900000000         2.1935464732      -263.5141623320
       13.2950000000         2.1997898873      -265.4124070609
       13.3000000000         2.2061073739      -259.7176728743
       13.3050000000         2.2124973740      -263.5141623320
       13.3100000000         2.2189583111      -257.8194281455
       13.3150000000         2.2254885910      -252.1246939589
       13.3200000000         2.2320866025      -257.8194281455
       13.3250000000         2.2387507176      -259.7176728743
       13.3300000000         2.2454792921      -252.1246939589
       13.3350000000         2.2522706658      -257.8194281455
       13.3400000000         2.2591231629      -252.1246939589
       13.3450000000         2.2660350929      -250.2264492300
       13.3500000000         2.2730047501      -252.1246939589
       13.3550000000         2.2800304151      -250.2264492300
       13.3600000000         2.2871103542      -233.1422466704
       13.3650000000         2.2942428207      -229.3457572126
       13.3700000000         2.3014260547      -240.7352255858
       13.3750000000         2.3086582838      -242.6334703146
       13.3800000000         2.3159377237      -233.1422466704
       13.3850000000         2.3232625781      -236.9387361281
       13.3900000000         2.3306310399      -219.8545335684
       13.3950000000         2.3380412909      -236.9387361281
       13.4000000000         2.3454915028      -219.8545335684
       13.4050000000         2.3529798374      -233.1422466704
       13.4100000000         2.3605044470      -240.7352255858
       13.4150000000         2.3680634750      -210.3633099241
       13.4200000000         2.3756550564      -221.7527782972
       13.4250000000         2.3832773181      -197.0755968221
       13.4300000000         2.3909283793      -191.3808626356
       13.4350000000         2.3986063523      -202.7703310087
       13.4400000000         2.4063093427      -200.8720862798
       13.4450000000         2.4140354499      -200.8720862798
       13.4500000000         2.4217827675      -197.0755968221
       13.4550000000         2.4295493840      -178.0931495336
       13.4600000000         2.4373333832      -193.2791073644
       13.4650000000         2.4451328445      -183.7878837202
       13.4700000000         2.4529458433      -185.6861284490
       13.4750000000         2.4607704521      -183.7878837202
       13.4800000000         2.4686047402      -155.3142127873
       13.4850000000         2.4764467746      -183.7878837202
       13.4900000000         2.4842946205      -155.3142127873
       13.4950000000         2.4921463413      -166.7036811605
       13.5000000000         2.5000000000      -151.5177233296
       13.5050000000         2.5078536587      -126.8405418545
       13.5100000000         2.5157053795      -142.0264996854
       13.5150000000         2.5235532254       -98.3668709217
       13.5200000000         2.5313952598       -50.9107527004
       13.5250000000         2.5392295479       -18.6405923099
       13.5300000000         2.5470541567        13.6295680807
       13.5350000000         2.5548671555         2.2400997075
       13.5400000000         2.5626666168         0.3418549787
       13.5450000000         2.5704506160         0.3418549787
       13.5500000000         2.5782172325         2.2400997075
       13.5550000000         2.5859645501         2.2400997075
       13.5600000000         2.5936906573        -5.3528792079
       13.5650000000         2.6013936477        -3.4546344790
       13.5700000000         2.6090716207         7.9348338941
       13.5750000000         2.6167226819        70.5769099463
       13.5800000000         2.6243449436        53.4927073866
       13.5850000000         2.6319365250        51.5944626577
       13.5900000000         2.6394955530        55.3909521154
       13.5950000000         2.6470201626        51.5944626577
       13.6000000000         2.6545084972        64.8821757597
       13.6050000000         2.6619587091        55.3909521154
       13.6100000000         2.6693689601        72.4751546751
       13.6150000000         2.6767374219        72.4751546751
       13.6200000000         2.6840622763        81.9663783194
       13.6250000000         2.6913417162        78.1698888617
       13.6300000000         2.6985739453        74.3733994040
       13.6350000000         2.7057571793        72.4751546751
       13.6400000000         2.7128896458        81.9663783194
       13.6450000000         2.7199695849        81.9663783194
       13.6500000000         2.7269952499        85.7628677771
       13.6550000000         2.7339649071        85.7628677771
       13.6600000000         2.7408768371        87.6611125060
       13.6650000000         2.7477293342       106.6435597945
       13.6700000000         2.7545207079       100.9488256079
       13.6750000000         2.7612492824       108.5418045234
       13.6800000000         2.7679133975       104.7453150657
       13.6850000000         2.7745114090       106.6435597945
       13.6900000000         2.7810416889       116.1347834388
       13.6950000000         2.7875026260       114.2365387099
       13.7000000000         2.7938926261       119.9312728965
       13.7050000000         2.8002101127       110.4400492522
       13.7100000000         2.8064535268       131.3207412696
       13.7150000000         2.8126213282       121.8295176253
       13.7200000000         2.8187119949       131.3207412696
       13.7250000000         2.8247240242       135.1172307273
       13.7300000000         2.8306559327       137.0154754562
       13.7350000000         2.8365062568       129.4224965408
       13.7400000000         2.8422735530       138.9137201850
       13.7450000000         2.8479563983       148.4049438293
       13.7500000000         2.8535533906       138.9137201850
       13.7550000000         2.8590631489       146.5066991004
       13.7600000000         2.8644843137       144.6084543716
       13.7650000000         2.8698155475       138.9137201850
       13.7700000000         2.8750555348       155.9979227447
       13.7750000000         2.8802029828       157.8961674736
       13.7800000000         2.8852566214       152.2014332870
       13.7850000000         2.8902152037       161.6926569313
       13.7900000000         2.8950775062       167.3873911178
       13.7950000000         2.8998423292       163.5909016601
       13.8000000000         2.9045084972       174.9803700332
       13.8050000000         2.9090748587       178.7768594910
       13.8100000000         2.9135402871       169.2856358467
       13.8150000000         2.9179036807       188.2680831352
       13.8200000000         2.9221639628       182.5733489487
       13.8250000000         2.9263200822       184.4715936775
       13.8300000000         2.9303710135       193.9628173218
       13.8350000000         2.9343157572       203.4540409661
       13.8400000000         2.9381533400       205.3522856949
       13.8450000000         2.9418828150       190.1663278641
       13.8500000000         2.9455032621       207.2505304238
       13.8550000000         2.9490137879       193.9628173218
       13.8600000000         2.9524135262       214.8435093392
       13.8650000000         2.9557016383       201.5557962372
       13.8700000000         2.9588773128       222.4364882546
       13.8750000000         2.9619397663       218.6399987969
       13.8800000000         2.9648882429       218.6399987969
       13.8850000000         2.9677220154       220.5382435257
       13.8900000000         2.9704403845       224.3347329835
       13.8950000000         2.9730426794       224.3347329835
       13.9000000000         2.9755282581       224.3347329835
       13.9050000000         2.9778965074       233.8259566277
       13.9100000000         2.9801468428       222.4364882546
       13.9150000000         2.9822787092       226.2329777123
       13.9200000000         2.9842915806       231.9277118989
       13.9250000000         2.9861849602       230.0294671700
       13.9300000000         2.9879583810       243.3171802720
       13.9350000000         2.9896114053       231.9277118989
       13.9400000000         2.9911436254       233.8259566277
       13.9450000000         2.9925546631       245.2154250008
       13.9500000000         2.9938441703       243.3171802720
       13.9550000000         2.9950118289       239.5206908143
       13.9600000000         2.9960573507       239.5206908143
       13.9650000000         2.9969804777       241.4189355431
       13.9700000000         2.9977809823       250.9101591874
       13.9750000000         2.9984586669       235.7242013566
       13.9800000000         2.9990133642       256.6048933740
       13.9850000000         2.9994449375       250.9101591874
       13.9900000000         2.9997532802       249.0119144586
       13.9950000000         2.9999383162       266.0961170182
       14.0000000000         3.0000000000       250.9101591874
       14.0050000000         2.9999383162       264.1978722894
       14.0100000000         2.9997532802       264.1978722894
       14.0150000000         2.9994449375       267.9943617471
       14.0200000000         2.9990133642       260.4013828317
       14.0250000000         2.9984586669       254.7066486451
       14.0300000000         2.9977809823       266.0961170182
       14.0350000000         2.9969804777       258.5031381028
       14.0400000000         2.9960573507       245.2154250008
       14.0450000000         2.9950118289       249.0119144586
       14.0500000000         2.9938441703       266.0961170182
       14.0550000000         2.9925546631       258.5031381028
       14.0600000000         2.9911436254       260.4013828317
       14.0650000000         2.9896114053       269.8926064759
       14.0700000000         2.9879583810       260.4013828317
       14.0750000000         2.9861849602       271.7908512048
       14.0800000000         2.9842915806       262.2996275605
       14.0850000000         2.9822787092       275.5873406625
       14.0900000000         2.9801468428       258.5031381028
       14.0950000000         2.9778965074       267.9943617471
       14.1000000000         2.9755282581       266.0961170182
       14.1050000000         2.9730426794       269.8926064759
       14.1100000000         2.9704403845       273.6890959337
       14.1150000000         2.9677220154       264.1978722894
       14.1200000000         2.9648882429       283.1803195779
       14.1250000000         2.9619397663       256.6048933740
       14.1300000000         2.9588773128       269.8926064759
       14.1350000000         2.9557016383       264.1978722894
       14.1400000000         2.9524135262       275.5873406625
       14.1450000000         2.9490137879       266.0961170182
       14.1500000000         2.9455032621       262.2996275605
       14.1550000000         2.9418828150       267.9943617471
       14.1600000000         2.9381533400       264.1978722894
       14.1650000000         2.9343157572       258.5031381028
       14.1700000000         2.9303710135       266.0961170182
       14.1750000000         2.9263200822       271.7908512048
       14.1800000000         2.9221639628       260.4013828317
       14.1850000000         2.9179036807       267.9943617471
       14.1900000000         2.9135402871       254.7066486451
       14.1950000000         2.9090748587       267.9943617471
       14.2000000000         2.9045084972       262.2996275605
       14.2050000000         2.8998423292       267.9943617471
       14.2100000000         2.8950775062       258.5031381028
       14.2150000000         2.8902152037       260.4013828317
       14.2200000000         2.8852566214       258.5031381028
       14.2250000000         2.8802029828       250.9101591874
       14.2300000000         2.8750555348       258.5031381028
       14.2350000000         2.8698155475       266.0961170182
       14.2400000000         2.8644843137       258.5031381028
       14.2450000000         2.8590631489       260.4013828317
       14.2500000000         2.8535533906       249.0119144586
       14.2550000000         2.8479563983       252.8084039163
       14.2600000000         2.8422735530       250.9101591874
       14.2650000000         2.8365062568       260.4013828317
       14.2700000000         2.8306559327       239.5206908143
       14.2750000000         2.8247240242       249.0119144586
       14.2800000000         2.8187119949       247.1136697297
       14.2850000000         2.8126213282       239.5206908143
       14.2900000000         2.8064535268       250.9101591874
       14.2950000000         2.8002101127       237.6224460854
       14.3000000000         2.7938926261       243.3171802720
       14.3050000000         2.7875026260       233.8259566277
       14.3100000000         2.7810416889       211.0470198815
       14.3150000000         2.7745114090       237.6224460854
       14.3200000000         2.7679133975       226.2329777123
       14.3250000000         2.7612492824       237.6224460854
       14.3300000000         2.7545207079       220.5382435257
       14.3350000000         2.7477293342       228.1312224412
       14.3400000000         2.7408768371       237.6224460854
       14.3450000000         2.7339649071       211.0470198815
       14.3500000000         2.7269952499       224.3347329835
       14.3550000000         2.7199695849       220.5382435257
       14.3600000000         2.7128896458       207.2505304238
       14.3650000000         2.7057571793       214.8435093392
       14.3700000000         2.6985739453       209.1487751526
       14.3750000000         2.6913417162       214.8435093392
       14.3800000000         2.6840622763       211.0470198815
       14.3850000000         2.6767374219       184.4715936775
       14.3900000000         2.6693689601       201.5557962372
       14.3950000000         2.6619587091       184.4715936775
       14.4000000000         2.6545084972       184.4715936775
       14.4050000000         2.6470201626       190.1663278641
       14.4100000000         2.6394955530       163.5909016601
       14.4150000000         2.6319365250       178.7768594910
       14.4200000000         2.6243449436       182.5733489487
       14.4250000000         2.6167226819       173.0821253044
       14.4300000000         2.6090716207       171.1838805755
       14.4350000000         2.6013936477       173.0821253044
       14.4400000000         2.5936906573       169.2856358467
       14.4450000000         2.5859645501       159.7944122024
       14.4500000000         2.5782172325       155.9979227447
       14.4550000000         2.5704506160       144.6084543716
       14.4600000000         2.5626666168       144.6084543716
       14.4650000000         2.5548671555       138.9137201850
       14.4700000000         2.5470541567       138.9137201850
       14.4750000000         2.5392295479       131.3207412696
       14.4800000000         2.5313952598       137.0154754562
       14.4850000000         2.5235532254       131.3207412696
       14.4900000000         2.5157053795       125.6260070830
       14.4950000000         2.5078536587       125.6260070830
       14.5000000000         2.5000000000       121.8295176253
       14.5050000000         2.4921463413       114.2365387099
       14.5100000000         2.4842946205        97.1523361502
       14.5150000000         2.4764467746        80.0681335906
       14.5200000000         2.4686047402        26.9172811826
       14.5250000000         2.4607704521        -7.2511239367
       14.5300000000         2.4529458433        -7.2511239367
       14.5350000000         2.4451328445         7.9348338941
       14.5400000000         2.4373333832        -3.4546344790
       14.5450000000         2.4295493840         2.2400997075
       14.5500000000         2.4217827675         2.2400997075
       14.5550000000         2.4140354499         2.2400997075
       14.5600000000         2.4063093427       -22.4370817676
       14.5650000000         2.3986063523      -126.8405418545
       14.5700000000         2.3909283793       -64.1984658024
       14.5750000000         2.3832773181       -88.8756472775
       14.5800000000         2.3756550564       -83.1809130909
       14.5850000000         2.3680634750       -94.5703814640
       14.5900000000         2.3605044470       -85.0791578197
       14.5950000000         2.3529798374      -104.0616051083
       14.6000000000         2.3454915028      -117.3493182103
       14.6050000000         2.3380412909      -104.0616051083
       14.6100000000         2.3306310399      -104.0616051083
       14.6150000000         2.3232625781      -105.9598498371
       14.6200000000         2.3159377237      -124.9422971257
       14.6250000000         2.3086582838      -105.9598498371
       14.6300000000         2.3014260547      -121.1458076680
       14.6350000000         2.2942428207      -115.4510734814
       14.6400000000         2.2871103542      -130.6370313122
       14.6450000000         2.2800304151      -123.0440523968
       14.6500000000         2.2730047501      -132.5352760411
       14.6550000000         2.2660350929      -136.3317654988
       14.6600000000         2.2591231629      -132.5352760411
       14.6650000000         2.2522706658      -145.8229891431
       14.6700000000         2.2454792921      -134.4335207699
       14.6750000000         2.2387507176      -149.6194786008
       14.6800000000         2.2320866025      -143.9247444142
       14.6850000000         2.2254885910      -151.5177233296
       14.6900000000         2.2189583111      -143.9247444142
       14.6950000000         2.2124973740      -147.7212338719
       14.7000000000         2.2061073739      -155.3142127873
       14.7050000000         2.1997898873      -161.0089469739
       14.7100000000         2.1935464732      -172.3984153470
       14.7150000000         2.1873786718      -159.1107022450
       14.7200000000         2.1812880051      -157.2124575162
       14.7250000000         2.1752759758      -172.3984153470
       14.7300000000         2.1693440673      -168.6019258893
       14.7350000000         2.1634937432      -170.5001706182
       14.7400000000         2.1577264470      -164.8054364316
       14.7450000000         2.1520436017      -176.1949048047
       14.7500000000         2.1464466094      -145.8229891431
       14.7550000000         2.1409368511      -178.0931495336
       14.7600000000         2.1355156863      -185.6861284490
       14.7650000000         2.1301844525      -174.2966600759
       14.7700000000         2.1249444652      -176.1949048047
       14.7750000000         2.1197970172      -183.7878837202
       14.7800000000         2.1147433786      -193.2791073644
       14.7850000000         2.1097847963      -189.4826179067
       14.7900000000         2.1049224938      -191.3808626356
       14.7950000000         2.1001576708      -197.0755968221
       14.8000000000         2.0954915028      -195.1773520933
       14.8050000000         2.0909251413      -204.6685757375
       14.8100000000         2.0864597129      -200.8720862798
       14.8150000000         2.0820963193      -204.6685757375
       14.8200000000         2.0778360372      -198.9738415510
       14.8250000000         2.0736799178      -208.4650651953
       14.8300000000         2.0696289865      -202.7703310087
       14.8350000000         2.0656842428      -217.9562888395
       14.8400000000         2.0618466600      -206.5668204664
       14.8450000000         2.0581171850      -204.6685757375
       14.8500000000         2.0544967379      -206.5668204664
       14.8550000000         2.0509862121      -204.6685757375
       14.8600000000         2.0475864738      -219.8545335684
       14.8650000000         2.0442983617      -217.9562888395
       14.8700000000         2.0411226872      -214.1597993818
       14.8750000000         2.0380602337      -210.3633099241
       14.8800000000         2.0351117571      -225.5492677549
       14.8850000000         2.0322779846      -214.1597993818
       14.8900000000         2.0295596155      -227.4475124838
       14.8950000000         2.0269573206      -229.3457572126
       14.9000000000         2.0244717419      -225.5492677549
       14.9050000000         2.0221034926      -210.3633099241
       14.9100000000         2.0198531572      -233.1422466704
       14.9150000000         2.0177212908      -227.4475124838
       14.9200000000         2.0157084194      -236.9387361281
       14.9250000000         2.0138150398      -233.1422466704
       14.9300000000         2.0120416190      -221.7527782972
       14.9350000000         2.0103885947      -257.8194281455
       14.9400000000         2.0088563746      -227.4475124838
       14.9450000000         2.0074453369      -248.3282045012
       14.9500000000         2.0061558297      -233.1422466704
       14.9550000000         2.0049881711      -240.7352255858
       14.9600000000         2.0039426493      -261.6159176032
       14.9650000000         2.0030195223      -221.7527782972
       14.9700000000         2.0022190177      -257.8194281455
       14.9750000000         2.0015413331      -240.7352255858
       14.9800000000         2.0009866358      -259.7176728743
       14.9850000000         2.0005550625      -255.9211834166
       14.9900000000         2.0002467198      -255.9211834166
       14.9950000000         2.0000616838      -276.8018754340
       15.0000000000         2.0000000000      -248.3282045012
       15.0050000000         2.0000616838      -267.3106517897
       15.0100000000         2.0002467198      -278.7001201629
       15.0150000000         2.0005550625      -267.3106517897
       15.0200000000         2.0009866358      -274.9036307051
       15.0250000000         2.0015413331      -248.3282045012
       15.0300000000         2.0022190177      -276.8018754340
       15.0350000000         2.0030195223      -265.4124070609
       15.0400000000         2.0039426493      -265.4124070609
       15.0450000000         2.0049881711      -274.9036307051
       15.0500000000         2.0061558297      -263.5141623320
       15.0550000000         2.0074453369      -278.7001201629
       15.0600000000         2.0088563746      -263.5141623320
       15.0650000000         2.0103885947      -288.1913438071
       15.0700000000         2.0120416190      -269.2088965186
       15.0750000000         2.0138150398      -284.3948543494
       15.0800000000         2.0157084194      -244.5317150435
       15.0850000000         2.0177212908      -280.5983648917
       15.0900000000         2.0198531572      -261.6159176032
       15.0950000000         2.0221034926      -278.7001201629
       15.1000000000         2.0244717419      -282.4966096206
       15.1050000000         2.0269573206      -263.5141623320
       15.1100000000         2.0295596155      -293.8860779937
       15.1150000000         2.0322779846      -267.3106517897
       15.1200000000         2.0351117571      -280.5983648917
       15.1250000000         2.0380602337      -274.9036307051
       15.1300000000         2.0411226872      -274.9036307051
       15.1350000000         2.0442983617      -284.3948543494
       15.1400000000         2.0475864738      -290.0895885360
       15.1450000000         2.0509862121      -282.4966096206
       15.1500000000         2.0544967379      -284.3948543494
       15.1550000000         2.0581171850      -267.3106517897
       15.1600000000         2.0618466600      -284.3948543494
       15.1650000000         2.0656842428      -271.1071412474
       15.1700000000         2.0696289865      -269.2088965186
       15.1750000000         2.0736799178      -282.4966096206
       15.1800000000         2.0778360372      -261.6159176032
       15.1850000000         2.0820963193      -282.4966096206
       15.1900000000         2.0864597129      -271.1071412474
       15.1950000000         2.0909251413      -286.2930990783
       15.2000000000         2.0954915028      -280.5983648917
       15.2050000000         2.1001576708      -276.8018754340
       15.2100000000         2.1049224938      -276.8018754340
       15.2150000000         2.1097847963      -273.0053859763
       15.2200000000         2.1147433786      -278.7001201629
       15.2250000000         2.1197970172      -282.4966096206
       15.2300000000         2.1249444652      -271.1071412474
       15.2350000000         2.1301844525      -278.7001201629
       15.2400000000         2.1355156863      -265.4124070609
       15.2450000000         2.1409368511      -271.1071412474
       15.2500000000         2.1464466094      -282.4966096206
       15.2550000000         2.1520436017      -263.5141623320
       15.2600000000         2.1577264470      -282.4966096206
       15.2650000000         2.1634937432      -278.7001201629
       15.2700000000         2.1693440673      -271.1071412474
       15.2750000000         2.1752759758      -276.8018754340
       15.2800000000         2.1812880051      -261.6159176032
       15.2850000000         2.1873786718      -255.9211834166
       15.2900000000         2.1935464732      -259.7176728743
       15.2950000000         2.1997898873      -269.2088965186
       15.3000000000         2.2061073739      -259.7176728743
       15.3050000000         2.2124973740      -273.0053859763
       15.3100000000         2.2189583111      -248.3282045012
       15.3150000000         2.2254885910      -244.5317150435
       15.3200000000         2.2320866025      -254.0229386877
       15.3250000000         2.2387507176      -240.7352255858
       15.3300000000         2.2454792921      -280.5983648917
       15.3350000000         2.2522706658      -238.8369808569
       15.3400000000         2.2591231629      -248.3282045012
       15.3450000000         2.2660350929      -229.3457572126
       15.3500000000         2.2730047501      -231.2440019415
       15.3550000000         2.2800304151      -236.9387361281
       15.3600000000         2.2871103542      -227.4475124838
       15.3650000000         2.2942428207      -242.6334703146
       15.3700000000         2.3014260547      -219.8545335684
       15.3750000000         2.3086582838      -229.3457572126
       15.3800000000         2.3159377237      -217.9562888395
       15.3850000000         2.3232625781      -221.7527782972
       15.3900000000         2.3306310399      -212.2615546530
       15.3950000000         2.3380412909      -225.5492677549
       15.4000000000         2.3454915028      -202.7703310087
       15.4050000000         2.3529798374      -219.8545335684
       15.4100000000         2.3605044470      -198.9738415510
       15.4150000000         2.3680634750      -210.3633099241
       15.4200000000         2.3756550564      -197.0755968221
       15.4250000000         2.3832773181      -189.4826179067
       15.4300000000         2.3909283793      -193.2791073644
       15.4350000000         2.3986063523      -185.6861284490
       15.4400000000         2.4063093427      -189.4826179067
       15.4450000000         2.4140354499      -187.5843731779
       15.4500000000         2.4217827675      -187.5843731779
       15.4550000000         2.4295493840      -176.1949048047
       15.4600000000         2.4373333832      -189.4826179067
       15.4650000000         2.4451328445      -164.8054364316
       15.4700000000         2.4529458433      -172.3984153470
       15.4750000000         2.4607704521      -161.0089469739
       15.4800000000         2.4686047402      -166.7036811605
       15.4850000000         2.4764467746      -157.2124575162
       15.4900000000         2.4842946205      -161.0089469739
       15.4950000000         2.4921463413      -142.0264996854
       15.5000000000         2.5000000000      -159.1107022450
       15.5050000000         2.5078536587      -124.9422971257
       15.5100000000         2.5157053795      -113.5528287526
       15.5150000000         2.5235532254      -105.9598498371
       15.5200000000         2.5313952598       -58.5037316158
       15.5250000000         2.5392295479       -16.7423475810
       15.5300000000         2.5470541567        11.7313233518
       15.5350000000         2.5548671555        -3.4546344790
       15.5400000000         2.5626666168         2.2400997075
       15.5450000000         2.5704506160        -7.2511239367
       15.5500000000         2.5782172325         6.0365891652
       15.5550000000         2.5859645501         0.3418549787
       15.5600000000         2.5936906573        -3.4546344790
       15.5650000000         2.6013936477        -3.4546344790
       15.5700000000         2.6090716207        -7.2511239367
       15.5750000000         2.6167226819        74.3733994040
       15.5800000000         2.6243449436        53.4927073866
       15.5850000000         2.6319365250        62.9839310309
       15.5900000000         2.6394955530        47.7979732000
       15.5950000000         2.6470201626        53.4927073866
       15.6000000000         2.6545084972        53.4927073866
       15.6050000000         2.6619587091        57.2891968443
       15.6100000000         2.6693689601        68.6786652174
       15.6150000000         2.6767374219        66.7804204886
       15.6200000000         2.6840622763        61.0856863020
       15.6250000000         2.6913417162        66.7804204886
       15.6300000000         2.6985739453        78.1698888617
       15.6350000000         2.7057571793        70.5769099463
       15.6400000000         2.7128896458        83.8646230483
       15.6450000000         2.7199695849        76.2716441328
       15.6500000000         2.7269952499        76.2716441328
       15.6550000000         2.7339649071        91.4576019637
       15.6600000000         2.7408768371        91.4576019637
       15.6650000000         2.7477293342        95.2540914214
       15.6700000000         2.7545207079        93.3558466925
       15.6750000000         2.7612492824        95.2540914214
       15.6800000000         2.7679133975       102.8470703368
       15.6850000000         2.7745114090       100.9488256079
       15.6900000000         2.7810416889       106.6435597945
       15.6950000000         2.7875026260       104.7453150657
       15.7000000000         2.7938926261       110.4400492522
       15.7050000000         2.8002101127       118.0330281676
       15.7100000000         2.8064535268       108.5418045234
       15.7150000000         2.8126213282       116.1347834388
       15.7200000000         2.8187119949       125.6260070830
       15.7250000000         2.8247240242       119.9312728965
       15.7300000000         2.8306559327       131.3207412696
       15.7350000000         2.8365062568       116.1347834388
       15.7400000000         2.8422735530       144.6084543716
       15.7450000000         2.8479563983       123.7277623542
       15.7500000000         2.8535533906       140.8119649139
       15.7550000000         2.8590631489       140.8119649139
       15.7600000000         2.8644843137       137.0154754562
       15.7650000000         2.8698155475       142.7102096427
       15.7700000000         2.8750555348       154.0996780159
       15.7750000000         2.8802029828       148.4049438293
       15.7800000000         2.8852566214       155.9979227447
       15.7850000000         2.8902152037       146.5066991004
       15.7900000000         2.8950775062       159.7944122024
       15.7950000000         2.8998423292       150.3031885581
       15.8000000000         2.9045084972       173.0821253044
       15.8050000000         2.9090748587       161.6926569313
       15.8100000000         2.9135402871       161.6926569313
       15.8150000000         2.9179036807       184.4715936775
       15.8200000000         2.9221639628       165.4891463890
       15.8250000000         2.9263200822       188.2680831352
       15.8300000000         2.9303710135       174.9803700332
       15.8350000000         2.9343157572       174.9803700332
       15.8400000000         2.9381533400       184.4715936775
       15.8450000000         2.9418828150       174.9803700332
       15.8500000000         2.9455032621       192.0645725929
       15.8550000000         2.9490137879       199.6575515084
       15.8600000000         2.9524135262       184.4715936775
       15.8650000000         2.9557016383       203.4540409661
       15.8700000000         2.9588773128       193.9628173218
       15.8750000000         2.9619397663       203.4540409661
       15.8800000000         2.9648882429       197.7593067795
       15.8850000000         2.9677220154       201.5557962372
       15.8900000000         2.9704403845       212.9452646103
       15.8950000000         2.9730426794       211.0470198815
       15.9000000000         2.9755282581       228.1312224412
       15.9050000000         2.9778965074       201.5557962372
       15.9100000000         2.9801468428       230.0294671700
       15.9150000000         2.9822787092       220.5382435257
       15.9200000000         2.9842915806       222.4364882546
       15.9250000000         2.9861849602       235.7242013566
       15.9300000000         2.9879583810       230.0294671700
       15.9350000000         2.9896114053       222.4364882546
       15.9400000000         2.9911436254       235.7242013566
       15.9450000000         2.9925546631       230.0294671700
       15.9500000000         2.9938441703       245.2154250008
       15.9550000000         2.9950118289       237.6224460854
       15.9600000000         2.9960573507       252.8084039163
       15.9650000000         2.9969804777       245.2154250008
       15.9700000000         2.9977809823       241.4189355431
       15.9750000000         2.9984586669       254.7066486451
       15.9800000000         2.9990133642       249.0119144586
       15.9850000000         2.9994449375       252.8084039163
       15.9900000000         2.9997532802       258.5031381028
       15.9950000000         2.9999383162       254.7066486451
       16.0000000000         3.0000000000       252.8084039163
       16.0050000000         2.9999383162       252.8084039163
       16.0100000000         2.9997532802       260.4013828317
       16.0150000000         2.9994449375       254.7066486451
       16.0200000000         2.9990133642       252.8084039163
       16.0250000000         2.9984586669       266.0961170182
       16.0300000000         2.9977809823       260.4013828317
       16.0350000000         2.9969804777       264.1978722894
       16.0400000000         2.9960573507       262.2996275605
       16.0450000000         2.9950118289       267.9943617471
       16.0500000000         2.9938441703       262.2996275605
       16.0550000000         2.9925546631       267.9943617471
       16.0600000000         2.9911436254       267.9943617471
       16.0650000000         2.9896114053       239.5206908143
       16.0700000000         2.9879583810       273.6890959337
       16.0750000000         2.9861849602       267.9943617471
       16.0800000000         2.9842915806       264.1978722894
       16.0850000000         2.9822787092       264.1978722894
       16.0900000000         2.9801468428       275.5873406625
       16.0950000000         2.9778965074       264.1978722894
       16.1000000000         2.9755282581       258.5031381028
       16.1050000000         2.9730426794       267.9943617471
       16.1100000000         2.9704403845       254.7066486451
       16.1150000000         2.9677220154       266.0961170182
       16.1200000000         2.9648882429       245.2154250008
       16.1250000000         2.9619397663       264.1978722894
       16.1300000000         2.9588773128       264.1978722894
       16.1350000000         2.9557016383       249.0119144586
       16.1400000000         2.9524135262       266.0961170182
       16.1450000000         2.9490137879       262.2996275605
       16.1500000000         2.9455032621       267.9943617471
       16.1550000000         2.9418828150       264.1978722894
       16.1600000000         2.9381533400       271.7908512048
       16.1650000000         2.9343157572       245.2154250008
       16.1700000000         2.9303710135       264.1978722894
       16.1750000000         2.9263200822       256.6048933740
       16.1800000000         2.9221639628       254.7066486451
       16.1850000000         2.9179036807       252.8084039163
       16.1900000000         2.9135402871       260.4013828317
       16.1950000000         2.9090748587       266.0961170182
       16.2000000000         2.9045084972       245.2154250008
       16.2050000000         2.8998423292       247.1136697297
       16.2100000000         2.8950775062       235.7242013566
       16.2150000000         2.8902152037       252.8084039163
       16.2200000000         2.8852566214       258.5031381028
       16.2250000000         2.8802029828       249.0119144586
       16.2300000000         2.8750555348       260.4013828317
       16.2350000000         2.8698155475       252.8084039163
       16.2400000000         2.8644843137       247.1136697297
       16.2450000000         2.8590631489       245.2154250008
       16.2500000000         2.8535533906       250.9101591874
       16.2550000000         2.8479563983       243.3171802720
       16.2600000000         2.8422735530       243.3171802720
       16.2650000000         2.8365062568       245.2154250008
       16.2700000000         2.8306559327       233.8259566277
       16.2750000000         2.8247240242       233.8259566277
       16.2800000000         2.8187119949       230.0294671700
       16.2850000000         2.8126213282       231.9277118989
       16.2900000000         2.8064535268       252.8084039163
       16.2950000000         2.8002101127       226.2329777123
       16.3000000000         2.7938926261       237.6224460854
       16.3050000000         2.7875026260       233.8259566277
       16.3100000000         2.7810416889       222.4364882546
       16.3150000000         2.7745114090       235.7242013566
       16.3200000000         2.7679133975       226.2329777123
       16.3250000000         2.7612492824       230.0294671700
       16.3300000000         2.7545207079       230.0294671700
       16.3350000000         2.7477293342       226.2329777123
       16.3400000000         2.7408768371       222.4364882546
       16.3450000000         2.7339649071       214.8435093392
       16.3500000000         2.7269952499       212.9452646103
       16.3550000000         2.7199695849       212.9452646103
       16.3600000000         2.7128896458       197.7593067795
       16.3650000000         2.7057571793       201.5557962372
       16.3700000000         2.6985739453       205.3522856949
       16.3750000000         2.6913417162       197.7593067795
       16.3800000000         2.6840622763       205.3522856949
       16.3850000000         2.6767374219       190.1663278641
       16.3900000000         2.6693689601       186.3698384064
       16.3950000000         2.6619587091       193.9628173218
       16.4000000000         2.6545084972       195.8610620506
       16.4050000000         2.6470201626       188.2680831352
       16.4100000000         2.6394955530       193.9628173218
       16.4150000000         2.6319365250       178.7768594910
       16.4200000000         2.6243449436       184.4715936775
       16.4250000000         2.6167226819       174.9803700332
       16.4300000000         2.6090716207       186.3698384064
       16.4350000000         2.6013936477       163.5909016601
       16.4400000000         2.5936906573       167.3873911178
       16.4450000000         2.5859645501       171.1838805755
       16.4500000000         2.5782172325       154.0996780159
       16.4550000000         2.5704506160       155.9979227447
       16.4600000000         2.5626666168       150.3031885581
       16.4650000000         2.5548671555       157.8961674736
       16.4700000000         2.5470541567       150.3031885581
       16.4750000000         2.5392295479       142.7102096427
       16.4800000000         2.5313952598       144.6084543716
       16.4850000000         2.5235532254       137.0154754562
       16.4900000000         2.5157053795       135.1172307273
       16.4950000000         2.5078536587       129.4224965408
       16.5000000000         2.5000000000       131.3207412696
       16.5050000000         2.4921463413       116.1347834388
       16.5100000000         2.4842946205       108.5418045234
       16.5150000000         2.4764467746        85.7628677771
       16.5200000000         2.4686047402        40.2049942846
       16.5250000000         2.4607704521         0.3418549787
       16.5300000000         2.4529458433       -12.9458581233
       16.5350000000         2.4451328445        -5.3528792079
       16.5400000000         2.4373333832         6.0365891652
       16.5450000000         2.4295493840         9.8330786230
       16.5500000000         2.4217827675         2.2400997075
       16.5550000000         2.4140354499        -5.3528792079
       16.5600000000         2.4063093427        -3.4546344790
       16.5650000000         2.3986063523       -90.7738920063
       16.5700000000         2.3909283793      -104.0616051083
       16.5750000000         2.3832773181       -64.1984658024
       16.5800000000         2.3756550564      -100.2651156506
       16.5850000000         2.3680634750       -58.5037316158
       16.5900000000         2.3605044470      -111.6545840237
       16.5950000000         2.3529798374       -98.3668709217
       16.6000000000         2.3454915028      -121.1458076680
       16.6050000000         2.3380412909      -111.6545840237
       16.6100000000         2.3306310399       -90.7738920063
       16.6150000000         2.3232625781      -115.4510734814
       16.6200000000         2.3159377237      -111.6545840237
       16.6250000000         2.3086582838      -117.3493182103
       16.6300000000         2.3014260547      -124.9422971257
       16.6350000000         2.2942428207      -111.6545840237
       16.6400000000         2.2871103542      -124.9422971257
       16.6450000000         2.2800304151      -119.2475629391
       16.6500000000         2.2730047501      -136.3317654988
       16.6550000000         2.2660350929      -126.8405418545
       16.6600000000         2.2591231629      -128.7387865834
       16.6650000000         2.2522706658      -126.8405418545
       16.6700000000         2.2454792921      -128.7387865834
       16.6750000000         2.2387507176      -134.4335207699
       16.6800000000         2.2320866025      -136.3317654988
       16.6850000000         2.2254885910      -143.9247444142
       16.6900000000         2.2189583111      -134.4335207699
       16.6950000000         2.2124973740      -132.5352760411
       16.7000000000         2.2061073739      -142.0264996854
       16.7050000000         2.1997898873      -155.3142127873
       16.7100000000         2.1935464732      -145.8229891431
       16.7150000000         2.1873786718      -155.3142127873
       16.7200000000         2.1812880051      -147.7212338719
       16.7250000000         2.1752759758      -151.5177233296
       16.7300000000         2.1693440673      -157.2124575162
       16.7350000000         2.1634937432      -140.1282549565
       16.7400000000         2.1577264470      -161.0089469739
       16.7450000000         2.1520436017      -157.2124575162
       16.7500000000         2.1464466094      -162.9071917028
       16.7550000000         2.1409368511      -164.8054364316
       16.7600000000         2.1355156863      -168.6019258893
       16.7650000000         2.1301844525      -168.6019258893
       16.7700000000         2.1249444652      -170.5001706182
       16.7750000000         2.1197970172      -168.6019258893
       16.7800000000         2.1147433786      -176.1949048047
       16.7850000000         2.1097847963      -181.8896389913
       16.7900000000         2.1049224938      -176.1949048047
       16.7950000000         2.1001576708      -204.6685757375
       16.8000000000         2.0954915028      -187.5843731779
       16.8050000000         2.0909251413      -176.1949048047
       16.8100000000         2.0864597129      -187.5843731779
       16.8150000000         2.0820963193      -191.3808626356
       16.8200000000         2.0778360372      -206.5668204664
       16.8250000000         2.0736799178      -191.3808626356
       16.8300000000         2.0696289865      -200.8720862798
       16.8350000000         2.0656842428      -202.7703310087
       16.8400000000         2.0618466600      -198.9738415510
       16.8450000000         2.0581171850      -221.7527782972
       16.8500000000         2.0544967379      -204.6685757375
       16.8550000000         2.0509862121      -212.2615546530
       16.8600000000         2.0475864738      -206.5668204664
       16.8650000000         2.0442983617      -214.1597993818
       16.8700000000         2.0411226872      -210.3633099241
       16.8750000000         2.0380602337      -223.6510230261
       16.8800000000         2.0351117571      -216.0580441107
       16.8850000000         2.0322779846      -223.6510230261
       16.8900000000         2.0295596155      -235.0404913992
       16.8950000000         2.0269573206      -238.8369808569
       16.9000000000         2.0244717419      -242.6334703146
       16.9050000000         2.0221034926      -221.7527782972
       16.9100000000         2.0198531572      -244.5317150435
       16.9150000000         2.0177212908      -244.5317150435
       16.9200000000         2.0157084194      -238.8369808569
       16.9250000000         2.0138150398      -248.3282045012
       16.9300000000         2.0120416190      -242.6334703146
       16.9350000000         2.0103885947      -240.7352255858
       16.9400000000         2.0088563746      -252.1246939589
       16.9450000000         2.0074453369      -255.9211834166
       16.9500000000         2.0061558297      -244.5317150435
       16.9550000000         2.0049881711      -261.6159176032
       16.9600000000         2.0039426493      -248.3282045012
       16.9650000000         2.0030195223      -274.9036307051
       16.9700000000         2.0022190177      -257.8194281455
       16.9750000000         2.0015413331      -265.4124070609
       16.9800000000         2.0009866358      -255.9211834166
       16.9850000000         2.0005550625      -271.1071412474
       16.9900000000         2.0002467198      -273.0053859763
       16.9950000000         2.0000616838      -257.8194281455
       17.0000000000         2.0000000000      -274.9036307051
       17.0050000000         2.0000616838      -259.7176728743
       17.0100000000         2.0002467198      -278.7001201629
       17.0150000000         2.0005550625      -252.1246939589
       17.0200000000         2.0009866358      -276.8018754340
       17.0250000000         2.0015413331      -271.1071412474
       17.0300000000         2.0022190177      -273.0053859763
       17.0350000000         2.0030195223      -290.0895885360
       17.0400000000         2.0039426493      -255.9211834166
       17.0450000000         2.0049881711      -282.4966096206
       17.0500000000         2.0061558297      -273.0053859763
       17.0550000000         2.0074453369      -282.4966096206
       17.0600000000         2.0088563746      -284.3948543494
       17.0650000000         2.0103885947      -274.9036307051
       17.0700000000         2.0120416190      -278.7001201629
       17.0750000000         2.0138150398      -282.4966096206
       17.0800000000         2.0157084194      -261.6159176032
       17.0850000000         2.0177212908      -288.1913438071
       17.0900000000         2.0198531572      -274.9036307051
       17.0950000000         2.0221034926      -273.0053859763
       17.1000000000         2.0244717419      -276.8018754340
       17.1050000000         2.0269573206      -263.5141623320
       17.1100000000         2.0295596155      -286.2930990783
       17.1150000000         2.0322779846      -273.0053859763
       17.1200000000         2.0351117571      -286.2930990783
       17.1250000000         2.0380602337      -288.1913438071
       17.1300000000         2.0411226872      -286.2930990783
       17.1350000000         2.0442983617      -291.9878332648
       17.1400000000         2.0475864738      -276.8018754340
       17.1450000000         2.0509862121      -273.0053859763
       17.1500000000         2.0544967379      -291.9878332648
       17.1550000000         2.0581171850      -286.2930990783
       17.1600000000         2.0618466600      -291.9878332648
       17.1650000000         2.0656842428      -271.1071412474
       17.1700000000         2.0696289865      -284.3948543494
       17.1750000000         2.0736799178      -290.0895885360
       17.1800000000         2.0778360372      -273.0053859763
       17.1850000000         2.0820963193      -291.9878332648
       17.1900000000         2.0864597129      -282.4966096206
       17.1950000000         2.0909251413      -278.7001201629
       17.2000000000         2.0954915028      -286.2930990783
       17.2050000000         2.1001576708      -274.9036307051
       17.2100000000         2.1049224938      -286.2930990783
       17.2150000000         2.1097847963      -284.3948543494
       17.2200000000         2.1147433786      -276.8018754340
       17.2250000000         2.1197970172      -282.4966096206
       17.2300000000         2.1249444652      -267.3106517897
       17.2350000000         2.1301844525      -269.2088965186
       17.2400000000         2.1355156863      -276.8018754340
       17.2450000000         2.1409368511      -273.0053859763
       17.2500000000         2.1464466094      -288.1913438071
       17.2550000000         2.1520436017      -267.3106517897
       17.2600000000         2.1577264470      -273.0053859763
       17.2650000000         2.1634937432      -255.9211834166
       17.2700000000         2.1693440673      -271.1071412474
       17.2750000000         2.1752759758      -280.5983648917
       17.2800000000         2.1812880051      -271.1071412474
       17.2850000000         2.1873786718      -255.9211834166
       17.2900000000         2.1935464732      -255.9211834166
       17.2950000000         2.1997898873      -246.4299597723
       17.3000000000         2.2061073739      -244.5317150435
       17.3050000000         2.2124973740      -261.6159176032
       17.3100000000         2.2189583111      -238.8369808569
       17.3150000000         2.2254885910      -248.3282045012
       17.3200000000         2.2320866025      -229.3457572126
       17.3250000000         2.2387507176      -242.6334703146
       17.3300000000         2.2454792921      -246.4299597723
       17.3350000000         2.2522706658      -233.1422466704
       17.3400000000         2.2591231629      -235.0404913992
       17.3450000000         2.2660350929      -223.6510230261
       17.3500000000         2.2730047501      -233.1422466704
       17.3550000000         2.2800304151      -229.3457572126
       17.3600000000         2.2871103542      -217.9562888395
       17.3650000000         2.2942428207      -217.9562888395
       17.3700000000         2.3014260547      -204.6685757375
       17.3750000000         2.3086582838      -195.1773520933
       17.3800000000         2.3159377237      -208.4650651953
       17.3850000000         2.3232625781      -219.8545335684
       17.3900000000         2.3306310399      -197.0755968221
       17.3950000000         2.3380412909      -210.3633099241
       17.4000000000         2.3454915028      -198.9738415510
       17.4050000000         2.3529798374      -197.0755968221
       17.4100000000         2.3605044470      -198.9738415510
       17.4150000000         2.3680634750      -200.8720862798
       17.4200000000         2.3756550564      -181.8896389913
       17.4250000000         2.3832773181      -195.1773520933
       17.4300000000         2.3909283793      -176.1949048047
       17.4350000000         2.3986063523      -176.1949048047
       17.4400000000         2.4063093427      -187.5843731779
       17.4450000000         2.4140354499      -149.6194786008
       17.4500000000         2.4217827675      -179.9913942624
       17.4550000000         2.4295493840      -147.7212338719
       17.4600000000         2.4373333832      -168.6019258893
       17.4650000000         2.4451328445      -168.6019258893
       17.4700000000         2.4529458433      -157.2124575162
       17.4750000000         2.4607704521      -162.9071917028
       17.4800000000         2.4686047402      -147.7212338719
       17.4850000000         2.4764467746      -124.9422971257
       17.4900000000         2.4842946205      -147.7212338719
       17.4950000000         2.4921463413      -149.6194786008
       17.5000000000         2.5000000000      -126.8405418545
       17.5050000000         2.5078536587      -130.6370313122
       17.5100000000         2.5157053795      -111.6545840237
       17.5150000000         2.5235532254       -96.4686261929
       17.5200000000         2.5313952598       -43.3177737850
       17.5250000000         2.5392295479        -9.1493686656
       17.5300000000         2.5470541567        17.4260575384
       17.5350000000         2.5548671555        -1.5563897502
       17.5400000000         2.5626666168        -1.5563897502
       17.5450000000         2.5704506160        -7.2511239367
       17.5500000000         2.5782172325         0.3418549787
       17.5550000000         2.5859645501        -5.3528792079
       17.5600000000         2.5936906573         0.3418549787
       17.5650000000         2.6013936477        -7.2511239367
       17.5700000000         2.6090716207         0.3418549787
       17.5750000000         2.6167226819        61.0856863020
       17.5800000000         2.6243449436        62.9839310309
       17.5850000000         2.6319365250        44.0014837423
       17.5900000000         2.6394955530        61.0856863020
       17.5950000000         2.6470201626        53.4927073866
       17.6000000000         2.6545084972        53.4927073866
       17.6050000000         2.6619587091        47.7979732000
       17.6100000000         2.6693689601        61.0856863020
       17.6150000000         2.6767374219        62.9839310309
       17.6200000000         2.6840622763        59.1874415732
       17.6250000000         2.6913417162        62.9839310309
       17.6300000000         2.6985739453        59.1874415732
       17.6350000000         2.7057571793        62.9839310309
       17.6400000000         2.7128896458        55.3909521154
       17.6450000000         2.7199695849        68.6786652174
       17.6500000000         2.7269952499        76.2716441328
       17.6550000000         2.7339649071        66.7804204886
       17.6600000000         2.7408768371        74.3733994040
       17.6650000000         2.7477293342        81.9663783194
       17.6700000000         2.7545207079        83.8646230483
       17.6750000000         2.7612492824        97.1523361502
       17.6800000000         2.7679133975        81.9663783194
       17.6850000000         2.7745114090        91.4576019637
       17.6900000000         2.7810416889        87.6611125060
       17.6950000000         2.7875026260        97.1523361502
       17.7000000000         2.7938926261        99.0505808791
       17.7050000000         2.8002101127       114.2365387099
       17.7100000000         2.8064535268       100.9488256079
       17.7150000000         2.8126213282       100.9488256079
       17.7200000000         2.8187119949       104.7453150657
       17.7250000000         2.8247240242       116.1347834388
       17.7300000000         2.8306559327       119.9312728965
       17.7350000000         2.8365062568       116.1347834388
       17.7400000000         2.8422735530       112.3382939811
       17.7450000000         2.8479563983       116.1347834388
       17.7500000000         2.8535533906       135.1172307273
       17.7550000000         2.8590631489       127.5242518119
       17.7600000000         2.8644843137       135.1172307273
       17.7650000000         2.8698155475       137.0154754562
       17.7700000000         2.8750555348       135.1172307273
       17.7750000000         2.8802029828       159.7944122024
       17.7800000000         2.8852566214       144.6084543716
       17.7850000000         2.8902152037       146.5066991004
       17.7900000000         2.8950775062       154.0996780159
       17.7950000000         2.8998423292       157.8961674736
       17.8000000000         2.9045084972       163.5909016601
       17.8050000000         2.9090748587       159.7944122024
       17.8100000000         2.9135402871       173.0821253044
       17.8150000000         2.9179036807       161.6926569313
       17.8200000000         2.9221639628       182.5733489487
       17.8250000000         2.9263200822       180.6751042198
       17.8300000000         2.9303710135       182.5733489487
       17.8350000000         2.9343157572       186.3698384064
       17.8400000000         2.9381533400       178.7768594910
       17.8450000000         2.9418828150       197.7593067795
       17.8500000000         2.9455032621       176.8786147621
       17.8550000000         2.9490137879       184.4715936775
       17.8600000000         2.9524135262       197.7593067795
       17.8650000000         2.9557016383       174.9803700332
       17.8700000000         2.9588773128       209.1487751526
       17.8750000000         2.9619397663       197.7593067795
       17.8800000000         2.9648882429       192.0645725929
       17.8850000000         2.9677220154       203.4540409661
       17.8900000000         2.9704403845       199.6575515084
       17.8950000000         2.9730426794       201.5557962372
       17.9000000000         2.9755282581       199.6575515084
       17.9050000000         2.9778965074       214.8435093392
       17.9100000000         2.9801468428       193.9628173218
       17.9150000000         2.9822787092       233.8259566277
       17.9200000000         2.9842915806       207.2505304238
       17.9250000000         2.9861849602       228.1312224412
       17.9300000000         2.9879583810       222.4364882546
       17.9350000000         2.9896114053       220.5382435257
       17.9400000000         2.9911436254       211.0470198815
       17.9450000000         2.9925546631       230.0294671700
       17.9500000000         2.9938441703       212.9452646103
       17.9550000000         2.9950118289       224.3347329835
       17.9600000000         2.9960573507       233.8259566277
       17.9650000000         2.9969804777       224.3347329835
       17.9700000000         2.9977809823       241.4189355431
       17.9750000000         2.9984586669       231.9277118989
       17.9800000000         2.9990133642       224.3347329835
       17.9850000000         2.9994449375       231.9277118989
       17.9900000000         2.9997532802       237.6224460854
       17.9950000000         2.9999383162       254.7066486451
       18.0000000000         3.0000000000       237.6224460854
       18.0050000000         2.9999383162       241.4189355431
       18.0100000000         2.9997532802       250.9101591874
       18.0150000000         2.9994449375       245.2154250008
       18.0200000000         2.9990133642       254.7066486451
       18.0250000000         2.9984586669       252.8084039163
       18.0300000000         2.9977809823       249.0119144586
       18.0350000000         2.9969804777       237.6224460854
       18.0400000000         2.9960573507       247.1136697297
       18.0450000000         2.9950118289       275.5873406625
       18.0500000000         2.9938441703       267.9943617471
       18.0550000000         2.9925546631       260.4013828317
       18.0600000000         2.9911436254       258.5031381028
       18.0650000000         2.9896114053       262.2996275605
       18.0700000000         2.9879583810       267.9943617471
       18.0750000000         2.9861849602       269.8926064759
       18.0800000000         2.9842915806       266.0961170182
       18.0850000000         2.9822787092       266.0961170182
       18.0900000000         2.9801468428       266.0961170182
       18.0950000000         2.9778965074       264.1978722894
       18.1000000000         2.9755282581       275.5873406625
       18.1050000000         2.9730426794       260.4013828317
       18.1100000000         2.9704403845       266.0961170182
       18.1150000000         2.9677220154       266.0961170182
       18.1200000000         2.9648882429       264.1978722894
       18.1250000000         2.9619397663       269.8926064759
       18.1300000000         2.9588773128       258.5031381028
       18.1350000000         2.9557016383       279.3838301202
       18.1400000000         2.9524135262       260.4013828317
       18.1450000000         2.9490137879       264.1978722894
       18.1500000000         2.9455032621       262.2996275605
       18.1550000000         2.9418828150       254.7066486451
       18.1600000000         2.9381533400       273.6890959337
       18.1650000000         2.9343157572       256.6048933740
       18.1700000000         2.9303710135       266.0961170182
       18.1750000000         2.9263200822       267.9943617471
       18.1800000000         2.9221639628       267.9943617471
       18.1850000000         2.9179036807       252.8084039163
       18.1900000000         2.9135402871       266.0961170182
       18.1950000000         2.9090748587       254.7066486451
       18.2000000000         2.9045084972       269.8926064759
       18.2050000000         2.8998423292       256.6048933740
       18.2100000000         2.8950775062       252.8084039163
       18.2150000000         2.8902152037       266.0961170182
       18.2200000000         2.8852566214       243.3171802720
       18.2250000000         2.8802029828       250.9101591874
       18.2300000000         2.8750555348       260.4013828317
       18.2350000000         2.8698155475       264.1978722894
       18.2400000000         2.8644843137       254.7066486451
       18.2450000000         2.8590631489       258.5031381028
       18.2500000000         2.8535533906       256.6048933740
       18.2550000000         2.8479563983       241.4189355431
       18.2600000000         2.8422735530       258.5031381028
       18.2650000000         2.8365062568       237.6224460854
       18.2700000000         2.8306559327       250.9101591874
       18.2750000000         2.8247240242       239.5206908143
       18.2800000000         2.8187119949       243.3171802720
       18.2850000000         2.8126213282       262.2996275605
       18.2900000000         2.8064535268       222.4364882546
       18.2950000000         2.8002101127       230.0294671700
       18.3000000000         2.7938926261       237.6224460854
       18.3050000000         2.7875026260       241.4189355431
       18.3100000000         2.7810416889       243.3171802720
       18.3150000000         2.7745114090       222.4364882546
       18.3200000000         2.7679133975       235.7242013566
       18.3250000000         2.7612492824       237.6224460854
       18.3300000000         2.7545207079       224.3347329835
       18.3350000000         2.7477293342       228.1312224412
       18.3400000000         2.7408768371       211.0470198815
       18.3450000000         2.7339649071       216.7417540680
       18.3500000000         2.7269952499       218.6399987969
       18.3550000000         2.7199695849       224.3347329835
       18.3600000000         2.7128896458       218.6399987969
       18.3650000000         2.7057571793       205.3522856949
       18.3700000000         2.6985739453       214.8435093392
       18.3750000000         2.6913417162       190.1663278641
       18.3800000000         2.6840622763       203.4540409661
       18.3850000000         2.6767374219       201.5557962372
       18.3900000000         2.6693689601       186.3698384064
       18.3950000000         2.6619587091       182.5733489487
       18.4000000000         2.6545084972       201.5557962372
       18.4050000000         2.6470201626       199.6575515084
       18.4100000000         2.6394955530       190.1663278641
       18.4150000000         2.6319365250       171.1838805755
       18.4200000000         2.6243449436       182.5733489487
       18.4250000000         2.6167226819       174.9803700332
       18.4300000000         2.6090716207       176.8786147621
       18.4350000000         2.6013936477       171.1838805755
       18.4400000000         2.5936906573       169.2856358467
       18.4450000000         2.5859645501       161.6926569313
       18.4500000000         2.5782172325       165.4891463890
       18.4550000000         2.5704506160       159.7944122024
       18.4600000000         2.5626666168       171.1838805755
       18.4650000000         2.5548671555       146.5066991004
       18.4700000000         2.5470541567       148.4049438293
       18.4750000000         2.5392295479       137.0154754562
       18.4800000000         2.5313952598       138.9137201850
       18.4850000000         2.5235532254       133.2189859985
       18.4900000000         2.5157053795       135.1172307273
       18.4950000000         2.5078536587       129.4224965408
       18.5000000000         2.5000000000       131.3207412696
       18.5050000000         2.4921463413       116.1347834388
       18.5100000000         2.4842946205       110.4400492522
       18.5150000000         2.4764467746        97.1523361502
       18.5200000000         2.4686047402        55.3909521154
       18.5250000000         2.4607704521        25.0190364538
       18.5300000000         2.4529458433        -9.1493686656
       18.5350000000         2.4451328445        -7.2511239367
       18.5400000000         2.4373333832        -1.5563897502
       18.5450000000         2.4295493840         9.8330786230
       18.5500000000         2.4217827675         0.3418549787
       18.5550000000         2.4140354499        -1.5563897502
       18.5600000000         2.4063093427       -28.1318159541
       18.5650000000         2.3986063523      -134.4335207699
       18.5700000000         2.3909283793       -64.1984658024
       18.5750000000         2.3832773181       -90.7738920063
       18.5800000000         2.3756550564       -77.4861789043
       18.5850000000         2.3680634750      -104.0616051083
       18.5900000000         2.3605044470      -107.8580945660
       18.5950000000         2.3529798374      -104.0616051083
       18.6000000000         2.3454915028      -107.8580945660
       18.6050000000         2.3380412909      -104.0616051083
       18.6100000000         2.3306310399      -111.6545840237
       18.6150000000         2.3232625781      -119.2475629391
       18.6200000000         2.3159377237      -111.6545840237
       18.6250000000         2.3086582838      -119.2475629391
       18.6300000000         2.3014260547      -149.6194786008
       18.6350000000         2.2942428207      -130.6370313122
       18.6400000000         2.2871103542      -128.7387865834
       18.6450000000         2.2800304151      -128.7387865834
       18.6500000000         2.2730047501      -136.3317654988
       18.6550000000         2.2660350929      -136.3317654988
       18.6600000000         2.2591231629      -130.6370313122
       18.6650000000         2.2522706658      -142.0264996854
       18.6700000000         2.2454792921      -140.1282549565
       18.6750000000         2.2387507176      -132.5352760411
       18.6800000000         2.2320866025      -149.6194786008
       18.6850000000         2.2254885910      -149.6194786008
       18.6900000000         2.2189583111      -151.5177233296
       18.6950000000         2.2124973740      -155.3142127873
       18.7000000000         2.2061073739      -159.1107022450
       18.7050000000         2.1997898873      -151.5177233296
       18.7100000000         2.1935464732      -176.1949048047
       18.7150000000         2.1873786718      -161.0089469739
       18.7200000000         2.1812880051      -162.9071917028
       18.7250000000         2.1752759758      -164.8054364316
       18.7300000000         2.1693440673      -170.5001706182
       18.7350000000         2.1634937432      -174.2966600759
       18.7400000000         2.1577264470      -166.7036811605
       18.7450000000         2.1520436017      -168.6019258893
       18.7500000000         2.1464466094      -172.3984153470
       18.7550000000         2.1409368511      -187.5843731779
       18.7600000000         2.1355156863      -179.9913942624
       18.7650000000         2.1301844525      -183.7878837202
       18.7700000000         2.1249444652      -191.3808626356
       18.7750000000         2.1197970172      -187.5843731779
       18.7800000000         2.1147433786      -189.4826179067
       18.7850000000         2.1097847963      -208.4650651953
       18.7900000000         2.1049224938      -200.8720862798
       18.7950000000         2.1001576708      -197.0755968221
       18.8000000000         2.0954915028      -202.7703310087
       18.8050000000         2.0909251413      -219.8545335684
       18.8100000000         2.0864597129      -204.6685757375
       18.8150000000         2.0820963193      -212.2615546530
       18.8200000000         2.0778360372      -225.5492677549
       18.8250000000         2.0736799178      -210.3633099241
       18.8300000000         2.0696289865      -227.4475124838
       18.8350000000         2.0656842428      -221.7527782972
       18.8400000000         2.0618466600      -229.3457572126
       18.8450000000         2.0581171850      -235.0404913992
       18.8500000000         2.0544967379      -219.8545335684
       18.8550000000         2.0509862121      -242.6334703146
       18.8600000000         2.0475864738      -236.9387361281
       18.8650000000         2.0442983617      -229.3457572126
       18.8700000000         2.0411226872      -235.0404913992
       18.8750000000         2.0380602337      -229.3457572126
       18.8800000000         2.0351117571      -255.9211834166
       18.8850000000         2.0322779846      -240.7352255858
       18.8900000000         2.0295596155      -252.1246939589
       18.8950000000         2.0269573206      -233.1422466704
       18.9000000000         2.0244717419      -236.9387361281
       18.9050000000         2.0221034926      -261.6159176032
       18.9100000000         2.0198531572      -238.8369808569
       18.9150000000         2.0177212908      -238.8369808569
       18.9200000000         2.0157084194      -250.2264492300
       18.9250000000         2.0138150398      -242.6334703146
       18.9300000000         2.0120416190      -261.6159176032
       18.9350000000         2.0103885947      -246.4299597723
       18.9400000000         2.0088563746      -254.0229386877
       18.9450000000         2.0074453369      -257.8194281455
       18.9500000000         2.0061558297      -265.4124070609
       18.9550000000         2.0049881711      -261.6159176032
       18.9600000000         2.0039426493      -261.6159176032
       18.9650000000         2.0030195223      -269.2088965186
       18.9700000000         2.0022190177      -257.8194281455
       18.9750000000         2.0015413331      -273.0053859763
       18.9800000000         2.0009866358      -263.5141623320
       18.9850000000         2.0005550625      -257.8194281455
       18.9900000000         2.0002467198      -276.8018754340
       18.9950000000         2.0000616838      -255.9211834166
       19.0000000000         2.0000000000      -280.5983648917
       19.0050000000         2.0000616838      -252.1246939589
       19.0100000000         2.0002467198      -278.7001201629
       19.0150000000         2.0005550625      -271.1071412474
       19.0200000000         2.0009866358      -265.4124070609
       19.0250000000         2.0015413331      -284.3948543494
       19.0300000000         2.0022190177      -273.0053859763
       19.0350000000         2.0030195223      -290.0895885360
       19.0400000000         2.0039426493      -265.4124070609
       19.0450000000         2.0049881711      -278.7001201629
       19.0500000000         2.0061558297      -273.0053859763
       19.0550000000         2.0074453369      -286.2930990783
       19.0600000000         2.0088563746      -280.5983648917
       19.0650000000         2.0103885947      -293.8860779937
       19.0700000000         2.0120416190      -278.7001201629
       19.0750000000         2.0138150398      -286.2930990783
       19.0800000000         2.0157084194      -293.8860779937
       19.0850000000         2.0177212908      -278.7001201629
       19.0900000000         2.0198531572      -301.4790569091
       19.0950000000         2.0221034926      -288.1913438071
       19.1000000000         2.0244717419      -290.0895885360
       19.1050000000         2.0269573206      -282.4966096206
       19.1100000000         2.0295596155      -293.8860779937
       19.1150000000         2.0322779846      -288.1913438071
       19.1200000000         2.0351117571      -288.1913438071
       19.1250000000         2.0380602337      -284.3948543494
       19.1300000000         2.0411226872      -293.8860779937
       19.1350000000         2.0442983617      -265.4124070609
       19.1400000000         2.0475864738      -293.8860779937
       19.1450000000         2.0509862121      -273.0053859763
       19.1500000000         2.0544967379      -305.2755463668
       19.1550000000         2.0581171850      -299.5808121802
       19.1600000000         2.0618466600      -273.0053859763
       19.1650000000         2.0656842428      -278.7001201629
       19.1700000000         2.0696289865      -282.4966096206
       19.1750000000         2.0736799178      -278.7001201629
       19.1800000000         2.0778360372      -286.2930990783
       19.1850000000         2.0820963193      -269.2088965186
       19.1900000000         2.0864597129      -282.4966096206
       19.1950000000         2.0909251413      -265.4124070609
       19.2000000000         2.0954915028      -265.4124070609
       19.2050000000         2.1001576708      -276.8018754340
       19.2100000000         2.1049224938      -257.8194281455
       19.2150000000         2.1097847963      -271.1071412474
       19.2200000000         2.1147433786      -255.9211834166
       19.2250000000         2.1197970172      -280.5983648917
       19.2300000000         2.1249444652      -263.5141623320
       19.2350000000         2.1301844525      -255.9211834166
       19.2400000000         2.1355156863      -254.0229386877
       19.2450000000         2.1409368511      -240.7352255858
       19.2500000000         2.1464466094      -263.5141623320
       19.2550000000         2.1520436017      -246.4299597723
       19.2600000000         2.1577264470      -259.7176728743
       19.2650000000         2.1634937432      -240.7352255858
       19.2700000000         2.1693440673      -235.0404913992
       19.2750000000         2.1752759758      -265.4124070609
       19.2800000000         2.1812880051      -246.4299597723
       19.2850000000         2.1873786718      -255.9211834166
       19.2900000000         2.1935464732      -231.2440019415
       19.2950000000         2.1997898873      -231.2440019415
       19.3000000000         2.2061073739      -240.7352255858
       19.3050000000         2.2124973740      -221.7527782972
       19.3100000000         2.2189583111      -248.3282045012
       19.3150000000         2.2254885910      -219.8545335684
       19.3200000000         2.2320866025      -225.5492677549
       19.3250000000         2.2387507176      -216.0580441107
       19.3300000000         2.2454792921      -214.1597993818
       19.3350000000         2.2522706658      -219.8545335684
       19.3400000000         2.2591231629      -216.0580441107
       19.3450000000         2.2660350929      -212.2615546530
       19.3500000000         2.2730047501      -221.7527782972
       19.3550000000         2.2800304151      -210.3633099241
       19.3600000000         2.2871103542      -217.9562888395
       19.3650000000         2.2942428207      -212.2615546530
       19.3700000000         2.3014260547      -212.2615546530
       19.3750000000         2.3086582838      -212.2615546530
       19.3800000000         2.3159377237      -195.1773520933
       19.3850000000         2.3232625781      -217.9562888395
       19.3900000000         2.3306310399      -181.8896389913
       19.3950000000         2.3380412909      -216.0580441107
       19.4000000000         2.3454915028      -191.3808626356
       19.4050000000         2.3529798374      -200.8720862798
       19.4100000000         2.3605044470      -189.4826179067
       19.4150000000         2.3680634750      -189.4826179067
       19.4200000000         2.3756550564      -191.3808626356
       19.4250000000         2.3832773181      -183.7878837202
       19.4300000000         2.3909283793      -181.8896389913
       19.4350000000         2.3986063523      -185.6861284490
       19.4400000000         2.4063093427      -185.6861284490
       19.4450000000         2.4140354499      -176.1949048047
       19.4500000000         2.4217827675      -168.6019258893
       19.4550000000         2.4295493840      -172.3984153470
       19.4600000000         2.4373333832      -157.2124575162
       19.4650000000         2.4451328445      -161.0089469739
       19.4700000000         2.4529458433      -161.0089469739
       19.4750000000         2.4607704521      -149.6194786008
       19.4800000000         2.4686047402      -161.0089469739
       19.4850000000         2.4764467746      -134.4335207699
       19.4900000000         2.4842946205      -151.5177233296
       19.4950000000         2.4921463413      -145.8229891431
       19.5000000000         2.5000000000      -126.8405418545
       19.5050000000         2.5078536587      -113.5528287526
       19.5100000000         2.5157053795       -96.4686261929
       19.5150000000         2.5235532254       -83.1809130909
       19.5200000000         2.5313952598       -20.5388370387
       19.5250000000         2.5392295479         0.3418549787
       19.5300000000         2.5470541567        13.6295680807
       19.5350000000         2.5548671555        -1.5563897502
       19.5400000000         2.5626666168        -3.4546344790
       19.5450000000         2.5704506160        -5.3528792079
       19.5500000000         2.5782172325         4.1383444364
       19.5550000000         2.5859645501         6.0365891652
       19.5600000000         2.5936906573        -1.5563897502
       19.5650000000         2.6013936477        -3.4546344790
       19.5700000000         2.6090716207        28.8155259115
       19.5750000000         2.6167226819        78.1698888617
       19.5800000000         2.6243449436        30.7137706403
       19.5850000000         2.6319365250        57.2891968443
       19.5900000000         2.6394955530        36.4085048269
       19.5950000000         2.6470201626        57.2891968443
       19.6000000000         2.6545084972        47.7979732000
       19.6050000000         2.6619587091        68.6786652174
       19.6100000000         2.6693689601        62.9839310309
       19.6150000000         2.6767374219        53.4927073866
       19.6200000000         2.6840622763        72.4751546751
       19.6250000000         2.6913417162        70.5769099463
       19.6300000000         2.6985739453        68.6786652174
       19.6350000000         2.7057571793        59.1874415732
       19.6400000000         2.7128896458        83.8646230483
       19.6450000000         2.7199695849        78.1698888617
       19.6500000000         2.7269952499        78.1698888617
       19.6550000000         2.7339649071        91.4576019637
       19.6600000000         2.7408768371        91.4576019637
       19.6650000000         2.7477293342        93.3558466925
       19.6700000000         2.7545207079        87.6611125060
       19.6750000000         2.7612492824        99.0505808791
       19.6800000000         2.7679133975        91.4576019637
       19.6850000000         2.7745114090        91.4576019637
       19.6900000000         2.7810416889       102.8470703368
       19.6950000000         2.7875026260       102.8470703368
       19.7000000000         2.7938926261       108.5418045234
       19.7050000000         2.8002101127        95.2540914214
       19.7100000000         2.8064535268       121.8295176253
       19.7150000000         2.8126213282       106.6435597945
       19.7200000000         2.8187119949       108.5418045234
       19.7250000000         2.8247240242       121.8295176253
       19.7300000000         2.8306559327       123.7277623542
       19.7350000000         2.8365062568       127.5242518119
       19.7400000000         2.8422735530       119.9312728965
       19.7450000000         2.8479563983       131.3207412696
       19.7500000000         2.8535533906       129.4224965408
       19.7550000000         2.8590631489       127.5242518119
       19.7600000000         2.8644843137       138.9137201850
       19.7650000000         2.8698155475       112.3382939811
       19.7700000000         2.8750555348       142.7102096427
       19.7750000000         2.8802029828       133.2189859985
       19.7800000000         2.8852566214       148.4049438293
       19.7850000000         2.8902152037       146.5066991004
       19.7900000000         2.8950775062       146.5066991004
       19.7950000000         2.8998423292       157.8961674736
       19.8000000000         2.9045084972       148.4049438293
       19.8050000000         2.9090748587       154.0996780159
       19.8100000000         2.9135402871       159.7944122024
       19.8150000000         2.9179036807       169.2856358467
       19.8200000000         2.9221639628       173.0821253044
       19.8250000000         2.9263200822       174.9803700332
       19.8300000000         2.9303710135       173.0821253044
       19.8350000000         2.9343157572       184.4715936775
       19.8400000000         2.9381533400       188.2680831352
       19.8450000000         2.9418828150       182.5733489487
       19.8500000000         2.9455032621       192.0645725929
       19.8550000000         2.9490137879       178.7768594910
       19.8600000000         2.9524135262       192.0645725929
       19.8650000000         2.9557016383       188.2680831352
       19.8700000000         2.9588773128       190.1663278641
       19.8750000000         2.9619397663       199.6575515084
       19.8800000000         2.9648882429       192.0645725929
       19.8850000000         2.9677220154       193.9628173218
       19.8900000000         2.9704403845       205.3522856949
       19.8950000000         2.9730426794       214.8435093392
       19.9000000000         2.9755282581       195.8610620506
       19.9050000000         2.9778965074       199.6575515084
       19.9100000000         2.9801468428       218.6399987969
       19.9150000000         2.9822787092       212.9452646103
       19.9200000000         2.9842915806       218.6399987969
       19.9250000000         2.9861849602       224.3347329835
       19.9300000000         2.9879583810       224.3347329835
       19.9350000000         2.9896114053       220.5382435257
       19.9400000000         2.9911436254       224.3347329835
       19.9450000000         2.9925546631       231.9277118989
       19.9500000000         2.9938441703       230.0294671700
       19.9550000000         2.9950118289       230.0294671700
       19.9600000000         2.9960573507       224.3347329835
       19.9650000000         2.9969804777       233.8259566277
       19.9700000000         2.9977809823       237.6224460854
       19.9750000000         2.9984586669       233.8259566277
       19.9800000000         2.9990133642       241.4189355431
       19.9850000000         2.9994449375       222.4364882546
       19.9900000000         2.9997532802       239.5206908143
       19.9950000000         2.9999383162       243.3171802720
