        0.0000000000         3.0000000000        -3.4546344790
        0.0050000000         2.9997014742         7.9348338941
        0.0100000000         2.9988062532        30.7137706403
        0.0150000000         2.9973154060        57.2891968443
        0.0200000000         2.9952307128        85.7628677771
        0.0250000000         2.9925546631        91.4576019637
        0.0300000000         2.9892904522       108.5418045234
        0.0350000000         2.9854419779       123.7277623542
        0.0400000000         2.9810138358       125.6260070830
        0.0450000000         2.9760113135       133.2189859985
        0.0500000000         2.9704403845       133.2189859985
        0.0550000000         2.9643077011       142.7102096427
        0.0600000000         2.9576205863       137.0154754562
        0.0650000000         2.9503870253       154.0996780159
        0.0700000000         2.9426156557       150.3031885581
        0.0750000000         2.9343157572       148.4049438293
        0.0800000000         2.9254972409       157.8961674736
        0.0850000000         2.9161706369       157.8961674736
        0.0900000000         2.9063470822       174.9803700332
        0.0950000000         2.8960383071       165.4891463890
        0.1000000000         2.8852566214       169.2856358467
        0.1050000000         2.8740148995       173.0821253044
        0.1100000000         2.8623265651       169.2856358467
        0.1150000000         2.8502055754       167.3873911178
        0.1200000000         2.8376664041       174.9803700332
        0.1250000000         2.8247240242       176.8786147621
        0.1300000000         2.8113938902       174.9803700332
        0.1350000000         2.7976919199       180.6751042198
        0.1400000000         2.7836344746       173.0821253044
        0.1450000000         2.7692383404       174.9803700332
        0.1500000000         2.7545207079       174.9803700332
        0.1550000000         2.7394991513       171.1838805755
        0.1600000000         2.7241916080       167.3873911178
        0.1650000000         2.7086163568       167.3873911178
        0.1700000000         2.6927919961       165.4891463890
        0.1750000000         2.6767374219       161.6926569313
        0.1800000000         2.6604718049       169.2856358467
        0.1850000000         2.6440145680       152.2014332870
        0.1900000000         2.6273853628       148.4049438293
        0.1950000000         2.6106040464       152.2014332870
        0.2000000000         2.5936906573       146.5066991004
        0.2050000000         2.5766653919       138.9137201850
        0.2100000000         2.5595485800       131.3207412696
        0.2150000000         2.5423606611       138.9137201850
        0.2200000000         2.5251221591       129.4224965408
        0.2250000000         2.5078536587       119.9312728965
        0.2300000000         2.4905757801       131.3207412696
        0.2350000000         2.4733091551        99.0505808791
        0.2400000000         2.4560744017        97.1523361502
        0.2450000000         2.4388921000        42.1032390135
        0.2500000000         2.4217827675        21.2225469961
        0.2550000000         2.4047668344       -16.7423475810
        0.2600000000         2.3878646195        -7.2511239367
        0.2650000000         2.3710963059         6.0365891652
        0.2700000000         2.3544819166         0.3418549787
        0.2750000000         2.3380412909        -1.5563897502
        0.2800000000         2.3217940606         0.3418549787
        0.2850000000         2.3057596267       -92.6721367352
        0.2900000000         2.2899571358      -111.6545840237
        0.2950000000         2.2744054578       -75.5879341755
        0.3000000000         2.2591231629      -124.9422971257
        0.3050000000         2.2441284999       -88.8756472775
        0.3100000000         2.2294393739      -134.4335207699
        0.3150000000         2.2150733253      -104.0616051083
        0.3200000000         2.2010475085      -149.6194786008
        0.3250000000         2.1873786718      -115.4510734814
        0.3300000000         2.1740831373      -130.6370313122
        0.3350000000         2.1611767813      -132.5352760411
        0.3400000000         2.1486750151      -147.7212338719
        0.3450000000         2.1365927673      -142.0264996854
        0.3500000000         2.1249444652      -140.1282549565
        0.3550000000         2.1137440182      -162.9071917028
        0.3600000000         2.1030048007      -149.6194786008
        0.3650000000         2.0927396365      -174.2966600759
        0.3700000000         2.0829607832      -159.1107022450
        0.3750000000         2.0736799178      -166.7036811605
        0.3800000000         2.0649081227      -162.9071917028
        0.3850000000         2.0566558721      -181.8896389913
        0.3900000000         2.0489330203      -187.5843731779
        0.3950000000         2.0417487890      -174.2966600759
        0.4000000000         2.0351117571      -198.9738415510
        0.4050000000         2.0290298496      -176.1949048047
        0.4100000000         2.0235103292      -197.0755968221
        0.4150000000         2.0185597867      -208.4650651953
        0.4200000000         2.0141841335      -198.9738415510
        0.4250000000         2.0103885947      -212.2615546530
        0.4300000000         2.0071777024      -210.3633099241
        0.4350000000         2.0045552909      -212.2615546530
        0.4400000000         2.0025244915      -200.8720862798
        0.4450000000         2.0010877293      -233.1422466704
        0.4500000000         2.0002467198      -206.5668204664
        0.4550000000         2.0000024674      -208.4650651953
        0.4600000000         2.0003552637      -225.5492677549
        0.4650000000         2.0013046874      -233.1422466704
        0.4700000000         2.0028496048      -225.5492677549
        0.4750000000         2.0049881711      -233.1422466704
        0.4800000000         2.0077178327      -227.4475124838
        0.4850000000         2.0110353301      -244.5317150435
        0.4900000000         2.0149367018      -225.5492677549
        0.4950000000         2.0194172891      -240.7352255858
        0.5000000000         2.0244717419      -233.1422466704
        0.5050000000         2.0300940245      -233.1422466704
        0.5100000000         2.0362774233      -223.6510230261
        0.5150000000         2.0430145549      -252.1246939589
        0.5200000000         2.0502973742      -229.3457572126
        0.5250000000         2.0581171850      -254.0229386877
        0.5300000000         2.0664646494      -221.7527782972
        0.5350000000         2.0753297999      -252.1246939589
        0.5400000000         2.0847020504      -242.6334703146
        0.5450000000         2.0945702096      -231.2440019415
        0.5500000000         2.1049224938      -271.1071412474
        0.5550000000         2.1157465414      -231.2440019415
        0.5600000000         2.1270294273      -246.4299597723
        0.5650000000         2.1387576786      -252.1246939589
        0.5700000000         2.1509172905      -238.8369808569
        0.5750000000         2.1634937432      -255.9211834166
        0.5800000000         2.1764720192      -231.2440019415
        0.5850000000         2.1898366210      -254.0229386877
        0.5900000000         2.2035715899      -240.7352255858
        0.5950000000         2.2176605250      -235.0404913992
        0.6000000000         2.2320866025      -252.1246939589
        0.6050000000         2.2468325963      -219.8545335684
        0.6100000000         2.2618808982      -244.5317150435
        0.6150000000         2.2772135388      -231.2440019415
        0.6200000000         2.2928122095      -221.7527782972
        0.6250000000         2.3086582838      -235.0404913992
        0.6300000000         2.3247328399      -198.9738415510
        0.6350000000         2.3410166831      -223.6510230261
        0.6400000000         2.3574903688      -223.6510230261
        0.6450000000         2.3741342257      -214.1597993818
        0.6500000000         2.3909283793      -221.7527782972
        0.6550000000         2.4078527757      -204.6685757375
        0.6600000000         2.4248872054      -208.4650651953
        0.6650000000         2.4420113276      -200.8720862798
        0.6700000000         2.4592046942      -202.7703310087
        0.6750000000         2.4764467746      -191.3808626356
        0.6800000000         2.4937169801      -198.9738415510
        0.6850000000         2.5109946880      -181.8896389913
        0.6900000000         2.5282592672      -157.2124575162
        0.6950000000         2.5454901020      -113.5528287526
        0.7000000000         2.5626666168       -75.5879341755
        0.7050000000         2.5797683012       -22.4370817676
        0.7100000000         2.5967747340         7.9348338941
        0.7150000000         2.6136656078        -1.5563897502
        0.7200000000         2.6304207531         0.3418549787
        0.7250000000         2.6470201626         0.3418549787
        0.7300000000         2.6634440148         6.0365891652
        0.7350000000         2.6796726980        -1.5563897502
        0.7400000000         2.6956868334        -5.3528792079
        0.7450000000         2.7114672985        -1.5563897502
        0.7500000000         2.7269952499        30.7137706403
        0.7550000000         2.7422521454        78.1698888617
        0.7600000000         2.7572197669        57.2891968443
        0.7650000000         2.7718802414        83.8646230483
        0.7700000000         2.7862160628        62.9839310309
        0.7750000000         2.8002101127        91.4576019637
        0.7800000000         2.8138456806        80.0681335906
        0.7850000000         2.8271064845        99.0505808791
        0.7900000000         2.8399766894       114.2365387099
        0.7950000000         2.8524409270       108.5418045234
        0.8000000000         2.8644843137       106.6435597945
        0.8050000000         2.8760924685       108.5418045234
        0.8100000000         2.8872515301       125.6260070830
        0.8150000000         2.8979481733       116.1347834388
        0.8200000000         2.9081696254       129.4224965408
        0.8250000000         2.9179036807       140.8119649139
        0.8300000000         2.9271387158       131.3207412696
        0.8350000000         2.9358637033       137.0154754562
        0.8400000000         2.9440682244       150.3031885581
        0.8450000000         2.9517424822       152.2014332870
        0.8500000000         2.9588773128       152.2014332870
        0.8550000000         2.9654641966       155.9979227447
        0.8600000000         2.9714952679       155.9979227447
        0.8650000000         2.9769633253       159.7944122024
        0.8700000000         2.9818618391       163.5909016601
        0.8750000000         2.9861849602       155.9979227447
        0.8800000000         2.9899275262       174.9803700332
        0.8850000000         2.9930850681       169.2856358467
        0.8900000000         2.9956538155       167.3873911178
        0.8950000000         2.9976307011       178.7768594910
        0.9000000000         2.9990133642       171.1838805755
        0.9050000000         2.9998001538       188.2680831352
        0.9100000000         2.9999901304       178.7768594910
        0.9150000000         2.9995830672       188.2680831352
        0.9200000000         2.9985794501       182.5733489487
        0.9250000000         2.9969804777       195.8610620506
        0.9300000000         2.9947880593       192.0645725929
        0.9350000000         2.9920048128       192.0645725929
        0.9400000000         2.9886340618       203.4540409661
        0.9450000000         2.9846798312       184.4715936775
        0.9500000000         2.9801468428       212.9452646103
        0.9550000000         2.9750405096       207.2505304238
        0.9600000000         2.9693669288       214.8435093392
        0.9650000000         2.9631328755       209.1487751526
        0.9700000000         2.9563457937       207.2505304238
        0.9750000000         2.9490137879       211.0470198815
        0.9800000000         2.9411456132       209.1487751526
        0.9850000000         2.9327506651       205.3522856949
        0.9900000000         2.9238389680       233.8259566277
        0.9950000000         2.9144211635       207.2505304238
        1.0000000000         2.9045084972       212.9452646103
        1.0050000000         2.8941128060       212.9452646103
        1.0100000000         2.8832465034       214.8435093392
        1.0150000000         2.8719225649       222.4364882546
        1.0200000000         2.8601545124       218.6399987969
        1.0250000000         2.8479563983       222.4364882546
        1.0300000000         2.8353427883       209.1487751526
        1.0350000000         2.8223287443       212.9452646103
        1.0400000000         2.8089298065       195.8610620506
        1.0450000000         2.7951619747       212.9452646103
        1.0500000000         2.7810416889       211.0470198815
        1.0550000000         2.7665858104       192.0645725929
        1.0600000000         2.7518116008       212.9452646103
        1.0650000000         2.7367367022       203.4540409661
        1.0700000000         2.7213791155       192.0645725929
        1.0750000000         2.7057571793       203.4540409661
        1.0800000000         2.6898895478       182.5733489487
        1.0850000000         2.6737951685       195.8610620506
        1.0900000000         2.6574932598       178.7768594910
        1.0950000000         2.6410032880       199.6575515084
        1.1000000000         2.6243449436       174.9803700332
        1.1050000000         2.6075381185       174.9803700332
        1.1100000000         2.5906028818       173.0821253044
        1.1150000000         2.5735594559       154.0996780159
        1.1200000000         2.5564281924       176.8786147621
        1.1250000000         2.5392295479       146.5066991004
        1.1300000000         2.5219840592       163.5909016601
        1.1350000000         2.5047123192       146.5066991004
        1.1400000000         2.4874349523       155.9979227447
        1.1450000000         2.4701725893       135.1172307273
        1.1500000000         2.4529458433        76.2716441328
        1.1550000000         2.4357752849        32.6120153692
        1.1600000000         2.4186814174        -9.1493686656
        1.1650000000         2.4016846527       -16.7423475810
        1.1700000000         2.3848052867        -3.4546344790
        1.1750000000         2.3680634750         9.8330786230
        1.1800000000         2.3514792092        -1.5563897502
        1.1850000000         2.3350722926        -9.1493686656
        1.1900000000         2.3188623166         2.2400997075
        1.1950000000         2.3028686378      -142.0264996854
        1.2000000000         2.2871103542      -102.1633603794
        1.2050000000         2.2716062828       -83.1809130909
        1.2100000000         2.2563749371      -123.0440523968
        1.2150000000         2.2414345049      -104.0616051083
        1.2200000000         2.2268028266      -117.3493182103
        1.2250000000         2.2124973740      -121.1458076680
        1.2300000000         2.1985352292      -136.3317654988
        1.2350000000         2.1849330644      -132.5352760411
        1.2400000000         2.1717071221      -123.0440523968
        1.2450000000         2.1588731954      -145.8229891431
        1.2500000000         2.1464466094      -142.0264996854
        1.2550000000         2.1344422026      -164.8054364316
        1.2600000000         2.1228743096      -147.7212338719
        1.2650000000         2.1117567437      -153.4159680585
        1.2700000000         2.1011027802      -162.9071917028
        1.2750000000         2.0909251413      -174.2966600759
        1.2800000000         2.0812359800      -164.8054364316
        1.2850000000         2.0720468662      -195.1773520933
        1.2900000000         2.0633687726      -170.5001706182
        1.2950000000         2.0552120618      -179.9913942624
        1.3000000000         2.0475864738      -178.0931495336
        1.3050000000         2.0405011142      -195.1773520933
        1.3100000000         2.0339644438      -183.7878837202
        1.3150000000         2.0279842679      -183.7878837202
        1.3200000000         2.0225677276      -195.1773520933
        1.3250000000         2.0177212908      -206.5668204664
        1.3300000000         2.0134507445      -214.1597993818
        1.3350000000         2.0097611883      -204.6685757375
        1.3400000000         2.0066570279      -216.0580441107
        1.3450000000         2.0041419699      -216.0580441107
        1.3500000000         2.0022190177      -208.4650651953
        1.3550000000         2.0008904674      -225.5492677549
        1.3600000000         2.0001579054      -231.2440019415
        1.3650000000         2.0000222064      -216.0580441107
        1.3700000000         2.0004835327      -242.6334703146
        1.3750000000         2.0015413331      -204.6685757375
        1.3800000000         2.0031943447      -244.5317150435
        1.3850000000         2.0054405936      -227.4475124838
        1.3900000000         2.0082773975      -231.2440019415
        1.3950000000         2.0117013690      -238.8369808569
        1.4000000000         2.0157084194      -223.6510230261
        1.4050000000         2.0202937641      -250.2264492300
        1.4100000000         2.0254519275      -248.3282045012
        1.4150000000         2.0311767504      -242.6334703146
        1.4200000000         2.0374613966      -250.2264492300
        1.4250000000         2.0442983617      -233.1422466704
        1.4300000000         2.0516794816      -257.8194281455
        1.4350000000         2.0595959425      -244.5317150435
        1.4400000000         2.0680382914      -233.1422466704
        1.4450000000         2.0769964472      -254.0229386877
        1.4500000000         2.0864597129      -233.1422466704
        1.4550000000         2.0964167884      -267.3106517897
        1.4600000000         2.1068557839      -242.6334703146
        1.4650000000         2.1177642343      -242.6334703146
        1.4700000000         2.1291291136      -252.1246939589
        1.4750000000         2.1409368511      -229.3457572126
        1.4800000000         2.1531733471      -263.5141623320
        1.4850000000         2.1658239899      -233.1422466704
        1.4900000000         2.1788736734      -246.4299597723
        1.4950000000         2.1923068149      -248.3282045012
        1.5000000000         2.2061073739      -246.4299597723
        1.5050000000         2.2202588709      -248.3282045012
        1.5100000000         2.2347444078      -235.0404913992
        1.5150000000         2.2495466873      -231.2440019415
        1.5200000000         2.2646480339      -240.7352255858
        1.5250000000         2.2800304151      -221.7527782972
        1.5300000000         2.2956754626      -225.5492677549
        1.5350000000         2.3115644948      -198.9738415510
        1.5400000000         2.3276785384      -219.8545335684
        1.5450000000         2.3439983517      -225.5492677549
        1.5500000000         2.3605044470      -221.7527782972
        1.5550000000         2.3771771144      -221.7527782972
        1.5600000000         2.3939964450      -210.3633099241
        1.5650000000         2.4109423549      -216.0580441107
        1.5700000000         2.4279946087      -227.4475124838
        1.5750000000         2.4451328445      -202.7703310087
        1.5800000000         2.4623365972      -212.2615546530
        1.5850000000         2.4795853240      -191.3808626356
        1.5900000000         2.4968584280      -193.2791073644
        1.5950000000         2.5141352834      -185.6861284490
        1.6000000000         2.5313952598      -170.5001706182
        1.6050000000         2.5486177470      -117.3493182103
        1.6100000000         2.5657821795       -94.5703814640
        1.6150000000         2.5828680614       -56.6054868869
        1.6200000000         2.5998549903       -14.8441028521
        1.6250000000         2.6167226819        11.7313233518
        1.6300000000         2.6334509947         2.2400997075
        1.6350000000         2.6500199531         0.3418549787
        1.6400000000         2.6664097723         0.3418549787
        1.6450000000         2.6826008809         0.3418549787
        1.6500000000         2.6985739453        -5.3528792079
        1.6550000000         2.7143098919         7.9348338941
        1.6600000000         2.7297899303        80.0681335906
        1.6650000000         2.7449955758        78.1698888617
        1.6700000000         2.7599086713        72.4751546751
        1.6750000000         2.7745114090        78.1698888617
        1.6800000000         2.7887863517        72.4751546751
        1.6850000000         2.8027164537        85.7628677771
        1.6900000000         2.8162850810        81.9663783194
        1.6950000000         2.8294760312       112.3382939811
        1.7000000000         2.8422735530       118.0330281676
        1.7050000000         2.8546623648        95.2540914214
        1.7100000000         2.8666276731       116.1347834388
        1.7150000000         2.8781551901       116.1347834388
        1.7200000000         2.8892311508       131.3207412696
        1.7250000000         2.8998423292       123.7277623542
        1.7300000000         2.9099760547       135.1172307273
        1.7350000000         2.9196202263       138.9137201850
        1.7400000000         2.9287633281       135.1172307273
        1.7450000000         2.9373944422       152.2014332870
        1.7500000000         2.9455032621       150.3031885581
        1.7550000000         2.9530801051       167.3873911178
        1.7600000000         2.9601159237       144.6084543716
        1.7650000000         2.9666023163       169.2856358467
        1.7700000000         2.9725315376       159.7944122024
        1.7750000000         2.9778965074       169.2856358467
        1.7800000000         2.9826908194       184.4715936775
        1.7850000000         2.9869087487       173.0821253044
        1.7900000000         2.9905452587       174.9803700332
        1.7950000000         2.9935960070       188.2680831352
        1.8000000000         2.9960573507       192.0645725929
        1.8050000000         2.9979263506       203.4540409661
        1.8100000000         2.9992007751       190.1663278641
        1.8150000000         2.9998791022       186.3698384064
        1.8200000000         2.9999605221       207.2505304238
        1.8250000000         2.9994449375       176.8786147621
        1.8300000000         2.9983329640       224.3347329835
        1.8350000000         2.9966259295       209.1487751526
        1.8400000000         2.9943258724       218.6399987969
        1.8450000000         2.9914355391       222.4364882546
        1.8500000000         2.9879583810       212.9452646103
        1.8550000000         2.9838985502       218.6399987969
        1.8600000000         2.9792608945       220.5382435257
        1.8650000000         2.9740509518       214.8435093392
        1.8700000000         2.9682749434       224.3347329835
        1.8750000000         2.9619397663       220.5382435257
        1.8800000000         2.9550529853       192.0645725929
        1.8850000000         2.9476228242       220.5382435257
        1.8900000000         2.9396581551       212.9452646103
        1.8950000000         2.9311684888       209.1487751526
        1.9000000000         2.9221639628       214.8435093392
        1.9050000000         2.9126553293       212.9452646103
        1.9100000000         2.9026539429       218.6399987969
        1.9150000000         2.8921717460       226.2329777123
        1.9200000000         2.8812212555       216.7417540680
        1.9250000000         2.8698155475       226.2329777123
        1.9300000000         2.8579682415       218.6399987969
        1.9350000000         2.8456934845       218.6399987969
        1.9400000000         2.8330059337       214.8435093392
        1.9450000000         2.8199207395       209.1487751526
        1.9500000000         2.8064535268       207.2505304238
        1.9550000000         2.7926203770       214.8435093392
        1.9600000000         2.7784378082       205.3522856949
        1.9650000000         2.7639227560       216.7417540680
        1.9700000000         2.7490925527       199.6575515084
        1.9750000000         2.7339649071       211.0470198815
        1.9800000000         2.7185578833       195.8610620506
        1.9850000000         2.7028898788       203.4540409661
        1.9900000000         2.6869796029       192.0645725929
        1.9950000000         2.6708460539       205.3522856949
        2.0000000000         2.6545084972       193.9628173218
        2.0050000000         2.6379864413       182.5733489487
        2.0100000000         2.6212996154       180.6751042198
        2.0150000000         2.6044679452       184.4715936775
        2.0200000000         2.5875115295       182.5733489487
        2.0250000000         2.5704506160       169.2856358467
        2.0300000000         2.5533055771       176.8786147621
        2.0350000000         2.5360968859       155.9979227447
        2.0400000000         2.5188450913       157.8961674736
        2.0450000000         2.5015707937       154.0996780159
        2.0500000000         2.4842946205       146.5066991004
        2.0550000000         2.4670372010       116.1347834388
        2.0600000000         2.4498191426        72.4751546751
        2.0650000000         2.4326610053        26.9172811826
        2.0700000000         2.4155832776       -18.6405923099
        2.0750000000         2.3986063523         2.2400997075
        2.0800000000         2.3817505015        -5.3528792079
        2.0850000000         2.3650358528        15.5278128095
        2.0900000000         2.3484823652        -5.3528792079
        2.0950000000         2.3321098053        -5.3528792079
        2.1000000000         2.3159377237       -18.6405923099
        2.1050000000         2.2999854314      -155.3142127873
        2.1100000000         2.2842719772       -86.9774025486
        2.1150000000         2.2688161245       -98.3668709217
        2.1200000000         2.2536363292      -113.5528287526
        2.1250000000         2.2387507176      -100.2651156506
        2.1300000000         2.2241770647      -126.8405418545
        2.1350000000         2.2099327728      -102.1633603794
        2.1400000000         2.1960348512      -145.8229891431
        2.1450000000         2.1824998953      -128.7387865834
        2.1500000000         2.1693440673      -126.8405418545
        2.1550000000         2.1565830767      -151.5177233296
        2.1600000000         2.1442321614      -134.4335207699
        2.1650000000         2.1323060696      -155.3142127873
        2.1700000000         2.1208190424      -149.6194786008
        2.1750000000         2.1097847963      -153.4159680585
        2.1800000000         2.0992165076      -145.8229891431
        2.1850000000         2.0891267957      -159.1107022450
        2.1900000000         2.0795277089      -166.7036811605
        2.1950000000         2.0704307094      -166.7036811605
        2.2000000000         2.0618466600      -162.9071917028
        2.2050000000         2.0537858109      -174.2966600759
        2.2100000000         2.0462577877      -181.8896389913
        2.2150000000         2.0392715796      -187.5843731779
        2.2200000000         2.0328355288      -178.0931495336
        2.2250000000         2.0269573206      -191.3808626356
        2.2300000000         2.0216439742      -187.5843731779
        2.2350000000         2.0169018344      -197.0755968221
        2.2400000000         2.0127365636      -195.1773520933
        2.2450000000         2.0091531357      -189.4826179067
        2.2500000000         2.0061558297      -200.8720862798
        2.2550000000         2.0037482246      -204.6685757375
        2.2600000000         2.0019331954      -217.9562888395
        2.2650000000         2.0007129094      -208.4650651953
        2.2700000000         2.0000888238      -227.4475124838
        2.2750000000         2.0000616838      -216.0580441107
        2.2800000000         2.0006315217      -221.7527782972
        2.2850000000         2.0017976572      -233.1422466704
        2.2900000000         2.0035586977      -210.3633099241
        2.2950000000         2.0059125404      -221.7527782972
        2.3000000000         2.0088563746      -225.5492677549
        2.3050000000         2.0123866850      -225.5492677549
        2.3100000000         2.0164992561      -233.1422466704
        2.3150000000         2.0211891770      -235.0404913992
        2.3200000000         2.0264508475      -236.9387361281
        2.3250000000         2.0322779846      -246.4299597723
        2.3300000000         2.0386636301      -236.9387361281
        2.3350000000         2.0456001588      -227.4475124838
        2.3400000000         2.0530792879      -254.0229386877
        2.3450000000         2.0610920865      -225.5492677549
        2.3500000000         2.0696289865      -242.6334703146
        2.3550000000         2.0786797939      -235.0404913992
        2.3600000000         2.0882337012      -242.6334703146
        2.3650000000         2.0982792999      -248.3282045012
        2.3700000000         2.1088045947      -235.0404913992
        2.3750000000         2.1197970172      -238.8369808569
        2.3800000000         2.1312434413      -250.2264492300
        2.3850000000         2.1431301989      -223.6510230261
        2.3900000000         2.1554430958      -236.9387361281
        2.3950000000         2.1681674293      -223.6510230261
        2.4000000000         2.1812880051      -242.6334703146
        2.4050000000         2.1947891560      -236.9387361281
        2.4100000000         2.2086547602      -236.9387361281
        2.4150000000         2.2228682606      -238.8369808569
        2.4200000000         2.2374126850      -216.0580441107
        2.4250000000         2.2522706658      -236.9387361281
        2.4300000000         2.2674244610      -233.1422466704
        2.4350000000         2.2828559754      -225.5492677549
        2.4400000000         2.2985467821      -233.1422466704
        2.4450000000         2.3144781449      -214.1597993818
        2.4500000000         2.3306310399      -231.2440019415
        2.4550000000         2.3469861789      -227.4475124838
        2.4600000000         2.3635240322      -219.8545335684
        2.4650000000         2.3802248520      -223.6510230261
        2.4700000000         2.3970686956      -195.1773520933
        2.4750000000         2.4140354499      -204.6685757375
        2.4800000000         2.4311048547      -200.8720862798
        2.4850000000         2.4482565274      -206.5668204664
        2.4900000000         2.4654699871      -197.0755968221
        2.4950000000         2.4827246793      -195.1773520933
        2.5000000000         2.5000000000      -191.3808626356
        2.5050000000         2.5172753207      -189.4826179067
        2.5100000000         2.5345300129      -155.3142127873
        2.5150000000         2.5517434726      -119.2475629391
        2.5200000000         2.5688951453       -73.6896894466
        2.5250000000         2.5859645501       -31.9283054118
        2.5300000000         2.6029313044        -1.5563897502
        2.5350000000         2.6197751480        15.5278128095
        2.5400000000         2.6364759678        -5.3528792079
        2.5450000000         2.6530138211        -9.1493686656
        2.5500000000         2.6693689601         0.3418549787
        2.5550000000         2.6855218551        -1.5563897502
        2.5600000000         2.7014532179        -1.5563897502
        2.5650000000         2.7171440246         4.1383444364
        2.5700000000         2.7325755390        70.5769099463
        2.5750000000         2.7477293342        78.1698888617
        2.5800000000         2.7625873150        57.2891968443
        2.5850000000         2.7771317394        83.8646230483
        2.5900000000         2.7913452398        70.5769099463
        2.5950000000         2.8052108440        87.6611125060
        2.6000000000         2.8187119949        78.1698888617
        2.6050000000         2.8318325707       110.4400492522
        2.6100000000         2.8445569042       110.4400492522
        2.6150000000         2.8568698011       100.9488256079
        2.6200000000         2.8687565587       110.4400492522
        2.6250000000         2.8802029828       116.1347834388
        2.6300000000         2.8911954053       125.6260070830
        2.6350000000         2.9017207001       116.1347834388
        2.6400000000         2.9117662988       135.1172307273
        2.6450000000         2.9213202061       129.4224965408
        2.6500000000         2.9303710135       142.7102096427
        2.6550000000         2.9389079135       148.4049438293
        2.6600000000         2.9469207121       150.3031885581
        2.6650000000         2.9543998412       167.3873911178
        2.6700000000         2.9613363699       157.8961674736
        2.6750000000         2.9677220154       165.4891463890
        2.6800000000         2.9735491525       174.9803700332
        2.6850000000         2.9788108230       174.9803700332
        2.6900000000         2.9835007439       173.0821253044
        2.6950000000         2.9876133150       190.1663278641
        2.7000000000         2.9911436254       178.7768594910
        2.7050000000         2.9940874596       193.9628173218
        2.7100000000         2.9964413023       188.2680831352
        2.7150000000         2.9982023428       199.6575515084
        2.7200000000         2.9993684783       216.7417540680
        2.7250000000         2.9999383162       195.8610620506
        2.7300000000         2.9999111762       224.3347329835
        2.7350000000         2.9992870906       199.6575515084
        2.7400000000         2.9980668046       214.8435093392
        2.7450000000         2.9962517754       205.3522856949
        2.7500000000         2.9938441703       220.5382435257
        2.7550000000         2.9908468643       207.2505304238
        2.7600000000         2.9872634364       207.2505304238
        2.7650000000         2.9830981656       230.0294671700
        2.7700000000         2.9783560258       212.9452646103
        2.7750000000         2.9730426794       224.3347329835
        2.7800000000         2.9671644712       216.7417540680
        2.7850000000         2.9607284204       224.3347329835
        2.7900000000         2.9537422123       222.4364882546
        2.7950000000         2.9462141891       237.6224460854
        2.8000000000         2.9381533400       233.8259566277
        2.8050000000         2.9295692906       239.5206908143
        2.8100000000         2.9204722911       218.6399987969
        2.8150000000         2.9108732043       220.5382435257
        2.8200000000         2.9007834924       237.6224460854
        2.8250000000         2.8902152037       216.7417540680
        2.8300000000         2.8791809576       250.9101591874
        2.8350000000         2.8676939304       224.3347329835
        2.8400000000         2.8557678386       216.7417540680
        2.8450000000         2.8434169233       224.3347329835
        2.8500000000         2.8306559327       216.7417540680
        2.8550000000         2.8175001047       214.8435093392
        2.8600000000         2.8039651488       212.9452646103
        2.8650000000         2.7900672272       212.9452646103
        2.8700000000         2.7758229353       214.8435093392
        2.8750000000         2.7612492824       218.6399987969
        2.8800000000         2.7463636708       207.2505304238
        2.8850000000         2.7311838755       212.9452646103
        2.8900000000         2.7157280228       207.2505304238
        2.8950000000         2.7000145686       201.5557962372
        2.9000000000         2.6840622763       211.0470198815
        2.9050000000         2.6678901947       197.7593067795
        2.9100000000         2.6515176348       182.5733489487
        2.9150000000         2.6349641472       197.7593067795
        2.9200000000         2.6182494985       182.5733489487
        2.9250000000         2.6013936477       182.5733489487
        2.9300000000         2.5844167224       182.5733489487
        2.9350000000         2.5673389947       169.2856358467
        2.9400000000         2.5501808574       163.5909016601
        2.9450000000         2.5329627990       163.5909016601
        2.9500000000         2.5157053795       165.4891463890
        2.9550000000         2.4984292063       146.5066991004
        2.9600000000         2.4811549087       154.0996780159
        2.9650000000         2.4639031141       131.3207412696
        2.9700000000         2.4466944229        85.7628677771
        2.9750000000         2.4295493840        47.7979732000
        2.9800000000         2.4124884705         4.1383444364
        2.9850000000         2.3955320548       -20.5388370387
        2.9900000000         2.3787003846        -5.3528792079
        2.9950000000         2.3620135587         2.2400997075
        3.0000000000         2.3454915028         6.0365891652
        3.0050000000         2.3291539461         0.3418549787
        3.0100000000         2.3130203971       -24.3353264964
        3.0150000000         2.2971101212      -143.9247444142
        3.0200000000         2.2814421167       -64.1984658024
        3.0250000000         2.2660350929      -102.1633603794
        3.0300000000         2.2509074473       -83.1809130909
        3.0350000000         2.2360772440      -119.2475629391
        3.0400000000         2.2215621918       -96.4686261929
        3.0450000000         2.2073796230      -123.0440523968
        3.0500000000         2.1935464732      -123.0440523968
        3.0550000000         2.1800792605      -121.1458076680
        3.0600000000         2.1669940663      -126.8405418545
        3.0650000000         2.1543065155      -134.4335207699
        3.0700000000         2.1420317585      -151.5177233296
        3.0750000000         2.1301844525      -145.8229891431
        3.0800000000         2.1187787445      -157.2124575162
        3.0850000000         2.1078282540      -134.4335207699
        3.0900000000         2.0973460571      -149.6194786008
        3.0950000000         2.0873446707      -151.5177233296
        3.1000000000         2.0778360372      -166.7036811605
        3.1050000000         2.0688315112      -151.5177233296
        3.1100000000         2.0603418449      -161.0089469739
        3.1150000000         2.0523771758      -179.9913942624
        3.1200000000         2.0449470147      -176.1949048047
        3.1250000000         2.0380602337      -179.9913942624
        3.1300000000         2.0317250566      -179.9913942624
        3.1350000000         2.0259490482      -195.1773520933
        3.1400000000         2.0207391055      -179.9913942624
        3.1450000000         2.0161014498      -195.1773520933
        3.1500000000         2.0120416190      -187.5843731779
        3.1550000000         2.0085644609      -200.8720862798
        3.1600000000         2.0056741276      -200.8720862798
        3.1650000000         2.0033740705      -214.1597993818
        3.1700000000         2.0016670360      -212.2615546530
        3.1750000000         2.0005550625      -204.6685757375
        3.1800000000         2.0000394779      -223.6510230261
        3.1850000000         2.0001208978      -189.4826179067
        3.1900000000         2.0007992249      -225.5492677549
        3.1950000000         2.0020736494      -217.9562888395
        3.2000000000         2.0039426493      -217.9562888395
        3.2050000000         2.0064039930      -233.1422466704
        3.2100000000         2.0094547413      -229.3457572126
        3.2150000000         2.0130912513      -225.5492677549
        3.2200000000         2.0173091806      -236.9387361281
        3.2250000000         2.0221034926      -233.1422466704
        3.2300000000         2.0274684624      -236.9387361281
        3.2350000000         2.0333976837      -238.8369808569
        3.2400000000         2.0398840763      -240.7352255858
        3.2450000000         2.0469198949      -252.1246939589
        3.2500000000         2.0544967379      -242.6334703146
        3.2550000000         2.0626055578      -231.2440019415
        3.2600000000         2.0712366719      -235.0404913992
        3.2650000000         2.0803797737      -225.5492677549
        3.2700000000         2.0900239453      -242.6334703146
        3.2750000000         2.1001576708      -240.7352255858
        3.2800000000         2.1107688492      -233.1422466704
        3.2850000000         2.1218448099      -248.3282045012
        3.2900000000         2.1333723269      -221.7527782972
        3.2950000000         2.1453376352      -246.4299597723
        3.3000000000         2.1577264470      -236.9387361281
        3.3050000000         2.1705239688      -244.5317150435
        3.3100000000         2.1837149190      -236.9387361281
        3.3150000000         2.1972835463      -223.6510230261
        3.3200000000         2.2112136483      -252.1246939589
        3.3250000000         2.2254885910      -227.4475124838
        3.3300000000         2.2400913287      -231.2440019415
        3.3350000000         2.2550044242      -236.9387361281
        3.3400000000         2.2702100697      -212.2615546530
        3.3450000000         2.2856901081      -217.9562888395
        3.3500000000         2.3014260547      -219.8545335684
        3.3550000000         2.3173991191      -217.9562888395
        3.3600000000         2.3335902277      -217.9562888395
        3.3650000000         2.3499800469      -214.1597993818
        3.3700000000         2.3665490053      -214.1597993818
        3.3750000000         2.3832773181      -206.5668204664
        3.3800000000         2.4001450097      -195.1773520933
        3.3850000000         2.4171319386      -212.2615546530
        3.3900000000         2.4342178205      -198.9738415510
        3.3950000000         2.4513822530      -208.4650651953
        3.4000000000         2.4686047402      -195.1773520933
        3.4050000000         2.4858647166      -208.4650651953
        3.4100000000         2.5031415720      -187.5843731779
        3.4150000000         2.5204146760      -181.8896389913
        3.4200000000         2.5376634028      -164.8054364316
        3.4250000000         2.5548671555      -113.5528287526
        3.4300000000         2.5720053913       -75.5879341755
        3.4350000000         2.5890576451       -28.1318159541
        3.4400000000         2.6060035550        13.6295680807
        3.4450000000         2.6228228856         7.9348338941
        3.4500000000         2.6394955530         2.2400997075
        3.4550000000         2.6560016483        -7.2511239367
        3.4600000000         2.6723214616         2.2400997075
        3.4650000000         2.6884355052         0.3418549787
        3.4700000000         2.7043245374        -5.3528792079
        3.4750000000         2.7199695849         0.3418549787
        3.4800000000         2.7353519661        53.4927073866
        3.4850000000         2.7504533127        91.4576019637
        3.4900000000         2.7652555922        55.3909521154
        3.4950000000         2.7797411291        85.7628677771
        3.5000000000         2.7938926261        68.6786652174
        3.5050000000         2.8076931851        95.2540914214
        3.5100000000         2.8211263266        83.8646230483
        3.5150000000         2.8341760101       116.1347834388
        3.5200000000         2.8468266529       112.3382939811
        3.5250000000         2.8590631489       102.8470703368
        3.5300000000         2.8708708864       102.8470703368
        3.5350000000         2.8822357657       108.5418045234
        3.5400000000         2.8931442161       127.5242518119
        3.5450000000         2.9035832116       123.7277623542
        3.5500000000         2.9135402871       127.5242518119
        3.5550000000         2.9230035528       131.3207412696
        3.5600000000         2.9319617086       144.6084543716
        3.5650000000         2.9404040575       148.4049438293
        3.5700000000         2.9483205184       150.3031885581
        3.5750000000         2.9557016383       163.5909016601
        3.5800000000         2.9625386034       146.5066991004
        3.5850000000         2.9688232496       174.9803700332
        3.5900000000         2.9745480725       169.2856358467
        3.5950000000         2.9797062359       163.5909016601
        3.6000000000         2.9842915806       174.9803700332
        3.6050000000         2.9882986310       174.9803700332
        3.6100000000         2.9917226025       178.7768594910
        3.6150000000         2.9945594064       192.0645725929
        3.6200000000         2.9968056553       190.1663278641
        3.6250000000         2.9984586669       192.0645725929
        3.6300000000         2.9995164673       203.4540409661
        3.6350000000         2.9999777936       197.7593067795
        3.6400000000         2.9998420946       205.3522856949
        3.6450000000         2.9991095326       192.0645725929
        3.6500000000         2.9977809823       224.3347329835
        3.6550000000         2.9958580301       209.1487751526
        3.6600000000         2.9933429721       216.7417540680
        3.6650000000         2.9902388117       220.5382435257
        3.6700000000         2.9865492555       203.4540409661
        3.6750000000         2.9822787092       224.3347329835
        3.6800000000         2.9774322724       220.5382435257
        3.6850000000         2.9720157321       233.8259566277
        3.6900000000         2.9660355562       214.8435093392
        3.6950000000         2.9594988858       220.5382435257
        3.7000000000         2.9524135262       239.5206908143
        3.7050000000         2.9447879382       228.1312224412
        3.7100000000         2.9366312274       231.9277118989
        3.7150000000         2.9279531338       237.6224460854
        3.7200000000         2.9187640200       230.0294671700
        3.7250000000         2.9090748587       231.9277118989
        3.7300000000         2.8988972198       233.8259566277
        3.7350000000         2.8882432563       230.0294671700
        3.7400000000         2.8771256904       250.9101591874
        3.7450000000         2.8655577974       211.0470198815
        3.7500000000         2.8535533906       237.6224460854
        3.7550000000         2.8411268046       239.5206908143
        3.7600000000         2.8282928779       216.7417540680
        3.7650000000         2.8150669356       228.1312224412
        3.7700000000         2.8014647708       226.2329777123
        3.7750000000         2.7875026260       222.4364882546
        3.7800000000         2.7731971734       222.4364882546
        3.7850000000         2.7585654951       205.3522856949
        3.7900000000         2.7436250629       212.9452646103
        3.7950000000         2.7283937172       212.9452646103
        3.8000000000         2.7128896458       203.4540409661
        3.8050000000         2.6971313622       195.8610620506
        3.8100000000         2.6811376834       190.1663278641
        3.8150000000         2.6649277074       193.9628173218
        3.8200000000         2.6485207908       203.4540409661
        3.8250000000         2.6319365250       195.8610620506
        3.8300000000         2.6151947133       178.7768594910
        3.8350000000         2.5983153473       180.6751042198
        3.8400000000         2.5813185826       178.7768594910
        3.8450000000         2.5642247151       178.7768594910
        3.8500000000         2.5470541567       174.9803700332
        3.8550000000         2.5298274107       161.6926569313
        3.8600000000         2.5125650477       161.6926569313
        3.8650000000         2.4952876808       146.5066991004
        3.8700000000         2.4780159408       152.2014332870
        3.8750000000         2.4607704521       116.1347834388
        3.8800000000         2.4435718076        74.3733994040
        3.8850000000         2.4264405441        25.0190364538
        3.8900000000         2.4093971182       -16.7423475810
        3.8950000000         2.3924618815         2.2400997075
        3.9000000000         2.3756550564        -7.2511239367
        3.9050000000         2.3589967120         4.1383444364
        3.9100000000         2.3425067402         0.3418549787
        3.9150000000         2.3262048315        -1.5563897502
        3.9200000000         2.3101104522       -37.6230395984
        3.9250000000         2.2942428207      -147.7212338719
        3.9300000000         2.2786208845       -73.6896894466
        3.9350000000         2.2632632978      -105.9598498371
        3.9400000000         2.2481883992      -111.6545840237
        3.9450000000         2.2334141896      -119.2475629391
        3.9500000000         2.2189583111      -113.5528287526
        3.9550000000         2.2048380253      -138.2300102277
        3.9600000000         2.1910701935      -134.4335207699
        3.9650000000         2.1776712557      -132.5352760411
        3.9700000000         2.1646572117      -119.2475629391
        3.9750000000         2.1520436017      -140.1282549565
        3.9800000000         2.1398454876      -143.9247444142
        3.9850000000         2.1280774351      -136.3317654988
        3.9900000000         2.1167534966      -162.9071917028
        3.9950000000         2.1058871940      -140.1282549565
        4.0000000000         2.0954915028      -159.1107022450
        4.0050000000         2.0855788365      -151.5177233296
        4.0100000000         2.0761610320      -168.6019258893
        4.0150000000         2.0672493349      -162.9071917028
        4.0200000000         2.0588543868      -155.3142127873
        4.0250000000         2.0509862121      -162.9071917028
        4.0300000000         2.0436542063      -191.3808626356
        4.0350000000         2.0368671245      -172.3984153470
        4.0400000000         2.0306330712      -195.1773520933
        4.0450000000         2.0249594904      -183.7878837202
        4.0500000000         2.0198531572      -197.0755968221
        4.0550000000         2.0153201688      -202.7703310087
        4.0600000000         2.0113659382      -189.4826179067
        4.0650000000         2.0079951872      -212.2615546530
        4.0700000000         2.0052119407      -183.7878837202
        4.0750000000         2.0030195223      -221.7527782972
        4.0800000000         2.0014205499      -198.9738415510
        4.0850000000         2.0004169328      -233.1422466704
        4.0900000000         2.0000098696      -214.1597993818
        4.0950000000         2.0001998462      -229.3457572126
        4.1000000000         2.0009866358      -227.4475124838
        4.1050000000         2.0023692989      -227.4475124838
        4.1100000000         2.0043461845      -210.3633099241
        4.1150000000         2.0069149319      -231.2440019415
        4.1200000000         2.0100724738      -235.0404913992
        4.1250000000         2.0138150398      -216.0580441107
        4.1300000000         2.0181381609      -231.2440019415
        4.1350000000         2.0230366747      -219.8545335684
        4.1400000000         2.0285047321      -242.6334703146
        4.1450000000         2.0345358034      -242.6334703146
        4.1500000000         2.0411226872      -235.0404913992
        4.1550000000         2.0482575178      -250.2264492300
        4.1600000000         2.0559317756      -233.1422466704
        4.1650000000         2.0641362967      -240.7352255858
        4.1700000000         2.0728612842      -250.2264492300
        4.1750000000         2.0820963193      -240.7352255858
        4.1800000000         2.0918303746      -244.5317150435
        4.1850000000         2.1020518267      -225.5492677549
        4.1900000000         2.1127484699      -242.6334703146
        4.1950000000         2.1239075315      -252.1246939589
        4.2000000000         2.1355156863      -236.9387361281
        4.2050000000         2.1475590730      -250.2264492300
        4.2100000000         2.1600233106      -227.4475124838
        4.2150000000         2.1728935155      -240.7352255858
        4.2200000000         2.1861543194      -246.4299597723
        4.2250000000         2.1997898873      -233.1422466704
        4.2300000000         2.2137839372      -246.4299597723
        4.2350000000         2.2281197586      -233.1422466704
        4.2400000000         2.2427802331      -236.9387361281
        4.2450000000         2.2577478546      -225.5492677549
        4.2500000000         2.2730047501      -233.1422466704
        4.2550000000         2.2885327015      -221.7527782972
        4.2600000000         2.3043131666      -231.2440019415
        4.2650000000         2.3203273020      -219.8545335684
        4.2700000000         2.3365559852      -229.3457572126
        4.2750000000         2.3529798374      -219.8545335684
        4.2800000000         2.3695792469      -225.5492677549
        4.2850000000         2.3863343922      -219.8545335684
        4.2900000000         2.4032252660      -206.5668204664
        4.2950000000         2.4202316988      -208.4650651953
        4.3000000000         2.4373333832      -198.9738415510
        4.3050000000         2.4545098980      -195.1773520933
        4.3100000000         2.4717407328      -198.9738415510
        4.3150000000         2.4890053120      -195.1773520933
        4.3200000000         2.5062830199      -189.4826179067
        4.3250000000         2.5235532254      -187.5843731779
        4.3300000000         2.5407953058      -151.5177233296
        4.3350000000         2.5579886724      -104.0616051083
        4.3400000000         2.5751127946       -50.9107527004
        4.3450000000         2.5921472243       -14.8441028521
        4.3500000000         2.6090716207        13.6295680807
        4.3550000000         2.6258657743         0.3418549787
        4.3600000000         2.6425096312        -1.5563897502
        4.3650000000         2.6589833169        -5.3528792079
        4.3700000000         2.6752671601         2.2400997075
        4.3750000000         2.6913417162         2.2400997075
        4.3800000000         2.7071877905        -1.5563897502
        4.3850000000         2.7227864612       -12.9458581233
        4.3900000000         2.7381191018        57.2891968443
        4.3950000000         2.7531674037        97.1523361502
        4.4000000000         2.7679133975        68.6786652174
        4.4050000000         2.7823394750        99.0505808791
        4.4100000000         2.7964284101        78.1698888617
        4.4150000000         2.8101633790        91.4576019637
        4.4200000000         2.8235279808        95.2540914214
        4.4250000000         2.8365062568       116.1347834388
        4.4300000000         2.8490827095       110.4400492522
        4.4350000000         2.8612423214        97.1523361502
        4.4400000000         2.8729705727       100.9488256079
        4.4450000000         2.8842534586       131.3207412696
        4.4500000000         2.8950775062       129.4224965408
        4.4550000000         2.9054297904       129.4224965408
        4.4600000000         2.9152979496       146.5066991004
        4.4650000000         2.9246702001       131.3207412696
        4.4700000000         2.9335353506       155.9979227447
        4.4750000000         2.9418828150       159.7944122024
        4.4800000000         2.9497026258       150.3031885581
        4.4850000000         2.9569854451       154.0996780159
        4.4900000000         2.9637225767       165.4891463890
        4.4950000000         2.9699059755       167.3873911178
        4.5000000000         2.9755282581       174.9803700332
        4.5050000000         2.9805827109       171.1838805755
        4.5100000000         2.9850632982       169.2856358467
        4.5150000000         2.9889646699       169.2856358467
        4.5200000000         2.9922821673       169.2856358467
        4.5250000000         2.9950118289       193.9628173218
        4.5300000000         2.9971503952       190.1663278641
        4.5350000000         2.9986953126       182.5733489487
        4.5400000000         2.9996447363       195.8610620506
        4.5450000000         2.9999975326       192.0645725929
        4.5500000000         2.9997532802       205.3522856949
        4.5550000000         2.9989122707       182.5733489487
        4.5600000000         2.9974755085       214.8435093392
        4.5650000000         2.9954447091       205.3522856949
        4.5700000000         2.9928222976       214.8435093392
        4.5750000000         2.9896114053       212.9452646103
        4.5800000000         2.9858158665       220.5382435257
        4.5850000000         2.9814402133       226.2329777123
        4.5900000000         2.9764896708       214.8435093392
        4.5950000000         2.9709701504       228.1312224412
        4.6000000000         2.9648882429       230.0294671700
        4.6050000000         2.9582512110       230.0294671700
        4.6100000000         2.9510669797       228.1312224412
        4.6150000000         2.9433441279       233.8259566277
        4.6200000000         2.9350918773       230.0294671700
        4.6250000000         2.9263200822       228.1312224412
        4.6300000000         2.9170392168       239.5206908143
        4.6350000000         2.9072603635       237.6224460854
        4.6400000000         2.8969951993       228.1312224412
        4.6450000000         2.8862559818       220.5382435257
        4.6500000000         2.8750555348       224.3347329835
        4.6550000000         2.8634072327       224.3347329835
        4.6600000000         2.8513249849       237.6224460854
        4.6650000000         2.8388232187       237.6224460854
        4.6700000000         2.8259168627       220.5382435257
        4.6750000000         2.8126213282       228.1312224412
        4.6800000000         2.7989524915       230.0294671700
        4.6850000000         2.7849266747       214.8435093392
        4.6900000000         2.7705606261       235.7242013566
        4.6950000000         2.7558715001       220.5382435257
        4.7000000000         2.7408768371       228.1312224412
        4.7050000000         2.7255945422       226.2329777123
        4.7100000000         2.7100428642       211.0470198815
        4.7150000000         2.6942403733       207.2505304238
        4.7200000000         2.6782059394       211.0470198815
        4.7250000000         2.6619587091       186.3698384064
        4.7300000000         2.6455180834       212.9452646103
        4.7350000000         2.6289036941       190.1663278641
        4.7400000000         2.6121353805       182.5733489487
        4.7450000000         2.5952331656       192.0645725929
        4.7500000000         2.5782172325       174.9803700332
        4.7550000000         2.5611079000       169.2856358467
        4.7600000000         2.5439255983       169.2856358467
        4.7650000000         2.5266908449       161.6926569313
        4.7700000000         2.5094242199       169.2856358467
        4.7750000000         2.4921463413       148.4049438293
        4.7800000000         2.4748778409       146.5066991004
        4.7850000000         2.4576393389       121.8295176253
        4.7900000000         2.4404514200        87.6611125060
        4.7950000000         2.4233346081        53.4927073866
        4.8000000000         2.4063093427         7.9348338941
        4.8050000000         2.3893959536       -14.8441028521
        4.8100000000         2.3726146372         2.2400997075
        4.8150000000         2.3559854320        15.5278128095
        4.8200000000         2.3395281951         7.9348338941
        4.8250000000         2.3232625781         0.3418549787
        4.8300000000         2.3072080039      -104.0616051083
        4.8350000000         2.2913836432      -104.0616051083
        4.8400000000         2.2758083920       -67.9949552601
        4.8450000000         2.2605008487       -90.7738920063
        4.8500000000         2.2454792921       -88.8756472775
        4.8550000000         2.2307616596      -111.6545840237
        4.8600000000         2.2163655254      -100.2651156506
        4.8650000000         2.2023080801      -126.8405418545
        4.8700000000         2.1886061098      -115.4510734814
        4.8750000000         2.1752759758      -111.6545840237
        4.8800000000         2.1623335959      -124.9422971257
        4.8850000000         2.1497944246      -138.2300102277
        4.8900000000         2.1376734349      -145.8229891431
        4.8950000000         2.1259851005      -140.1282549565
        4.9000000000         2.1147433786      -151.5177233296
        4.9050000000         2.1039616929      -145.8229891431
        4.9100000000         2.0936529178      -155.3142127873
        4.9150000000         2.0838293631      -161.0089469739
        4.9200000000         2.0745027591      -172.3984153470
        4.9250000000         2.0656842428      -172.3984153470
        4.9300000000         2.0573843443      -164.8054364316
        4.9350000000         2.0496129747      -172.3984153470
        4.9400000000         2.0423794137      -195.1773520933
        4.9450000000         2.0356922989      -181.8896389913
        4.9500000000         2.0295596155      -198.9738415510
        4.9550000000         2.0239886865      -183.7878837202
        4.9600000000         2.0189861642      -189.4826179067
        4.9650000000         2.0145580221      -202.7703310087
        4.9700000000         2.0107095478      -210.3633099241
        4.9750000000         2.0074453369      -216.0580441107
        4.9800000000         2.0047692872      -198.9738415510
        4.9850000000         2.0026845940      -221.7527782972
        4.9900000000         2.0011937468      -219.8545335684
        4.9950000000         2.0002985258      -210.3633099241
        5.0000000000         2.0000000000      -223.6510230261
        5.0050000000         2.0002985258      -206.5668204664
        5.0100000000         2.0011937468      -231.2440019415
        5.0150000000         2.0026845940      -225.5492677549
        5.0200000000         2.0047692872      -240.7352255858
        5.0250000000         2.0074453369      -235.0404913992
        5.0300000000         2.0107095478      -225.5492677549
        5.0350000000         2.0145580221      -225.5492677549
        5.0400000000         2.0189861642      -250.2264492300
        5.0450000000         2.0239886865      -231.2440019415
        5.0500000000         2.0295596155      -248.3282045012
        5.0550000000         2.0356922989      -221.7527782972
        5.0600000000         2.0423794137      -244.5317150435
        5.0650000000         2.0496129747      -267.3106517897
        5.0700000000         2.0573843443      -236.9387361281
        5.0750000000         2.0656842428      -265.4124070609
        5.0800000000         2.0745027591      -240.7352255858
        5.0850000000         2.0838293631      -244.5317150435
        5.0900000000         2.0936529178      -246.4299597723
        5.0950000000         2.1039616929      -246.4299597723
        5.1000000000         2.1147433786      -255.9211834166
        5.1050000000         2.1259851005      -242.6334703146
        5.1100000000         2.1376734349      -252.1246939589
        5.1150000000         2.1497944246      -235.0404913992
        5.1200000000         2.1623335959      -244.5317150435
        5.1250000000         2.1752759758      -255.9211834166
        5.1300000000         2.1886061098      -242.6334703146
        5.1350000000         2.2023080801      -246.4299597723
        5.1400000000         2.2163655254      -250.2264492300
        5.1450000000         2.2307616596      -235.0404913992
        5.1500000000         2.2454792921      -246.4299597723
        5.1550000000         2.2605008487      -244.5317150435
        5.1600000000         2.2758083920      -225.5492677549
        5.1650000000         2.2913836432      -238.8369808569
        5.1700000000         2.3072080039      -219.8545335684
        5.1750000000         2.3232625781      -255.9211834166
        5.1800000000         2.3395281951      -227.4475124838
        5.1850000000         2.3559854320      -219.8545335684
        5.1900000000         2.3726146372      -225.5492677549
        5.1950000000         2.3893959536      -195.1773520933
        5.2000000000         2.4063093427      -208.4650651953
        5.2050000000         2.4233346081      -204.6685757375
        5.2100000000         2.4404514200      -204.6685757375
        5.2150000000         2.4576393389      -200.8720862798
        5.2200000000         2.4748778409      -210.3633099241
        5.2250000000         2.4921463413      -183.7878837202
        5.2300000000         2.5094242199      -179.9913942624
        5.2350000000         2.5266908449      -151.5177233296
        5.2400000000         2.5439255983      -145.8229891431
        5.2450000000         2.5611079000       -90.7738920063
        5.2500000000         2.5782172325       -47.1142632427
        5.2550000000         2.5952331656        -1.5563897502
        5.2600000000         2.6121353805        15.5278128095
        5.2650000000         2.6289036941        -5.3528792079
        5.2700000000         2.6455180834         9.8330786230
        5.2750000000         2.6619587091        -5.3528792079
        5.2800000000         2.6782059394        -1.5563897502
        5.2850000000         2.6942403733         4.1383444364
        5.2900000000         2.7100428642         2.2400997075
        5.2950000000         2.7255945422        -1.5563897502
        5.3000000000         2.7408768371        72.4751546751
        5.3050000000         2.7558715001        93.3558466925
        5.3100000000         2.7705606261        61.0856863020
        5.3150000000         2.7849266747        85.7628677771
        5.3200000000         2.7989524915        74.3733994040
        5.3250000000         2.8126213282        95.2540914214
        5.3300000000         2.8259168627        78.1698888617
        5.3350000000         2.8388232187       121.8295176253
        5.3400000000         2.8513249849       112.3382939811
        5.3450000000         2.8634072327       112.3382939811
        5.3500000000         2.8750555348        99.0505808791
        5.3550000000         2.8862559818       127.5242518119
        5.3600000000         2.8969951993       127.5242518119
        5.3650000000         2.9072603635       116.1347834388
        5.3700000000         2.9170392168       146.5066991004
        5.3750000000         2.9263200822       127.5242518119
        5.3800000000         2.9350918773       127.5242518119
        5.3850000000         2.9433441279       144.6084543716
        5.3900000000         2.9510669797       142.7102096427
        5.3950000000         2.9582512110       152.2014332870
        5.4000000000         2.9648882429       150.3031885581
        5.4050000000         2.9709701504       154.0996780159
        5.4100000000         2.9764896708       154.0996780159
        5.4150000000         2.9814402133       159.7944122024
        5.4200000000         2.9858158665       161.6926569313
        5.4250000000         2.9896114053       173.0821253044
        5.4300000000         2.9928222976       178.7768594910
        5.4350000000         2.9954447091       173.0821253044
        5.4400000000         2.9974755085       178.7768594910
        5.4450000000         2.9989122707       188.2680831352
        5.4500000000         2.9997532802       178.7768594910
        5.4550000000         2.9999975326       203.4540409661
        5.4600000000         2.9996447363       193.9628173218
        5.4650000000         2.9986953126       209.1487751526
        5.4700000000         2.9971503952       193.9628173218
        5.4750000000         2.9950118289       203.4540409661
        5.4800000000         2.9922821673       205.3522856949
        5.4850000000         2.9889646699       203.4540409661
        5.4900000000         2.9850632982       226.2329777123
        5.4950000000         2.9805827109       199.6575515084
        5.5000000000         2.9755282581       233.8259566277
        5.5050000000         2.9699059755       209.1487751526
        5.5100000000         2.9637225767       222.4364882546
        5.5150000000         2.9569854451       214.8435093392
        5.5200000000         2.9497026258       226.2329777123
        5.5250000000         2.9418828150       209.1487751526
        5.5300000000         2.9335353506       231.9277118989
        5.5350000000         2.9246702001       220.5382435257
        5.5400000000         2.9152979496       243.3171802720
        5.5450000000         2.9054297904       230.0294671700
        5.5500000000         2.8950775062       220.5382435257
        5.5550000000         2.8842534586       230.0294671700
        5.5600000000         2.8729705727       233.8259566277
        5.5650000000         2.8612423214       226.2329777123
        5.5700000000         2.8490827095       237.6224460854
        5.5750000000         2.8365062568       222.4364882546
        5.5800000000         2.8235279808       222.4364882546
        5.5850000000         2.8101633790       230.0294671700
        5.5900000000         2.7964284101       224.3347329835
        5.5950000000         2.7823394750       226.2329777123
        5.6000000000         2.7679133975       212.9452646103
        5.6050000000         2.7531674037       220.5382435257
        5.6100000000         2.7381191018       224.3347329835
        5.6150000000         2.7227864612       207.2505304238
        5.6200000000         2.7071877905       222.4364882546
        5.6250000000         2.6913417162       211.0470198815
        5.6300000000         2.6752671601       199.6575515084
        5.6350000000         2.6589833169       197.7593067795
        5.6400000000         2.6425096312       205.3522856949
        5.6450000000         2.6258657743       176.8786147621
        5.6500000000         2.6090716207       203.4540409661
        5.6550000000         2.5921472243       193.9628173218
        5.6600000000         2.5751127946       182.5733489487
        5.6650000000         2.5579886724       192.0645725929
        5.6700000000         2.5407953058       174.9803700332
        5.6750000000         2.5235532254       176.8786147621
        5.6800000000         2.5062830199       165.4891463890
        5.6850000000         2.4890053120       167.3873911178
        5.6900000000         2.4717407328       142.7102096427
        5.6950000000         2.4545098980       108.5418045234
        5.7000000000         2.4373333832        78.1698888617
        5.7050000000         2.4202316988        26.9172811826
        5.7100000000         2.4032252660       -12.9458581233
        5.7150000000         2.3863343922         6.0365891652
        5.7200000000         2.3695792469         0.3418549787
        5.7250000000         2.3529798374         0.3418549787
        5.7300000000         2.3365559852       -11.0476133944
        5.7350000000         2.3203273020       -85.0791578197
        5.7400000000         2.3043131666       -86.9774025486
        5.7450000000         2.2885327015       -81.2826683620
        5.7500000000         2.2730047501       -85.0791578197
        5.7550000000         2.2577478546       -85.0791578197
        5.7600000000         2.2427802331      -100.2651156506
        5.7650000000         2.2281197586      -107.8580945660
        5.7700000000         2.2137839372      -132.5352760411
        5.7750000000         2.1997898873      -128.7387865834
        5.7800000000         2.1861543194      -126.8405418545
        5.7850000000         2.1728935155      -115.4510734814
        5.7900000000         2.1600233106      -145.8229891431
        5.7950000000         2.1475590730      -136.3317654988
        5.8000000000         2.1355156863      -149.6194786008
        5.8050000000         2.1239075315      -143.9247444142
        5.8100000000         2.1127484699      -138.2300102277
        5.8150000000         2.1020518267      -143.9247444142
        5.8200000000         2.0918303746      -161.0089469739
        5.8250000000         2.0820963193      -166.7036811605
        5.8300000000         2.0728612842      -162.9071917028
        5.8350000000         2.0641362967      -181.8896389913
        5.8400000000         2.0559317756      -181.8896389913
        5.8450000000         2.0482575178      -172.3984153470
        5.8500000000         2.0411226872      -185.6861284490
        5.8550000000         2.0345358034      -170.5001706182
        5.8600000000         2.0285047321      -185.6861284490
        5.8650000000         2.0230366747      -181.8896389913
        5.8700000000         2.0181381609      -202.7703310087
        5.8750000000         2.0138150398      -200.8720862798
        5.8800000000         2.0100724738      -198.9738415510
        5.8850000000         2.0069149319      -212.2615546530
        5.8900000000         2.0043461845      -189.4826179067
        5.8950000000         2.0023692989      -227.4475124838
        5.9000000000         2.0009866358      -212.2615546530
        5.9050000000         2.0001998462      -221.7527782972
        5.9100000000         2.0000098696      -204.6685757375
        5.9150000000         2.0004169328      -225.5492677549
        5.9200000000         2.0014205499      -231.2440019415
        5.9250000000         2.0030195223      -236.9387361281
        5.9300000000         2.0052119407      -231.2440019415
        5.9350000000         2.0079951872      -233.1422466704
        5.9400000000         2.0113659382      -240.7352255858
        5.9450000000         2.0153201688      -233.1422466704
        5.9500000000         2.0198531572      -248.3282045012
        5.9550000000         2.0249594904      -225.5492677549
        5.9600000000         2.0306330712      -240.7352255858
        5.9650000000         2.0368671245      -238.8369808569
        5.9700000000         2.0436542063      -240.7352255858
        5.9750000000         2.0509862121      -246.4299597723
        5.9800000000         2.0588543868      -235.0404913992
        5.9850000000         2.0672493349      -254.0229386877
        5.9900000000         2.0761610320      -250.2264492300
        5.9950000000         2.0855788365      -248.3282045012
        6.0000000000         2.0954915028      -248.3282045012
        6.0050000000         2.1058871940      -255.9211834166
        6.0100000000         2.1167534966      -244.5317150435
        6.0150000000         2.1280774351      -261.6159176032
        6.0200000000         2.1398454876      -250.2264492300
        6.0250000000         2.1520436017      -261.6159176032
        6.0300000000         2.1646572117      -246.4299597723
        6.0350000000         2.1776712557      -244.5317150435
        6.0400000000         2.1910701935      -263.5141623320
        6.0450000000         2.2048380253      -242.6334703146
        6.0500000000         2.2189583111      -255.9211834166
        6.0550000000         2.2334141896      -223.6510230261
        6.0600000000         2.2481883992      -233.1422466704
        6.0650000000         2.2632632978      -248.3282045012
        6.0700000000         2.2786208845      -217.9562888395
        6.0750000000         2.2942428207      -246.4299597723
        6.0800000000         2.3101104522      -212.2615546530
        6.0850000000         2.3262048315      -242.6334703146
        6.0900000000         2.3425067402      -217.9562888395
        6.0950000000         2.3589967120      -229.3457572126
        6.1000000000         2.3756550564      -210.3633099241
        6.1050000000         2.3924618815      -223.6510230261
        6.1100000000         2.4093971182      -202.7703310087
        6.1150000000         2.4264405441      -208.4650651953
        6.1200000000         2.4435718076      -202.7703310087
        6.1250000000         2.4607704521      -181.8896389913
        6.1300000000         2.4780159408      -200.8720862798
        6.1350000000         2.4952876808      -185.6861284490
        6.1400000000         2.5125650477      -189.4826179067
        6.1450000000         2.5298274107      -157.2124575162
        6.1500000000         2.5470541567      -105.9598498371
        6.1550000000         2.5642247151       -66.0967105312
        6.1600000000         2.5813185826       -16.7423475810
        6.1650000000         2.5983153473        15.5278128095
        6.1700000000         2.6151947133         7.9348338941
        6.1750000000         2.6319365250         0.3418549787
        6.1800000000         2.6485207908        -1.5563897502
        6.1850000000         2.6649277074        -3.4546344790
        6.1900000000         2.6811376834         0.3418549787
        6.1950000000         2.6971313622        11.7313233518
        6.2000000000         2.7128896458        -5.3528792079
        6.2050000000         2.7283937172        19.3243022672
        6.2100000000         2.7436250629        97.1523361502
        6.2150000000         2.7585654951        64.8821757597
        6.2200000000         2.7731971734        78.1698888617
        6.2250000000         2.7875026260        59.1874415732
        6.2300000000         2.8014647708        81.9663783194
        6.2350000000         2.8150669356        78.1698888617
        6.2400000000         2.8282928779        99.0505808791
        6.2450000000         2.8411268046       102.8470703368
        6.2500000000         2.8535533906        99.0505808791
        6.2550000000         2.8655577974        93.3558466925
        6.2600000000         2.8771256904       104.7453150657
        6.2650000000         2.8882432563       131.3207412696
        6.2700000000         2.8988972198       121.8295176253
        6.2750000000         2.9090748587       131.3207412696
        6.2800000000         2.9187640200       131.3207412696
        6.2850000000         2.9279531338       138.9137201850
        6.2900000000         2.9366312274       138.9137201850
        6.2950000000         2.9447879382       144.6084543716
        6.3000000000         2.9524135262       142.7102096427
        6.3050000000         2.9594988858       146.5066991004
        6.3100000000         2.9660355562       169.2856358467
        6.3150000000         2.9720157321       167.3873911178
        6.3200000000         2.9774322724       161.6926569313
        6.3250000000         2.9822787092       178.7768594910
        6.3300000000         2.9865492555       176.8786147621
        6.3350000000         2.9902388117       173.0821253044
        6.3400000000         2.9933429721       182.5733489487
        6.3450000000         2.9958580301       184.4715936775
        6.3500000000         2.9977809823       192.0645725929
        6.3550000000         2.9991095326       192.0645725929
        6.3600000000         2.9998420946       193.9628173218
        6.3650000000         2.9999777936       201.5557962372
        6.3700000000         2.9995164673       188.2680831352
        6.3750000000         2.9984586669       212.9452646103
        6.3800000000         2.9968056553       182.5733489487
        6.3850000000         2.9945594064       212.9452646103
        6.3900000000         2.9917226025       193.9628173218
        6.3950000000         2.9882986310       220.5382435257
        6.4000000000         2.9842915806       207.2505304238
        6.4050000000         2.9797062359       211.0470198815
        6.4100000000         2.9745480725       222.4364882546
        6.4150000000         2.9688232496       205.3522856949
        6.4200000000         2.9625386034       231.9277118989
        6.4250000000         2.9557016383       218.6399987969
        6.4300000000         2.9483205184       222.4364882546
        6.4350000000         2.9404040575       220.5382435257
        6.4400000000         2.9319617086       212.9452646103
        6.4450000000         2.9230035528       220.5382435257
        6.4500000000         2.9135402871       235.7242013566
        6.4550000000         2.9035832116       218.6399987969
        6.4600000000         2.8931442161       237.6224460854
        6.4650000000         2.8822357657       222.4364882546
        6.4700000000         2.8708708864       222.4364882546
        6.4750000000         2.8590631489       231.9277118989
        6.4800000000         2.8468266529       222.4364882546
        6.4850000000         2.8341760101       224.3347329835
        6.4900000000         2.8211263266       228.1312224412
        6.4950000000         2.8076931851       214.8435093392
        6.5000000000         2.7938926261       237.6224460854
        6.5050000000         2.7797411291       216.7417540680
        6.5100000000         2.7652555922       214.8435093392
        6.5150000000         2.7504533127       216.7417540680
        6.5200000000         2.7353519661       222.4364882546
        6.5250000000         2.7199695849       218.6399987969
        6.5300000000         2.7043245374       222.4364882546
        6.5350000000         2.6884355052       203.4540409661
        6.5400000000         2.6723214616       205.3522856949
        6.5450000000         2.6560016483       199.6575515084
        6.5500000000         2.6394955530       212.9452646103
        6.5550000000         2.6228228856       193.9628173218
        6.5600000000         2.6060035550       184.4715936775
        6.5650000000         2.5890576451       176.8786147621
        6.5700000000         2.5720053913       199.6575515084
        6.5750000000         2.5548671555       173.0821253044
        6.5800000000         2.5376634028       173.0821253044
        6.5850000000         2.5204146760       182.5733489487
        6.5900000000         2.5031415720       163.5909016601
        6.5950000000         2.4858647166       165.4891463890
        6.6000000000         2.4686047402       137.0154754562
        6.6050000000         2.4513822530        97.1523361502
        6.6100000000         2.4342178205        59.1874415732
        6.6150000000         2.4171319386        17.4260575384
        6.6200000000         2.4001450097       -16.7423475810
        6.6250000000         2.3832773181        -5.3528792079
        6.6300000000         2.3665490053        -1.5563897502
        6.6350000000         2.3499800469         4.1383444364
        6.6400000000         2.3335902277        -3.4546344790
        6.6450000000         2.3173991191       -90.7738920063
        6.6500000000         2.3014260547       -98.3668709217
        6.6550000000         2.2856901081       -83.1809130909
        6.6600000000         2.2702100697       -98.3668709217
        6.6650000000         2.2550044242       -83.1809130909
        6.6700000000         2.2400913287      -107.8580945660
        6.6750000000         2.2254885910      -104.0616051083
        6.6800000000         2.2112136483      -124.9422971257
        6.6850000000         2.1972835463      -124.9422971257
        6.6900000000         2.1837149190      -107.8580945660
        6.6950000000         2.1705239688      -121.1458076680
        6.7000000000         2.1577264470      -142.0264996854
        6.7050000000         2.1453376352      -143.9247444142
        6.7100000000         2.1333723269      -147.7212338719
        6.7150000000         2.1218448099      -143.9247444142
        6.7200000000         2.1107688492      -153.4159680585
        6.7250000000         2.1001576708      -151.5177233296
        6.7300000000         2.0900239453      -179.9913942624
        6.7350000000         2.0803797737      -168.6019258893
        6.7400000000         2.0712366719      -168.6019258893
        6.7450000000         2.0626055578      -172.3984153470
        6.7500000000         2.0544967379      -185.6861284490
        6.7550000000         2.0469198949      -191.3808626356
        6.7600000000         2.0398840763      -195.1773520933
        6.7650000000         2.0333976837      -197.0755968221
        6.7700000000         2.0274684624      -197.0755968221
        6.7750000000         2.0221034926      -189.4826179067
        6.7800000000         2.0173091806      -223.6510230261
        6.7850000000         2.0130912513      -212.2615546530
        6.7900000000         2.0094547413      -216.0580441107
        6.7950000000         2.0064039930      -210.3633099241
        6.8000000000         2.0039426493      -212.2615546530
        6.8050000000         2.0020736494      -221.7527782972
        6.8100000000         2.0007992249      -221.7527782972
        6.8150000000         2.0001208978      -229.3457572126
        6.8200000000         2.0000394779      -223.6510230261
        6.8250000000         2.0005550625      -231.2440019415
        6.8300000000         2.0016670360      -235.0404913992
        6.8350000000         2.0033740705      -236.9387361281
        6.8400000000         2.0056741276      -233.1422466704
        6.8450000000         2.0085644609      -233.1422466704
        6.8500000000         2.0120416190      -242.6334703146
        6.8550000000         2.0161014498      -248.3282045012
        6.8600000000         2.0207391055      -248.3282045012
        6.8650000000         2.0259490482      -255.9211834166
        6.8700000000         2.0317250566      -233.1422466704
        6.8750000000         2.0380602337      -255.9211834166
        6.8800000000         2.0449470147      -250.2264492300
        6.8850000000         2.0523771758      -248.3282045012
        6.8900000000         2.0603418449      -248.3282045012
        6.8950000000         2.0688315112      -242.6334703146
        6.9000000000         2.0778360372      -261.6159176032
        6.9050000000         2.0873446707      -244.5317150435
        6.9100000000         2.0973460571      -263.5141623320
        6.9150000000         2.1078282540      -233.1422466704
        6.9200000000         2.1187787445      -240.7352255858
        6.9250000000         2.1301844525      -250.2264492300
        6.9300000000         2.1420317585      -233.1422466704
        6.9350000000         2.1543065155      -257.8194281455
        6.9400000000         2.1669940663      -231.2440019415
        6.9450000000         2.1800792605      -250.2264492300
        6.9500000000         2.1935464732      -227.4475124838
        6.9550000000         2.2073796230      -236.9387361281
        6.9600000000         2.2215621918      -235.0404913992
        6.9650000000         2.2360772440      -240.7352255858
        6.9700000000         2.2509074473      -225.5492677549
        6.9750000000         2.2660350929      -240.7352255858
        6.9800000000         2.2814421167      -221.7527782972
        6.9850000000         2.2971101212      -229.3457572126
        6.9900000000         2.3130203971      -219.8545335684
        6.9950000000         2.3291539461      -219.8545335684
        7.0000000000         2.3454915028      -219.8545335684
        7.0050000000         2.3620135587      -208.4650651953
        7.0100000000         2.3787003846      -204.6685757375
        7.0150000000         2.3955320548      -200.8720862798
        7.0200000000         2.4124884705      -204.6685757375
        7.0250000000         2.4295493840      -206.5668204664
        7.0300000000         2.4466944229      -189.4826179067
        7.0350000000         2.4639031141      -189.4826179067
        7.0400000000         2.4811549087      -172.3984153470
        7.0450000000         2.4984292063      -193.2791073644
        7.0500000000         2.5157053795      -172.3984153470
        7.0550000000         2.5329627990      -136.3317654988
        7.0600000000         2.5501808574       -94.5703814640
        7.0650000000         2.5673389947       -45.2160185138
        7.0700000000         2.5844167224        -5.3528792079
        7.0750000000         2.6013936477         7.9348338941
        7.0800000000         2.6182494985         4.1383444364
        7.0850000000         2.6349641472        -5.3528792079
        7.0900000000         2.6515176348         2.2400997075
        7.0950000000         2.6678901947         4.1383444364
        7.1000000000         2.6840622763         0.3418549787
        7.1050000000         2.7000145686        -3.4546344790
        7.1100000000         2.7157280228        -1.5563897502
        7.1150000000         2.7311838755        32.6120153692
        7.1200000000         2.7463636708       100.9488256079
        7.1250000000         2.7612492824        61.0856863020
        7.1300000000         2.7758229353        85.7628677771
        7.1350000000         2.7900672272        66.7804204886
        7.1400000000         2.8039651488        93.3558466925
        7.1450000000         2.8175001047        70.5769099463
        7.1500000000         2.8306559327       110.4400492522
        7.1550000000         2.8434169233       104.7453150657
        7.1600000000         2.8557678386       114.2365387099
        7.1650000000         2.8676939304       108.5418045234
        7.1700000000         2.8791809576        99.0505808791
        7.1750000000         2.8902152037       121.8295176253
        7.1800000000         2.9007834924       118.0330281676
        7.1850000000         2.9108732043       133.2189859985
        7.1900000000         2.9204722911       127.5242518119
        7.1950000000         2.9295692906       135.1172307273
        7.2000000000         2.9381533400       138.9137201850
        7.2050000000         2.9462141891       135.1172307273
        7.2100000000         2.9537422123       146.5066991004
        7.2150000000         2.9607284204       135.1172307273
        7.2200000000         2.9671644712       161.6926569313
        7.2250000000         2.9730426794       152.2014332870
        7.2300000000         2.9783560258       163.5909016601
        7.2350000000         2.9830981656       174.9803700332
        7.2400000000         2.9872634364       154.0996780159
        7.2450000000         2.9908468643       169.2856358467
        7.2500000000         2.9938441703       173.0821253044
        7.2550000000         2.9962517754       186.3698384064
        7.2600000000         2.9980668046       188.2680831352
        7.2650000000         2.9992870906       184.4715936775
        7.2700000000         2.9999111762       197.7593067795
        7.2750000000         2.9999383162       188.2680831352
        7.2800000000         2.9993684783       199.6575515084
        7.2850000000         2.9982023428       218.6399987969
        7.2900000000         2.9964413023       193.9628173218
        7.2950000000         2.9940874596       216.7417540680
        7.3000000000         2.9911436254       205.3522856949
        7.3050000000         2.9876133150       214.8435093392
        7.3100000000         2.9835007439       209.1487751526
        7.3150000000         2.9788108230       212.9452646103
        7.3200000000         2.9735491525       214.8435093392
        7.3250000000         2.9677220154       205.3522856949
        7.3300000000         2.9613363699       224.3347329835
        7.3350000000         2.9543998412       207.2505304238
        7.3400000000         2.9469207121       230.0294671700
        7.3450000000         2.9389079135       207.2505304238
        7.3500000000         2.9303710135       226.2329777123
        7.3550000000         2.9213202061       211.0470198815
        7.3600000000         2.9117662988       220.5382435257
        7.3650000000         2.9017207001       212.9452646103
        7.3700000000         2.8911954053       226.2329777123
        7.3750000000         2.8802029828       216.7417540680
        7.3800000000         2.8687565587       230.0294671700
        7.3850000000         2.8568698011       231.9277118989
        7.3900000000         2.8445569042       222.4364882546
        7.3950000000         2.8318325707       214.8435093392
        7.4000000000         2.8187119949       216.7417540680
        7.4050000000         2.8052108440       211.0470198815
        7.4100000000         2.7913452398       226.2329777123
        7.4150000000         2.7771317394       214.8435093392
        7.4200000000         2.7625873150       230.0294671700
        7.4250000000         2.7477293342       212.9452646103
        7.4300000000         2.7325755390       209.1487751526
        7.4350000000         2.7171440246       205.3522856949
        7.4400000000         2.7014532179       207.2505304238
        7.4450000000         2.6855218551       207.2505304238
        7.4500000000         2.6693689601       205.3522856949
        7.4550000000         2.6530138211       197.7593067795
        7.4600000000         2.6364759678       201.5557962372
        7.4650000000         2.6197751480       207.2505304238
        7.4700000000         2.6029313044       188.2680831352
        7.4750000000         2.5859645501       186.3698384064
        7.4800000000         2.5688951453       174.9803700332
        7.4850000000         2.5517434726       186.3698384064
        7.4900000000         2.5345300129       165.4891463890
        7.4950000000         2.5172753207       167.3873911178
        7.5000000000         2.5000000000       163.5909016601
        7.5050000000         2.4827246793       152.2014332870
        7.5100000000         2.4654699871       129.4224965408
        7.5150000000         2.4482565274        97.1523361502
        7.5200000000         2.4311048547        53.4927073866
        7.5250000000         2.4140354499        21.2225469961
        7.5300000000         2.3970686956        -3.4546344790
        7.5350000000         2.3802248520        -3.4546344790
        7.5400000000         2.3635240322        -3.4546344790
        7.5450000000         2.3469861789        -3.4546344790
        7.5500000000         2.3306310399        -1.5563897502
        7.5550000000         2.3144781449       -77.4861789043
        7.5600000000         2.2985467821       -92.6721367352
        7.5650000000         2.2828559754       -85.0791578197
        7.5700000000         2.2674244610      -104.0616051083
        7.5750000000         2.2522706658       -90.7738920063
        7.5800000000         2.2374126850      -119.2475629391
        7.5850000000         2.2228682606      -104.0616051083
        7.5900000000         2.2086547602      -113.5528287526
        7.5950000000         2.1947891560      -134.4335207699
        7.6000000000         2.1812880051      -119.2475629391
        7.6050000000         2.1681674293      -117.3493182103
        7.6100000000         2.1554430958      -140.1282549565
        7.6150000000         2.1431301989      -143.9247444142
        7.6200000000         2.1312434413      -157.2124575162
        7.6250000000         2.1197970172      -143.9247444142
        7.6300000000         2.1088045947      -155.3142127873
        7.6350000000         2.0982792999      -151.5177233296
        7.6400000000         2.0882337012      -159.1107022450
        7.6450000000         2.0786797939      -164.8054364316
        7.6500000000         2.0696289865      -166.7036811605
        7.6550000000         2.0610920865      -153.4159680585
        7.6600000000         2.0530792879      -172.3984153470
        7.6650000000         2.0456001588      -170.5001706182
        7.6700000000         2.0386636301      -189.4826179067
        7.6750000000         2.0322779846      -183.7878837202
        7.6800000000         2.0264508475      -191.3808626356
        7.6850000000         2.0211891770      -189.4826179067
        7.6900000000         2.0164992561      -197.0755968221
        7.6950000000         2.0123866850      -202.7703310087
        7.7000000000         2.0088563746      -204.6685757375
        7.7050000000         2.0059125404      -197.0755968221
        7.7100000000         2.0035586977      -221.7527782972
        7.7150000000         2.0017976572      -206.5668204664
        7.7200000000         2.0006315217      -231.2440019415
        7.7250000000         2.0000616838      -217.9562888395
        7.7300000000         2.0000888238      -219.8545335684
        7.7350000000         2.0007129094      -233.1422466704
        7.7400000000         2.0019331954      -217.9562888395
        7.7450000000         2.0037482246      -229.3457572126
        7.7500000000         2.0061558297      -217.9562888395
        7.7550000000         2.0091531357      -219.8545335684
        7.7600000000         2.0127365636      -227.4475124838
        7.7650000000         2.0169018344      -217.9562888395
        7.7700000000         2.0216439742      -227.4475124838
        7.7750000000         2.0269573206      -242.6334703146
        7.7800000000         2.0328355288      -227.4475124838
        7.7850000000         2.0392715796      -233.1422466704
        7.7900000000         2.0462577877      -246.4299597723
        7.7950000000         2.0537858109      -225.5492677549
        7.8000000000         2.0618466600      -255.9211834166
        7.8050000000         2.0704307094      -233.1422466704
        7.8100000000         2.0795277089      -250.2264492300
        7.8150000000         2.0891267957      -225.5492677549
        7.8200000000         2.0992165076      -244.5317150435
        7.8250000000         2.1097847963      -236.9387361281
        7.8300000000         2.1208190424      -248.3282045012
        7.8350000000         2.1323060696      -227.4475124838
        7.8400000000         2.1442321614      -242.6334703146
        7.8450000000         2.1565830767      -240.7352255858
        7.8500000000         2.1693440673      -236.9387361281
        7.8550000000         2.1824998953      -231.2440019415
        7.8600000000         2.1960348512      -229.3457572126
        7.8650000000         2.2099327728      -225.5492677549
        7.8700000000         2.2241770647      -217.9562888395
        7.8750000000         2.2387507176      -221.7527782972
        7.8800000000         2.2536363292      -225.5492677549
        7.8850000000         2.2688161245      -217.9562888395
        7.8900000000         2.2842719772      -212.2615546530
        7.8950000000         2.2999854314      -217.9562888395
        7.9000000000         2.3159377237      -204.6685757375
        7.9050000000         2.3321098053      -206.5668204664
        7.9100000000         2.3484823652      -208.4650651953
        7.9150000000         2.3650358528      -195.1773520933
        7.9200000000         2.3817505015      -210.3633099241
        7.9250000000         2.3986063523      -189.4826179067
        7.9300000000         2.4155832776      -204.6685757375
        7.9350000000         2.4326610053      -181.8896389913
        7.9400000000         2.4498191426      -193.2791073644
        7.9450000000         2.4670372010      -164.8054364316
        7.9500000000         2.4842946205      -181.8896389913
        7.9550000000         2.5015707937      -162.9071917028
        7.9600000000         2.5188450913      -157.2124575162
        7.9650000000         2.5360968859      -143.9247444142
        7.9700000000         2.5533055771      -109.7563392948
        7.9750000000         2.5704506160       -37.6230395984
        7.9800000000         2.5875115295         7.9348338941
        7.9850000000         2.6044679452         9.8330786230
        7.9900000000         2.6212996154         0.3418549787
        7.9950000000         2.6379864413        -7.2511239367
        8.0000000000         2.6545084972         2.2400997075
        8.0050000000         2.6708460539         0.3418549787
        8.0100000000         2.6869796029        -1.5563897502
        8.0150000000         2.7028898788        -1.5563897502
        8.0200000000         2.7185578833         0.3418549787
        8.0250000000         2.7339649071        59.1874415732
        8.0300000000         2.7490925527        99.0505808791
        8.0350000000         2.7639227560        70.5769099463
        8.0400000000         2.7784378082        66.7804204886
        8.0450000000         2.7926203770        76.2716441328
        8.0500000000         2.8064535268        78.1698888617
        8.0550000000         2.8199207395        81.9663783194
        8.0600000000         2.8330059337       106.6435597945
        8.0650000000         2.8456934845        93.3558466925
        8.0700000000         2.8579682415        93.3558466925
        8.0750000000         2.8698155475       102.8470703368
        8.0800000000         2.8812212555       125.6260070830
        8.0850000000         2.8921717460       116.1347834388
        8.0900000000         2.9026539429       121.8295176253
        8.0950000000         2.9126553293       129.4224965408
        8.1000000000         2.9221639628       138.9137201850
        8.1050000000         2.9311684888       125.6260070830
        8.1100000000         2.9396581551       142.7102096427
        8.1150000000         2.9476228242       137.0154754562
        8.1200000000         2.9550529853       146.5066991004
        8.1250000000         2.9619397663       159.7944122024
        8.1300000000         2.9682749434       154.0996780159
        8.1350000000         2.9740509518       161.6926569313
        8.1400000000         2.9792608945       155.9979227447
        8.1450000000         2.9838985502       176.8786147621
        8.1500000000         2.9879583810       173.0821253044
        8.1550000000         2.9914355391       178.7768594910
        8.1600000000         2.9943258724       174.9803700332
        8.1650000000         2.9966259295       174.9803700332
        8.1700000000         2.9983329640       188.2680831352
        8.1750000000         2.9994449375       176.8786147621
        8.1800000000         2.9999605221       186.3698384064
        8.1850000000         2.9998791022       188.2680831352
        8.1900000000         2.9992007751       182.5733489487
        8.1950000000         2.9979263506       212.9452646103
        8.2000000000         2.9960573507       182.5733489487
        8.2050000000         2.9935960070       184.4715936775
        8.2100000000         2.9905452587       212.9452646103
        8.2150000000         2.9869087487       195.8610620506
        8.2200000000         2.9826908194       218.6399987969
        8.2250000000         2.9778965074       205.3522856949
        8.2300000000         2.9725315376       214.8435093392
        8.2350000000         2.9666023163       193.9628173218
        8.2400000000         2.9601159237       228.1312224412
        8.2450000000         2.9530801051       212.9452646103
        8.2500000000         2.9455032621       222.4364882546
        8.2550000000         2.9373944422       212.9452646103
        8.2600000000         2.9287633281       212.9452646103
        8.2650000000         2.9196202263       216.7417540680
        8.2700000000         2.9099760547       214.8435093392
        8.2750000000         2.8998423292       220.5382435257
        8.2800000000         2.8892311508       220.5382435257
        8.2850000000         2.8781551901       211.0470198815
        8.2900000000         2.8666276731       212.9452646103
        8.2950000000         2.8546623648       222.4364882546
        8.3000000000         2.8422735530       214.8435093392
        8.3050000000         2.8294760312       212.9452646103
        8.3100000000         2.8162850810       211.0470198815
        8.3150000000         2.8027164537       214.8435093392
        8.3200000000         2.7887863517       209.1487751526
        8.3250000000         2.7745114090       192.0645725929
        8.3300000000         2.7599086713       197.7593067795
        8.3350000000         2.7449955758       218.6399987969
        8.3400000000         2.7297899303       205.3522856949
        8.3450000000         2.7143098919       209.1487751526
        8.3500000000         2.6985739453       205.3522856949
        8.3550000000         2.6826008809       195.8610620506
        8.3600000000         2.6664097723       186.3698384064
        8.3650000000         2.6500199531       199.6575515084
        8.3700000000         2.6334509947       188.2680831352
        8.3750000000         2.6167226819       192.0645725929
        8.3800000000         2.5998549903       190.1663278641
        8.3850000000         2.5828680614       180.6751042198
        8.3900000000         2.5657821795       180.6751042198
        8.3950000000         2.5486177470       169.2856358467
        8.4000000000         2.5313952598       169.2856358467
        8.4050000000         2.5141352834       159.7944122024
        8.4100000000         2.4968584280       159.7944122024
        8.4150000000         2.4795853240       161.6926569313
        8.4200000000         2.4623365972       135.1172307273
        8.4250000000         2.4451328445        95.2540914214
        8.4300000000         2.4279946087        53.4927073866
        8.4350000000         2.4109423549        26.9172811826
        8.4400000000         2.3939964450       -18.6405923099
        8.4450000000         2.3771771144        -3.4546344790
        8.4500000000         2.3605044470         2.2400997075
        8.4550000000         2.3439983517        11.7313233518
        8.4600000000         2.3276785384        -5.3528792079
        8.4650000000         2.3115644948       -60.4019763446
        8.4700000000         2.2956754626      -126.8405418545
        8.4750000000         2.2800304151       -79.3844236332
        8.4800000000         2.2646480339      -105.9598498371
        8.4850000000         2.2495466873       -83.1809130909
        8.4900000000         2.2347444078      -119.2475629391
        8.4950000000         2.2202588709      -115.4510734814
        8.5000000000         2.2061073739      -134.4335207699
        8.5050000000         2.1923068149      -136.3317654988
        8.5100000000         2.1788736734      -126.8405418545
        8.5150000000         2.1658239899      -128.7387865834
        8.5200000000         2.1531733471      -147.7212338719
        8.5250000000         2.1409368511      -151.5177233296
        8.5300000000         2.1291291136      -149.6194786008
        8.5350000000         2.1177642343      -155.3142127873
        8.5400000000         2.1068557839      -157.2124575162
        8.5450000000         2.0964167884      -161.0089469739
        8.5500000000         2.0864597129      -170.5001706182
        8.5550000000         2.0769964472      -161.0089469739
        8.5600000000         2.0680382914      -191.3808626356
        8.5650000000         2.0595959425      -176.1949048047
        8.5700000000         2.0516794816      -176.1949048047
        8.5750000000         2.0442983617      -193.2791073644
        8.5800000000         2.0374613966      -193.2791073644
        8.5850000000         2.0311767504      -200.8720862798
        8.5900000000         2.0254519275      -197.0755968221
        8.5950000000         2.0202937641      -197.0755968221
        8.6000000000         2.0157084194      -204.6685757375
        8.6050000000         2.0117013690      -187.5843731779
        8.6100000000         2.0082773975      -214.1597993818
        8.6150000000         2.0054405936      -202.7703310087
        8.6200000000         2.0031943447      -217.9562888395
        8.6250000000         2.0015413331      -217.9562888395
        8.6300000000         2.0004835327      -219.8545335684
        8.6350000000         2.0000222064      -233.1422466704
        8.6400000000         2.0001579054      -212.2615546530
        8.6450000000         2.0008904674      -217.9562888395
        8.6500000000         2.0022190177      -221.7527782972
        8.6550000000         2.0041419699      -225.5492677549
        8.6600000000         2.0066570279      -236.9387361281
        8.6650000000         2.0097611883      -242.6334703146
        8.6700000000         2.0134507445      -223.6510230261
        8.6750000000         2.0177212908      -231.2440019415
        8.6800000000         2.0225677276      -235.0404913992
        8.6850000000         2.0279842679      -233.1422466704
        8.6900000000         2.0339644438      -229.3457572126
        8.6950000000         2.0405011142      -242.6334703146
        8.7000000000         2.0475864738      -227.4475124838
        8.7050000000         2.0552120618      -246.4299597723
        8.7100000000         2.0633687726      -233.1422466704
        8.7150000000         2.0720468662      -246.4299597723
        8.7200000000         2.0812359800      -233.1422466704
        8.7250000000         2.0909251413      -227.4475124838
        8.7300000000         2.1011027802      -225.5492677549
        8.7350000000         2.1117567437      -216.0580441107
        8.7400000000         2.1228743096      -229.3457572126
        8.7450000000         2.1344422026      -225.5492677549
        8.7500000000         2.1464466094      -238.8369808569
        8.7550000000         2.1588731954      -229.3457572126
        8.7600000000         2.1717071221      -214.1597993818
        8.7650000000         2.1849330644      -206.5668204664
        8.7700000000         2.1985352292      -240.7352255858
        8.7750000000         2.2124973740      -214.1597993818
        8.7800000000         2.2268028266      -227.4475124838
        8.7850000000         2.2414345049      -217.9562888395
        8.7900000000         2.2563749371      -221.7527782972
        8.7950000000         2.2716062828      -208.4650651953
        8.8000000000         2.2871103542      -204.6685757375
        8.8050000000         2.3028686378      -189.4826179067
        8.8100000000         2.3188623166      -206.5668204664
        8.8150000000         2.3350722926      -183.7878837202
        8.8200000000         2.3514792092      -219.8545335684
        8.8250000000         2.3680634750      -187.5843731779
        8.8300000000         2.3848052867      -204.6685757375
        8.8350000000         2.4016846527      -178.0931495336
        8.8400000000         2.4186814174      -187.5843731779
        8.8450000000         2.4357752849      -181.8896389913
        8.8500000000         2.4529458433      -164.8054364316
        8.8550000000         2.4701725893      -181.8896389913
        8.8600000000         2.4874349523      -161.0089469739
        8.8650000000         2.5047123192      -157.2124575162
        8.8700000000         2.5219840592      -155.3142127873
        8.8750000000         2.5392295479      -128.7387865834
        8.8800000000         2.5564281924       -69.8931999889
        8.8850000000         2.5735594559       -43.3177737850
        8.8900000000         2.5906028818        -5.3528792079
        8.8950000000         2.6075381185        13.6295680807
        8.9000000000         2.6243449436         0.3418549787
        8.9050000000         2.6410032880         0.3418549787
        8.9100000000         2.6574932598        -3.4546344790
        8.9150000000         2.6737951685         2.2400997075
        8.9200000000         2.6898895478         4.1383444364
        8.9250000000         2.7057571793        -3.4546344790
        8.9300000000         2.7213791155         7.9348338941
        8.9350000000         2.7367367022        70.5769099463
        8.9400000000         2.7518116008       108.5418045234
        8.9450000000         2.7665858104        62.9839310309
        8.9500000000         2.7810416889        89.5593572348
        8.9550000000         2.7951619747        70.5769099463
        8.9600000000         2.8089298065        95.2540914214
        8.9650000000         2.8223287443        81.9663783194
        8.9700000000         2.8353427883       106.6435597945
        8.9750000000         2.8479563983       104.7453150657
        8.9800000000         2.8601545124       100.9488256079
        8.9850000000         2.8719225649       108.5418045234
        8.9900000000         2.8832465034       114.2365387099
        8.9950000000         2.8941128060       121.8295176253
        9.0000000000         2.9045084972       102.8470703368
        9.0050000000         2.9144211635       131.3207412696
        9.0100000000         2.9238389680       116.1347834388
        9.0150000000         2.9327506651       129.4224965408
        9.0200000000         2.9411456132       131.3207412696
        9.0250000000         2.9490137879       131.3207412696
        9.0300000000         2.9563457937       137.0154754562
        9.0350000000         2.9631328755       127.5242518119
        9.0400000000         2.9693669288       146.5066991004
        9.0450000000         2.9750405096       131.3207412696
        9.0500000000         2.9801468428       159.7944122024
        9.0550000000         2.9846798312       146.5066991004
        9.0600000000         2.9886340618       176.8786147621
        9.0650000000         2.9920048128       157.8961674736
        9.0700000000         2.9947880593       176.8786147621
        9.0750000000         2.9969804777       188.2680831352
        9.0800000000         2.9985794501       161.6926569313
        9.0850000000         2.9995830672       192.0645725929
        9.0900000000         2.9999901304       174.9803700332
        9.0950000000         2.9998001538       203.4540409661
        9.1000000000         2.9990133642       184.4715936775
        9.1050000000         2.9976307011       192.0645725929
        9.1100000000         2.9956538155       203.4540409661
        9.1150000000         2.9930850681       192.0645725929
        9.1200000000         2.9899275262       199.6575515084
        9.1250000000         2.9861849602       203.4540409661
        9.1300000000         2.9818618391       199.6575515084
        9.1350000000         2.9769633253       207.2505304238
        9.1400000000         2.9714952679       203.4540409661
        9.1450000000         2.9654641966       214.8435093392
        9.1500000000         2.9588773128       193.9628173218
        9.1550000000         2.9517424822       224.3347329835
        9.1600000000         2.9440682244       184.4715936775
        9.1650000000         2.9358637033       199.6575515084
        9.1700000000         2.9271387158       230.0294671700
        9.1750000000         2.9179036807       207.2505304238
        9.1800000000         2.9081696254       207.2505304238
        9.1850000000         2.8979481733       218.6399987969
        9.1900000000         2.8872515301       216.7417540680
        9.1950000000         2.8760924685       216.7417540680
        9.2000000000         2.8644843137       224.3347329835
        9.2050000000         2.8524409270       216.7417540680
        9.2100000000         2.8399766894       241.4189355431
        9.2150000000         2.8271064845       211.0470198815
        9.2200000000         2.8138456806       214.8435093392
        9.2250000000         2.8002101127       207.2505304238
        9.2300000000         2.7862160628       224.3347329835
        9.2350000000         2.7718802414       209.1487751526
        9.2400000000         2.7572197669       220.5382435257
        9.2450000000         2.7422521454       199.6575515084
        9.2500000000         2.7269952499       207.2505304238
        9.2550000000         2.7114672985       192.0645725929
        9.2600000000         2.6956868334       205.3522856949
        9.2650000000         2.6796726980       192.0645725929
        9.2700000000         2.6634440148       199.6575515084
        9.2750000000         2.6470201626       193.9628173218
        9.2800000000         2.6304207531       186.3698384064
        9.2850000000         2.6136656078       192.0645725929
        9.2900000000         2.5967747340       171.1838805755
        9.2950000000         2.5797683012       190.1663278641
        9.3000000000         2.5626666168       171.1838805755
        9.3050000000         2.5454901020       180.6751042198
        9.3100000000         2.5282592672       161.6926569313
        9.3150000000         2.5109946880       165.4891463890
        9.3200000000         2.4937169801       157.8961674736
        9.3250000000         2.4764467746       146.5066991004
        9.3300000000         2.4592046942       127.5242518119
        9.3350000000         2.4420113276        95.2540914214
        9.3400000000         2.4248872054        55.3909521154
        9.3450000000         2.4078527757        13.6295680807
        9.3500000000         2.3909283793       -12.9458581233
        9.3550000000         2.3741342257        11.7313233518
        9.3600000000         2.3574903688         0.3418549787
        9.3650000000         2.3410166831         9.8330786230
        9.3700000000         2.3247328399        -5.3528792079
        9.3750000000         2.3086582838       -96.4686261929
        9.3800000000         2.2928122095      -105.9598498371
        9.3850000000         2.2772135388       -73.6896894466
        9.3900000000         2.2618808982       -96.4686261929
        9.3950000000         2.2468325963       -94.5703814640
        9.4000000000         2.2320866025      -119.2475629391
        9.4050000000         2.2176605250      -104.0616051083
        9.4100000000         2.2035715899      -138.2300102277
        9.4150000000         2.1898366210      -128.7387865834
        9.4200000000         2.1764720192      -124.9422971257
        9.4250000000         2.1634937432      -126.8405418545
        9.4300000000         2.1509172905      -157.2124575162
        9.4350000000         2.1387576786      -142.0264996854
        9.4400000000         2.1270294273      -142.0264996854
        9.4450000000         2.1157465414      -145.8229891431
        9.4500000000         2.1049224938      -153.4159680585
        9.4550000000         2.0945702096      -155.3142127873
        9.4600000000         2.0847020504      -157.2124575162
        9.4650000000         2.0753297999      -166.7036811605
        9.4700000000         2.0664646494      -145.8229891431
        9.4750000000         2.0581171850      -155.3142127873
        9.4800000000         2.0502973742      -174.2966600759
        9.4850000000         2.0430145549      -174.2966600759
        9.4900000000         2.0362774233      -181.8896389913
        9.4950000000         2.0300940245      -176.1949048047
        9.5000000000         2.0244717419      -193.2791073644
        9.5050000000         2.0194172891      -172.3984153470
        9.5100000000         2.0149367018      -172.3984153470
        9.5150000000         2.0110353301      -191.3808626356
        9.5200000000         2.0077178327      -204.6685757375
        9.5250000000         2.0049881711      -181.8896389913
        9.5300000000         2.0028496048      -206.5668204664
        9.5350000000         2.0013046874      -195.1773520933
        9.5400000000         2.0003552637      -214.1597993818
        9.5450000000         2.0000024674      -206.5668204664
        9.5500000000         2.0002467198      -212.2615546530
        9.5550000000         2.0010877293      -225.5492677549
        9.5600000000         2.0025244915      -204.6685757375
        9.5650000000         2.0045552909      -248.3282045012
        9.5700000000         2.0071777024      -200.8720862798
        9.5750000000         2.0103885947      -238.8369808569
        9.5800000000         2.0141841335      -217.9562888395
        9.5850000000         2.0185597867      -242.6334703146
        9.5900000000         2.0235103292      -231.2440019415
        9.5950000000         2.0290298496      -221.7527782972
        9.6000000000         2.0351117571      -221.7527782972
        9.6050000000         2.0417487890      -217.9562888395
        9.6100000000         2.0489330203      -219.8545335684
        9.6150000000         2.0566558721      -219.8545335684
        9.6200000000         2.0649081227      -235.0404913992
        9.6250000000         2.0736799178      -227.4475124838
        9.6300000000         2.0829607832      -221.7527782972
        9.6350000000         2.0927396365      -229.3457572126
        9.6400000000         2.1030048007      -221.7527782972
        9.6450000000         2.1137440182      -240.7352255858
        9.6500000000         2.1249444652      -217.9562888395
        9.6550000000         2.1365927673      -242.6334703146
        9.6600000000         2.1486750151      -229.3457572126
        9.6650000000         2.1611767813      -231.2440019415
        9.6700000000         2.1740831373      -225.5492677549
        9.6750000000         2.1873786718      -206.5668204664
        9.6800000000         2.2010475085      -227.4475124838
        9.6850000000         2.2150733253      -197.0755968221
        9.6900000000         2.2294393739      -217.9562888395
        9.6950000000         2.2441284999      -221.7527782972
        9.7000000000         2.2591231629      -204.6685757375
        9.7050000000         2.2744054578      -217.9562888395
        9.7100000000         2.2899571358      -204.6685757375
        9.7150000000         2.3057596267      -210.3633099241
        9.7200000000         2.3217940606      -198.9738415510
        9.7250000000         2.3380412909      -208.4650651953
        9.7300000000         2.3544819166      -181.8896389913
        9.7350000000         2.3710963059      -197.0755968221
        9.7400000000         2.3878646195      -193.2791073644
        9.7450000000         2.4047668344      -204.6685757375
        9.7500000000         2.4217827675      -189.4826179067
        9.7550000000         2.4388921000      -172.3984153470
        9.7600000000         2.4560744017      -185.6861284490
        9.7650000000         2.4733091551      -174.2966600759
        9.7700000000         2.4905757801      -189.4826179067
        9.7750000000         2.5078536587      -172.3984153470
        9.7800000000         2.5251221591      -151.5177233296
        9.7850000000         2.5423606611      -123.0440523968
        9.7900000000         2.5595485800       -69.8931999889
        9.7950000000         2.5766653919       -14.8441028521
        9.8000000000         2.5936906573        -5.3528792079
        9.8050000000         2.6106040464        15.5278128095
        9.8100000000         2.6273853628        -5.3528792079
        9.8150000000         2.6440145680        -3.4546344790
        9.8200000000         2.6604718049        -5.3528792079
        9.8250000000         2.6767374219         7.9348338941
        9.8300000000         2.6927919961         0.3418549787
        9.8350000000         2.7086163568        -9.1493686656
        9.8400000000         2.7241916080         6.0365891652
        9.8450000000         2.7394991513        91.4576019637
        9.8500000000         2.7545207079        53.4927073866
        9.8550000000         2.7692383404        76.2716441328
        9.8600000000         2.7836344746        66.7804204886
        9.8650000000         2.7976919199        78.1698888617
        9.8700000000         2.8113938902        72.4751546751
        9.8750000000         2.8247240242        89.5593572348
        9.8800000000         2.8376664041       112.3382939811
        9.8850000000         2.8502055754        83.8646230483
        9.8900000000         2.8623265651       108.5418045234
        9.8950000000         2.8740148995       106.6435597945
        9.9000000000         2.8852566214       121.8295176253
        9.9050000000         2.8960383071       116.1347834388
        9.9100000000         2.9063470822       129.4224965408
        9.9150000000         2.9161706369       121.8295176253
        9.9200000000         2.9254972409       129.4224965408
        9.9250000000         2.9343157572       127.5242518119
        9.9300000000         2.9426156557       146.5066991004
        9.9350000000         2.9503870253       138.9137201850
        9.9400000000         2.9576205863       135.1172307273
        9.9450000000         2.9643077011       163.5909016601
        9.9500000000         2.9704403845       144.6084543716
        9.9550000000         2.9760113135       169.2856358467
        9.9600000000         2.9810138358       148.4049438293
        9.9650000000         2.9854419779       174.9803700332
        9.9700000000         2.9892904522       155.9979227447
        9.9750000000         2.9925546631       169.2856358467
        9.9800000000         2.9952307128       178.7768594910
        9.9850000000         2.9973154060       167.3873911178
        9.9900000000         2.9988062532       163.5909016601
        9.9950000000         2.9997014742       171.1838805755
       10.0000000000         3.0000000000       176.8786147621
       10.0050000000         2.9997014742       176.8786147621
       10.0100000000         2.9988062532       169.2856358467
       10.0150000000         2.9973154060       207.2505304238
       10.0200000000         2.9952307128       176.8786147621
       10.0250000000         2.9925546631       197.7593067795
       10.0300000000         2.9892904522       197.7593067795
       10.0350000000         2.9854419779       193.9628173218
       10.0400000000         2.9810138358       220.5382435257
       10.0450000000         2.9760113135       207.2505304238
       10.0500000000         2.9704403845       218.6399987969
       10.0550000000         2.9643077011       207.2505304238
       10.0600000000         2.9576205863       211.0470198815
       10.0650000000         2.9503870253       209.1487751526
       10.0700000000         2.9426156557       216.7417540680
       10.0750000000         2.9343157572       209.1487751526
       10.0800000000         2.9254972409       209.1487751526
       10.0850000000         2.9161706369       214.8435093392
       10.0900000000         2.9063470822       212.9452646103
       10.0950000000         2.8960383071       222.4364882546
       10.1000000000         2.8852566214       211.0470198815
       10.1050000000         2.8740148995       222.4364882546
       10.1100000000         2.8623265651       199.6575515084
       10.1150000000         2.8502055754       235.7242013566
       10.1200000000         2.8376664041       216.7417540680
       10.1250000000         2.8247240242       195.8610620506
       10.1300000000         2.8113938902       216.7417540680
       10.1350000000         2.7976919199       209.1487751526
       10.1400000000         2.7836344746       212.9452646103
       10.1450000000         2.7692383404       224.3347329835
       10.1500000000         2.7545207079       207.2505304238
       10.1550000000         2.7394991513       224.3347329835
       10.1600000000         2.7241916080       203.4540409661
       10.1650000000         2.7086163568       201.5557962372
       10.1700000000         2.6927919961       193.9628173218
       10.1750000000         2.6767374219       199.6575515084
       10.1800000000         2.6604718049       197.7593067795
       10.1850000000         2.6440145680       188.2680831352
       10.1900000000         2.6273853628       188.2680831352
       10.1950000000         2.6106040464       173.0821253044
       10.2000000000         2.5936906573       192.0645725929
       10.2050000000         2.5766653919       161.6926569313
       10.2100000000         2.5595485800       178.7768594910
       10.2150000000         2.5423606611       154.0996780159
       10.2200000000         2.5251221591       167.3873911178
       10.2250000000         2.5078536587       152.2014332870
       10.2300000000         2.4905757801       157.8961674736
       10.2350000000         2.4733091551       144.6084543716
       10.2400000000         2.4560744017       119.9312728965
       10.2450000000         2.4388921000        85.7628677771
       10.2500000000         2.4217827675        53.4927073866
       10.2550000000         2.4047668344        23.1207917249
       10.2600000000         2.3878646195       -12.9458581233
       10.2650000000         2.3710963059         2.2400997075
       10.2700000000         2.3544819166        -1.5563897502
       10.2750000000         2.3380412909         9.8330786230
       10.2800000000         2.3217940606        -9.1493686656
       10.2850000000         2.3057596267      -143.9247444142
       10.2900000000         2.2899571358       -73.6896894466
       10.2950000000         2.2744054578       -98.3668709217
       10.3000000000         2.2591231629       -92.6721367352
       10.3050000000         2.2441284999       -98.3668709217
       10.3100000000         2.2294393739      -111.6545840237
       10.3150000000         2.2150733253      -104.0616051083
       10.3200000000         2.2010475085      -130.6370313122
       10.3250000000         2.1873786718      -115.4510734814
       10.3300000000         2.1740831373      -123.0440523968
       10.3350000000         2.1611767813      -134.4335207699
       10.3400000000         2.1486750151      -151.5177233296
       10.3450000000         2.1365927673      -134.4335207699
       10.3500000000         2.1249444652      -143.9247444142
       10.3550000000         2.1137440182      -155.3142127873
       10.3600000000         2.1030048007      -140.1282549565
       10.3650000000         2.0927396365      -153.4159680585
       10.3700000000         2.0829607832      -153.4159680585
       10.3750000000         2.0736799178      -164.8054364316
       10.3800000000         2.0649081227      -161.0089469739
       10.3850000000         2.0566558721      -159.1107022450
       10.3900000000         2.0489330203      -178.0931495336
       10.3950000000         2.0417487890      -176.1949048047
       10.4000000000         2.0351117571      -179.9913942624
       10.4050000000         2.0290298496      -181.8896389913
       10.4100000000         2.0235103292      -179.9913942624
       10.4150000000         2.0185597867      -189.4826179067
       10.4200000000         2.0141841335      -200.8720862798
       10.4250000000         2.0103885947      -178.0931495336
       10.4300000000         2.0071777024      -217.9562888395
       10.4350000000         2.0045552909      -187.5843731779
       10.4400000000         2.0025244915      -221.7527782972
       10.4450000000         2.0010877293      -204.6685757375
       10.4500000000         2.0002467198      -208.4650651953
       10.4550000000         2.0000024674      -214.1597993818
       10.4600000000         2.0003552637      -198.9738415510
       10.4650000000         2.0013046874      -225.5492677549
       10.4700000000         2.0028496048      -197.0755968221
       10.4750000000         2.0049881711      -210.3633099241
       10.4800000000         2.0077178327      -204.6685757375
       10.4850000000         2.0110353301      -219.8545335684
       10.4900000000         2.0149367018      -221.7527782972
       10.4950000000         2.0194172891      -223.6510230261
       10.5000000000         2.0244717419      -217.9562888395
       10.5050000000         2.0300940245      -219.8545335684
       10.5100000000         2.0362774233      -208.4650651953
       10.5150000000         2.0430145549      -225.5492677549
       10.5200000000         2.0502973742      -214.1597993818
       10.5250000000         2.0581171850      -238.8369808569
       10.5300000000         2.0664646494      -231.2440019415
       10.5350000000         2.0753297999      -236.9387361281
       10.5400000000         2.0847020504      -225.5492677549
       10.5450000000         2.0945702096      -212.2615546530
       10.5500000000         2.1049224938      -210.3633099241
       10.5550000000         2.1157465414      -236.9387361281
       10.5600000000         2.1270294273      -210.3633099241
       10.5650000000         2.1387576786      -248.3282045012
       10.5700000000         2.1509172905      -212.2615546530
       10.5750000000         2.1634937432      -231.2440019415
       10.5800000000         2.1764720192      -204.6685757375
       10.5850000000         2.1898366210      -219.8545335684
       10.5900000000         2.2035715899      -210.3633099241
       10.5950000000         2.2176605250      -217.9562888395
       10.6000000000         2.2320866025      -217.9562888395
       10.6050000000         2.2468325963      -212.2615546530
       10.6100000000         2.2618808982      -208.4650651953
       10.6150000000         2.2772135388      -217.9562888395
       10.6200000000         2.2928122095      -217.9562888395
       10.6250000000         2.3086582838      -204.6685757375
       10.6300000000         2.3247328399      -210.3633099241
       10.6350000000         2.3410166831      -204.6685757375
       10.6400000000         2.3574903688      -206.5668204664
       10.6450000000         2.3741342257      -197.0755968221
       10.6500000000         2.3909283793      -187.5843731779
       10.6550000000         2.4078527757      -183.7878837202
       10.6600000000         2.4248872054      -191.3808626356
       10.6650000000         2.4420113276      -185.6861284490
       10.6700000000         2.4592046942      -193.2791073644
       10.6750000000         2.4764467746      -168.6019258893
       10.6800000000         2.4937169801      -159.1107022450
       10.6850000000         2.5109946880      -166.7036811605
       10.6900000000         2.5282592672      -128.7387865834
       10.6950000000         2.5454901020       -73.6896894466
       10.7000000000         2.5626666168       -37.6230395984
       10.7050000000         2.5797683012       -12.9458581233
       10.7100000000         2.5967747340         7.9348338941
       10.7150000000         2.6136656078        -9.1493686656
       10.7200000000         2.6304207531         7.9348338941
       10.7250000000         2.6470201626         2.2400997075
       10.7300000000         2.6634440148         9.8330786230
       10.7350000000         2.6796726980        -3.4546344790
       10.7400000000         2.6956868334         7.9348338941
       10.7450000000         2.7114672985         0.3418549787
       10.7500000000         2.7269952499        51.5944626577
       10.7550000000         2.7422521454        76.2716441328
       10.7600000000         2.7572197669        64.8821757597
       10.7650000000         2.7718802414        64.8821757597
       10.7700000000         2.7862160628        68.6786652174
       10.7750000000         2.8002101127        83.8646230483
       10.7800000000         2.8138456806        72.4751546751
       10.7850000000         2.8271064845        91.4576019637
       10.7900000000         2.8399766894       116.1347834388
       10.7950000000         2.8524409270        97.1523361502
       10.8000000000         2.8644843137       100.9488256079
       10.8050000000         2.8760924685       100.9488256079
       10.8100000000         2.8872515301       112.3382939811
       10.8150000000         2.8979481733       129.4224965408
       10.8200000000         2.9081696254       114.2365387099
       10.8250000000         2.9179036807       133.2189859985
       10.8300000000         2.9271387158       121.8295176253
       10.8350000000         2.9358637033       133.2189859985
       10.8400000000         2.9440682244       137.0154754562
       10.8450000000         2.9517424822       146.5066991004
       10.8500000000         2.9588773128       146.5066991004
       10.8550000000         2.9654641966       123.7277623542
       10.8600000000         2.9714952679       148.4049438293
       10.8650000000         2.9769633253       154.0996780159
       10.8700000000         2.9818618391       161.6926569313
       10.8750000000         2.9861849602       174.9803700332
       10.8800000000         2.9899275262       178.7768594910
       10.8850000000         2.9930850681       173.0821253044
       10.8900000000         2.9956538155       180.6751042198
       10.8950000000         2.9976307011       167.3873911178
       10.9000000000         2.9990133642       195.8610620506
       10.9050000000         2.9998001538       184.4715936775
       10.9100000000         2.9999901304       195.8610620506
       10.9150000000         2.9995830672       203.4540409661
       10.9200000000         2.9985794501       201.5557962372
       10.9250000000         2.9969804777       193.9628173218
       10.9300000000         2.9947880593       207.2505304238
       10.9350000000         2.9920048128       193.9628173218
       10.9400000000         2.9886340618       205.3522856949
       10.9450000000         2.9846798312       212.9452646103
       10.9500000000         2.9801468428       214.8435093392
       10.9550000000         2.9750405096       205.3522856949
       10.9600000000         2.9693669288       222.4364882546
       10.9650000000         2.9631328755       201.5557962372
       10.9700000000         2.9563457937       224.3347329835
       10.9750000000         2.9490137879       207.2505304238
       10.9800000000         2.9411456132       230.0294671700
       10.9850000000         2.9327506651       231.9277118989
       10.9900000000         2.9238389680       220.5382435257
       10.9950000000         2.9144211635       222.4364882546
       11.0000000000         2.9045084972       226.2329777123
       11.0050000000         2.8941128060       222.4364882546
       11.0100000000         2.8832465034       230.0294671700
       11.0150000000         2.8719225649       220.5382435257
       11.0200000000         2.8601545124       220.5382435257
       11.0250000000         2.8479563983       220.5382435257
       11.0300000000         2.8353427883       230.0294671700
       11.0350000000         2.8223287443       218.6399987969
       11.0400000000         2.8089298065       230.0294671700
       11.0450000000         2.7951619747       214.8435093392
       11.0500000000         2.7810416889       203.4540409661
       11.0550000000         2.7665858104       231.9277118989
       11.0600000000         2.7518116008       212.9452646103
       11.0650000000         2.7367367022       211.0470198815
       11.0700000000         2.7213791155       209.1487751526
       11.0750000000         2.7057571793       199.6575515084
       11.0800000000         2.6898895478       205.3522856949
       11.0850000000         2.6737951685       203.4540409661
       11.0900000000         2.6574932598       199.6575515084
       11.0950000000         2.6410032880       205.3522856949
       11.1000000000         2.6243449436       188.2680831352
       11.1050000000         2.6075381185       184.4715936775
       11.1100000000         2.5906028818       174.9803700332
       11.1150000000         2.5735594559       176.8786147621
       11.1200000000         2.5564281924       192.0645725929
       11.1250000000         2.5392295479       138.9137201850
       11.1300000000         2.5219840592       180.6751042198
       11.1350000000         2.5047123192       148.4049438293
       11.1400000000         2.4874349523       167.3873911178
       11.1450000000         2.4701725893       129.4224965408
       11.1500000000         2.4529458433        91.4576019637
       11.1550000000         2.4357752849        53.4927073866
       11.1600000000         2.4186814174        21.2225469961
       11.1650000000         2.4016846527        -5.3528792079
       11.1700000000         2.3848052867         0.3418549787
       11.1750000000         2.3680634750         2.2400997075
       11.1800000000         2.3514792092         6.0365891652
       11.1850000000         2.3350722926       -12.9458581233
       11.1900000000         2.3188623166       -88.8756472775
       11.1950000000         2.3028686378       -98.3668709217
       11.2000000000         2.2871103542       -66.0967105312
       11.2050000000         2.2716062828      -104.0616051083
       11.2100000000         2.2563749371       -86.9774025486
       11.2150000000         2.2414345049      -111.6545840237
       11.2200000000         2.2268028266       -96.4686261929
       11.2250000000         2.2124973740      -128.7387865834
       11.2300000000         2.1985352292      -111.6545840237
       11.2350000000         2.1849330644      -107.8580945660
       11.2400000000         2.1717071221      -126.8405418545
       11.2450000000         2.1588731954      -124.9422971257
       11.2500000000         2.1464466094      -147.7212338719
       11.2550000000         2.1344422026      -126.8405418545
       11.2600000000         2.1228743096      -153.4159680585
       11.2650000000         2.1117567437      -142.0264996854
       11.2700000000         2.1011027802      -155.3142127873
       11.2750000000         2.0909251413      -161.0089469739
       11.2800000000         2.0812359800      -151.5177233296
       11.2850000000         2.0720468662      -159.1107022450
       11.2900000000         2.0633687726      -159.1107022450
       11.2950000000         2.0552120618      -170.5001706182
       11.3000000000         2.0475864738      -159.1107022450
       11.3050000000         2.0405011142      -195.1773520933
       11.3100000000         2.0339644438      -157.2124575162
       11.3150000000         2.0279842679      -187.5843731779
       11.3200000000         2.0225677276      -172.3984153470
       11.3250000000         2.0177212908      -170.5001706182
       11.3300000000         2.0134507445      -187.5843731779
       11.3350000000         2.0097611883      -183.7878837202
       11.3400000000         2.0066570279      -200.8720862798
       11.3450000000         2.0041419699      -191.3808626356
       11.3500000000         2.0022190177      -191.3808626356
       11.3550000000         2.0008904674      -193.2791073644
       11.3600000000         2.0001579054      -193.2791073644
       11.3650000000         2.0000222064      -198.9738415510
       11.3700000000         2.0004835327      -204.6685757375
       11.3750000000         2.0015413331      -195.1773520933
       11.3800000000         2.0031943447      -210.3633099241
       11.3850000000         2.0054405936      -210.3633099241
       11.3900000000         2.0082773975      -214.1597993818
       11.3950000000         2.0117013690      -197.0755968221
       11.4000000000         2.0157084194      -227.4475124838
       11.4050000000         2.0202937641      -214.1597993818
       11.4100000000         2.0254519275      -227.4475124838
       11.4150000000         2.0311767504      -221.7527782972
       11.4200000000         2.0374613966      -235.0404913992
       11.4250000000         2.0442983617      -229.3457572126
       11.4300000000         2.0516794816      -219.8545335684
       11.4350000000         2.0595959425      -214.1597993818
       11.4400000000         2.0680382914      -236.9387361281
       11.4450000000         2.0769964472      -216.0580441107
       11.4500000000         2.0864597129      -248.3282045012
       11.4550000000         2.0964167884      -216.0580441107
       11.4600000000         2.1068557839      -229.3457572126
       11.4650000000         2.1177642343      -214.1597993818
       11.4700000000         2.1291291136      -221.7527782972
       11.4750000000         2.1409368511      -219.8545335684
       11.4800000000         2.1531733471      -229.3457572126
       11.4850000000         2.1658239899      -217.9562888395
       11.4900000000         2.1788736734      -225.5492677549
       11.4950000000         2.1923068149      -216.0580441107
       11.5000000000         2.2061073739      -236.9387361281
       11.5050000000         2.2202588709      -221.7527782972
       11.5100000000         2.2347444078      -221.7527782972
       11.5150000000         2.2495466873      -216.0580441107
       11.5200000000         2.2646480339      -216.0580441107
       11.5250000000         2.2800304151      -216.0580441107
       11.5300000000         2.2956754626      -217.9562888395
       11.5350000000         2.3115644948      -223.6510230261
       11.5400000000         2.3276785384      -202.7703310087
       11.5450000000         2.3439983517      -214.1597993818
       11.5500000000         2.3605044470      -210.3633099241
       11.5550000000         2.3771771144      -183.7878837202
       11.5600000000         2.3939964450      -187.5843731779
       11.5650000000         2.4109423549      -189.4826179067
       11.5700000000         2.4279946087      -170.5001706182
       11.5750000000         2.4451328445      -195.1773520933
       11.5800000000         2.4623365972      -181.8896389913
       11.5850000000         2.4795853240      -176.1949048047
       11.5900000000         2.4968584280      -153.4159680585
       11.5950000000         2.5141352834      -164.8054364316
       11.6000000000         2.5313952598      -147.7212338719
       11.6050000000         2.5486177470       -73.6896894466
       11.6100000000         2.5657821795       -28.1318159541
       11.6150000000         2.5828680614       -14.8441028521
       11.6200000000         2.5998549903         7.9348338941
       11.6250000000         2.6167226819         0.3418549787
       11.6300000000         2.6334509947        -3.4546344790
       11.6350000000         2.6500199531        -3.4546344790
       11.6400000000         2.6664097723         9.8330786230
       11.6450000000         2.6826008809         2.2400997075
       11.6500000000         2.6985739453        -5.3528792079
       11.6550000000         2.7143098919         0.3418549787
       11.6600000000         2.7297899303        49.6962179289
       11.6650000000         2.7449955758        97.1523361502
       11.6700000000         2.7599086713        47.7979732000
       11.6750000000         2.7745114090        76.2716441328
       11.6800000000         2.7887863517        62.9839310309
       11.6850000000         2.8027164537        76.2716441328
       11.6900000000         2.8162850810        68.6786652174
       11.6950000000         2.8294760312        87.6611125060
       11.7000000000         2.8422735530       100.9488256079
       11.7050000000         2.8546623648        89.5593572348
       11.7100000000         2.8666276731       104.7453150657
       11.7150000000         2.8781551901        99.0505808791
       11.7200000000         2.8892311508       116.1347834388
       11.7250000000         2.8998423292       110.4400492522
       11.7300000000         2.9099760547       121.8295176253
       11.7350000000         2.9196202263       119.9312728965
       11.7400000000         2.9287633281       114.2365387099
       11.7450000000         2.9373944422       133.2189859985
       11.7500000000         2.9455032621       127.5242518119
       11.7550000000         2.9530801051       152.2014332870
       11.7600000000         2.9601159237       131.3207412696
       11.7650000000         2.9666023163       159.7944122024
       11.7700000000         2.9725315376       146.5066991004
       11.7750000000         2.9778965074       157.8961674736
       11.7800000000         2.9826908194       161.6926569313
       11.7850000000         2.9869087487       163.5909016601
       11.7900000000         2.9905452587       165.4891463890
       11.7950000000         2.9935960070       174.9803700332
       11.8000000000         2.9960573507       169.2856358467
       11.8050000000         2.9979263506       169.2856358467
       11.8100000000         2.9992007751       192.0645725929
       11.8150000000         2.9998791022       176.8786147621
       11.8200000000         2.9999605221       174.9803700332
       11.8250000000         2.9994449375       207.2505304238
       11.8300000000         2.9983329640       188.2680831352
       11.8350000000         2.9966259295       199.6575515084
       11.8400000000         2.9943258724       182.5733489487
       11.8450000000         2.9914355391       203.4540409661
       11.8500000000         2.9879583810       205.3522856949
       11.8550000000         2.9838985502       197.7593067795
       11.8600000000         2.9792608945       218.6399987969
       11.8650000000         2.9740509518       203.4540409661
       11.8700000000         2.9682749434       218.6399987969
       11.8750000000         2.9619397663       212.9452646103
       11.8800000000         2.9550529853       214.8435093392
       11.8850000000         2.9476228242       218.6399987969
       11.8900000000         2.9396581551       207.2505304238
       11.8950000000         2.9311684888       216.7417540680
       11.9000000000         2.9221639628       224.3347329835
       11.9050000000         2.9126553293       207.2505304238
       11.9100000000         2.9026539429       220.5382435257
       11.9150000000         2.8921717460       224.3347329835
       11.9200000000         2.8812212555       216.7417540680
       11.9250000000         2.8698155475       235.7242013566
       11.9300000000         2.8579682415       222.4364882546
       11.9350000000         2.8456934845       224.3347329835
       11.9400000000         2.8330059337       224.3347329835
       11.9450000000         2.8199207395       220.5382435257
       11.9500000000         2.8064535268       218.6399987969
       11.9550000000         2.7926203770       212.9452646103
       11.9600000000         2.7784378082       212.9452646103
       11.9650000000         2.7639227560       205.3522856949
       11.9700000000         2.7490925527       205.3522856949
       11.9750000000         2.7339649071       211.0470198815
       11.9800000000         2.7185578833       203.4540409661
       11.9850000000         2.7028898788       222.4364882546
       11.9900000000         2.6869796029       182.5733489487
       11.9950000000         2.6708460539       197.7593067795
       12.0000000000         2.6545084972       205.3522856949
       12.0050000000         2.6379864413       201.5557962372
       12.0100000000         2.6212996154       193.9628173218
       12.0150000000         2.6044679452       169.2856358467
       12.0200000000         2.5875115295       178.7768594910
       12.0250000000         2.5704506160       176.8786147621
       12.0300000000         2.5533055771       182.5733489487
       12.0350000000         2.5360968859       169.2856358467
       12.0400000000         2.5188450913       174.9803700332
       12.0450000000         2.5015707937       161.6926569313
       12.0500000000         2.4842946205       165.4891463890
       12.0550000000         2.4670372010       131.3207412696
       12.0600000000         2.4498191426        99.0505808791
       12.0650000000         2.4326610053        78.1698888617
       12.0700000000         2.4155832776        25.0190364538
       12.0750000000         2.3986063523       -16.7423475810
       12.0800000000         2.3817505015         0.3418549787
       12.0850000000         2.3650358528         2.2400997075
       12.0900000000         2.3484823652         6.0365891652
       12.0950000000         2.3321098053       -12.9458581233
       12.1000000000         2.3159377237      -113.5528287526
       12.1050000000         2.2999854314       -85.0791578197
       12.1100000000         2.2842719772       -92.6721367352
       12.1150000000         2.2688161245       -90.7738920063
       12.1200000000         2.2536363292       -94.5703814640
       12.1250000000         2.2387507176      -115.4510734814
       12.1300000000         2.2241770647      -105.9598498371
       12.1350000000         2.2099327728      -128.7387865834
       12.1400000000         2.1960348512      -104.0616051083
       12.1450000000         2.1824998953      -124.9422971257
       12.1500000000         2.1693440673      -121.1458076680
       12.1550000000         2.1565830767      -142.0264996854
       12.1600000000         2.1442321614      -134.4335207699
       12.1650000000         2.1323060696      -155.3142127873
       12.1700000000         2.1208190424      -149.6194786008
       12.1750000000         2.1097847963      -143.9247444142
       12.1800000000         2.0992165076      -155.3142127873
       12.1850000000         2.0891267957      -153.4159680585
       12.1900000000         2.0795277089      -157.2124575162
       12.1950000000         2.0704307094      -157.2124575162
       12.2000000000         2.0618466600      -157.2124575162
       12.2050000000         2.0537858109      -170.5001706182
       12.2100000000         2.0462577877      -162.9071917028
       12.2150000000         2.0392715796      -176.1949048047
       12.2200000000         2.0328355288      -168.6019258893
       12.2250000000         2.0269573206      -179.9913942624
       12.2300000000         2.0216439742      -170.5001706182
       12.2350000000         2.0169018344      -185.6861284490
       12.2400000000         2.0127365636      -193.2791073644
       12.2450000000         2.0091531357      -187.5843731779
       12.2500000000         2.0061558297      -198.9738415510
       12.2550000000         2.0037482246      -189.4826179067
       12.2600000000         2.0019331954      -208.4650651953
       12.2650000000         2.0007129094      -195.1773520933
       12.2700000000         2.0000888238      -210.3633099241
       12.2750000000         2.0000616838      -214.1597993818
       12.2800000000         2.0006315217      -214.1597993818
       12.2850000000         2.0017976572      -227.4475124838
       12.2900000000         2.0035586977      -208.4650651953
       12.2950000000         2.0059125404      -233.1422466704
       12.3000000000         2.0088563746      -217.9562888395
       12.3050000000         2.0123866850      -208.4650651953
       12.3100000000         2.0164992561      -219.8545335684
       12.3150000000         2.0211891770      -229.3457572126
       12.3200000000         2.0264508475      -219.8545335684
       12.3250000000         2.0322779846      -242.6334703146
       12.3300000000         2.0386636301      -219.8545335684
       12.3350000000         2.0456001588      -225.5492677549
       12.3400000000         2.0530792879      -246.4299597723
       12.3450000000         2.0610920865      -225.5492677549
       12.3500000000         2.0696289865      -235.0404913992
       12.3550000000         2.0786797939      -236.9387361281
       12.3600000000         2.0882337012      -227.4475124838
       12.3650000000         2.0982792999      -242.6334703146
       12.3700000000         2.1088045947      -233.1422466704
       12.3750000000         2.1197970172      -242.6334703146
       12.3800000000         2.1312434413      -229.3457572126
       12.3850000000         2.1431301989      -231.2440019415
       12.3900000000         2.1554430958      -225.5492677549
       12.3950000000         2.1681674293      -229.3457572126
       12.4000000000         2.1812880051      -235.0404913992
       12.4050000000         2.1947891560      -219.8545335684
       12.4100000000         2.2086547602      -225.5492677549
       12.4150000000         2.2228682606      -229.3457572126
       12.4200000000         2.2374126850      -231.2440019415
       12.4250000000         2.2522706658      -217.9562888395
       12.4300000000         2.2674244610      -212.2615546530
       12.4350000000         2.2828559754      -210.3633099241
       12.4400000000         2.2985467821      -198.9738415510
       12.4450000000         2.3144781449      -219.8545335684
       12.4500000000         2.3306310399      -204.6685757375
       12.4550000000         2.3469861789      -210.3633099241
       12.4600000000         2.3635240322      -191.3808626356
       12.4650000000         2.3802248520      -191.3808626356
       12.4700000000         2.3970686956      -197.0755968221
       12.4750000000         2.4140354499      -202.7703310087
       12.4800000000         2.4311048547      -178.0931495336
       12.4850000000         2.4482565274      -185.6861284490
       12.4900000000         2.4654699871      -170.5001706182
       12.4950000000         2.4827246793      -168.6019258893
       12.5000000000         2.5000000000      -172.3984153470
       12.5050000000         2.5172753207      -161.0089469739
       12.5100000000         2.5345300129      -132.5352760411
       12.5150000000         2.5517434726       -75.5879341755
       12.5200000000         2.5688951453       -37.6230395984
       12.5250000000         2.5859645501         2.2400997075
       12.5300000000         2.6029313044         4.1383444364
       12.5350000000         2.6197751480       -11.0476133944
       12.5400000000         2.6364759678        -3.4546344790
       12.5450000000         2.6530138211        -1.5563897502
       12.5500000000         2.6693689601         2.2400997075
       12.5550000000         2.6855218551       -26.2335712253
       12.5600000000         2.7014532179         4.1383444364
       12.5650000000         2.7171440246         4.1383444364
       12.5700000000         2.7325755390        66.7804204886
       12.5750000000         2.7477293342        78.1698888617
       12.5800000000         2.7625873150        72.4751546751
       12.5850000000         2.7771317394        76.2716441328
       12.5900000000         2.7913452398        61.0856863020
       12.5950000000         2.8052108440        81.9663783194
       12.6000000000         2.8187119949        85.7628677771
       12.6050000000         2.8318325707       106.6435597945
       12.6100000000         2.8445569042        89.5593572348
       12.6150000000         2.8568698011        93.3558466925
       12.6200000000         2.8687565587        95.2540914214
       12.6250000000         2.8802029828       104.7453150657
       12.6300000000         2.8911954053       114.2365387099
       12.6350000000         2.9017207001       114.2365387099
       12.6400000000         2.9117662988       121.8295176253
       12.6450000000         2.9213202061       116.1347834388
       12.6500000000         2.9303710135       133.2189859985
       12.6550000000         2.9389079135       138.9137201850
       12.6600000000         2.9469207121       144.6084543716
       12.6650000000         2.9543998412       138.9137201850
       12.6700000000         2.9613363699       144.6084543716
       12.6750000000         2.9677220154       140.8119649139
       12.6800000000         2.9735491525       157.8961674736
       12.6850000000         2.9788108230       157.8961674736
       12.6900000000         2.9835007439       155.9979227447
       12.6950000000         2.9876133150       161.6926569313
       12.7000000000         2.9911436254       161.6926569313
       12.7050000000         2.9940874596       171.1838805755
       12.7100000000         2.9964413023       169.2856358467
       12.7150000000         2.9982023428       173.0821253044
       12.7200000000         2.9993684783       184.4715936775
       12.7250000000         2.9999383162       174.9803700332
       12.7300000000         2.9999111762       180.6751042198
       12.7350000000         2.9992870906       176.8786147621
       12.7400000000         2.9980668046       192.0645725929
       12.7450000000         2.9962517754       186.3698384064
       12.7500000000         2.9938441703       192.0645725929
       12.7550000000         2.9908468643       211.0470198815
       12.7600000000         2.9872634364       190.1663278641
       12.7650000000         2.9830981656       197.7593067795
       12.7700000000         2.9783560258       203.4540409661
       12.7750000000         2.9730426794       192.0645725929
       12.7800000000         2.9671644712       228.1312224412
       12.7850000000         2.9607284204       214.8435093392
       12.7900000000         2.9537422123       205.3522856949
       12.7950000000         2.9462141891       211.0470198815
       12.8000000000         2.9381533400       220.5382435257
       12.8050000000         2.9295692906       212.9452646103
       12.8100000000         2.9204722911       226.2329777123
       12.8150000000         2.9108732043       222.4364882546
       12.8200000000         2.9007834924       212.9452646103
       12.8250000000         2.8902152037       231.9277118989
       12.8300000000         2.8791809576       212.9452646103
       12.8350000000         2.8676939304       220.5382435257
       12.8400000000         2.8557678386       211.0470198815
       12.8450000000         2.8434169233       203.4540409661
       12.8500000000         2.8306559327       220.5382435257
       12.8550000000         2.8175001047       212.9452646103
       12.8600000000         2.8039651488       207.2505304238
       12.8650000000         2.7900672272       214.8435093392
       12.8700000000         2.7758229353       205.3522856949
       12.8750000000         2.7612492824       220.5382435257
       12.8800000000         2.7463636708       218.6399987969
       12.8850000000         2.7311838755       207.2505304238
       12.8900000000         2.7157280228       201.5557962372
       12.8950000000         2.7000145686       207.2505304238
       12.9000000000         2.6840622763       190.1663278641
       12.9050000000         2.6678901947       199.6575515084
       12.9100000000         2.6515176348       176.8786147621
       12.9150000000         2.6349641472       193.9628173218
       12.9200000000         2.6182494985       180.6751042198
       12.9250000000         2.6013936477       176.8786147621
       12.9300000000         2.5844167224       182.5733489487
       12.9350000000         2.5673389947       163.5909016601
       12.9400000000         2.5501808574       184.4715936775
       12.9450000000         2.5329627990       154.0996780159
       12.9500000000         2.5157053795       152.2014332870
       12.9550000000         2.4984292063       144.6084543716
       12.9600000000         2.4811549087       165.4891463890
       12.9650000000         2.4639031141       133.2189859985
       12.9700000000         2.4466944229        97.1523361502
       12.9750000000         2.4295493840        55.3909521154
       12.9800000000         2.4124884705        17.4260575384
       12.9850000000         2.3955320548       -18.6405923099
       12.9900000000         2.3787003846        -1.5563897502
       12.9950000000         2.3620135587         0.3418549787
       13.0000000000         2.3454915028         2.2400997075
       13.0050000000         2.3291539461        -9.1493686656
       13.0100000000         2.3130203971      -128.7387865834
       13.0150000000         2.2971101212       -83.1809130909
       13.0200000000         2.2814421167       -94.5703814640
       13.0250000000         2.2660350929       -96.4686261929
       13.0300000000         2.2509074473       -88.8756472775
       13.0350000000         2.2360772440       -98.3668709217
       13.0400000000         2.2215621918      -107.8580945660
       13.0450000000         2.2073796230      -121.1458076680
       13.0500000000         2.1935464732      -111.6545840237
       13.0550000000         2.1800792605      -115.4510734814
       13.0600000000         2.1669940663      -111.6545840237
       13.0650000000         2.1543065155      -134.4335207699
       13.0700000000         2.1420317585      -134.4335207699
       13.0750000000         2.1301844525      -134.4335207699
       13.0800000000         2.1187787445      -126.8405418545
       13.0850000000         2.1078282540      -132.5352760411
       13.0900000000         2.0973460571      -142.0264996854
       13.0950000000         2.0873446707      -149.6194786008
       13.1000000000         2.0778360372      -161.0089469739
       13.1050000000         2.0688315112      -157.2124575162
       13.1100000000         2.0603418449      -168.6019258893
       13.1150000000         2.0523771758      -174.2966600759
       13.1200000000         2.0449470147      -172.3984153470
       13.1250000000         2.0380602337      -166.7036811605
       13.1300000000         2.0317250566      -179.9913942624
       13.1350000000         2.0259490482      -176.1949048047
       13.1400000000         2.0207391055      -172.3984153470
       13.1450000000         2.0161014498      -210.3633099241
       13.1500000000         2.0120416190      -181.8896389913
       13.1550000000         2.0085644609      -197.0755968221
       13.1600000000         2.0056741276      -193.2791073644
       13.1650000000         2.0033740705      -204.6685757375
       13.1700000000         2.0016670360      -191.3808626356
       13.1750000000         2.0005550625      -187.5843731779
       13.1800000000         2.0000394779      -219.8545335684
       13.1850000000         2.0001208978      -191.3808626356
       13.1900000000         2.0007992249      -242.6334703146
       13.1950000000         2.0020736494      -197.0755968221
       13.2000000000         2.0039426493      -227.4475124838
       13.2050000000         2.0064039930      -208.4650651953
       13.2100000000         2.0094547413      -225.5492677549
       13.2150000000         2.0130912513      -227.4475124838
       13.2200000000         2.0173091806      -223.6510230261
       13.2250000000         2.0221034926      -231.2440019415
       13.2300000000         2.0274684624      -219.8545335684
       13.2350000000         2.0333976837      -233.1422466704
       13.2400000000         2.0398840763      -236.9387361281
       13.2450000000         2.0469198949      -238.8369808569
       13.2500000000         2.0544967379      -225.5492677549
       13.2550000000         2.0626055578      -240.7352255858
       13.2600000000         2.0712366719      -240.7352255858
       13.2650000000         2.0803797737      -235.0404913992
       13.2700000000         2.0900239453      -244.5317150435
       13.2750000000         2.1001576708      -238.8369808569
       13.2800000000         2.1107688492      -238.8369808569
       13.2850000000         2.1218448099      -248.3282045012
       13.2900000000         2.1333723269      -236.9387361281
       13.2950000000         2.1453376352      -233.1422466704
       13.3000000000         2.1577264470      -223.6510230261
       13.3050000000         2.1705239688      -225.5492677549
       13.3100000000         2.1837149190      -225.5492677549
       13.3150000000         2.1972835463      -229.3457572126
       13.3200000000         2.2112136483      -231.2440019415
       13.3250000000         2.2254885910      -233.1422466704
       13.3300000000         2.2400913287      -210.3633099241
       13.3350000000         2.2550044242      -233.1422466704
       13.3400000000         2.2702100697      -227.4475124838
       13.3450000000         2.2856901081      -208.4650651953
       13.3500000000         2.3014260547      -229.3457572126
       13.3550000000         2.3173991191      -189.4826179067
       13.3600000000         2.3335902277      -219.8545335684
       13.3650000000         2.3499800469      -206.5668204664
       13.3700000000         2.3665490053      -206.5668204664
       13.3750000000         2.3832773181      -208.4650651953
       13.3800000000         2.4001450097      -206.5668204664
       13.3850000000         2.4171319386      -202.7703310087
       13.3900000000         2.4342178205      -189.4826179067
       13.3950000000         2.4513822530      -189.4826179067
       13.4000000000         2.4686047402      -179.9913942624
       13.4050000000         2.4858647166      -178.0931495336
       13.4100000000         2.5031415720      -174.2966600759
       13.4150000000         2.5204146760      -179.9913942624
       13.4200000000         2.5376634028      -136.3317654988
       13.4250000000         2.5548671555       -88.8756472775
       13.4300000000         2.5720053913       -50.9107527004
       13.4350000000         2.5890576451       -11.0476133944
       13.4400000000         2.6060035550         9.8330786230
       13.4450000000         2.6228228856        -5.3528792079
       13.4500000000         2.6394955530        -1.5563897502
       13.4550000000         2.6560016483        -5.3528792079
       13.4600000000         2.6723214616         2.2400997075
       13.4650000000         2.6884355052         2.2400997075
       13.4700000000         2.7043245374        -5.3528792079
       13.4750000000         2.7199695849        -1.5563897502
       13.4800000000         2.7353519661        70.5769099463
       13.4850000000         2.7504533127        85.7628677771
       13.4900000000         2.7652555922        55.3909521154
       13.4950000000         2.7797411291        81.9663783194
       13.5000000000         2.7938926261        66.7804204886
       13.5050000000         2.8076931851        83.8646230483
       13.5100000000         2.8211263266        64.8821757597
       13.5150000000         2.8341760101        76.2716441328
       13.5200000000         2.8468266529        89.5593572348
       13.5250000000         2.8590631489        89.5593572348
       13.5300000000         2.8708708864        95.2540914214
       13.5350000000         2.8822357657       108.5418045234
       13.5400000000         2.8931442161       121.8295176253
       13.5450000000         2.9035832116       104.7453150657
       13.5500000000         2.9135402871       116.1347834388
       13.5550000000         2.9230035528       112.3382939811
       13.5600000000         2.9319617086       114.2365387099
       13.5650000000         2.9404040575       119.9312728965
       13.5700000000         2.9483205184       131.3207412696
       13.5750000000         2.9557016383       129.4224965408
       13.5800000000         2.9625386034       129.4224965408
       13.5850000000         2.9688232496       142.7102096427
       13.5900000000         2.9745480725       142.7102096427
       13.5950000000         2.9797062359       146.5066991004
       13.6000000000         2.9842915806       159.7944122024
       13.6050000000         2.9882986310       155.9979227447
       13.6100000000         2.9917226025       161.6926569313
       13.6150000000         2.9945594064       161.6926569313
       13.6200000000         2.9968056553       169.2856358467
       13.6250000000         2.9984586669       174.9803700332
       13.6300000000         2.9995164673       167.3873911178
       13.6350000000         2.9999777936       174.9803700332
       13.6400000000         2.9998420946       195.8610620506
       13.6450000000         2.9991095326       174.9803700332
       13.6500000000         2.9977809823       182.5733489487
       13.6550000000         2.9958580301       192.0645725929
       13.6600000000         2.9933429721       192.0645725929
       13.6650000000         2.9902388117       192.0645725929
       13.6700000000         2.9865492555       186.3698384064
       13.6750000000         2.9822787092       199.6575515084
       13.6800000000         2.9774322724       205.3522856949
       13.6850000000         2.9720157321       205.3522856949
       13.6900000000         2.9660355562       205.3522856949
       13.6950000000         2.9594988858       192.0645725929
       13.7000000000         2.9524135262       211.0470198815
       13.7050000000         2.9447879382       205.3522856949
       13.7100000000         2.9366312274       203.4540409661
       13.7150000000         2.9279531338       209.1487751526
       13.7200000000         2.9187640200       211.0470198815
       13.7250000000         2.9090748587       201.5557962372
       13.7300000000         2.8988972198       205.3522856949
       13.7350000000         2.8882432563       207.2505304238
       13.7400000000         2.8771256904       203.4540409661
       13.7450000000         2.8655577974       220.5382435257
       13.7500000000         2.8535533906       199.6575515084
       13.7550000000         2.8411268046       201.5557962372
       13.7600000000         2.8282928779       207.2505304238
       13.7650000000         2.8150669356       197.7593067795
       13.7700000000         2.8014647708       205.3522856949
       13.7750000000         2.7875026260       209.1487751526
       13.7800000000         2.7731971734       192.0645725929
       13.7850000000         2.7585654951       192.0645725929
       13.7900000000         2.7436250629       212.9452646103
       13.7950000000         2.7283937172       190.1663278641
       13.8000000000         2.7128896458       192.0645725929
       13.8050000000         2.6971313622       192.0645725929
       13.8100000000         2.6811376834       182.5733489487
       13.8150000000         2.6649277074       167.3873911178
       13.8200000000         2.6485207908       182.5733489487
       13.8250000000         2.6319365250       173.0821253044
       13.8300000000         2.6151947133       157.8961674736
       13.8350000000         2.5983153473       174.9803700332
       13.8400000000         2.5813185826       152.2014332870
       13.8450000000         2.5642247151       152.2014332870
       13.8500000000         2.5470541567       154.0996780159
       13.8550000000         2.5298274107       154.0996780159
       13.8600000000         2.5125650477       148.4049438293
       13.8650000000         2.4952876808       146.5066991004
       13.8700000000         2.4780159408       129.4224965408
       13.8750000000         2.4607704521       112.3382939811
       13.8800000000         2.4435718076        72.4751546751
       13.8850000000         2.4264405441        25.0190364538
       13.8900000000         2.4093971182        -5.3528792079
       13.8950000000         2.3924618815        -5.3528792079
       13.9000000000         2.3756550564         0.3418549787
       13.9050000000         2.3589967120         0.3418549787
       13.9100000000         2.3425067402        -5.3528792079
       13.9150000000         2.3262048315        -7.2511239367
       13.9200000000         2.3101104522       -79.3844236332
       13.9250000000         2.2942428207      -105.9598498371
       13.9300000000         2.2786208845       -73.6896894466
       13.9350000000         2.2632632978      -104.0616051083
       13.9400000000         2.2481883992       -96.4686261929
       13.9450000000         2.2334141896      -111.6545840237
       13.9500000000         2.2189583111      -109.7563392948
       13.9550000000         2.2048380253      -126.8405418545
       13.9600000000         2.1910701935      -136.3317654988
       13.9650000000         2.1776712557      -117.3493182103
       13.9700000000         2.1646572117      -128.7387865834
       13.9750000000         2.1520436017      -143.9247444142
       13.9800000000         2.1398454876      -143.9247444142
       13.9850000000         2.1280774351      -136.3317654988
       13.9900000000         2.1167534966      -143.9247444142
       13.9950000000         2.1058871940      -140.1282549565
       14.0000000000         2.0954915028      -142.0264996854
       14.0050000000         2.0855788365      -164.8054364316
       14.0100000000         2.0761610320      -157.2124575162
       14.0150000000         2.0672493349      -161.0089469739
       14.0200000000         2.0588543868      -168.6019258893
       14.0250000000         2.0509862121      -170.5001706182
       14.0300000000         2.0436542063      -172.3984153470
       14.0350000000         2.0368671245      -181.8896389913
       14.0400000000         2.0306330712      -166.7036811605
       14.0450000000         2.0249594904      -187.5843731779
       14.0500000000         2.0198531572      -164.8054364316
       14.0550000000         2.0153201688      -197.0755968221
       14.0600000000         2.0113659382      -185.6861284490
       14.0650000000         2.0079951872      -198.9738415510
       14.0700000000         2.0052119407      -191.3808626356
       14.0750000000         2.0030195223      -202.7703310087
       14.0800000000         2.0014205499      -202.7703310087
       14.0850000000         2.0004169328      -223.6510230261
       14.0900000000         2.0000098696      -212.2615546530
       14.0950000000         2.0001998462      -221.7527782972
       14.1000000000         2.0009866358      -206.5668204664
       14.1050000000         2.0023692989      -229.3457572126
       14.1100000000         2.0043461845      -219.8545335684
       14.1150000000         2.0069149319      -225.5492677549
       14.1200000000         2.0100724738      -214.1597993818
       14.1250000000         2.0138150398      -255.9211834166
       14.1300000000         2.0181381609      -235.0404913992
       14.1350000000         2.0230366747      -231.2440019415
       14.1400000000         2.0285047321      -227.4475124838
       14.1450000000         2.0345358034      -231.2440019415
       14.1500000000         2.0411226872      -227.4475124838
       14.1550000000         2.0482575178      -235.0404913992
       14.1600000000         2.0559317756      -242.6334703146
       14.1650000000         2.0641362967      -235.0404913992
       14.1700000000         2.0728612842      -240.7352255858
       14.1750000000         2.0820963193      -227.4475124838
       14.1800000000         2.0918303746      -242.6334703146
       14.1850000000         2.1020518267      -242.6334703146
       14.1900000000         2.1127484699      -223.6510230261
       14.1950000000         2.1239075315      -246.4299597723
       14.2000000000         2.1355156863      -216.0580441107
       14.2050000000         2.1475590730      -231.2440019415
       14.2100000000         2.1600233106      -242.6334703146
       14.2150000000         2.1728935155      -231.2440019415
       14.2200000000         2.1861543194      -242.6334703146
       14.2250000000         2.1997898873      -240.7352255858
       14.2300000000         2.2137839372      -225.5492677549
       14.2350000000         2.2281197586      -248.3282045012
       14.2400000000         2.2427802331      -217.9562888395
       14.2450000000         2.2577478546      -233.1422466704
       14.2500000000         2.2730047501      -233.1422466704
       14.2550000000         2.2885327015      -210.3633099241
       14.2600000000         2.3043131666      -227.4475124838
       14.2650000000         2.3203273020      -219.8545335684
       14.2700000000         2.3365559852      -206.5668204664
       14.2750000000         2.3529798374      -225.5492677549
       14.2800000000         2.3695792469      -197.0755968221
       14.2850000000         2.3863343922      -204.6685757375
       14.2900000000         2.4032252660      -195.1773520933
       14.2950000000         2.4202316988      -189.4826179067
       14.3000000000         2.4373333832      -195.1773520933
       14.3050000000         2.4545098980      -204.6685757375
       14.3100000000         2.4717407328      -185.6861284490
       14.3150000000         2.4890053120      -193.2791073644
       14.3200000000         2.5062830199      -179.9913942624
       14.3250000000         2.5235532254      -161.0089469739
       14.3300000000         2.5407953058      -155.3142127873
       14.3350000000         2.5579886724      -105.9598498371
       14.3400000000         2.5751127946       -64.1984658024
       14.3450000000         2.5921472243       -24.3353264964
       14.3500000000         2.6090716207        19.3243022672
       14.3550000000         2.6258657743         0.3418549787
       14.3600000000         2.6425096312        -1.5563897502
       14.3650000000         2.6589833169        -5.3528792079
       14.3700000000         2.6752671601        -1.5563897502
       14.3750000000         2.6913417162        -5.3528792079
       14.3800000000         2.7071877905        -5.3528792079
       14.3850000000         2.7227864612        -5.3528792079
       14.3900000000         2.7381191018        70.5769099463
       14.3950000000         2.7531674037        87.6611125060
       14.4000000000         2.7679133975        70.5769099463
       14.4050000000         2.7823394750        85.7628677771
       14.4100000000         2.7964284101        70.5769099463
       14.4150000000         2.8101633790        91.4576019637
       14.4200000000         2.8235279808        76.2716441328
       14.4250000000         2.8365062568       108.5418045234
       14.4300000000         2.8490827095        99.0505808791
       14.4350000000         2.8612423214        95.2540914214
       14.4400000000         2.8729705727        97.1523361502
       14.4450000000         2.8842534586       100.9488256079
       14.4500000000         2.8950775062       110.4400492522
       14.4550000000         2.9054297904       125.6260070830
       14.4600000000         2.9152979496       108.5418045234
       14.4650000000         2.9246702001       131.3207412696
       14.4700000000         2.9335353506       123.7277623542
       14.4750000000         2.9418828150       133.2189859985
       14.4800000000         2.9497026258       142.7102096427
       14.4850000000         2.9569854451       127.5242518119
       14.4900000000         2.9637225767       155.9979227447
       14.4950000000         2.9699059755       142.7102096427
       14.5000000000         2.9755282581       152.2014332870
       14.5050000000         2.9805827109       154.0996780159
       14.5100000000         2.9850632982       165.4891463890
       14.5150000000         2.9889646699       159.7944122024
       14.5200000000         2.9922821673       167.3873911178
       14.5250000000         2.9950118289       146.5066991004
       14.5300000000         2.9971503952       174.9803700332
       14.5350000000         2.9986953126       163.5909016601
       14.5400000000         2.9996447363       159.7944122024
       14.5450000000         2.9999975326       182.5733489487
       14.5500000000         2.9997532802       173.0821253044
       14.5550000000         2.9989122707       192.0645725929
       14.5600000000         2.9974755085       167.3873911178
       14.5650000000         2.9954447091       178.7768594910
       14.5700000000         2.9928222976       174.9803700332
       14.5750000000         2.9896114053       174.9803700332
       14.5800000000         2.9858158665       186.3698384064
       14.5850000000         2.9814402133       188.2680831352
       14.5900000000         2.9764896708       182.5733489487
       14.5950000000         2.9709701504       199.6575515084
       14.6000000000         2.9648882429       188.2680831352
       14.6050000000         2.9582512110       190.1663278641
       14.6100000000         2.9510669797       195.8610620506
       14.6150000000         2.9433441279       197.7593067795
       14.6200000000         2.9350918773       203.4540409661
       14.6250000000         2.9263200822       192.0645725929
       14.6300000000         2.9170392168       209.1487751526
       14.6350000000         2.9072603635       192.0645725929
       14.6400000000         2.8969951993       203.4540409661
       14.6450000000         2.8862559818       207.2505304238
       14.6500000000         2.8750555348       203.4540409661
       14.6550000000         2.8634072327       199.6575515084
       14.6600000000         2.8513249849       199.6575515084
       14.6650000000         2.8388232187       199.6575515084
       14.6700000000         2.8259168627       199.6575515084
       14.6750000000         2.8126213282       197.7593067795
       14.6800000000         2.7989524915       190.1663278641
       14.6850000000         2.7849266747       199.6575515084
       14.6900000000         2.7705606261       184.4715936775
       14.6950000000         2.7558715001       199.6575515084
       14.7000000000         2.7408768371       190.1663278641
       14.7050000000         2.7255945422       190.1663278641
       14.7100000000         2.7100428642       190.1663278641
       14.7150000000         2.6942403733       171.1838805755
       14.7200000000         2.6782059394       193.9628173218
       14.7250000000         2.6619587091       163.5909016601
       14.7300000000         2.6455180834       182.5733489487
       14.7350000000         2.6289036941       178.7768594910
       14.7400000000         2.6121353805       159.7944122024
       14.7450000000         2.5952331656       159.7944122024
       14.7500000000         2.5782172325       146.5066991004
       14.7550000000         2.5611079000       157.8961674736
       14.7600000000         2.5439255983       152.2014332870
       14.7650000000         2.5266908449       148.4049438293
       14.7700000000         2.5094242199       138.9137201850
       14.7750000000         2.4921463413       152.2014332870
       14.7800000000         2.4748778409       119.9312728965
       14.7850000000         2.4576393389        99.0505808791
       14.7900000000         2.4404514200        61.0856863020
       14.7950000000         2.4233346081        25.0190364538
       14.8000000000         2.4063093427       -12.9458581233
       14.8050000000         2.3893959536        -3.4546344790
       14.8100000000         2.3726146372       -18.6405923099
       14.8150000000         2.3559854320         6.0365891652
       14.8200000000         2.3395281951        -3.4546344790
       14.8250000000         2.3232625781        -9.1493686656
       14.8300000000         2.3072080039      -123.0440523968
       14.8350000000         2.2913836432       -77.4861789043
       14.8400000000         2.2758083920       -96.4686261929
       14.8450000000         2.2605008487       -85.0791578197
       14.8500000000         2.2454792921       -96.4686261929
       14.8550000000         2.2307616596      -117.3493182103
       14.8600000000         2.2163655254      -115.4510734814
       14.8650000000         2.2023080801      -130.6370313122
       14.8700000000         2.1886061098      -119.2475629391
       14.8750000000         2.1752759758      -115.4510734814
       14.8800000000         2.1623335959      -115.4510734814
       14.8850000000         2.1497944246      -142.0264996854
       14.8900000000         2.1376734349      -111.6545840237
       14.8950000000         2.1259851005      -143.9247444142
       14.9000000000         2.1147433786      -143.9247444142
       14.9050000000         2.1039616929      -138.2300102277
       14.9100000000         2.0936529178      -149.6194786008
       14.9150000000         2.0838293631      -161.0089469739
       14.9200000000         2.0745027591      -162.9071917028
       14.9250000000         2.0656842428      -151.5177233296
       14.9300000000         2.0573843443      -164.8054364316
       14.9350000000         2.0496129747      -157.2124575162
       14.9400000000         2.0423794137      -168.6019258893
       14.9450000000         2.0356922989      -172.3984153470
       14.9500000000         2.0295596155      -178.0931495336
       14.9550000000         2.0239886865      -181.8896389913
       14.9600000000         2.0189861642      -178.0931495336
       14.9650000000         2.0145580221      -191.3808626356
       14.9700000000         2.0107095478      -189.4826179067
       14.9750000000         2.0074453369      -189.4826179067
       14.9800000000         2.0047692872      -200.8720862798
       14.9850000000         2.0026845940      -191.3808626356
       14.9900000000         2.0011937468      -189.4826179067
       14.9950000000         2.0002985258      -210.3633099241
       15.0000000000         2.0000000000      -197.0755968221
       15.0050000000         2.0002985258      -216.0580441107
       15.0100000000         2.0011937468      -206.5668204664
       15.0150000000         2.0026845940      -217.9562888395
       15.0200000000         2.0047692872      -212.2615546530
       15.0250000000         2.0074453369      -225.5492677549
       15.0300000000         2.0107095478      -217.9562888395
       15.0350000000         2.0145580221      -221.7527782972
       15.0400000000         2.0189861642      -233.1422466704
       15.0450000000         2.0239886865      -210.3633099241
       15.0500000000         2.0295596155      -236.9387361281
       15.0550000000         2.0356922989      -219.8545335684
       15.0600000000         2.0423794137      -235.0404913992
       15.0650000000         2.0496129747      -240.7352255858
       15.0700000000         2.0573843443      -235.0404913992
       15.0750000000         2.0656842428      -231.2440019415
       15.0800000000         2.0745027591      -235.0404913992
       15.0850000000         2.0838293631      -231.2440019415
       15.0900000000         2.0936529178      -246.4299597723
       15.0950000000         2.1039616929      -242.6334703146
       15.1000000000         2.1147433786      -221.7527782972
       15.1050000000         2.1259851005      -263.5141623320
       15.1100000000         2.1376734349      -221.7527782972
       15.1150000000         2.1497944246      -248.3282045012
       15.1200000000         2.1623335959      -233.1422466704
       15.1250000000         2.1752759758      -217.9562888395
       15.1300000000         2.1886061098      -242.6334703146
       15.1350000000         2.2023080801      -214.1597993818
       15.1400000000         2.2163655254      -240.7352255858
       15.1450000000         2.2307616596      -235.0404913992
       15.1500000000         2.2454792921      -229.3457572126
       15.1550000000         2.2605008487      -236.9387361281
       15.1600000000         2.2758083920      -198.9738415510
       15.1650000000         2.2913836432      -216.0580441107
       15.1700000000         2.3072080039      -212.2615546530
       15.1750000000         2.3232625781      -217.9562888395
       15.1800000000         2.3395281951      -214.1597993818
       15.1850000000         2.3559854320      -223.6510230261
       15.1900000000         2.3726146372      -202.7703310087
       15.1950000000         2.3893959536      -219.8545335684
       15.2000000000         2.4063093427      -195.1773520933
       15.2050000000         2.4233346081      -198.9738415510
       15.2100000000         2.4404514200      -202.7703310087
       15.2150000000         2.4576393389      -195.1773520933
       15.2200000000         2.4748778409      -189.4826179067
       15.2250000000         2.4921463413      -189.4826179067
       15.2300000000         2.5094242199      -183.7878837202
       15.2350000000         2.5266908449      -155.3142127873
       15.2400000000         2.5439255983      -157.2124575162
       15.2450000000         2.5611079000      -124.9422971257
       15.2500000000         2.5782172325       -79.3844236332
       15.2550000000         2.5952331656       -43.3177737850
       15.2600000000         2.6121353805        -5.3528792079
       15.2650000000         2.6289036941         4.1383444364
       15.2700000000         2.6455180834        -7.2511239367
       15.2750000000         2.6619587091        -5.3528792079
       15.2800000000         2.6782059394        -7.2511239367
       15.2850000000         2.6942403733         0.3418549787
       15.2900000000         2.7100428642         4.1383444364
       15.2950000000         2.7255945422        40.2049942846
       15.3000000000         2.7408768371        97.1523361502
       15.3050000000         2.7558715001        57.2891968443
       15.3100000000         2.7705606261        74.3733994040
       15.3150000000         2.7849266747        72.4751546751
       15.3200000000         2.7989524915        89.5593572348
       15.3250000000         2.8126213282        80.0681335906
       15.3300000000         2.8259168627       112.3382939811
       15.3350000000         2.8388232187       110.4400492522
       15.3400000000         2.8513249849       102.8470703368
       15.3450000000         2.8634072327        99.0505808791
       15.3500000000         2.8750555348       116.1347834388
       15.3550000000         2.8862559818       131.3207412696
       15.3600000000         2.8969951993       121.8295176253
       15.3650000000         2.9072603635       121.8295176253
       15.3700000000         2.9170392168       123.7277623542
       15.3750000000         2.9263200822       142.7102096427
       15.3800000000         2.9350918773       138.9137201850
       15.3850000000         2.9433441279       152.2014332870
       15.3900000000         2.9510669797       146.5066991004
       15.3950000000         2.9582512110       142.7102096427
       15.4000000000         2.9648882429       150.3031885581
       15.4050000000         2.9709701504       154.0996780159
       15.4100000000         2.9764896708       157.8961674736
       15.4150000000         2.9814402133       152.2014332870
       15.4200000000         2.9858158665       152.2014332870
       15.4250000000         2.9896114053       155.9979227447
       15.4300000000         2.9928222976       174.9803700332
       15.4350000000         2.9954447091       176.8786147621
       15.4400000000         2.9974755085       161.6926569313
       15.4450000000         2.9989122707       178.7768594910
       15.4500000000         2.9997532802       163.5909016601
       15.4550000000         2.9999975326       178.7768594910
       15.4600000000         2.9996447363       176.8786147621
       15.4650000000         2.9986953126       176.8786147621
       15.4700000000         2.9971503952       190.1663278641
       15.4750000000         2.9950118289       173.0821253044
       15.4800000000         2.9922821673       190.1663278641
       15.4850000000         2.9889646699       184.4715936775
       15.4900000000         2.9850632982       197.7593067795
       15.4950000000         2.9805827109       188.2680831352
       15.5000000000         2.9755282581       205.3522856949
       15.5050000000         2.9699059755       188.2680831352
       15.5100000000         2.9637225767       214.8435093392
       15.5150000000         2.9569854451       182.5733489487
       15.5200000000         2.9497026258       195.8610620506
       15.5250000000         2.9418828150       188.2680831352
       15.5300000000         2.9335353506       199.6575515084
       15.5350000000         2.9246702001       203.4540409661
       15.5400000000         2.9152979496       193.9628173218
       15.5450000000         2.9054297904       199.6575515084
       15.5500000000         2.8950775062       190.1663278641
       15.5550000000         2.8842534586       192.0645725929
       15.5600000000         2.8729705727       176.8786147621
       15.5650000000         2.8612423214       188.2680831352
       15.5700000000         2.8490827095       188.2680831352
       15.5750000000         2.8365062568       188.2680831352
       15.5800000000         2.8235279808       192.0645725929
       15.5850000000         2.8101633790       167.3873911178
       15.5900000000         2.7964284101       195.8610620506
       15.5950000000         2.7823394750       174.9803700332
       15.6000000000         2.7679133975       182.5733489487
       15.6050000000         2.7531674037       180.6751042198
       15.6100000000         2.7381191018       195.8610620506
       15.6150000000         2.7227864612       190.1663278641
       15.6200000000         2.7071877905       171.1838805755
       15.6250000000         2.6913417162       176.8786147621
       15.6300000000         2.6752671601       178.7768594910
       15.6350000000         2.6589833169       163.5909016601
       15.6400000000         2.6425096312       159.7944122024
       15.6450000000         2.6258657743       159.7944122024
       15.6500000000         2.6090716207       157.8961674736
       15.6550000000         2.5921472243       152.2014332870
       15.6600000000         2.5751127946       154.0996780159
       15.6650000000         2.5579886724       148.4049438293
       15.6700000000         2.5407953058       137.0154754562
       15.6750000000         2.5235532254       138.9137201850
       15.6800000000         2.5062830199       123.7277623542
       15.6850000000         2.4890053120       133.2189859985
       15.6900000000         2.4717407328        97.1523361502
       15.6950000000         2.4545098980        51.5944626577
       15.7000000000         2.4373333832        11.7313233518
       15.7050000000         2.4202316988       -18.6405923099
       15.7100000000         2.4032252660         0.3418549787
       15.7150000000         2.3863343922         0.3418549787
       15.7200000000         2.3695792469         6.0365891652
       15.7250000000         2.3529798374        -3.4546344790
       15.7300000000         2.3365559852        -5.3528792079
       15.7350000000         2.3203273020       -50.9107527004
       15.7400000000         2.3043131666      -130.6370313122
       15.7450000000         2.2885327015       -73.6896894466
       15.7500000000         2.2730047501      -121.1458076680
       15.7550000000         2.2577478546       -85.0791578197
       15.7600000000         2.2427802331      -119.2475629391
       15.7650000000         2.2281197586      -102.1633603794
       15.7700000000         2.2137839372      -145.8229891431
       15.7750000000         2.1997898873      -126.8405418545
       15.7800000000         2.1861543194      -115.4510734814
       15.7850000000         2.1728935155      -121.1458076680
       15.7900000000         2.1600233106      -134.4335207699
       15.7950000000         2.1475590730      -143.9247444142
       15.8000000000         2.1355156863      -128.7387865834
       15.8050000000         2.1239075315      -153.4159680585
       15.8100000000         2.1127484699      -142.0264996854
       15.8150000000         2.1020518267      -166.7036811605
       15.8200000000         2.0918303746      -161.0089469739
       15.8250000000         2.0820963193      -161.0089469739
       15.8300000000         2.0728612842      -172.3984153470
       15.8350000000         2.0641362967      -170.5001706182
       15.8400000000         2.0559317756      -172.3984153470
       15.8450000000         2.0482575178      -178.0931495336
       15.8500000000         2.0411226872      -178.0931495336
       15.8550000000         2.0345358034      -185.6861284490
       15.8600000000         2.0285047321      -187.5843731779
       15.8650000000         2.0230366747      -183.7878837202
       15.8700000000         2.0181381609      -189.4826179067
       15.8750000000         2.0138150398      -197.0755968221
       15.8800000000         2.0100724738      -202.7703310087
       15.8850000000         2.0069149319      -208.4650651953
       15.8900000000         2.0043461845      -200.8720862798
       15.8950000000         2.0023692989      -223.6510230261
       15.9000000000         2.0009866358      -200.8720862798
       15.9050000000         2.0001998462      -219.8545335684
       15.9100000000         2.0000098696      -206.5668204664
       15.9150000000         2.0004169328      -214.1597993818
       15.9200000000         2.0014205499      -233.1422466704
       15.9250000000         2.0030195223      -229.3457572126
       15.9300000000         2.0052119407      -206.5668204664
       15.9350000000         2.0079951872      -246.4299597723
       15.9400000000         2.0113659382      -214.1597993818
       15.9450000000         2.0153201688      -246.4299597723
       15.9500000000         2.0198531572      -235.0404913992
       15.9550000000         2.0249594904      -231.2440019415
       15.9600000000         2.0306330712      -235.0404913992
       15.9650000000         2.0368671245      -219.8545335684
       15.9700000000         2.0436542063      -250.2264492300
       15.9750000000         2.0509862121      -240.7352255858
       15.9800000000         2.0588543868      -231.2440019415
       15.9850000000         2.0672493349      -248.3282045012
       15.9900000000         2.0761610320      -221.7527782972
       15.9950000000         2.0855788365      -235.0404913992
       16.0000000000         2.0954915028      -236.9387361281
       16.0050000000         2.1058871940      -236.9387361281
       16.0100000000         2.1167534966      -238.8369808569
       16.0150000000         2.1280774351      -236.9387361281
       16.0200000000         2.1398454876      -233.1422466704
       16.0250000000         2.1520436017      -236.9387361281
       16.0300000000         2.1646572117      -221.7527782972
       16.0350000000         2.1776712557      -236.9387361281
       16.0400000000         2.1910701935      -238.8369808569
       16.0450000000         2.2048380253      -231.2440019415
       16.0500000000         2.2189583111      -242.6334703146
       16.0550000000         2.2334141896      -225.5492677549
       16.0600000000         2.2481883992      -233.1422466704
       16.0650000000         2.2632632978      -236.9387361281
       16.0700000000         2.2786208845      -225.5492677549
       16.0750000000         2.2942428207      -227.4475124838
       16.0800000000         2.3101104522      -212.2615546530
       16.0850000000         2.3262048315      -223.6510230261
       16.0900000000         2.3425067402      -227.4475124838
       16.0950000000         2.3589967120      -210.3633099241
       16.1000000000         2.3756550564      -225.5492677549
       16.1050000000         2.3924618815      -204.6685757375
       16.1100000000         2.4093971182      -187.5843731779
       16.1150000000         2.4264405441      -204.6685757375
       16.1200000000         2.4435718076      -206.5668204664
       16.1250000000         2.4607704521      -195.1773520933
       16.1300000000         2.4780159408      -204.6685757375
       16.1350000000         2.4952876808      -197.0755968221
       16.1400000000         2.5125650477      -197.0755968221
       16.1450000000         2.5298274107      -166.7036811605
       16.1500000000         2.5470541567      -115.4510734814
       16.1550000000         2.5642247151       -75.5879341755
       16.1600000000         2.5813185826       -45.2160185138
       16.1650000000         2.5983153473       -11.0476133944
       16.1700000000         2.6151947133         6.0365891652
       16.1750000000         2.6319365250       -24.3353264964
       16.1800000000         2.6485207908         4.1383444364
       16.1850000000         2.6649277074        -5.3528792079
       16.1900000000         2.6811376834        -5.3528792079
       16.1950000000         2.6971313622        -1.5563897502
       16.2000000000         2.7128896458         0.3418549787
       16.2050000000         2.7283937172        68.6786652174
       16.2100000000         2.7436250629        78.1698888617
       16.2150000000         2.7585654951        68.6786652174
       16.2200000000         2.7731971734        85.7628677771
       16.2250000000         2.7875026260        83.8646230483
       16.2300000000         2.8014647708        91.4576019637
       16.2350000000         2.8150669356        81.9663783194
       16.2400000000         2.8282928779       106.6435597945
       16.2450000000         2.8411268046       114.2365387099
       16.2500000000         2.8535533906       114.2365387099
       16.2550000000         2.8655577974       116.1347834388
       16.2600000000         2.8771256904       108.5418045234
       16.2650000000         2.8882432563       123.7277623542
       16.2700000000         2.8988972198       123.7277623542
       16.2750000000         2.9090748587       133.2189859985
       16.2800000000         2.9187640200       121.8295176253
       16.2850000000         2.9279531338       127.5242518119
       16.2900000000         2.9366312274       154.0996780159
       16.2950000000         2.9447879382       138.9137201850
       16.3000000000         2.9524135262       152.2014332870
       16.3050000000         2.9594988858       146.5066991004
       16.3100000000         2.9660355562       152.2014332870
       16.3150000000         2.9720157321       155.9979227447
       16.3200000000         2.9774322724       167.3873911178
       16.3250000000         2.9822787092       154.0996780159
       16.3300000000         2.9865492555       174.9803700332
       16.3350000000         2.9902388117       167.3873911178
       16.3400000000         2.9933429721       173.0821253044
       16.3450000000         2.9958580301       171.1838805755
       16.3500000000         2.9977809823       180.6751042198
       16.3550000000         2.9991095326       163.5909016601
       16.3600000000         2.9998420946       184.4715936775
       16.3650000000         2.9999777936       180.6751042198
       16.3700000000         2.9995164673       192.0645725929
       16.3750000000         2.9984586669       197.7593067795
       16.3800000000         2.9968056553       197.7593067795
       16.3850000000         2.9945594064       195.8610620506
       16.3900000000         2.9917226025       184.4715936775
       16.3950000000         2.9882986310       207.2505304238
       16.4000000000         2.9842915806       197.7593067795
       16.4050000000         2.9797062359       214.8435093392
       16.4100000000         2.9745480725       205.3522856949
       16.4150000000         2.9688232496       192.0645725929
       16.4200000000         2.9625386034       207.2505304238
       16.4250000000         2.9557016383       192.0645725929
       16.4300000000         2.9483205184       197.7593067795
       16.4350000000         2.9404040575       205.3522856949
       16.4400000000         2.9319617086       199.6575515084
       16.4450000000         2.9230035528       193.9628173218
       16.4500000000         2.9135402871       205.3522856949
       16.4550000000         2.9035832116       197.7593067795
       16.4600000000         2.8931442161       197.7593067795
       16.4650000000         2.8822357657       178.7768594910
       16.4700000000         2.8708708864       199.6575515084
       16.4750000000         2.8590631489       197.7593067795
       16.4800000000         2.8468266529       195.8610620506
       16.4850000000         2.8341760101       203.4540409661
       16.4900000000         2.8211263266       188.2680831352
       16.4950000000         2.8076931851       203.4540409661
       16.5000000000         2.7938926261       199.6575515084
       16.5050000000         2.7797411291       192.0645725929
       16.5100000000         2.7652555922       199.6575515084
       16.5150000000         2.7504533127       174.9803700332
       16.5200000000         2.7353519661       199.6575515084
       16.5250000000         2.7199695849       165.4891463890
       16.5300000000         2.7043245374       182.5733489487
       16.5350000000         2.6884355052       167.3873911178
       16.5400000000         2.6723214616       173.0821253044
       16.5450000000         2.6560016483       171.1838805755
       16.5500000000         2.6394955530       161.6926569313
       16.5550000000         2.6228228856       154.0996780159
       16.5600000000         2.6060035550       138.9137201850
       16.5650000000         2.5890576451       142.7102096427
       16.5700000000         2.5720053913       135.1172307273
       16.5750000000         2.5548671555       118.0330281676
       16.5800000000         2.5376634028       127.5242518119
       16.5850000000         2.5204146760       127.5242518119
       16.5900000000         2.5031415720       133.2189859985
       16.5950000000         2.4858647166       110.4400492522
       16.6000000000         2.4686047402        76.2716441328
       16.6050000000         2.4513822530        38.3067495558
       16.6100000000         2.4342178205        -5.3528792079
       16.6150000000         2.4171319386        -9.1493686656
       16.6200000000         2.4001450097         7.9348338941
       16.6250000000         2.3832773181         2.2400997075
       16.6300000000         2.3665490053        -3.4546344790
       16.6350000000         2.3499800469         0.3418549787
       16.6400000000         2.3335902277        -5.3528792079
       16.6450000000         2.3173991191       -73.6896894466
       16.6500000000         2.3014260547       -96.4686261929
       16.6550000000         2.2856901081       -75.5879341755
       16.6600000000         2.2702100697      -107.8580945660
       16.6650000000         2.2550044242       -90.7738920063
       16.6700000000         2.2400913287      -111.6545840237
       16.6750000000         2.2254885910      -105.9598498371
       16.6800000000         2.2112136483      -153.4159680585
       16.6850000000         2.1972835463      -124.9422971257
       16.6900000000         2.1837149190      -124.9422971257
       16.6950000000         2.1705239688      -126.8405418545
       16.7000000000         2.1577264470      -147.7212338719
       16.7050000000         2.1453376352      -138.2300102277
       16.7100000000         2.1333723269      -142.0264996854
       16.7150000000         2.1218448099      -138.2300102277
       16.7200000000         2.1107688492      -140.1282549565
       16.7250000000         2.1001576708      -159.1107022450
       16.7300000000         2.0900239453      -151.5177233296
       16.7350000000         2.0803797737      -172.3984153470
       16.7400000000         2.0712366719      -172.3984153470
       16.7450000000         2.0626055578      -174.2966600759
       16.7500000000         2.0544967379      -159.1107022450
       16.7550000000         2.0469198949      -193.2791073644
       16.7600000000         2.0398840763      -176.1949048047
       16.7650000000         2.0333976837      -187.5843731779
       16.7700000000         2.0274684624      -191.3808626356
       16.7750000000         2.0221034926      -183.7878837202
       16.7800000000         2.0173091806      -204.6685757375
       16.7850000000         2.0130912513      -185.6861284490
       16.7900000000         2.0094547413      -208.4650651953
       16.7950000000         2.0064039930      -191.3808626356
       16.8000000000         2.0039426493      -200.8720862798
       16.8050000000         2.0020736494      -221.7527782972
       16.8100000000         2.0007992249      -202.7703310087
       16.8150000000         2.0001208978      -221.7527782972
       16.8200000000         2.0000394779      -195.1773520933
       16.8250000000         2.0005550625      -227.4475124838
       16.8300000000         2.0016670360      -210.3633099241
       16.8350000000         2.0033740705      -231.2440019415
       16.8400000000         2.0056741276      -219.8545335684
       16.8450000000         2.0085644609      -235.0404913992
       16.8500000000         2.0120416190      -231.2440019415
       16.8550000000         2.0161014498      -233.1422466704
       16.8600000000         2.0207391055      -233.1422466704
       16.8650000000         2.0259490482      -219.8545335684
       16.8700000000         2.0317250566      -248.3282045012
       16.8750000000         2.0380602337      -238.8369808569
       16.8800000000         2.0449470147      -227.4475124838
       16.8850000000         2.0523771758      -252.1246939589
       16.8900000000         2.0603418449      -221.7527782972
       16.8950000000         2.0688315112      -248.3282045012
       16.9000000000         2.0778360372      -240.7352255858
       16.9050000000         2.0873446707      -242.6334703146
       16.9100000000         2.0973460571      -236.9387361281
       16.9150000000         2.1078282540      -221.7527782972
       16.9200000000         2.1187787445      -250.2264492300
       16.9250000000         2.1301844525      -240.7352255858
       16.9300000000         2.1420317585      -236.9387361281
       16.9350000000         2.1543065155      -233.1422466704
       16.9400000000         2.1669940663      -229.3457572126
       16.9450000000         2.1800792605      -244.5317150435
       16.9500000000         2.1935464732      -235.0404913992
       16.9550000000         2.2073796230      -240.7352255858
       16.9600000000         2.2215621918      -250.2264492300
       16.9650000000         2.2360772440      -229.3457572126
       16.9700000000         2.2509074473      -244.5317150435
       16.9750000000         2.2660350929      -210.3633099241
       16.9800000000         2.2814421167      -233.1422466704
       16.9850000000         2.2971101212      -216.0580441107
       16.9900000000         2.3130203971      -202.7703310087
       16.9950000000         2.3291539461      -225.5492677549
       17.0000000000         2.3454915028      -217.9562888395
       17.0050000000         2.3620135587      -202.7703310087
       17.0100000000         2.3787003846      -212.2615546530
       17.0150000000         2.3955320548      -200.8720862798
       17.0200000000         2.4124884705      -212.2615546530
       17.0250000000         2.4295493840      -200.8720862798
       17.0300000000         2.4466944229      -200.8720862798
       17.0350000000         2.4639031141      -181.8896389913
       17.0400000000         2.4811549087      -193.2791073644
       17.0450000000         2.4984292063      -189.4826179067
       17.0500000000         2.5157053795      -172.3984153470
       17.0550000000         2.5329627990      -157.2124575162
       17.0600000000         2.5501808574      -115.4510734814
       17.0650000000         2.5673389947       -71.7914447178
       17.0700000000         2.5844167224       -26.2335712253
       17.0750000000         2.6013936477        17.4260575384
       17.0800000000         2.6182494985        -5.3528792079
       17.0850000000         2.6349641472        -5.3528792079
       17.0900000000         2.6515176348        -7.2511239367
       17.0950000000         2.6678901947         4.1383444364
       17.1000000000         2.6840622763         4.1383444364
       17.1050000000         2.7000145686        -1.5563897502
       17.1100000000         2.7157280228        -5.3528792079
       17.1150000000         2.7311838755        53.4927073866
       17.1200000000         2.7463636708        81.9663783194
       17.1250000000         2.7612492824        70.5769099463
       17.1300000000         2.7758229353        85.7628677771
       17.1350000000         2.7900672272        61.0856863020
       17.1400000000         2.8039651488        93.3558466925
       17.1450000000         2.8175001047        74.3733994040
       17.1500000000         2.8306559327       102.8470703368
       17.1550000000         2.8434169233        97.1523361502
       17.1600000000         2.8557678386        93.3558466925
       17.1650000000         2.8676939304        95.2540914214
       17.1700000000         2.8791809576       100.9488256079
       17.1750000000         2.8902152037       116.1347834388
       17.1800000000         2.9007834924       116.1347834388
       17.1850000000         2.9108732043       121.8295176253
       17.1900000000         2.9204722911       116.1347834388
       17.1950000000         2.9295692906       131.3207412696
       17.2000000000         2.9381533400       133.2189859985
       17.2050000000         2.9462141891       138.9137201850
       17.2100000000         2.9537422123       154.0996780159
       17.2150000000         2.9607284204       140.8119649139
       17.2200000000         2.9671644712       152.2014332870
       17.2250000000         2.9730426794       144.6084543716
       17.2300000000         2.9783560258       159.7944122024
       17.2350000000         2.9830981656       155.9979227447
       17.2400000000         2.9872634364       150.3031885581
       17.2450000000         2.9908468643       157.8961674736
       17.2500000000         2.9938441703       155.9979227447
       17.2550000000         2.9962517754       167.3873911178
       17.2600000000         2.9980668046       167.3873911178
       17.2650000000         2.9992870906       169.2856358467
       17.2700000000         2.9999111762       176.8786147621
       17.2750000000         2.9999383162       169.2856358467
       17.2800000000         2.9993684783       184.4715936775
       17.2850000000         2.9982023428       186.3698384064
       17.2900000000         2.9964413023       182.5733489487
       17.2950000000         2.9940874596       190.1663278641
       17.3000000000         2.9911436254       188.2680831352
       17.3050000000         2.9876133150       182.5733489487
       17.3100000000         2.9835007439       203.4540409661
       17.3150000000         2.9788108230       197.7593067795
       17.3200000000         2.9735491525       205.3522856949
       17.3250000000         2.9677220154       192.0645725929
       17.3300000000         2.9613363699       192.0645725929
       17.3350000000         2.9543998412       199.6575515084
       17.3400000000         2.9469207121       188.2680831352
       17.3450000000         2.9389079135       207.2505304238
       17.3500000000         2.9303710135       193.9628173218
       17.3550000000         2.9213202061       211.0470198815
       17.3600000000         2.9117662988       192.0645725929
       17.3650000000         2.9017207001       182.5733489487
       17.3700000000         2.8911954053       207.2505304238
       17.3750000000         2.8802029828       190.1663278641
       17.3800000000         2.8687565587       214.8435093392
       17.3850000000         2.8568698011       190.1663278641
       17.3900000000         2.8445569042       197.7593067795
       17.3950000000         2.8318325707       190.1663278641
       17.4000000000         2.8187119949       182.5733489487
       17.4050000000         2.8052108440       192.0645725929
       17.4100000000         2.7913452398       201.5557962372
       17.4150000000         2.7771317394       199.6575515084
       17.4200000000         2.7625873150       174.9803700332
       17.4250000000         2.7477293342       193.9628173218
       17.4300000000         2.7325755390       173.0821253044
       17.4350000000         2.7171440246       171.1838805755
       17.4400000000         2.7014532179       174.9803700332
       17.4450000000         2.6855218551       178.7768594910
       17.4500000000         2.6693689601       169.2856358467
       17.4550000000         2.6530138211       154.0996780159
       17.4600000000         2.6364759678       161.6926569313
       17.4650000000         2.6197751480       148.4049438293
       17.4700000000         2.6029313044       142.7102096427
       17.4750000000         2.5859645501       127.5242518119
       17.4800000000         2.5688951453       135.1172307273
       17.4850000000         2.5517434726       116.1347834388
       17.4900000000         2.5345300129       119.9312728965
       17.4950000000         2.5172753207       116.1347834388
       17.5000000000         2.5000000000       116.1347834388
       17.5050000000         2.4827246793       108.5418045234
       17.5100000000         2.4654699871        85.7628677771
       17.5150000000         2.4482565274        30.7137706403
       17.5200000000         2.4311048547        -5.3528792079
       17.5250000000         2.4140354499       -11.0476133944
       17.5300000000         2.3970686956        -7.2511239367
       17.5350000000         2.3802248520         7.9348338941
       17.5400000000         2.3635240322         4.1383444364
       17.5450000000         2.3469861789         2.2400997075
       17.5500000000         2.3306310399        -9.1493686656
       17.5550000000         2.3144781449       -94.5703814640
       17.5600000000         2.2985467821      -102.1633603794
       17.5650000000         2.2828559754       -81.2826683620
       17.5700000000         2.2674244610       -98.3668709217
       17.5750000000         2.2522706658       -88.8756472775
       17.5800000000         2.2374126850      -107.8580945660
       17.5850000000         2.2228682606      -107.8580945660
       17.5900000000         2.2086547602      -128.7387865834
       17.5950000000         2.1947891560      -134.4335207699
       17.6000000000         2.1812880051      -124.9422971257
       17.6050000000         2.1681674293      -126.8405418545
       17.6100000000         2.1554430958      -145.8229891431
       17.6150000000         2.1431301989      -151.5177233296
       17.6200000000         2.1312434413      -136.3317654988
       17.6250000000         2.1197970172      -157.2124575162
       17.6300000000         2.1088045947      -140.1282549565
       17.6350000000         2.0982792999      -142.0264996854
       17.6400000000         2.0882337012      -172.3984153470
       17.6450000000         2.0786797939      -166.7036811605
       17.6500000000         2.0696289865      -161.0089469739
       17.6550000000         2.0610920865      -181.8896389913
       17.6600000000         2.0530792879      -176.1949048047
       17.6650000000         2.0456001588      -181.8896389913
       17.6700000000         2.0386636301      -193.2791073644
       17.6750000000         2.0322779846      -176.1949048047
       17.6800000000         2.0264508475      -185.6861284490
       17.6850000000         2.0211891770      -187.5843731779
       17.6900000000         2.0164992561      -208.4650651953
       17.6950000000         2.0123866850      -208.4650651953
       17.7000000000         2.0088563746      -204.6685757375
       17.7050000000         2.0059125404      -221.7527782972
       17.7100000000         2.0035586977      -204.6685757375
       17.7150000000         2.0017976572      -223.6510230261
       17.7200000000         2.0006315217      -231.2440019415
       17.7250000000         2.0000616838      -242.6334703146
       17.7300000000         2.0000888238      -229.3457572126
       17.7350000000         2.0007129094      -212.2615546530
       17.7400000000         2.0019331954      -235.0404913992
       17.7450000000         2.0037482246      -242.6334703146
       17.7500000000         2.0061558297      -231.2440019415
       17.7550000000         2.0091531357      -250.2264492300
       17.7600000000         2.0127365636      -225.5492677549
       17.7650000000         2.0169018344      -238.8369808569
       17.7700000000         2.0216439742      -255.9211834166
       17.7750000000         2.0269573206      -236.9387361281
       17.7800000000         2.0328355288      -254.0229386877
       17.7850000000         2.0392715796      -263.5141623320
       17.7900000000         2.0462577877      -246.4299597723
       17.7950000000         2.0537858109      -250.2264492300
       17.8000000000         2.0618466600      -236.9387361281
       17.8050000000         2.0704307094      -257.8194281455
       17.8100000000         2.0795277089      -244.5317150435
       17.8150000000         2.0891267957      -263.5141623320
       17.8200000000         2.0992165076      -265.4124070609
       17.8250000000         2.1097847963      -233.1422466704
       17.8300000000         2.1208190424      -257.8194281455
       17.8350000000         2.1323060696      -231.2440019415
       17.8400000000         2.1442321614      -257.8194281455
       17.8450000000         2.1565830767      -238.8369808569
       17.8500000000         2.1693440673      -240.7352255858
       17.8550000000         2.1824998953      -263.5141623320
       17.8600000000         2.1960348512      -233.1422466704
       17.8650000000         2.2099327728      -265.4124070609
       17.8700000000         2.2241770647      -225.5492677549
       17.8750000000         2.2387507176      -254.0229386877
       17.8800000000         2.2536363292      -248.3282045012
       17.8850000000         2.2688161245      -221.7527782972
       17.8900000000         2.2842719772      -267.3106517897
       17.8950000000         2.2999854314      -216.0580441107
       17.9000000000         2.3159377237      -252.1246939589
       17.9050000000         2.3321098053      -231.2440019415
       17.9100000000         2.3484823652      -219.8545335684
       17.9150000000         2.3650358528      -233.1422466704
       17.9200000000         2.3817505015      -217.9562888395
       17.9250000000         2.3986063523      -221.7527782972
       17.9300000000         2.4155832776      -231.2440019415
       17.9350000000         2.4326610053      -197.0755968221
       17.9400000000         2.4498191426      -223.6510230261
       17.9450000000         2.4670372010      -200.8720862798
       17.9500000000         2.4842946205      -210.3633099241
       17.9550000000         2.5015707937      -200.8720862798
       17.9600000000         2.5188450913      -193.2791073644
       17.9650000000         2.5360968859      -164.8054364316
       17.9700000000         2.5533055771      -111.6545840237
       17.9750000000         2.5704506160       -64.1984658024
       17.9800000000         2.5875115295       -28.1318159541
       17.9850000000         2.6044679452        17.4260575384
       17.9900000000         2.6212996154         4.1383444364
       17.9950000000         2.6379864413        -5.3528792079
       18.0000000000         2.6545084972        -1.5563897502
       18.0050000000         2.6708460539         0.3418549787
       18.0100000000         2.6869796029        -1.5563897502
       18.0150000000         2.7028898788         4.1383444364
       18.0200000000         2.7185578833        -5.3528792079
       18.0250000000         2.7339649071         4.1383444364
       18.0300000000         2.7490925527        89.5593572348
       18.0350000000         2.7639227560        91.4576019637
       18.0400000000         2.7784378082        72.4751546751
       18.0450000000         2.7926203770        93.3558466925
       18.0500000000         2.8064535268        81.9663783194
       18.0550000000         2.8199207395       102.8470703368
       18.0600000000         2.8330059337        97.1523361502
       18.0650000000         2.8456934845       123.7277623542
       18.0700000000         2.8579682415       108.5418045234
       18.0750000000         2.8698155475       110.4400492522
       18.0800000000         2.8812212555       112.3382939811
       18.0850000000         2.8921717460       131.3207412696
       18.0900000000         2.9026539429       125.6260070830
       18.0950000000         2.9126553293       133.2189859985
       18.1000000000         2.9221639628       127.5242518119
       18.1050000000         2.9311684888       119.9312728965
       18.1100000000         2.9396581551       138.9137201850
       18.1150000000         2.9476228242       142.7102096427
       18.1200000000         2.9550529853       152.2014332870
       18.1250000000         2.9619397663       146.5066991004
       18.1300000000         2.9682749434       144.6084543716
       18.1350000000         2.9740509518       142.7102096427
       18.1400000000         2.9792608945       165.4891463890
       18.1450000000         2.9838985502       150.3031885581
       18.1500000000         2.9879583810       154.0996780159
       18.1550000000         2.9914355391       165.4891463890
       18.1600000000         2.9943258724       148.4049438293
       18.1650000000         2.9966259295       163.5909016601
       18.1700000000         2.9983329640       165.4891463890
       18.1750000000         2.9994449375       169.2856358467
       18.1800000000         2.9999605221       167.3873911178
       18.1850000000         2.9998791022       173.0821253044
       18.1900000000         2.9992007751       171.1838805755
       18.1950000000         2.9979263506       180.6751042198
       18.2000000000         2.9960573507       178.7768594910
       18.2050000000         2.9935960070       190.1663278641
       18.2100000000         2.9905452587       180.6751042198
       18.2150000000         2.9869087487       184.4715936775
       18.2200000000         2.9826908194       192.0645725929
       18.2250000000         2.9778965074       171.1838805755
       18.2300000000         2.9725315376       192.0645725929
       18.2350000000         2.9666023163       178.7768594910
       18.2400000000         2.9601159237       199.6575515084
       18.2450000000         2.9530801051       188.2680831352
       18.2500000000         2.9455032621       190.1663278641
       18.2550000000         2.9373944422       199.6575515084
       18.2600000000         2.9287633281       174.9803700332
       18.2650000000         2.9196202263       199.6575515084
       18.2700000000         2.9099760547       176.8786147621
       18.2750000000         2.8998423292       188.2680831352
       18.2800000000         2.8892311508       180.6751042198
       18.2850000000         2.8781551901       178.7768594910
       18.2900000000         2.8666276731       193.9628173218
       18.2950000000         2.8546623648       174.9803700332
       18.3000000000         2.8422735530       192.0645725929
       18.3050000000         2.8294760312       182.5733489487
       18.3100000000         2.8162850810       195.8610620506
       18.3150000000         2.8027164537       186.3698384064
       18.3200000000         2.7887863517       178.7768594910
       18.3250000000         2.7745114090       190.1663278641
       18.3300000000         2.7599086713       176.8786147621
       18.3350000000         2.7449955758       167.3873911178
       18.3400000000         2.7297899303       193.9628173218
       18.3450000000         2.7143098919       165.4891463890
       18.3500000000         2.6985739453       184.4715936775
       18.3550000000         2.6826008809       174.9803700332
       18.3600000000         2.6664097723       159.7944122024
       18.3650000000         2.6500199531       176.8786147621
       18.3700000000         2.6334509947       144.6084543716
       18.3750000000         2.6167226819       174.9803700332
       18.3800000000         2.5998549903       144.6084543716
       18.3850000000         2.5828680614       142.7102096427
       18.3900000000         2.5657821795       146.5066991004
       18.3950000000         2.5486177470       140.8119649139
       18.4000000000         2.5313952598       135.1172307273
       18.4050000000         2.5141352834       114.2365387099
       18.4100000000         2.4968584280       121.8295176253
       18.4150000000         2.4795853240       106.6435597945
       18.4200000000         2.4623365972        87.6611125060
       18.4250000000         2.4451328445        32.6120153692
       18.4300000000         2.4279946087        -5.3528792079
       18.4350000000         2.4109423549       -39.5212843272
       18.4400000000         2.3939964450         4.1383444364
       18.4450000000         2.3771771144         0.3418549787
       18.4500000000         2.3605044470         7.9348338941
       18.4550000000         2.3439983517        -3.4546344790
       18.4600000000         2.3276785384       -11.0476133944
       18.4650000000         2.3115644948       -66.0967105312
       18.4700000000         2.2956754626      -124.9422971257
       18.4750000000         2.2800304151       -67.9949552601
       18.4800000000         2.2646480339      -117.3493182103
       18.4850000000         2.2495466873       -81.2826683620
       18.4900000000         2.2347444078      -117.3493182103
       18.4950000000         2.2202588709      -121.1458076680
       18.5000000000         2.2061073739      -142.0264996854
       18.5050000000         2.1923068149      -151.5177233296
       18.5100000000         2.1788736734      -119.2475629391
       18.5150000000         2.1658239899      -134.4335207699
       18.5200000000         2.1531733471      -145.8229891431
       18.5250000000         2.1409368511      -153.4159680585
       18.5300000000         2.1291291136      -164.8054364316
       18.5350000000         2.1177642343      -143.9247444142
       18.5400000000         2.1068557839      -151.5177233296
       18.5450000000         2.0964167884      -166.7036811605
       18.5500000000         2.0864597129      -157.2124575162
       18.5550000000         2.0769964472      -178.0931495336
       18.5600000000         2.0680382914      -172.3984153470
       18.5650000000         2.0595959425      -179.9913942624
       18.5700000000         2.0516794816      -181.8896389913
       18.5750000000         2.0442983617      -185.6861284490
       18.5800000000         2.0374613966      -200.8720862798
       18.5850000000         2.0311767504      -212.2615546530
       18.5900000000         2.0254519275      -195.1773520933
       18.5950000000         2.0202937641      -200.8720862798
       18.6000000000         2.0157084194      -193.2791073644
       18.6050000000         2.0117013690      -214.1597993818
       18.6100000000         2.0082773975      -208.4650651953
       18.6150000000         2.0054405936      -221.7527782972
       18.6200000000         2.0031943447      -221.7527782972
       18.6250000000         2.0015413331      -227.4475124838
       18.6300000000         2.0004835327      -225.5492677549
       18.6350000000         2.0000222064      -217.9562888395
       18.6400000000         2.0001579054      -236.9387361281
       18.6450000000         2.0008904674      -219.8545335684
       18.6500000000         2.0022190177      -238.8369808569
       18.6550000000         2.0041419699      -229.3457572126
       18.6600000000         2.0066570279      -233.1422466704
       18.6650000000         2.0097611883      -250.2264492300
       18.6700000000         2.0134507445      -225.5492677549
       18.6750000000         2.0177212908      -261.6159176032
       18.6800000000         2.0225677276      -240.7352255858
       18.6850000000         2.0279842679      -248.3282045012
       18.6900000000         2.0339644438      -261.6159176032
       18.6950000000         2.0405011142      -229.3457572126
       18.7000000000         2.0475864738      -271.1071412474
       18.7050000000         2.0552120618      -242.6334703146
       18.7100000000         2.0633687726      -248.3282045012
       18.7150000000         2.0720468662      -265.4124070609
       18.7200000000         2.0812359800      -236.9387361281
       18.7250000000         2.0909251413      -261.6159176032
       18.7300000000         2.1011027802      -254.0229386877
       18.7350000000         2.1117567437      -257.8194281455
       18.7400000000         2.1228743096      -284.3948543494
       18.7450000000         2.1344422026      -235.0404913992
       18.7500000000         2.1464466094      -269.2088965186
       18.7550000000         2.1588731954      -244.5317150435
       18.7600000000         2.1717071221      -265.4124070609
       18.7650000000         2.1849330644      -242.6334703146
       18.7700000000         2.1985352292      -250.2264492300
       18.7750000000         2.2124973740      -252.1246939589
       18.7800000000         2.2268028266      -242.6334703146
       18.7850000000         2.2414345049      -257.8194281455
       18.7900000000         2.2563749371      -227.4475124838
       18.7950000000         2.2716062828      -250.2264492300
       18.8000000000         2.2871103542      -231.2440019415
       18.8050000000         2.3028686378      -210.3633099241
       18.8100000000         2.3188623166      -238.8369808569
       18.8150000000         2.3350722926      -231.2440019415
       18.8200000000         2.3514792092      -235.0404913992
       18.8250000000         2.3680634750      -212.2615546530
       18.8300000000         2.3848052867      -227.4475124838
       18.8350000000         2.4016846527      -227.4475124838
       18.8400000000         2.4186814174      -221.7527782972
       18.8450000000         2.4357752849      -231.2440019415
       18.8500000000         2.4529458433      -216.0580441107
       18.8550000000         2.4701725893      -210.3633099241
       18.8600000000         2.4874349523      -200.8720862798
       18.8650000000         2.5047123192      -212.2615546530
       18.8700000000         2.5219840592      -195.1773520933
       18.8750000000         2.5392295479      -172.3984153470
       18.8800000000         2.5564281924      -136.3317654988
       18.8850000000         2.5735594559       -81.2826683620
       18.8900000000         2.5906028818       -31.9283054118
       18.8950000000         2.6075381185         6.0365891652
       18.9000000000         2.6243449436         7.9348338941
       18.9050000000         2.6410032880         0.3418549787
       18.9100000000         2.6574932598       -12.9458581233
       18.9150000000         2.6737951685         6.0365891652
       18.9200000000         2.6898895478        -9.1493686656
       18.9250000000         2.7057571793         4.1383444364
       18.9300000000         2.7213791155         0.3418549787
       18.9350000000         2.7367367022        30.7137706403
       18.9400000000         2.7518116008       114.2365387099
       18.9450000000         2.7665858104        61.0856863020
       18.9500000000         2.7810416889        93.3558466925
       18.9550000000         2.7951619747        72.4751546751
       18.9600000000         2.8089298065        91.4576019637
       18.9650000000         2.8223287443        81.9663783194
       18.9700000000         2.8353427883       112.3382939811
       18.9750000000         2.8479563983       112.3382939811
       18.9800000000         2.8601545124        99.0505808791
       18.9850000000         2.8719225649       102.8470703368
       18.9900000000         2.8832465034       112.3382939811
       18.9950000000         2.8941128060       129.4224965408
       19.0000000000         2.9045084972       118.0330281676
       19.0050000000         2.9144211635       146.5066991004
       19.0100000000         2.9238389680       118.0330281676
       19.0150000000         2.9327506651       119.9312728965
       19.0200000000         2.9411456132       144.6084543716
       19.0250000000         2.9490137879       144.6084543716
       19.0300000000         2.9563457937       148.4049438293
       19.0350000000         2.9631328755       137.0154754562
       19.0400000000         2.9693669288       154.0996780159
       19.0450000000         2.9750405096       154.0996780159
       19.0500000000         2.9801468428       161.6926569313
       19.0550000000         2.9846798312       161.6926569313
       19.0600000000         2.9886340618       161.6926569313
       19.0650000000         2.9920048128       159.7944122024
       19.0700000000         2.9947880593       161.6926569313
       19.0750000000         2.9969804777       184.4715936775
       19.0800000000         2.9985794501       165.4891463890
       19.0850000000         2.9995830672       169.2856358467
       19.0900000000         2.9999901304       163.5909016601
       19.0950000000         2.9998001538       188.2680831352
       19.1000000000         2.9990133642       173.0821253044
       19.1050000000         2.9976307011       182.5733489487
       19.1100000000         2.9956538155       188.2680831352
       19.1150000000         2.9930850681       176.8786147621
       19.1200000000         2.9899275262       197.7593067795
       19.1250000000         2.9861849602       193.9628173218
       19.1300000000         2.9818618391       190.1663278641
       19.1350000000         2.9769633253       201.5557962372
       19.1400000000         2.9714952679       192.0645725929
       19.1450000000         2.9654641966       216.7417540680
       19.1500000000         2.9588773128       192.0645725929
       19.1550000000         2.9517424822       203.4540409661
       19.1600000000         2.9440682244       203.4540409661
       19.1650000000         2.9358637033       203.4540409661
       19.1700000000         2.9271387158       193.9628173218
       19.1750000000         2.9179036807       199.6575515084
       19.1800000000         2.9081696254       205.3522856949
       19.1850000000         2.8979481733       199.6575515084
       19.1900000000         2.8872515301       212.9452646103
       19.1950000000         2.8760924685       192.0645725929
       19.2000000000         2.8644843137       203.4540409661
       19.2050000000         2.8524409270       193.9628173218
       19.2100000000         2.8399766894       203.4540409661
       19.2150000000         2.8271064845       201.5557962372
       19.2200000000         2.8138456806       193.9628173218
       19.2250000000         2.8002101127       188.2680831352
       19.2300000000         2.7862160628       190.1663278641
       19.2350000000         2.7718802414       197.7593067795
       19.2400000000         2.7572197669       169.2856358467
       19.2450000000         2.7422521454       199.6575515084
       19.2500000000         2.7269952499       173.0821253044
       19.2550000000         2.7114672985       178.7768594910
       19.2600000000         2.6956868334       174.9803700332
       19.2650000000         2.6796726980       163.5909016601
       19.2700000000         2.6634440148       169.2856358467
       19.2750000000         2.6470201626       157.8961674736
       19.2800000000         2.6304207531       157.8961674736
       19.2850000000         2.6136656078       148.4049438293
       19.2900000000         2.5967747340       148.4049438293
       19.2950000000         2.5797683012       144.6084543716
       19.3000000000         2.5626666168       148.4049438293
       19.3050000000         2.5454901020       131.3207412696
       19.3100000000         2.5282592672       127.5242518119
       19.3150000000         2.5109946880       121.8295176253
       19.3200000000         2.4937169801       123.7277623542
       19.3250000000         2.4764467746       106.6435597945
       19.3300000000         2.4592046942       100.9488256079
       19.3350000000         2.4420113276        19.3243022672
       19.3400000000         2.4248872054         2.2400997075
       19.3450000000         2.4078527757       -22.4370817676
       19.3500000000         2.3909283793         6.0365891652
       19.3550000000         2.3741342257         0.3418549787
       19.3600000000         2.3574903688         9.8330786230
       19.3650000000         2.3410166831        -3.4546344790
       19.3700000000         2.3247328399        -7.2511239367
       19.3750000000         2.3086582838      -126.8405418545
       19.3800000000         2.2928122095       -94.5703814640
       19.3850000000         2.2772135388       -79.3844236332
       19.3900000000         2.2618808982      -104.0616051083
       19.3950000000         2.2468325963      -115.4510734814
       19.4000000000         2.2320866025      -104.0616051083
       19.4050000000         2.2176605250      -134.4335207699
       19.4100000000         2.2035715899      -124.9422971257
       19.4150000000         2.1898366210      -130.6370313122
       19.4200000000         2.1764720192      -145.8229891431
       19.4250000000         2.1634937432      -117.3493182103
       19.4300000000         2.1509172905      -157.2124575162
       19.4350000000         2.1387576786      -143.9247444142
       19.4400000000         2.1270294273      -142.0264996854
       19.4450000000         2.1157465414      -157.2124575162
       19.4500000000         2.1049224938      -149.6194786008
       19.4550000000         2.0945702096      -155.3142127873
       19.4600000000         2.0847020504      -178.0931495336
       19.4650000000         2.0753297999      -166.7036811605
       19.4700000000         2.0664646494      -178.0931495336
       19.4750000000         2.0581171850      -187.5843731779
       19.4800000000         2.0502973742      -178.0931495336
       19.4850000000         2.0430145549      -191.3808626356
       19.4900000000         2.0362774233      -179.9913942624
       19.4950000000         2.0300940245      -206.5668204664
       19.5000000000         2.0244717419      -187.5843731779
       19.5050000000         2.0194172891      -181.8896389913
       19.5100000000         2.0149367018      -225.5492677549
       19.5150000000         2.0110353301      -178.0931495336
       19.5200000000         2.0077178327      -229.3457572126
       19.5250000000         2.0049881711      -200.8720862798
       19.5300000000         2.0028496048      -225.5492677549
       19.5350000000         2.0013046874      -204.6685757375
       19.5400000000         2.0003552637      -225.5492677549
       19.5450000000         2.0000024674      -221.7527782972
       19.5500000000         2.0002467198      -231.2440019415
       19.5550000000         2.0010877293      -227.4475124838
       19.5600000000         2.0025244915      -210.3633099241
       19.5650000000         2.0045552909      -248.3282045012
       19.5700000000         2.0071777024      -233.1422466704
       19.5750000000         2.0103885947      -248.3282045012
       19.5800000000         2.0141841335      -233.1422466704
       19.5850000000         2.0185597867      -233.1422466704
       19.5900000000         2.0235103292      -255.9211834166
       19.5950000000         2.0290298496      -236.9387361281
       19.6000000000         2.0351117571      -252.1246939589
       19.6050000000         2.0417487890      -244.5317150435
       19.6100000000         2.0489330203      -233.1422466704
       19.6150000000         2.0566558721      -257.8194281455
       19.6200000000         2.0649081227      -233.1422466704
       19.6250000000         2.0736799178      -267.3106517897
       19.6300000000         2.0829607832      -231.2440019415
       19.6350000000         2.0927396365      -259.7176728743
       19.6400000000         2.1030048007      -261.6159176032
       19.6450000000         2.1137440182      -231.2440019415
       19.6500000000         2.1249444652      -261.6159176032
       19.6550000000         2.1365927673      -236.9387361281
       19.6600000000         2.1486750151      -254.0229386877
       19.6650000000         2.1611767813      -252.1246939589
       19.6700000000         2.1740831373      -240.7352255858
       19.6750000000         2.1873786718      -282.4966096206
       19.6800000000         2.2010475085      -233.1422466704
       19.6850000000         2.2150733253      -255.9211834166
       19.6900000000         2.2294393739      -240.7352255858
       19.6950000000         2.2441284999      -229.3457572126
       19.7000000000         2.2591231629      -254.0229386877
       19.7050000000         2.2744054578      -233.1422466704
       19.7100000000         2.2899571358      -238.8369808569
       19.7150000000         2.3057596267      -236.9387361281
       19.7200000000         2.3217940606      -221.7527782972
       19.7250000000         2.3380412909      -242.6334703146
       19.7300000000         2.3544819166      -212.2615546530
       19.7350000000         2.3710963059      -231.2440019415
       19.7400000000         2.3878646195      -216.0580441107
       19.7450000000         2.4047668344      -202.7703310087
       19.7500000000         2.4217827675      -231.2440019415
       19.7550000000         2.4388921000      -195.1773520933
       19.7600000000         2.4560744017      -206.5668204664
       19.7650000000         2.4733091551      -193.2791073644
       19.7700000000         2.4905757801      -178.0931495336
       19.7750000000         2.5078536587      -185.6861284490
       19.7800000000         2.5251221591      -170.5001706182
       19.7850000000         2.5423606611      -138.2300102277
       19.7900000000         2.5595485800       -88.8756472775
       19.7950000000         2.5766653919       -52.8089974292
       19.8000000000         2.5936906573        -5.3528792079
       19.8050000000         2.6106040464         9.8330786230
       19.8100000000         2.6273853628        -5.3528792079
       19.8150000000         2.6440145680        -9.1493686656
       19.8200000000         2.6604718049         0.3418549787
       19.8250000000         2.6767374219        -5.3528792079
       19.8300000000         2.6927919961         0.3418549787
       19.8350000000         2.7086163568        -5.3528792079
       19.8400000000         2.7241916080        -1.5563897502
       19.8450000000         2.7394991513        25.0190364538
       19.8500000000         2.7545207079       119.9312728965
       19.8550000000         2.7692383404        62.9839310309
       19.8600000000         2.7836344746        91.4576019637
       19.8650000000         2.7976919199        76.2716441328
       19.8700000000         2.8113938902        97.1523361502
       19.8750000000         2.8247240242        89.5593572348
       19.8800000000         2.8376664041       118.0330281676
       19.8850000000         2.8502055754       125.6260070830
       19.8900000000         2.8623265651       114.2365387099
       19.8950000000         2.8740148995       112.3382939811
       19.9000000000         2.8852566214       125.6260070830
       19.9050000000         2.8960383071       138.9137201850
       19.9100000000         2.9063470822       116.1347834388
       19.9150000000         2.9161706369       142.7102096427
       19.9200000000         2.9254972409       129.4224965408
       19.9250000000         2.9343157572       140.8119649139
       19.9300000000         2.9426156557       135.1172307273
       19.9350000000         2.9503870253       155.9979227447
       19.9400000000         2.9576205863       154.0996780159
       19.9450000000         2.9643077011       155.9979227447
       19.9500000000         2.9704403845       157.8961674736
       19.9550000000         2.9760113135       163.5909016601
       19.9600000000         2.9810138358       167.3873911178
       19.9650000000         2.9854419779       169.2856358467
       19.9700000000         2.9892904522       173.0821253044
       19.9750000000         2.9925546631       154.0996780159
       19.9800000000         2.9952307128       180.6751042198
       19.9850000000         2.9973154060       146.5066991004
       19.9900000000         2.9988062532       176.8786147621
       19.9950000000         2.9997014742       184.4715936775
