        0.0000000000         3.0000000000         0.3418549787
        0.0050000000         2.9999111762        15.5278128095
        0.0100000000         2.9996447363        62.9839310309
        0.0150000000         2.9992007751        53.4927073866
        0.0200000000         2.9985794501        89.5593572348
        0.0250000000         2.9977809823        97.1523361502
        0.0300000000         2.9968056553       108.5418045234
        0.0350000000         2.9956538155       116.1347834388
        0.0400000000         2.9943258724       131.3207412696
        0.0450000000         2.9928222976       146.5066991004
        0.0500000000         2.9911436254       140.8119649139
        0.0550000000         2.9892904522       148.4049438293
        0.0600000000         2.9872634364       154.0996780159
        0.0650000000         2.9850632982       161.6926569313
        0.0700000000         2.9826908194       171.1838805755
        0.0750000000         2.9801468428       173.0821253044
        0.0800000000         2.9774322724       180.6751042198
        0.0850000000         2.9745480725       182.5733489487
        0.0900000000         2.9714952679       192.0645725929
        0.0950000000         2.9682749434       192.0645725929
        0.1000000000         2.9648882429       192.0645725929
        0.1050000000         2.9613363699       192.0645725929
        0.1100000000         2.9576205863       192.0645725929
        0.1150000000         2.9537422123       203.4540409661
        0.1200000000         2.9497026258       201.5557962372
        0.1250000000         2.9455032621       220.5382435257
        0.1300000000         2.9411456132       201.5557962372
        0.1350000000         2.9366312274       209.1487751526
        0.1400000000         2.9319617086       209.1487751526
        0.1450000000         2.9271387158       212.9452646103
        0.1500000000         2.9221639628       220.5382435257
        0.1550000000         2.9170392168       207.2505304238
        0.1600000000         2.9117662988       212.9452646103
        0.1650000000         2.9063470822       222.4364882546
        0.1700000000         2.9007834924       222.4364882546
        0.1750000000         2.8950775062       220.5382435257
        0.1800000000         2.8892311508       230.0294671700
        0.1850000000         2.8832465034       220.5382435257
        0.1900000000         2.8771256904       214.8435093392
        0.1950000000         2.8708708864       230.0294671700
        0.2000000000         2.8644843137       222.4364882546
        0.2050000000         2.8579682415       222.4364882546
        0.2100000000         2.8513249849       230.0294671700
        0.2150000000         2.8445569042       226.2329777123
        0.2200000000         2.8376664041       233.8259566277
        0.2250000000         2.8306559327       214.8435093392
        0.2300000000         2.8235279808       222.4364882546
        0.2350000000         2.8162850810       216.7417540680
        0.2400000000         2.8089298065       216.7417540680
        0.2450000000         2.8014647708       237.6224460854
        0.2500000000         2.7938926261       214.8435093392
        0.2550000000         2.7862160628       218.6399987969
        0.2600000000         2.7784378082       214.8435093392
        0.2650000000         2.7705606261       205.3522856949
        0.2700000000         2.7625873150       192.0645725929
        0.2750000000         2.7545207079       205.3522856949
        0.2800000000         2.7463636708       211.0470198815
        0.2850000000         2.7381191018       212.9452646103
        0.2900000000         2.7297899303       220.5382435257
        0.2950000000         2.7213791155       203.4540409661
        0.3000000000         2.7128896458       207.2505304238
        0.3050000000         2.7043245374       199.6575515084
        0.3100000000         2.6956868334       197.7593067795
        0.3150000000         2.6869796029       209.1487751526
        0.3200000000         2.6782059394       197.7593067795
        0.3250000000         2.6693689601       192.0645725929
        0.3300000000         2.6604718049       190.1663278641
        0.3350000000         2.6515176348       184.4715936775
        0.3400000000         2.6425096312       176.8786147621
        0.3450000000         2.6334509947       197.7593067795
        0.3500000000         2.6243449436       176.8786147621
        0.3550000000         2.6151947133       171.1838805755
        0.3600000000         2.6060035550       167.3873911178
        0.3650000000         2.5967747340       161.6926569313
        0.3700000000         2.5875115295       173.0821253044
        0.3750000000         2.5782172325       157.8961674736
        0.3800000000         2.5688951453       167.3873911178
        0.3850000000         2.5595485800       155.9979227447
        0.3900000000         2.5501808574       131.3207412696
        0.3950000000         2.5407953058       155.9979227447
        0.4000000000         2.5313952598       142.7102096427
        0.4050000000         2.5219840592       155.9979227447
        0.4100000000         2.5125650477       146.5066991004
        0.4150000000         2.5031415720       135.1172307273
        0.4200000000         2.4937169801       129.4224965408
        0.4250000000         2.4842946205       118.0330281676
        0.4300000000         2.4748778409       100.9488256079
        0.4350000000         2.4654699871        51.5944626577
        0.4400000000         2.4560744017        38.3067495558
        0.4450000000         2.4466944229       -22.4370817676
        0.4500000000         2.4373333832        -1.5563897502
        0.4550000000         2.4279946087         4.1383444364
        0.4600000000         2.4186814174        17.4260575384
        0.4650000000         2.4093971182        -5.3528792079
        0.4700000000         2.4001450097         0.3418549787
        0.4750000000         2.3909283793        -9.1493686656
        0.4800000000         2.3817505015      -128.7387865834
        0.4850000000         2.3726146372       -90.7738920063
        0.4900000000         2.3635240322       -90.7738920063
        0.4950000000         2.3544819166       -90.7738920063
        0.5000000000         2.3454915028      -124.9422971257
        0.5050000000         2.3365559852      -100.2651156506
        0.5100000000         2.3276785384      -119.2475629391
        0.5150000000         2.3188623166      -117.3493182103
        0.5200000000         2.3101104522      -109.7563392948
        0.5250000000         2.3014260547      -119.2475629391
        0.5300000000         2.2928122095      -123.0440523968
        0.5350000000         2.2842719772      -142.0264996854
        0.5400000000         2.2758083920      -128.7387865834
        0.5450000000         2.2674244610      -128.7387865834
        0.5500000000         2.2591231629      -132.5352760411
        0.5550000000         2.2509074473      -128.7387865834
        0.5600000000         2.2427802331      -151.5177233296
        0.5650000000         2.2347444078      -138.2300102277
        0.5700000000         2.2268028266      -140.1282549565
        0.5750000000         2.2189583111      -143.9247444142
        0.5800000000         2.2112136483      -151.5177233296
        0.5850000000         2.2035715899      -151.5177233296
        0.5900000000         2.1960348512      -149.6194786008
        0.5950000000         2.1886061098      -151.5177233296
        0.6000000000         2.1812880051      -155.3142127873
        0.6050000000         2.1740831373      -157.2124575162
        0.6100000000         2.1669940663      -155.3142127873
        0.6150000000         2.1600233106      -166.7036811605
        0.6200000000         2.1531733471      -157.2124575162
        0.6250000000         2.1464466094      -168.6019258893
        0.6300000000         2.1398454876      -174.2966600759
        0.6350000000         2.1333723269      -176.1949048047
        0.6400000000         2.1270294273      -179.9913942624
        0.6450000000         2.1208190424      -181.8896389913
        0.6500000000         2.1147433786      -176.1949048047
        0.6550000000         2.1088045947      -187.5843731779
        0.6600000000         2.1030048007      -181.8896389913
        0.6650000000         2.0973460571      -195.1773520933
        0.6700000000         2.0918303746      -183.7878837202
        0.6750000000         2.0864597129      -179.9913942624
        0.6800000000         2.0812359800      -197.0755968221
        0.6850000000         2.0761610320      -187.5843731779
        0.6900000000         2.0712366719      -204.6685757375
        0.6950000000         2.0664646494      -195.1773520933
        0.7000000000         2.0618466600      -210.3633099241
        0.7050000000         2.0573843443      -198.9738415510
        0.7100000000         2.0530792879      -200.8720862798
        0.7150000000         2.0489330203      -214.1597993818
        0.7200000000         2.0449470147      -210.3633099241
        0.7250000000         2.0411226872      -233.1422466704
        0.7300000000         2.0374613966      -206.5668204664
        0.7350000000         2.0339644438      -231.2440019415
        0.7400000000         2.0306330712      -217.9562888395
        0.7450000000         2.0274684624      -227.4475124838
        0.7500000000         2.0244717419      -231.2440019415
        0.7550000000         2.0216439742      -233.1422466704
        0.7600000000         2.0189861642      -221.7527782972
        0.7650000000         2.0164992561      -229.3457572126
        0.7700000000         2.0141841335      -236.9387361281
        0.7750000000         2.0120416190      -227.4475124838
        0.7800000000         2.0100724738      -248.3282045012
        0.7850000000         2.0082773975      -235.0404913992
        0.7900000000         2.0066570279      -244.5317150435
        0.7950000000         2.0052119407      -248.3282045012
        0.8000000000         2.0039426493      -242.6334703146
        0.8050000000         2.0028496048      -248.3282045012
        0.8100000000         2.0019331954      -248.3282045012
        0.8150000000         2.0011937468      -263.5141623320
        0.8200000000         2.0006315217      -250.2264492300
        0.8250000000         2.0002467198      -250.2264492300
        0.8300000000         2.0000394779      -255.9211834166
        0.8350000000         2.0000098696      -252.1246939589
        0.8400000000         2.0001579054      -271.1071412474
        0.8450000000         2.0004835327      -255.9211834166
        0.8500000000         2.0009866358      -278.7001201629
        0.8550000000         2.0016670360      -255.9211834166
        0.8600000000         2.0025244915      -263.5141623320
        0.8650000000         2.0035586977      -271.1071412474
        0.8700000000         2.0047692872      -261.6159176032
        0.8750000000         2.0061558297      -284.3948543494
        0.8800000000         2.0077178327      -269.2088965186
        0.8850000000         2.0094547413      -278.7001201629
        0.8900000000         2.0113659382      -278.7001201629
        0.8950000000         2.0134507445      -265.4124070609
        0.9000000000         2.0157084194      -276.8018754340
        0.9050000000         2.0181381609      -263.5141623320
        0.9100000000         2.0207391055      -278.7001201629
        0.9150000000         2.0235103292      -274.9036307051
        0.9200000000         2.0264508475      -280.5983648917
        0.9250000000         2.0295596155      -263.5141623320
        0.9300000000         2.0328355288      -273.0053859763
        0.9350000000         2.0362774233      -267.3106517897
        0.9400000000         2.0398840763      -280.5983648917
        0.9450000000         2.0436542063      -282.4966096206
        0.9500000000         2.0475864738      -269.2088965186
        0.9550000000         2.0516794816      -267.3106517897
        0.9600000000         2.0559317756      -263.5141623320
        0.9650000000         2.0603418449      -269.2088965186
        0.9700000000         2.0649081227      -271.1071412474
        0.9750000000         2.0696289865      -271.1071412474
        0.9800000000         2.0745027591      -269.2088965186
        0.9850000000         2.0795277089      -265.4124070609
        0.9900000000         2.0847020504      -261.6159176032
        0.9950000000         2.0900239453      -269.2088965186
        1.0000000000         2.0954915028      -259.7176728743
        1.0050000000         2.1011027802      -265.4124070609
        1.0100000000         2.1068557839      -261.6159176032
        1.0150000000         2.1127484699      -259.7176728743
        1.0200000000         2.1187787445      -273.0053859763
        1.0250000000         2.1249444652      -252.1246939589
        1.0300000000         2.1312434413      -257.8194281455
        1.0350000000         2.1376734349      -248.3282045012
        1.0400000000         2.1442321614      -265.4124070609
        1.0450000000         2.1509172905      -255.9211834166
        1.0500000000         2.1577264470      -255.9211834166
        1.0550000000         2.1646572117      -250.2264492300
        1.0600000000         2.1717071221      -240.7352255858
        1.0650000000         2.1788736734      -261.6159176032
        1.0700000000         2.1861543194      -248.3282045012
        1.0750000000         2.1935464732      -244.5317150435
        1.0800000000         2.2010475085      -250.2264492300
        1.0850000000         2.2086547602      -236.9387361281
        1.0900000000         2.2163655254      -252.1246939589
        1.0950000000         2.2241770647      -235.0404913992
        1.1000000000         2.2320866025      -227.4475124838
        1.1050000000         2.2400913287      -252.1246939589
        1.1100000000         2.2481883992      -210.3633099241
        1.1150000000         2.2563749371      -242.6334703146
        1.1200000000         2.2646480339      -217.9562888395
        1.1250000000         2.2730047501      -212.2615546530
        1.1300000000         2.2814421167      -223.6510230261
        1.1350000000         2.2899571358      -219.8545335684
        1.1400000000         2.2985467821      -225.5492677549
        1.1450000000         2.3072080039      -212.2615546530
        1.1500000000         2.3159377237      -210.3633099241
        1.1550000000         2.3247328399      -221.7527782972
        1.1600000000         2.3335902277      -198.9738415510
        1.1650000000         2.3425067402      -231.2440019415
        1.1700000000         2.3514792092      -195.1773520933
        1.1750000000         2.3605044470      -217.9562888395
        1.1800000000         2.3695792469      -197.0755968221
        1.1850000000         2.3787003846      -202.7703310087
        1.1900000000         2.3878646195      -195.1773520933
        1.1950000000         2.3970686956      -189.4826179067
        1.2000000000         2.4063093427      -200.8720862798
        1.2050000000         2.4155832776      -181.8896389913
        1.2100000000         2.4248872054      -187.5843731779
        1.2150000000         2.4342178205      -166.7036811605
        1.2200000000         2.4435718076      -189.4826179067
        1.2250000000         2.4529458433      -153.4159680585
        1.2300000000         2.4623365972      -166.7036811605
        1.2350000000         2.4717407328      -172.3984153470
        1.2400000000         2.4811549087      -157.2124575162
        1.2450000000         2.4905757801      -155.3142127873
        1.2500000000         2.5000000000      -151.5177233296
        1.2550000000         2.5094242199      -128.7387865834
        1.2600000000         2.5188450913      -124.9422971257
        1.2650000000         2.5282592672      -100.2651156506
        1.2700000000         2.5376634028       -39.5212843272
        1.2750000000         2.5470541567       -12.9458581233
        1.2800000000         2.5564281924         7.9348338941
        1.2850000000         2.5657821795        -5.3528792079
        1.2900000000         2.5751127946         0.3418549787
        1.2950000000         2.5844167224       -12.9458581233
        1.3000000000         2.5936906573         0.3418549787
        1.3050000000         2.6029313044         4.1383444364
        1.3100000000         2.6121353805        -1.5563897502
        1.3150000000         2.6212996154        -1.5563897502
        1.3200000000         2.6304207531         0.3418549787
        1.3250000000         2.6394955530        72.4751546751
        1.3300000000         2.6485207908        55.3909521154
        1.3350000000         2.6574932598        47.7979732000
        1.3400000000         2.6664097723        62.9839310309
        1.3450000000         2.6752671601        53.4927073866
        1.3500000000         2.6840622763        66.7804204886
        1.3550000000         2.6927919961        45.8997284712
        1.3600000000         2.7014532179        70.5769099463
        1.3650000000         2.7100428642        68.6786652174
        1.3700000000         2.7185578833        70.5769099463
        1.3750000000         2.7269952499        81.9663783194
        1.3800000000         2.7353519661        66.7804204886
        1.3850000000         2.7436250629        66.7804204886
        1.3900000000         2.7518116008        78.1698888617
        1.3950000000         2.7599086713        83.8646230483
        1.4000000000         2.7679133975        78.1698888617
        1.4050000000         2.7758229353        81.9663783194
        1.4100000000         2.7836344746        99.0505808791
        1.4150000000         2.7913452398        95.2540914214
        1.4200000000         2.7989524915        99.0505808791
        1.4250000000         2.8064535268        93.3558466925
        1.4300000000         2.8138456806        99.0505808791
        1.4350000000         2.8211263266       104.7453150657
        1.4400000000         2.8282928779       114.2365387099
        1.4450000000         2.8353427883       102.8470703368
        1.4500000000         2.8422735530       106.6435597945
        1.4550000000         2.8490827095       108.5418045234
        1.4600000000         2.8557678386       106.6435597945
        1.4650000000         2.8623265651       121.8295176253
        1.4700000000         2.8687565587       121.8295176253
        1.4750000000         2.8750555348       133.2189859985
        1.4800000000         2.8812212555       127.5242518119
        1.4850000000         2.8872515301       133.2189859985
        1.4900000000         2.8931442161       142.7102096427
        1.4950000000         2.8988972198       138.9137201850
        1.5000000000         2.9045084972       148.4049438293
        1.5050000000         2.9099760547       144.6084543716
        1.5100000000         2.9152979496       159.7944122024
        1.5150000000         2.9204722911       159.7944122024
        1.5200000000         2.9254972409       163.5909016601
        1.5250000000         2.9303710135       171.1838805755
        1.5300000000         2.9350918773       169.2856358467
        1.5350000000         2.9396581551       186.3698384064
        1.5400000000         2.9440682244       178.7768594910
        1.5450000000         2.9483205184       180.6751042198
        1.5500000000         2.9524135262       184.4715936775
        1.5550000000         2.9563457937       178.7768594910
        1.5600000000         2.9601159237       184.4715936775
        1.5650000000         2.9637225767       205.3522856949
        1.5700000000         2.9671644712       184.4715936775
        1.5750000000         2.9704403845       195.8610620506
        1.5800000000         2.9735491525       188.2680831352
        1.5850000000         2.9764896708       197.7593067795
        1.5900000000         2.9792608945       199.6575515084
        1.5950000000         2.9818618391       205.3522856949
        1.6000000000         2.9842915806       218.6399987969
        1.6050000000         2.9865492555       197.7593067795
        1.6100000000         2.9886340618       216.7417540680
        1.6150000000         2.9905452587       211.0470198815
        1.6200000000         2.9922821673       207.2505304238
        1.6250000000         2.9938441703       216.7417540680
        1.6300000000         2.9952307128       224.3347329835
        1.6350000000         2.9964413023       224.3347329835
        1.6400000000         2.9974755085       222.4364882546
        1.6450000000         2.9983329640       224.3347329835
        1.6500000000         2.9990133642       243.3171802720
        1.6550000000         2.9995164673       230.0294671700
        1.6600000000         2.9998420946       230.0294671700
        1.6650000000         2.9999901304       230.0294671700
        1.6700000000         2.9999605221       241.4189355431
        1.6750000000         2.9997532802       233.8259566277
        1.6800000000         2.9993684783       254.7066486451
        1.6850000000         2.9988062532       231.9277118989
        1.6900000000         2.9980668046       243.3171802720
        1.6950000000         2.9971503952       249.0119144586
        1.7000000000         2.9960573507       235.7242013566
        1.7050000000         2.9947880593       252.8084039163
        1.7100000000         2.9933429721       237.6224460854
        1.7150000000         2.9917226025       258.5031381028
        1.7200000000         2.9899275262       250.9101591874
        1.7250000000         2.9879583810       262.2996275605
        1.7300000000         2.9858158665       264.1978722894
        1.7350000000         2.9835007439       239.5206908143
        1.7400000000         2.9810138358       241.4189355431
        1.7450000000         2.9783560258       258.5031381028
        1.7500000000         2.9755282581       254.7066486451
        1.7550000000         2.9725315376       267.9943617471
        1.7600000000         2.9693669288       254.7066486451
        1.7650000000         2.9660355562       258.5031381028
        1.7700000000         2.9625386034       254.7066486451
        1.7750000000         2.9588773128       252.8084039163
        1.7800000000         2.9550529853       254.7066486451
        1.7850000000         2.9510669797       260.4013828317
        1.7900000000         2.9469207121       262.2996275605
        1.7950000000         2.9426156557       249.0119144586
        1.8000000000         2.9381533400       273.6890959337
        1.8050000000         2.9335353506       260.4013828317
        1.8100000000         2.9287633281       260.4013828317
        1.8150000000         2.9238389680       266.0961170182
        1.8200000000         2.9187640200       269.8926064759
        1.8250000000         2.9135402871       254.7066486451
        1.8300000000         2.9081696254       256.6048933740
        1.8350000000         2.9026539429       269.8926064759
        1.8400000000         2.8969951993       269.8926064759
        1.8450000000         2.8911954053       260.4013828317
        1.8500000000         2.8852566214       252.8084039163
        1.8550000000         2.8791809576       264.1978722894
        1.8600000000         2.8729705727       258.5031381028
        1.8650000000         2.8666276731       273.6890959337
        1.8700000000         2.8601545124       260.4013828317
        1.8750000000         2.8535533906       254.7066486451
        1.8800000000         2.8468266529       260.4013828317
        1.8850000000         2.8399766894       250.9101591874
        1.8900000000         2.8330059337       275.5873406625
        1.8950000000         2.8259168627       250.9101591874
        1.9000000000         2.8187119949       256.6048933740
        1.9050000000         2.8113938902       249.0119144586
        1.9100000000         2.8039651488       243.3171802720
        1.9150000000         2.7964284101       241.4189355431
        1.9200000000         2.7887863517       237.6224460854
        1.9250000000         2.7810416889       249.0119144586
        1.9300000000         2.7731971734       231.9277118989
        1.9350000000         2.7652555922       237.6224460854
        1.9400000000         2.7572197669       237.6224460854
        1.9450000000         2.7490925527       230.0294671700
        1.9500000000         2.7408768371       226.2329777123
        1.9550000000         2.7325755390       226.2329777123
        1.9600000000         2.7241916080       218.6399987969
        1.9650000000         2.7157280228       220.5382435257
        1.9700000000         2.7071877905       207.2505304238
        1.9750000000         2.6985739453       231.9277118989
        1.9800000000         2.6898895478       205.3522856949
        1.9850000000         2.6811376834       205.3522856949
        1.9900000000         2.6723214616       205.3522856949
        1.9950000000         2.6634440148       197.7593067795
        2.0000000000         2.6545084972       199.6575515084
        2.0050000000         2.6455180834       209.1487751526
        2.0100000000         2.6364759678       188.2680831352
        2.0150000000         2.6273853628       184.4715936775
        2.0200000000         2.6182494985       184.4715936775
        2.0250000000         2.6090716207       184.4715936775
        2.0300000000         2.5998549903       165.4891463890
        2.0350000000         2.5906028818       167.3873911178
        2.0400000000         2.5813185826       169.2856358467
        2.0450000000         2.5720053913       169.2856358467
        2.0500000000         2.5626666168       165.4891463890
        2.0550000000         2.5533055771       171.1838805755
        2.0600000000         2.5439255983       154.0996780159
        2.0650000000         2.5345300129       159.7944122024
        2.0700000000         2.5251221591       154.0996780159
        2.0750000000         2.5157053795       150.3031885581
        2.0800000000         2.5062830199       142.7102096427
        2.0850000000         2.4968584280       142.7102096427
        2.0900000000         2.4874349523       129.4224965408
        2.0950000000         2.4780159408       112.3382939811
        2.1000000000         2.4686047402        78.1698888617
        2.1050000000         2.4592046942        38.3067495558
        2.1100000000         2.4498191426        -5.3528792079
        2.1150000000         2.4404514200       -16.7423475810
        2.1200000000         2.4311048547         7.9348338941
        2.1250000000         2.4217827675         6.0365891652
        2.1300000000         2.4124884705         2.2400997075
        2.1350000000         2.4032252660        -9.1493686656
        2.1400000000         2.3939964450       -14.8441028521
        2.1450000000         2.3848052867      -136.3317654988
        2.1500000000         2.3756550564       -58.5037316158
        2.1550000000         2.3665490053       -81.2826683620
        2.1600000000         2.3574903688       -96.4686261929
        2.1650000000         2.3484823652       -98.3668709217
        2.1700000000         2.3395281951      -100.2651156506
        2.1750000000         2.3306310399      -107.8580945660
        2.1800000000         2.3217940606      -123.0440523968
        2.1850000000         2.3130203971      -109.7563392948
        2.1900000000         2.3043131666      -100.2651156506
        2.1950000000         2.2956754626      -109.7563392948
        2.2000000000         2.2871103542      -126.8405418545
        2.2050000000         2.2786208845      -115.4510734814
        2.2100000000         2.2702100697      -124.9422971257
        2.2150000000         2.2618808982      -126.8405418545
        2.2200000000         2.2536363292      -119.2475629391
        2.2250000000         2.2454792921      -124.9422971257
        2.2300000000         2.2374126850      -126.8405418545
        2.2350000000         2.2294393739      -130.6370313122
        2.2400000000         2.2215621918      -147.7212338719
        2.2450000000         2.2137839372      -138.2300102277
        2.2500000000         2.2061073739      -155.3142127873
        2.2550000000         2.1985352292      -140.1282549565
        2.2600000000         2.1910701935      -159.1107022450
        2.2650000000         2.1837149190      -157.2124575162
        2.2700000000         2.1764720192      -143.9247444142
        2.2750000000         2.1693440673      -153.4159680585
        2.2800000000         2.1623335959      -157.2124575162
        2.2850000000         2.1554430958      -164.8054364316
        2.2900000000         2.1486750151      -168.6019258893
        2.2950000000         2.1420317585      -179.9913942624
        2.3000000000         2.1355156863      -185.6861284490
        2.3050000000         2.1291291136      -181.8896389913
        2.3100000000         2.1228743096      -187.5843731779
        2.3150000000         2.1167534966      -172.3984153470
        2.3200000000         2.1107688492      -202.7703310087
        2.3250000000         2.1049224938      -185.6861284490
        2.3300000000         2.0992165076      -187.5843731779
        2.3350000000         2.0936529178      -193.2791073644
        2.3400000000         2.0882337012      -176.1949048047
        2.3450000000         2.0829607832      -197.0755968221
        2.3500000000         2.0778360372      -197.0755968221
        2.3550000000         2.0728612842      -200.8720862798
        2.3600000000         2.0680382914      -208.4650651953
        2.3650000000         2.0633687726      -195.1773520933
        2.3700000000         2.0588543868      -212.2615546530
        2.3750000000         2.0544967379      -198.9738415510
        2.3800000000         2.0502973742      -217.9562888395
        2.3850000000         2.0462577877      -210.3633099241
        2.3900000000         2.0423794137      -217.9562888395
        2.3950000000         2.0386636301      -225.5492677549
        2.4000000000         2.0351117571      -229.3457572126
        2.4050000000         2.0317250566      -235.0404913992
        2.4100000000         2.0285047321      -225.5492677549
        2.4150000000         2.0254519275      -227.4475124838
        2.4200000000         2.0225677276      -244.5317150435
        2.4250000000         2.0198531572      -238.8369808569
        2.4300000000         2.0173091806      -254.0229386877
        2.4350000000         2.0149367018      -246.4299597723
        2.4400000000         2.0127365636      -236.9387361281
        2.4450000000         2.0107095478      -244.5317150435
        2.4500000000         2.0088563746      -242.6334703146
        2.4550000000         2.0071777024      -261.6159176032
        2.4600000000         2.0056741276      -254.0229386877
        2.4650000000         2.0043461845      -242.6334703146
        2.4700000000         2.0031943447      -250.2264492300
        2.4750000000         2.0022190177      -259.7176728743
        2.4800000000         2.0014205499      -257.8194281455
        2.4850000000         2.0007992249      -263.5141623320
        2.4900000000         2.0003552637      -248.3282045012
        2.4950000000         2.0000888238      -259.7176728743
        2.5000000000         2.0000000000      -259.7176728743
        2.5050000000         2.0000888238      -267.3106517897
        2.5100000000         2.0003552637      -265.4124070609
        2.5150000000         2.0007992249      -273.0053859763
        2.5200000000         2.0014205499      -274.9036307051
        2.5250000000         2.0022190177      -248.3282045012
        2.5300000000         2.0031943447      -282.4966096206
        2.5350000000         2.0043461845      -250.2264492300
        2.5400000000         2.0056741276      -293.8860779937
        2.5450000000         2.0071777024      -255.9211834166
        2.5500000000         2.0088563746      -274.9036307051
        2.5550000000         2.0107095478      -259.7176728743
        2.5600000000         2.0127365636      -265.4124070609
        2.5650000000         2.0149367018      -274.9036307051
        2.5700000000         2.0173091806      -273.0053859763
        2.5750000000         2.0198531572      -252.1246939589
        2.5800000000         2.0225677276      -303.3773016380
        2.5850000000         2.0254519275      -271.1071412474
        2.5900000000         2.0285047321      -267.3106517897
        2.5950000000         2.0317250566      -286.2930990783
        2.6000000000         2.0351117571      -259.7176728743
        2.6050000000         2.0386636301      -280.5983648917
        2.6100000000         2.0423794137      -265.4124070609
        2.6150000000         2.0462577877      -282.4966096206
        2.6200000000         2.0502973742      -276.8018754340
        2.6250000000         2.0544967379      -273.0053859763
        2.6300000000         2.0588543868      -273.0053859763
        2.6350000000         2.0633687726      -263.5141623320
        2.6400000000         2.0680382914      -273.0053859763
        2.6450000000         2.0728612842      -261.6159176032
        2.6500000000         2.0778360372      -271.1071412474
        2.6550000000         2.0829607832      -255.9211834166
        2.6600000000         2.0882337012      -278.7001201629
        2.6650000000         2.0936529178      -271.1071412474
        2.6700000000         2.0992165076      -265.4124070609
        2.6750000000         2.1049224938      -273.0053859763
        2.6800000000         2.1107688492      -255.9211834166
        2.6850000000         2.1167534966      -265.4124070609
        2.6900000000         2.1228743096      -246.4299597723
        2.6950000000         2.1291291136      -286.2930990783
        2.7000000000         2.1355156863      -252.1246939589
        2.7050000000         2.1420317585      -261.6159176032
        2.7100000000         2.1486750151      -246.4299597723
        2.7150000000         2.1554430958      -240.7352255858
        2.7200000000         2.1623335959      -263.5141623320
        2.7250000000         2.1693440673      -242.6334703146
        2.7300000000         2.1764720192      -257.8194281455
        2.7350000000         2.1837149190      -246.4299597723
        2.7400000000         2.1910701935      -252.1246939589
        2.7450000000         2.1985352292      -252.1246939589
        2.7500000000         2.2061073739      -252.1246939589
        2.7550000000         2.2137839372      -242.6334703146
        2.7600000000         2.2215621918      -250.2264492300
        2.7650000000         2.2294393739      -235.0404913992
        2.7700000000         2.2374126850      -244.5317150435
        2.7750000000         2.2454792921      -248.3282045012
        2.7800000000         2.2536363292      -233.1422466704
        2.7850000000         2.2618808982      -233.1422466704
        2.7900000000         2.2702100697      -225.5492677549
        2.7950000000         2.2786208845      -227.4475124838
        2.8000000000         2.2871103542      -212.2615546530
        2.8050000000         2.2956754626      -240.7352255858
        2.8100000000         2.3043131666      -210.3633099241
        2.8150000000         2.3130203971      -233.1422466704
        2.8200000000         2.3217940606      -216.0580441107
        2.8250000000         2.3306310399      -206.5668204664
        2.8300000000         2.3395281951      -204.6685757375
        2.8350000000         2.3484823652      -206.5668204664
        2.8400000000         2.3574903688      -202.7703310087
        2.8450000000         2.3665490053      -214.1597993818
        2.8500000000         2.3756550564      -185.6861284490
        2.8550000000         2.3848052867      -200.8720862798
        2.8600000000         2.3939964450      -185.6861284490
        2.8650000000         2.4032252660      -183.7878837202
        2.8700000000         2.4124884705      -183.7878837202
        2.8750000000         2.4217827675      -181.8896389913
        2.8800000000         2.4311048547      -176.1949048047
        2.8850000000         2.4404514200      -172.3984153470
        2.8900000000         2.4498191426      -168.6019258893
        2.8950000000         2.4592046942      -185.6861284490
        2.9000000000         2.4686047402      -162.9071917028
        2.9050000000         2.4780159408      -168.6019258893
        2.9100000000         2.4874349523      -157.2124575162
        2.9150000000         2.4968584280      -159.1107022450
        2.9200000000         2.5062830199      -145.8229891431
        2.9250000000         2.5157053795      -136.3317654988
        2.9300000000         2.5251221591      -113.5528287526
        2.9350000000         2.5345300129       -62.3002210735
        2.9400000000         2.5439255983       -43.3177737850
        2.9450000000         2.5533055771        25.0190364538
        2.9500000000         2.5626666168        -3.4546344790
        2.9550000000         2.5720053913        -5.3528792079
        2.9600000000         2.5813185826        -9.1493686656
        2.9650000000         2.5906028818         0.3418549787
        2.9700000000         2.5998549903         0.3418549787
        2.9750000000         2.6090716207         0.3418549787
        2.9800000000         2.6182494985        -7.2511239367
        2.9850000000         2.6273853628         2.2400997075
        2.9900000000         2.6364759678        47.7979732000
        2.9950000000         2.6455180834        78.1698888617
        3.0000000000         2.6545084972        42.1032390135
        3.0050000000         2.6634440148        64.8821757597
        3.0100000000         2.6723214616        45.8997284712
        3.0150000000         2.6811376834        53.4927073866
        3.0200000000         2.6898895478        49.6962179289
        3.0250000000         2.6985739453        68.6786652174
        3.0300000000         2.7071877905        66.7804204886
        3.0350000000         2.7157280228        64.8821757597
        3.0400000000         2.7241916080        78.1698888617
        3.0450000000         2.7325755390        70.5769099463
        3.0500000000         2.7408768371        72.4751546751
        3.0550000000         2.7490925527        81.9663783194
        3.0600000000         2.7572197669        85.7628677771
        3.0650000000         2.7652555922        81.9663783194
        3.0700000000         2.7731971734        85.7628677771
        3.0750000000         2.7810416889        91.4576019637
        3.0800000000         2.7887863517       100.9488256079
        3.0850000000         2.7964284101        95.2540914214
        3.0900000000         2.8039651488       108.5418045234
        3.0950000000         2.8113938902       100.9488256079
        3.1000000000         2.8187119949       110.4400492522
        3.1050000000         2.8259168627       106.6435597945
        3.1100000000         2.8330059337       110.4400492522
        3.1150000000         2.8399766894       100.9488256079
        3.1200000000         2.8468266529       116.1347834388
        3.1250000000         2.8535533906       110.4400492522
        3.1300000000         2.8601545124       121.8295176253
        3.1350000000         2.8666276731       116.1347834388
        3.1400000000         2.8729705727       119.9312728965
        3.1450000000         2.8791809576       123.7277623542
        3.1500000000         2.8852566214       131.3207412696
        3.1550000000         2.8911954053       144.6084543716
        3.1600000000         2.8969951993       127.5242518119
        3.1650000000         2.9026539429       142.7102096427
        3.1700000000         2.9081696254       148.4049438293
        3.1750000000         2.9135402871       146.5066991004
        3.1800000000         2.9187640200       155.9979227447
        3.1850000000         2.9238389680       157.8961674736
        3.1900000000         2.9287633281       165.4891463890
        3.1950000000         2.9335353506       155.9979227447
        3.2000000000         2.9381533400       148.4049438293
        3.2050000000         2.9426156557       155.9979227447
        3.2100000000         2.9469207121       174.9803700332
        3.2150000000         2.9510669797       174.9803700332
        3.2200000000         2.9550529853       169.2856358467
        3.2250000000         2.9588773128       190.1663278641
        3.2300000000         2.9625386034       174.9803700332
        3.2350000000         2.9660355562       184.4715936775
        3.2400000000         2.9693669288       178.7768594910
        3.2450000000         2.9725315376       182.5733489487
        3.2500000000         2.9755282581       178.7768594910
        3.2550000000         2.9783560258       180.6751042198
        3.2600000000         2.9810138358       184.4715936775
        3.2650000000         2.9835007439       192.0645725929
        3.2700000000         2.9858158665       174.9803700332
        3.2750000000         2.9879583810       197.7593067795
        3.2800000000         2.9899275262       190.1663278641
        3.2850000000         2.9917226025       197.7593067795
        3.2900000000         2.9933429721       207.2505304238
        3.2950000000         2.9947880593       214.8435093392
        3.3000000000         2.9960573507       211.0470198815
        3.3050000000         2.9971503952       216.7417540680
        3.3100000000         2.9980668046       216.7417540680
        3.3150000000         2.9988062532       222.4364882546
        3.3200000000         2.9993684783       224.3347329835
        3.3250000000         2.9997532802       203.4540409661
        3.3300000000         2.9999605221       228.1312224412
        3.3350000000         2.9999901304       222.4364882546
        3.3400000000         2.9998420946       231.9277118989
        3.3450000000         2.9995164673       239.5206908143
        3.3500000000         2.9990133642       212.9452646103
        3.3550000000         2.9983329640       237.6224460854
        3.3600000000         2.9974755085       243.3171802720
        3.3650000000         2.9964413023       224.3347329835
        3.3700000000         2.9952307128       247.1136697297
        3.3750000000         2.9938441703       230.0294671700
        3.3800000000         2.9922821673       241.4189355431
        3.3850000000         2.9905452587       243.3171802720
        3.3900000000         2.9886340618       252.8084039163
        3.3950000000         2.9865492555       250.9101591874
        3.4000000000         2.9842915806       224.3347329835
        3.4050000000         2.9818618391       243.3171802720
        3.4100000000         2.9792608945       254.7066486451
        3.4150000000         2.9764896708       249.0119144586
        3.4200000000         2.9735491525       241.4189355431
        3.4250000000         2.9704403845       258.5031381028
        3.4300000000         2.9671644712       245.2154250008
        3.4350000000         2.9637225767       260.4013828317
        3.4400000000         2.9601159237       235.7242013566
        3.4450000000         2.9563457937       252.8084039163
        3.4500000000         2.9524135262       243.3171802720
        3.4550000000         2.9483205184       241.4189355431
        3.4600000000         2.9440682244       258.5031381028
        3.4650000000         2.9396581551       245.2154250008
        3.4700000000         2.9350918773       269.8926064759
        3.4750000000         2.9303710135       249.0119144586
        3.4800000000         2.9254972409       271.7908512048
        3.4850000000         2.9204722911       264.1978722894
        3.4900000000         2.9152979496       243.3171802720
        3.4950000000         2.9099760547       258.5031381028
        3.5000000000         2.9045084972       237.6224460854
        3.5050000000         2.8988972198       266.0961170182
        3.5100000000         2.8931442161       254.7066486451
        3.5150000000         2.8872515301       254.7066486451
        3.5200000000         2.8812212555       260.4013828317
        3.5250000000         2.8750555348       243.3171802720
        3.5300000000         2.8687565587       245.2154250008
        3.5350000000         2.8623265651       247.1136697297
        3.5400000000         2.8557678386       262.2996275605
        3.5450000000         2.8490827095       247.1136697297
        3.5500000000         2.8422735530       254.7066486451
        3.5550000000         2.8353427883       252.8084039163
        3.5600000000         2.8282928779       243.3171802720
        3.5650000000         2.8211263266       252.8084039163
        3.5700000000         2.8138456806       249.0119144586
        3.5750000000         2.8064535268       245.2154250008
        3.5800000000         2.7989524915       235.7242013566
        3.5850000000         2.7913452398       241.4189355431
        3.5900000000         2.7836344746       243.3171802720
        3.5950000000         2.7758229353       247.1136697297
        3.6000000000         2.7679133975       237.6224460854
        3.6050000000         2.7599086713       239.5206908143
        3.6100000000         2.7518116008       237.6224460854
        3.6150000000         2.7436250629       231.9277118989
        3.6200000000         2.7353519661       230.0294671700
        3.6250000000         2.7269952499       237.6224460854
        3.6300000000         2.7185578833       230.0294671700
        3.6350000000         2.7100428642       222.4364882546
        3.6400000000         2.7014532179       218.6399987969
        3.6450000000         2.6927919961       207.2505304238
        3.6500000000         2.6840622763       222.4364882546
        3.6550000000         2.6752671601       216.7417540680
        3.6600000000         2.6664097723       211.0470198815
        3.6650000000         2.6574932598       211.0470198815
        3.6700000000         2.6485207908       199.6575515084
        3.6750000000         2.6394955530       209.1487751526
        3.6800000000         2.6304207531       184.4715936775
        3.6850000000         2.6212996154       193.9628173218
        3.6900000000         2.6121353805       184.4715936775
        3.6950000000         2.6029313044       193.9628173218
        3.7000000000         2.5936906573       176.8786147621
        3.7050000000         2.5844167224       173.0821253044
        3.7100000000         2.5751127946       178.7768594910
        3.7150000000         2.5657821795       167.3873911178
        3.7200000000         2.5564281924       163.5909016601
        3.7250000000         2.5470541567       150.3031885581
        3.7300000000         2.5376634028       161.6926569313
        3.7350000000         2.5282592672       157.8961674736
        3.7400000000         2.5188450913       150.3031885581
        3.7450000000         2.5094242199       154.0996780159
        3.7500000000         2.5000000000       135.1172307273
        3.7550000000         2.4905757801       129.4224965408
        3.7600000000         2.4811549087       116.1347834388
        3.7650000000         2.4717407328        99.0505808791
        3.7700000000         2.4623365972        55.3909521154
        3.7750000000         2.4529458433         9.8330786230
        3.7800000000         2.4435718076       -24.3353264964
        3.7850000000         2.4342178205         2.2400997075
        3.7900000000         2.4248872054        19.3243022672
        3.7950000000         2.4155832776         7.9348338941
        3.8000000000         2.4063093427        -1.5563897502
        3.8050000000         2.3970686956        -5.3528792079
        3.8100000000         2.3878646195       -14.8441028521
        3.8150000000         2.3787003846      -136.3317654988
        3.8200000000         2.3695792469       -69.8931999889
        3.8250000000         2.3605044470       -88.8756472775
        3.8300000000         2.3514792092       -96.4686261929
        3.8350000000         2.3425067402       -90.7738920063
        3.8400000000         2.3335902277       -98.3668709217
        3.8450000000         2.3247328399      -100.2651156506
        3.8500000000         2.3159377237      -123.0440523968
        3.8550000000         2.3072080039      -107.8580945660
        3.8600000000         2.2985467821      -100.2651156506
        3.8650000000         2.2899571358      -123.0440523968
        3.8700000000         2.2814421167      -123.0440523968
        3.8750000000         2.2730047501      -134.4335207699
        3.8800000000         2.2646480339      -119.2475629391
        3.8850000000         2.2563749371      -134.4335207699
        3.8900000000         2.2481883992      -128.7387865834
        3.8950000000         2.2400913287      -142.0264996854
        3.9000000000         2.2320866025      -143.9247444142
        3.9050000000         2.2241770647      -130.6370313122
        3.9100000000         2.2163655254      -153.4159680585
        3.9150000000         2.2086547602      -132.5352760411
        3.9200000000         2.2010475085      -145.8229891431
        3.9250000000         2.1935464732      -153.4159680585
        3.9300000000         2.1861543194      -151.5177233296
        3.9350000000         2.1788736734      -155.3142127873
        3.9400000000         2.1717071221      -157.2124575162
        3.9450000000         2.1646572117      -168.6019258893
        3.9500000000         2.1577264470      -176.1949048047
        3.9550000000         2.1509172905      -181.8896389913
        3.9600000000         2.1442321614      -176.1949048047
        3.9650000000         2.1376734349      -179.9913942624
        3.9700000000         2.1312434413      -178.0931495336
        3.9750000000         2.1249444652      -193.2791073644
        3.9800000000         2.1187787445      -181.8896389913
        3.9850000000         2.1127484699      -195.1773520933
        3.9900000000         2.1068557839      -204.6685757375
        3.9950000000         2.1011027802      -200.8720862798
        4.0000000000         2.0954915028      -189.4826179067
        4.0050000000         2.0900239453      -208.4650651953
        4.0100000000         2.0847020504      -193.2791073644
        4.0150000000         2.0795277089      -210.3633099241
        4.0200000000         2.0745027591      -210.3633099241
        4.0250000000         2.0696289865      -214.1597993818
        4.0300000000         2.0649081227      -210.3633099241
        4.0350000000         2.0603418449      -212.2615546530
        4.0400000000         2.0559317756      -227.4475124838
        4.0450000000         2.0516794816      -217.9562888395
        4.0500000000         2.0475864738      -225.5492677549
        4.0550000000         2.0436542063      -219.8545335684
        4.0600000000         2.0398840763      -219.8545335684
        4.0650000000         2.0362774233      -227.4475124838
        4.0700000000         2.0328355288      -217.9562888395
        4.0750000000         2.0295596155      -240.7352255858
        4.0800000000         2.0264508475      -229.3457572126
        4.0850000000         2.0235103292      -229.3457572126
        4.0900000000         2.0207391055      -244.5317150435
        4.0950000000         2.0181381609      -236.9387361281
        4.1000000000         2.0157084194      -231.2440019415
        4.1050000000         2.0134507445      -242.6334703146
        4.1100000000         2.0113659382      -221.7527782972
        4.1150000000         2.0094547413      -257.8194281455
        4.1200000000         2.0077178327      -250.2264492300
        4.1250000000         2.0061558297      -254.0229386877
        4.1300000000         2.0047692872      -238.8369808569
        4.1350000000         2.0035586977      -217.9562888395
        4.1400000000         2.0025244915      -254.0229386877
        4.1450000000         2.0016670360      -246.4299597723
        4.1500000000         2.0009866358      -267.3106517897
        4.1550000000         2.0004835327      -248.3282045012
        4.1600000000         2.0001579054      -248.3282045012
        4.1650000000         2.0000098696      -248.3282045012
        4.1700000000         2.0000394779      -254.0229386877
        4.1750000000         2.0002467198      -255.9211834166
        4.1800000000         2.0006315217      -252.1246939589
        4.1850000000         2.0011937468      -246.4299597723
        4.1900000000         2.0019331954      -259.7176728743
        4.1950000000         2.0028496048      -246.4299597723
        4.2000000000         2.0039426493      -271.1071412474
        4.2050000000         2.0052119407      -248.3282045012
        4.2100000000         2.0066570279      -252.1246939589
        4.2150000000         2.0082773975      -248.3282045012
        4.2200000000         2.0100724738      -257.8194281455
        4.2250000000         2.0120416190      -259.7176728743
        4.2300000000         2.0141841335      -242.6334703146
        4.2350000000         2.0164992561      -261.6159176032
        4.2400000000         2.0189861642      -250.2264492300
        4.2450000000         2.0216439742      -261.6159176032
        4.2500000000         2.0244717419      -273.0053859763
        4.2550000000         2.0274684624      -255.9211834166
        4.2600000000         2.0306330712      -271.1071412474
        4.2650000000         2.0339644438      -250.2264492300
        4.2700000000         2.0374613966      -263.5141623320
        4.2750000000         2.0411226872      -255.9211834166
        4.2800000000         2.0449470147      -252.1246939589
        4.2850000000         2.0489330203      -269.2088965186
        4.2900000000         2.0530792879      -240.7352255858
        4.2950000000         2.0573843443      -255.9211834166
        4.3000000000         2.0618466600      -235.0404913992
        4.3050000000         2.0664646494      -252.1246939589
        4.3100000000         2.0712366719      -252.1246939589
        4.3150000000         2.0761610320      -248.3282045012
        4.3200000000         2.0812359800      -261.6159176032
        4.3250000000         2.0864597129      -246.4299597723
        4.3300000000         2.0918303746      -257.8194281455
        4.3350000000         2.0973460571      -255.9211834166
        4.3400000000         2.1030048007      -250.2264492300
        4.3450000000         2.1088045947      -257.8194281455
        4.3500000000         2.1147433786      -250.2264492300
        4.3550000000         2.1208190424      -250.2264492300
        4.3600000000         2.1270294273      -254.0229386877
        4.3650000000         2.1333723269      -257.8194281455
        4.3700000000         2.1398454876      -252.1246939589
        4.3750000000         2.1464466094      -248.3282045012
        4.3800000000         2.1531733471      -252.1246939589
        4.3850000000         2.1600233106      -236.9387361281
        4.3900000000         2.1669940663      -263.5141623320
        4.3950000000         2.1740831373      -235.0404913992
        4.4000000000         2.1812880051      -257.8194281455
        4.4050000000         2.1886061098      -240.7352255858
        4.4100000000         2.1960348512      -236.9387361281
        4.4150000000         2.2035715899      -257.8194281455
        4.4200000000         2.2112136483      -219.8545335684
        4.4250000000         2.2189583111      -246.4299597723
        4.4300000000         2.2268028266      -225.5492677549
        4.4350000000         2.2347444078      -233.1422466704
        4.4400000000         2.2427802331      -225.5492677549
        4.4450000000         2.2509074473      -225.5492677549
        4.4500000000         2.2591231629      -240.7352255858
        4.4550000000         2.2674244610      -216.0580441107
        4.4600000000         2.2758083920      -227.4475124838
        4.4650000000         2.2842719772      -216.0580441107
        4.4700000000         2.2928122095      -210.3633099241
        4.4750000000         2.3014260547      -227.4475124838
        4.4800000000         2.3101104522      -202.7703310087
        4.4850000000         2.3188623166      -216.0580441107
        4.4900000000         2.3276785384      -210.3633099241
        4.4950000000         2.3365559852      -214.1597993818
        4.5000000000         2.3454915028      -189.4826179067
        4.5050000000         2.3544819166      -208.4650651953
        4.5100000000         2.3635240322      -200.8720862798
        4.5150000000         2.3726146372      -183.7878837202
        4.5200000000         2.3817505015      -198.9738415510
        4.5250000000         2.3909283793      -183.7878837202
        4.5300000000         2.4001450097      -197.0755968221
        4.5350000000         2.4093971182      -179.9913942624
        4.5400000000         2.4186814174      -179.9913942624
        4.5450000000         2.4279946087      -164.8054364316
        4.5500000000         2.4373333832      -185.6861284490
        4.5550000000         2.4466944229      -183.7878837202
        4.5600000000         2.4560744017      -157.2124575162
        4.5650000000         2.4654699871      -170.5001706182
        4.5700000000         2.4748778409      -153.4159680585
        4.5750000000         2.4842946205      -164.8054364316
        4.5800000000         2.4937169801      -161.0089469739
        4.5850000000         2.5031415720      -149.6194786008
        4.5900000000         2.5125650477      -134.4335207699
        4.5950000000         2.5219840592      -109.7563392948
        4.6000000000         2.5313952598       -66.0967105312
        4.6050000000         2.5407953058       -31.9283054118
        4.6100000000         2.5501808574        -1.5563897502
        4.6150000000         2.5595485800         7.9348338941
        4.6200000000         2.5688951453        -3.4546344790
        4.6250000000         2.5782172325        -7.2511239367
        4.6300000000         2.5875115295        -5.3528792079
        4.6350000000         2.5967747340         4.1383444364
        4.6400000000         2.6060035550         0.3418549787
        4.6450000000         2.6151947133         2.2400997075
        4.6500000000         2.6243449436        -5.3528792079
        4.6550000000         2.6334509947        28.8155259115
        4.6600000000         2.6425096312        78.1698888617
        4.6650000000         2.6515176348        51.5944626577
        4.6700000000         2.6604718049        55.3909521154
        4.6750000000         2.6693689601        47.7979732000
        4.6800000000         2.6782059394        62.9839310309
        4.6850000000         2.6869796029        59.1874415732
        4.6900000000         2.6956868334        62.9839310309
        4.6950000000         2.7043245374        78.1698888617
        4.7000000000         2.7128896458        61.0856863020
        4.7050000000         2.7213791155        83.8646230483
        4.7100000000         2.7297899303        78.1698888617
        4.7150000000         2.7381191018        72.4751546751
        4.7200000000         2.7463636708        78.1698888617
        4.7250000000         2.7545207079        76.2716441328
        4.7300000000         2.7625873150        81.9663783194
        4.7350000000         2.7705606261        87.6611125060
        4.7400000000         2.7784378082        81.9663783194
        4.7450000000         2.7862160628        91.4576019637
        4.7500000000         2.7938926261        93.3558466925
        4.7550000000         2.8014647708        91.4576019637
        4.7600000000         2.8089298065       104.7453150657
        4.7650000000         2.8162850810        97.1523361502
        4.7700000000         2.8235279808       104.7453150657
        4.7750000000         2.8306559327        97.1523361502
        4.7800000000         2.8376664041       106.6435597945
        4.7850000000         2.8445569042       116.1347834388
        4.7900000000         2.8513249849       116.1347834388
        4.7950000000         2.8579682415       123.7277623542
        4.8000000000         2.8644843137       112.3382939811
        4.8050000000         2.8708708864       140.8119649139
        4.8100000000         2.8771256904       131.3207412696
        4.8150000000         2.8832465034       137.0154754562
        4.8200000000         2.8892311508       137.0154754562
        4.8250000000         2.8950775062       116.1347834388
        4.8300000000         2.9007834924       146.5066991004
        4.8350000000         2.9063470822       146.5066991004
        4.8400000000         2.9117662988       138.9137201850
        4.8450000000         2.9170392168       152.2014332870
        4.8500000000         2.9221639628       146.5066991004
        4.8550000000         2.9271387158       144.6084543716
        4.8600000000         2.9319617086       157.8961674736
        4.8650000000         2.9366312274       144.6084543716
        4.8700000000         2.9411456132       159.7944122024
        4.8750000000         2.9455032621       169.2856358467
        4.8800000000         2.9497026258       161.6926569313
        4.8850000000         2.9537422123       174.9803700332
        4.8900000000         2.9576205863       173.0821253044
        4.8950000000         2.9613363699       169.2856358467
        4.9000000000         2.9648882429       171.1838805755
        4.9050000000         2.9682749434       171.1838805755
        4.9100000000         2.9714952679       169.2856358467
        4.9150000000         2.9745480725       182.5733489487
        4.9200000000         2.9774322724       174.9803700332
        4.9250000000         2.9801468428       188.2680831352
        4.9300000000         2.9826908194       188.2680831352
        4.9350000000         2.9850632982       184.4715936775
        4.9400000000         2.9872634364       197.7593067795
        4.9450000000         2.9892904522       192.0645725929
        4.9500000000         2.9911436254       195.8610620506
        4.9550000000         2.9928222976       193.9628173218
        4.9600000000         2.9943258724       207.2505304238
        4.9650000000         2.9956538155       212.9452646103
        4.9700000000         2.9968056553       203.4540409661
        4.9750000000         2.9977809823       222.4364882546
        4.9800000000         2.9985794501       199.6575515084
        4.9850000000         2.9992007751       212.9452646103
        4.9900000000         2.9996447363       220.5382435257
        4.9950000000         2.9999111762       222.4364882546
        5.0000000000         3.0000000000       205.3522856949
        5.0050000000         2.9999111762       226.2329777123
        5.0100000000         2.9996447363       216.7417540680
        5.0150000000         2.9992007751       212.9452646103
        5.0200000000         2.9985794501       226.2329777123
        5.0250000000         2.9977809823       222.4364882546
        5.0300000000         2.9968056553       231.9277118989
        5.0350000000         2.9956538155       220.5382435257
        5.0400000000         2.9943258724       214.8435093392
        5.0450000000         2.9928222976       235.7242013566
        5.0500000000         2.9911436254       231.9277118989
        5.0550000000         2.9892904522       233.8259566277
        5.0600000000         2.9872634364       247.1136697297
        5.0650000000         2.9850632982       233.8259566277
        5.0700000000         2.9826908194       230.0294671700
        5.0750000000         2.9801468428       241.4189355431
        5.0800000000         2.9774322724       226.2329777123
        5.0850000000         2.9745480725       254.7066486451
        5.0900000000         2.9714952679       235.7242013566
        5.0950000000         2.9682749434       243.3171802720
        5.1000000000         2.9648882429       241.4189355431
        5.1050000000         2.9613363699       222.4364882546
        5.1100000000         2.9576205863       254.7066486451
        5.1150000000         2.9537422123       231.9277118989
        5.1200000000         2.9497026258       243.3171802720
        5.1250000000         2.9455032621       243.3171802720
        5.1300000000         2.9411456132       237.6224460854
        5.1350000000         2.9366312274       249.0119144586
        5.1400000000         2.9319617086       252.8084039163
        5.1450000000         2.9271387158       247.1136697297
        5.1500000000         2.9221639628       226.2329777123
        5.1550000000         2.9170392168       243.3171802720
        5.1600000000         2.9117662988       252.8084039163
        5.1650000000         2.9063470822       243.3171802720
        5.1700000000         2.9007834924       230.0294671700
        5.1750000000         2.8950775062       252.8084039163
        5.1800000000         2.8892311508       245.2154250008
        5.1850000000         2.8832465034       252.8084039163
        5.1900000000         2.8771256904       235.7242013566
        5.1950000000         2.8708708864       230.0294671700
        5.2000000000         2.8644843137       241.4189355431
        5.2050000000         2.8579682415       233.8259566277
        5.2100000000         2.8513249849       237.6224460854
        5.2150000000         2.8445569042       239.5206908143
        5.2200000000         2.8376664041       212.9452646103
        5.2250000000         2.8306559327       243.3171802720
        5.2300000000         2.8235279808       224.3347329835
        5.2350000000         2.8162850810       254.7066486451
        5.2400000000         2.8089298065       237.6224460854
        5.2450000000         2.8014647708       220.5382435257
        5.2500000000         2.7938926261       230.0294671700
        5.2550000000         2.7862160628       214.8435093392
        5.2600000000         2.7784378082       230.0294671700
        5.2650000000         2.7705606261       228.1312224412
        5.2700000000         2.7625873150       218.6399987969
        5.2750000000         2.7545207079       222.4364882546
        5.2800000000         2.7463636708       212.9452646103
        5.2850000000         2.7381191018       211.0470198815
        5.2900000000         2.7297899303       220.5382435257
        5.2950000000         2.7213791155       211.0470198815
        5.3000000000         2.7128896458       212.9452646103
        5.3050000000         2.7043245374       216.7417540680
        5.3100000000         2.6956868334       205.3522856949
        5.3150000000         2.6869796029       212.9452646103
        5.3200000000         2.6782059394       203.4540409661
        5.3250000000         2.6693689601       203.4540409661
        5.3300000000         2.6604718049       203.4540409661
        5.3350000000         2.6515176348       195.8610620506
        5.3400000000         2.6425096312       188.2680831352
        5.3450000000         2.6334509947       186.3698384064
        5.3500000000         2.6243449436       178.7768594910
        5.3550000000         2.6151947133       184.4715936775
        5.3600000000         2.6060035550       184.4715936775
        5.3650000000         2.5967747340       178.7768594910
        5.3700000000         2.5875115295       176.8786147621
        5.3750000000         2.5782172325       161.6926569313
        5.3800000000         2.5688951453       171.1838805755
        5.3850000000         2.5595485800       165.4891463890
        5.3900000000         2.5501808574       138.9137201850
        5.3950000000         2.5407953058       165.4891463890
        5.4000000000         2.5313952598       150.3031885581
        5.4050000000         2.5219840592       150.3031885581
        5.4100000000         2.5125650477       150.3031885581
        5.4150000000         2.5031415720       152.2014332870
        5.4200000000         2.4937169801       140.8119649139
        5.4250000000         2.4842946205       135.1172307273
        5.4300000000         2.4748778409       108.5418045234
        5.4350000000         2.4654699871        74.3733994040
        5.4400000000         2.4560744017        40.2049942846
        5.4450000000         2.4466944229         0.3418549787
        5.4500000000         2.4373333832       -18.6405923099
        5.4550000000         2.4279946087         7.9348338941
        5.4600000000         2.4186814174        -7.2511239367
        5.4650000000         2.4093971182         9.8330786230
        5.4700000000         2.4001450097        -7.2511239367
        5.4750000000         2.3909283793       -45.2160185138
        5.4800000000         2.3817505015      -115.4510734814
        5.4850000000         2.3726146372       -64.1984658024
        5.4900000000         2.3635240322      -107.8580945660
        5.4950000000         2.3544819166       -81.2826683620
        5.5000000000         2.3454915028      -105.9598498371
        5.5050000000         2.3365559852       -92.6721367352
        5.5100000000         2.3276785384      -115.4510734814
        5.5150000000         2.3188623166      -117.3493182103
        5.5200000000         2.3101104522      -105.9598498371
        5.5250000000         2.3014260547      -105.9598498371
        5.5300000000         2.2928122095      -115.4510734814
        5.5350000000         2.2842719772      -123.0440523968
        5.5400000000         2.2758083920      -128.7387865834
        5.5450000000         2.2674244610      -126.8405418545
        5.5500000000         2.2591231629      -123.0440523968
        5.5550000000         2.2509074473      -130.6370313122
        5.5600000000         2.2427802331      -126.8405418545
        5.5650000000         2.2347444078      -149.6194786008
        5.5700000000         2.2268028266      -147.7212338719
        5.5750000000         2.2189583111      -124.9422971257
        5.5800000000         2.2112136483      -157.2124575162
        5.5850000000         2.2035715899      -147.7212338719
        5.5900000000         2.1960348512      -153.4159680585
        5.5950000000         2.1886061098      -145.8229891431
        5.6000000000         2.1812880051      -159.1107022450
        5.6050000000         2.1740831373      -170.5001706182
        5.6100000000         2.1669940663      -168.6019258893
        5.6150000000         2.1600233106      -162.9071917028
        5.6200000000         2.1531733471      -178.0931495336
        5.6250000000         2.1464466094      -168.6019258893
        5.6300000000         2.1398454876      -176.1949048047
        5.6350000000         2.1333723269      -170.5001706182
        5.6400000000         2.1270294273      -185.6861284490
        5.6450000000         2.1208190424      -178.0931495336
        5.6500000000         2.1147433786      -181.8896389913
        5.6550000000         2.1088045947      -179.9913942624
        5.6600000000         2.1030048007      -195.1773520933
        5.6650000000         2.0973460571      -183.7878837202
        5.6700000000         2.0918303746      -185.6861284490
        5.6750000000         2.0864597129      -219.8545335684
        5.6800000000         2.0812359800      -193.2791073644
        5.6850000000         2.0761610320      -221.7527782972
        5.6900000000         2.0712366719      -191.3808626356
        5.6950000000         2.0664646494      -200.8720862798
        5.7000000000         2.0618466600      -210.3633099241
        5.7050000000         2.0573843443      -202.7703310087
        5.7100000000         2.0530792879      -221.7527782972
        5.7150000000         2.0489330203      -216.0580441107
        5.7200000000         2.0449470147      -221.7527782972
        5.7250000000         2.0411226872      -212.2615546530
        5.7300000000         2.0374613966      -227.4475124838
        5.7350000000         2.0339644438      -217.9562888395
        5.7400000000         2.0306330712      -235.0404913992
        5.7450000000         2.0274684624      -214.1597993818
        5.7500000000         2.0244717419      -233.1422466704
        5.7550000000         2.0216439742      -216.0580441107
        5.7600000000         2.0189861642      -238.8369808569
        5.7650000000         2.0164992561      -217.9562888395
        5.7700000000         2.0141841335      -240.7352255858
        5.7750000000         2.0120416190      -225.5492677549
        5.7800000000         2.0100724738      -227.4475124838
        5.7850000000         2.0082773975      -240.7352255858
        5.7900000000         2.0066570279      -225.5492677549
        5.7950000000         2.0052119407      -250.2264492300
        5.8000000000         2.0039426493      -236.9387361281
        5.8050000000         2.0028496048      -242.6334703146
        5.8100000000         2.0019331954      -248.3282045012
        5.8150000000         2.0011937468      -236.9387361281
        5.8200000000         2.0006315217      -244.5317150435
        5.8250000000         2.0002467198      -263.5141623320
        5.8300000000         2.0000394779      -248.3282045012
        5.8350000000         2.0000098696      -257.8194281455
        5.8400000000         2.0001579054      -257.8194281455
        5.8450000000         2.0004835327      -254.0229386877
        5.8500000000         2.0009866358      -259.7176728743
        5.8550000000         2.0016670360      -235.0404913992
        5.8600000000         2.0025244915      -284.3948543494
        5.8650000000         2.0035586977      -231.2440019415
        5.8700000000         2.0047692872      -263.5141623320
        5.8750000000         2.0061558297      -252.1246939589
        5.8800000000         2.0077178327      -248.3282045012
        5.8850000000         2.0094547413      -267.3106517897
        5.8900000000         2.0113659382      -246.4299597723
        5.8950000000         2.0134507445      -273.0053859763
        5.9000000000         2.0157084194      -246.4299597723
        5.9050000000         2.0181381609      -273.0053859763
        5.9100000000         2.0207391055      -265.4124070609
        5.9150000000         2.0235103292      -265.4124070609
        5.9200000000         2.0264508475      -271.1071412474
        5.9250000000         2.0295596155      -259.7176728743
        5.9300000000         2.0328355288      -265.4124070609
        5.9350000000         2.0362774233      -261.6159176032
        5.9400000000         2.0398840763      -276.8018754340
        5.9450000000         2.0436542063      -261.6159176032
        5.9500000000         2.0475864738      -259.7176728743
        5.9550000000         2.0516794816      -265.4124070609
        5.9600000000         2.0559317756      -255.9211834166
        5.9650000000         2.0603418449      -291.9878332648
        5.9700000000         2.0649081227      -265.4124070609
        5.9750000000         2.0696289865      -273.0053859763
        5.9800000000         2.0745027591      -259.7176728743
        5.9850000000         2.0795277089      -271.1071412474
        5.9900000000         2.0847020504      -267.3106517897
        5.9950000000         2.0900239453      -261.6159176032
        6.0000000000         2.0954915028      -255.9211834166
        6.0050000000         2.1011027802      -263.5141623320
        6.0100000000         2.1068557839      -252.1246939589
        6.0150000000         2.1127484699      -263.5141623320
        6.0200000000         2.1187787445      -267.3106517897
        6.0250000000         2.1249444652      -248.3282045012
        6.0300000000         2.1312434413      -273.0053859763
        6.0350000000         2.1376734349      -250.2264492300
        6.0400000000         2.1442321614      -280.5983648917
        6.0450000000         2.1509172905      -252.1246939589
        6.0500000000         2.1577264470      -250.2264492300
        6.0550000000         2.1646572117      -257.8194281455
        6.0600000000         2.1717071221      -233.1422466704
        6.0650000000         2.1788736734      -265.4124070609
        6.0700000000         2.1861543194      -248.3282045012
        6.0750000000         2.1935464732      -238.8369808569
        6.0800000000         2.2010475085      -242.6334703146
        6.0850000000         2.2086547602      -227.4475124838
        6.0900000000         2.2163655254      -248.3282045012
        6.0950000000         2.2241770647      -231.2440019415
        6.1000000000         2.2320866025      -248.3282045012
        6.1050000000         2.2400913287      -240.7352255858
        6.1100000000         2.2481883992      -212.2615546530
        6.1150000000         2.2563749371      -238.8369808569
        6.1200000000         2.2646480339      -225.5492677549
        6.1250000000         2.2730047501      -221.7527782972
        6.1300000000         2.2814421167      -229.3457572126
        6.1350000000         2.2899571358      -219.8545335684
        6.1400000000         2.2985467821      -225.5492677549
        6.1450000000         2.3072080039      -219.8545335684
        6.1500000000         2.3159377237      -208.4650651953
        6.1550000000         2.3247328399      -233.1422466704
        6.1600000000         2.3335902277      -200.8720862798
        6.1650000000         2.3425067402      -206.5668204664
        6.1700000000         2.3514792092      -210.3633099241
        6.1750000000         2.3605044470      -210.3633099241
        6.1800000000         2.3695792469      -202.7703310087
        6.1850000000         2.3787003846      -204.6685757375
        6.1900000000         2.3878646195      -189.4826179067
        6.1950000000         2.3970686956      -208.4650651953
        6.2000000000         2.4063093427      -206.5668204664
        6.2050000000         2.4155832776      -183.7878837202
        6.2100000000         2.4248872054      -212.2615546530
        6.2150000000         2.4342178205      -189.4826179067
        6.2200000000         2.4435718076      -181.8896389913
        6.2250000000         2.4529458433      -185.6861284490
        6.2300000000         2.4623365972      -181.8896389913
        6.2350000000         2.4717407328      -176.1949048047
        6.2400000000         2.4811549087      -164.8054364316
        6.2450000000         2.4905757801      -179.9913942624
        6.2500000000         2.5000000000      -157.2124575162
        6.2550000000         2.5094242199      -147.7212338719
        6.2600000000         2.5188450913      -130.6370313122
        6.2650000000         2.5282592672      -111.6545840237
        6.2700000000         2.5376634028       -73.6896894466
        6.2750000000         2.5470541567       -45.2160185138
        6.2800000000         2.5564281924        -9.1493686656
        6.2850000000         2.5657821795        11.7313233518
        6.2900000000         2.5751127946         2.2400997075
        6.2950000000         2.5844167224        -1.5563897502
        6.3000000000         2.5936906573        -1.5563897502
        6.3050000000         2.6029313044         4.1383444364
        6.3100000000         2.6121353805         0.3418549787
        6.3150000000         2.6212996154        -1.5563897502
        6.3200000000         2.6304207531        -3.4546344790
        6.3250000000         2.6394955530        40.2049942846
        6.3300000000         2.6485207908        83.8646230483
        6.3350000000         2.6574932598        55.3909521154
        6.3400000000         2.6664097723        66.7804204886
        6.3450000000         2.6752671601        55.3909521154
        6.3500000000         2.6840622763        72.4751546751
        6.3550000000         2.6927919961        57.2891968443
        6.3600000000         2.7014532179        72.4751546751
        6.3650000000         2.7100428642        76.2716441328
        6.3700000000         2.7185578833        53.4927073866
        6.3750000000         2.7269952499        83.8646230483
        6.3800000000         2.7353519661        87.6611125060
        6.3850000000         2.7436250629        93.3558466925
        6.3900000000         2.7518116008        93.3558466925
        6.3950000000         2.7599086713        91.4576019637
        6.4000000000         2.7679133975       100.9488256079
        6.4050000000         2.7758229353       100.9488256079
        6.4100000000         2.7836344746       108.5418045234
        6.4150000000         2.7913452398       108.5418045234
        6.4200000000         2.7989524915       116.1347834388
        6.4250000000         2.8064535268       108.5418045234
        6.4300000000         2.8138456806       116.1347834388
        6.4350000000         2.8211263266       119.9312728965
        6.4400000000         2.8282928779       121.8295176253
        6.4450000000         2.8353427883       133.2189859985
        6.4500000000         2.8422735530       121.8295176253
        6.4550000000         2.8490827095       123.7277623542
        6.4600000000         2.8557678386       129.4224965408
        6.4650000000         2.8623265651       131.3207412696
        6.4700000000         2.8687565587       129.4224965408
        6.4750000000         2.8750555348       135.1172307273
        6.4800000000         2.8812212555       135.1172307273
        6.4850000000         2.8872515301       138.9137201850
        6.4900000000         2.8931442161       146.5066991004
        6.4950000000         2.8988972198       142.7102096427
        6.5000000000         2.9045084972       154.0996780159
        6.5050000000         2.9099760547       154.0996780159
        6.5100000000         2.9152979496       152.2014332870
        6.5150000000         2.9204722911       152.2014332870
        6.5200000000         2.9254972409       152.2014332870
        6.5250000000         2.9303710135       165.4891463890
        6.5300000000         2.9350918773       161.6926569313
        6.5350000000         2.9396581551       159.7944122024
        6.5400000000         2.9440682244       167.3873911178
        6.5450000000         2.9483205184       146.5066991004
        6.5500000000         2.9524135262       169.2856358467
        6.5550000000         2.9563457937       173.0821253044
        6.5600000000         2.9601159237       163.5909016601
        6.5650000000         2.9637225767       176.8786147621
        6.5700000000         2.9671644712       167.3873911178
        6.5750000000         2.9704403845       178.7768594910
        6.5800000000         2.9735491525       176.8786147621
        6.5850000000         2.9764896708       169.2856358467
        6.5900000000         2.9792608945       174.9803700332
        6.5950000000         2.9818618391       180.6751042198
        6.6000000000         2.9842915806       186.3698384064
        6.6050000000         2.9865492555       174.9803700332
        6.6100000000         2.9886340618       180.6751042198
        6.6150000000         2.9905452587       190.1663278641
        6.6200000000         2.9922821673       186.3698384064
        6.6250000000         2.9938441703       205.3522856949
        6.6300000000         2.9952307128       197.7593067795
        6.6350000000         2.9964413023       193.9628173218
        6.6400000000         2.9974755085       199.6575515084
        6.6450000000         2.9983329640       199.6575515084
        6.6500000000         2.9990133642       207.2505304238
        6.6550000000         2.9995164673       192.0645725929
        6.6600000000         2.9998420946       209.1487751526
        6.6650000000         2.9999901304       197.7593067795
        6.6700000000         2.9999605221       212.9452646103
        6.6750000000         2.9997532802       209.1487751526
        6.6800000000         2.9993684783       212.9452646103
        6.6850000000         2.9988062532       212.9452646103
        6.6900000000         2.9980668046       201.5557962372
        6.6950000000         2.9971503952       220.5382435257
        6.7000000000         2.9960573507       199.6575515084
        6.7050000000         2.9947880593       230.0294671700
        6.7100000000         2.9933429721       205.3522856949
        6.7150000000         2.9917226025       222.4364882546
        6.7200000000         2.9899275262       220.5382435257
        6.7250000000         2.9879583810       212.9452646103
        6.7300000000         2.9858158665       218.6399987969
        6.7350000000         2.9835007439       211.0470198815
        6.7400000000         2.9810138358       224.3347329835
        6.7450000000         2.9783560258       220.5382435257
        6.7500000000         2.9755282581       226.2329777123
        6.7550000000         2.9725315376       231.9277118989
        6.7600000000         2.9693669288       230.0294671700
        6.7650000000         2.9660355562       222.4364882546
        6.7700000000         2.9625386034       237.6224460854
        6.7750000000         2.9588773128       233.8259566277
        6.7800000000         2.9550529853       226.2329777123
        6.7850000000         2.9510669797       230.0294671700
        6.7900000000         2.9469207121       218.6399987969
        6.7950000000         2.9426156557       228.1312224412
        6.8000000000         2.9381533400       224.3347329835
        6.8050000000         2.9335353506       228.1312224412
        6.8100000000         2.9287633281       226.2329777123
        6.8150000000         2.9238389680       226.2329777123
        6.8200000000         2.9187640200       228.1312224412
        6.8250000000         2.9135402871       239.5206908143
        6.8300000000         2.9081696254       226.2329777123
        6.8350000000         2.9026539429       211.0470198815
        6.8400000000         2.8969951993       239.5206908143
        6.8450000000         2.8911954053       222.4364882546
        6.8500000000         2.8852566214       233.8259566277
        6.8550000000         2.8791809576       230.0294671700
        6.8600000000         2.8729705727       237.6224460854
        6.8650000000         2.8666276731       239.5206908143
        6.8700000000         2.8601545124       231.9277118989
        6.8750000000         2.8535533906       239.5206908143
        6.8800000000         2.8468266529       224.3347329835
        6.8850000000         2.8399766894       231.9277118989
        6.8900000000         2.8330059337       243.3171802720
        6.8950000000         2.8259168627       212.9452646103
        6.9000000000         2.8187119949       237.6224460854
        6.9050000000         2.8113938902       218.6399987969
        6.9100000000         2.8039651488       224.3347329835
        6.9150000000         2.7964284101       214.8435093392
        6.9200000000         2.7887863517       226.2329777123
        6.9250000000         2.7810416889       220.5382435257
        6.9300000000         2.7731971734       222.4364882546
        6.9350000000         2.7652555922       220.5382435257
        6.9400000000         2.7572197669       224.3347329835
        6.9450000000         2.7490925527       212.9452646103
        6.9500000000         2.7408768371       212.9452646103
        6.9550000000         2.7325755390       195.8610620506
        6.9600000000         2.7241916080       216.7417540680
        6.9650000000         2.7157280228       192.0645725929
        6.9700000000         2.7071877905       203.4540409661
        6.9750000000         2.6985739453       199.6575515084
        6.9800000000         2.6898895478       186.3698384064
        6.9850000000         2.6811376834       199.6575515084
        6.9900000000         2.6723214616       192.0645725929
        6.9950000000         2.6634440148       180.6751042198
        7.0000000000         2.6545084972       186.3698384064
        7.0050000000         2.6455180834       180.6751042198
        7.0100000000         2.6364759678       174.9803700332
        7.0150000000         2.6273853628       180.6751042198
        7.0200000000         2.6182494985       176.8786147621
        7.0250000000         2.6090716207       161.6926569313
        7.0300000000         2.5998549903       178.7768594910
        7.0350000000         2.5906028818       155.9979227447
        7.0400000000         2.5813185826       161.6926569313
        7.0450000000         2.5720053913       161.6926569313
        7.0500000000         2.5626666168       152.2014332870
        7.0550000000         2.5533055771       146.5066991004
        7.0600000000         2.5439255983       146.5066991004
        7.0650000000         2.5345300129       137.0154754562
        7.0700000000         2.5251221591       131.3207412696
        7.0750000000         2.5157053795       137.0154754562
        7.0800000000         2.5062830199       127.5242518119
        7.0850000000         2.4968584280       131.3207412696
        7.0900000000         2.4874349523       116.1347834388
        7.0950000000         2.4780159408        95.2540914214
        7.1000000000         2.4686047402        64.8821757597
        7.1050000000         2.4592046942        23.1207917249
        7.1100000000         2.4498191426       -30.0300606830
        7.1150000000         2.4404514200        -3.4546344790
        7.1200000000         2.4311048547         2.2400997075
        7.1250000000         2.4217827675        -1.5563897502
        7.1300000000         2.4124884705        -1.5563897502
        7.1350000000         2.4032252660        -1.5563897502
        7.1400000000         2.3939964450       -60.4019763446
        7.1450000000         2.3848052867      -111.6545840237
        7.1500000000         2.3756550564       -58.5037316158
        7.1550000000         2.3665490053       -94.5703814640
        7.1600000000         2.3574903688       -73.6896894466
        7.1650000000         2.3484823652       -96.4686261929
        7.1700000000         2.3395281951       -83.1809130909
        7.1750000000         2.3306310399       -94.5703814640
        7.1800000000         2.3217940606      -100.2651156506
        7.1850000000         2.3130203971      -100.2651156506
        7.1900000000         2.3043131666      -134.4335207699
        7.1950000000         2.2956754626      -111.6545840237
        7.2000000000         2.2871103542      -121.1458076680
        7.2050000000         2.2786208845      -113.5528287526
        7.2100000000         2.2702100697      -132.5352760411
        7.2150000000         2.2618808982      -124.9422971257
        7.2200000000         2.2536363292      -121.1458076680
        7.2250000000         2.2454792921      -124.9422971257
        7.2300000000         2.2374126850      -121.1458076680
        7.2350000000         2.2294393739      -130.6370313122
        7.2400000000         2.2215621918      -121.1458076680
        7.2450000000         2.2137839372      -130.6370313122
        7.2500000000         2.2061073739      -140.1282549565
        7.2550000000         2.1985352292      -136.3317654988
        7.2600000000         2.1910701935      -134.4335207699
        7.2650000000         2.1837149190      -145.8229891431
        7.2700000000         2.1764720192      -132.5352760411
        7.2750000000         2.1693440673      -142.0264996854
        7.2800000000         2.1623335959      -145.8229891431
        7.2850000000         2.1554430958      -149.6194786008
        7.2900000000         2.1486750151      -157.2124575162
        7.2950000000         2.1420317585      -157.2124575162
        7.3000000000         2.1355156863      -161.0089469739
        7.3050000000         2.1291291136      -168.6019258893
        7.3100000000         2.1228743096      -155.3142127873
        7.3150000000         2.1167534966      -168.6019258893
        7.3200000000         2.1107688492      -164.8054364316
        7.3250000000         2.1049224938      -170.5001706182
        7.3300000000         2.0992165076      -157.2124575162
        7.3350000000         2.0936529178      -179.9913942624
        7.3400000000         2.0882337012      -168.6019258893
        7.3450000000         2.0829607832      -181.8896389913
        7.3500000000         2.0778360372      -179.9913942624
        7.3550000000         2.0728612842      -179.9913942624
        7.3600000000         2.0680382914      -191.3808626356
        7.3650000000         2.0633687726      -176.1949048047
        7.3700000000         2.0588543868      -189.4826179067
        7.3750000000         2.0544967379      -204.6685757375
        7.3800000000         2.0502973742      -195.1773520933
        7.3850000000         2.0462577877      -195.1773520933
        7.3900000000         2.0423794137      -200.8720862798
        7.3950000000         2.0386636301      -210.3633099241
        7.4000000000         2.0351117571      -208.4650651953
        7.4050000000         2.0317250566      -212.2615546530
        7.4100000000         2.0285047321      -204.6685757375
        7.4150000000         2.0254519275      -206.5668204664
        7.4200000000         2.0225677276      -223.6510230261
        7.4250000000         2.0198531572      -195.1773520933
        7.4300000000         2.0173091806      -235.0404913992
        7.4350000000         2.0149367018      -204.6685757375
        7.4400000000         2.0127365636      -223.6510230261
        7.4450000000         2.0107095478      -210.3633099241
        7.4500000000         2.0088563746      -225.5492677549
        7.4550000000         2.0071777024      -233.1422466704
        7.4600000000         2.0056741276      -236.9387361281
        7.4650000000         2.0043461845      -227.4475124838
        7.4700000000         2.0031943447      -244.5317150435
        7.4750000000         2.0022190177      -248.3282045012
        7.4800000000         2.0014205499      -250.2264492300
        7.4850000000         2.0007992249      -231.2440019415
        7.4900000000         2.0003552637      -250.2264492300
        7.4950000000         2.0000888238      -240.7352255858
        7.5000000000         2.0000000000      -246.4299597723
        7.5050000000         2.0000888238      -242.6334703146
        7.5100000000         2.0003552637      -255.9211834166
        7.5150000000         2.0007992249      -252.1246939589
        7.5200000000         2.0014205499      -244.5317150435
        7.5250000000         2.0022190177      -259.7176728743
        7.5300000000         2.0031943447      -223.6510230261
        7.5350000000         2.0043461845      -265.4124070609
        7.5400000000         2.0056741276      -248.3282045012
        7.5450000000         2.0071777024      -263.5141623320
        7.5500000000         2.0088563746      -255.9211834166
        7.5550000000         2.0107095478      -244.5317150435
        7.5600000000         2.0127365636      -269.2088965186
        7.5650000000         2.0149367018      -242.6334703146
        7.5700000000         2.0173091806      -261.6159176032
        7.5750000000         2.0198531572      -242.6334703146
        7.5800000000         2.0225677276      -248.3282045012
        7.5850000000         2.0254519275      -242.6334703146
        7.5900000000         2.0285047321      -259.7176728743
        7.5950000000         2.0317250566      -257.8194281455
        7.6000000000         2.0351117571      -236.9387361281
        7.6050000000         2.0386636301      -263.5141623320
        7.6100000000         2.0423794137      -233.1422466704
        7.6150000000         2.0462577877      -255.9211834166
        7.6200000000         2.0502973742      -250.2264492300
        7.6250000000         2.0544967379      -242.6334703146
        7.6300000000         2.0588543868      -261.6159176032
        7.6350000000         2.0633687726      -231.2440019415
        7.6400000000         2.0680382914      -263.5141623320
        7.6450000000         2.0728612842      -246.4299597723
        7.6500000000         2.0778360372      -248.3282045012
        7.6550000000         2.0829607832      -248.3282045012
        7.6600000000         2.0882337012      -227.4475124838
        7.6650000000         2.0936529178      -255.9211834166
        7.6700000000         2.0992165076      -227.4475124838
        7.6750000000         2.1049224938      -254.0229386877
        7.6800000000         2.1107688492      -252.1246939589
        7.6850000000         2.1167534966      -225.5492677549
        7.6900000000         2.1228743096      -257.8194281455
        7.6950000000         2.1291291136      -238.8369808569
        7.7000000000         2.1355156863      -242.6334703146
        7.7050000000         2.1420317585      -242.6334703146
        7.7100000000         2.1486750151      -221.7527782972
        7.7150000000         2.1554430958      -248.3282045012
        7.7200000000         2.1623335959      -231.2440019415
        7.7250000000         2.1693440673      -233.1422466704
        7.7300000000         2.1764720192      -248.3282045012
        7.7350000000         2.1837149190      -231.2440019415
        7.7400000000         2.1910701935      -242.6334703146
        7.7450000000         2.1985352292      -236.9387361281
        7.7500000000         2.2061073739      -235.0404913992
        7.7550000000         2.2137839372      -255.9211834166
        7.7600000000         2.2215621918      -235.0404913992
        7.7650000000         2.2294393739      -248.3282045012
        7.7700000000         2.2374126850      -225.5492677549
        7.7750000000         2.2454792921      -233.1422466704
        7.7800000000         2.2536363292      -233.1422466704
        7.7850000000         2.2618808982      -198.9738415510
        7.7900000000         2.2702100697      -250.2264492300
        7.7950000000         2.2786208845      -217.9562888395
        7.8000000000         2.2871103542      -233.1422466704
        7.8050000000         2.2956754626      -217.9562888395
        7.8100000000         2.3043131666      -204.6685757375
        7.8150000000         2.3130203971      -248.3282045012
        7.8200000000         2.3217940606      -214.1597993818
        7.8250000000         2.3306310399      -225.5492677549
        7.8300000000         2.3395281951      -217.9562888395
        7.8350000000         2.3484823652      -216.0580441107
        7.8400000000         2.3574903688      -214.1597993818
        7.8450000000         2.3665490053      -221.7527782972
        7.8500000000         2.3756550564      -202.7703310087
        7.8550000000         2.3848052867      -210.3633099241
        7.8600000000         2.3939964450      -202.7703310087
        7.8650000000         2.4032252660      -212.2615546530
        7.8700000000         2.4124884705      -185.6861284490
        7.8750000000         2.4217827675      -217.9562888395
        7.8800000000         2.4311048547      -187.5843731779
        7.8850000000         2.4404514200      -172.3984153470
        7.8900000000         2.4498191426      -198.9738415510
        7.8950000000         2.4592046942      -166.7036811605
        7.9000000000         2.4686047402      -195.1773520933
        7.9050000000         2.4780159408      -164.8054364316
        7.9100000000         2.4874349523      -183.7878837202
        7.9150000000         2.4968584280      -157.2124575162
        7.9200000000         2.5062830199      -155.3142127873
        7.9250000000         2.5157053795      -157.2124575162
        7.9300000000         2.5251221591      -130.6370313122
        7.9350000000         2.5345300129       -94.5703814640
        7.9400000000         2.5439255983       -58.5037316158
        7.9450000000         2.5533055771       -28.1318159541
        7.9500000000         2.5626666168         9.8330786230
        7.9550000000         2.5720053913        11.7313233518
        7.9600000000         2.5813185826        -3.4546344790
        7.9650000000         2.5906028818        -5.3528792079
        7.9700000000         2.5998549903         2.2400997075
        7.9750000000         2.6090716207         0.3418549787
        7.9800000000         2.6182494985        -7.2511239367
        7.9850000000         2.6273853628        17.4260575384
        7.9900000000         2.6364759678        70.5769099463
        7.9950000000         2.6455180834        55.3909521154
        8.0000000000         2.6545084972        55.3909521154
        8.0050000000         2.6634440148        55.3909521154
        8.0100000000         2.6723214616        53.4927073866
        8.0150000000         2.6811376834        57.2891968443
        8.0200000000         2.6898895478        66.7804204886
        8.0250000000         2.6985739453        76.2716441328
        8.0300000000         2.7071877905        61.0856863020
        8.0350000000         2.7157280228        72.4751546751
        8.0400000000         2.7241916080        74.3733994040
        8.0450000000         2.7325755390        85.7628677771
        8.0500000000         2.7408768371        78.1698888617
        8.0550000000         2.7490925527        83.8646230483
        8.0600000000         2.7572197669        78.1698888617
        8.0650000000         2.7652555922        85.7628677771
        8.0700000000         2.7731971734        99.0505808791
        8.0750000000         2.7810416889       100.9488256079
        8.0800000000         2.7887863517        95.2540914214
        8.0850000000         2.7964284101       100.9488256079
        8.0900000000         2.8039651488        97.1523361502
        8.0950000000         2.8113938902       110.4400492522
        8.1000000000         2.8187119949       108.5418045234
        8.1050000000         2.8259168627       112.3382939811
        8.1100000000         2.8330059337       116.1347834388
        8.1150000000         2.8399766894       121.8295176253
        8.1200000000         2.8468266529       104.7453150657
        8.1250000000         2.8535533906       114.2365387099
        8.1300000000         2.8601545124       116.1347834388
        8.1350000000         2.8666276731       119.9312728965
        8.1400000000         2.8729705727       121.8295176253
        8.1450000000         2.8791809576       118.0330281676
        8.1500000000         2.8852566214       131.3207412696
        8.1550000000         2.8911954053       140.8119649139
        8.1600000000         2.8969951993       131.3207412696
        8.1650000000         2.9026539429       133.2189859985
        8.1700000000         2.9081696254       131.3207412696
        8.1750000000         2.9135402871       146.5066991004
        8.1800000000         2.9187640200       146.5066991004
        8.1850000000         2.9238389680       157.8961674736
        8.1900000000         2.9287633281       146.5066991004
        8.1950000000         2.9335353506       161.6926569313
        8.2000000000         2.9381533400       135.1172307273
        8.2050000000         2.9426156557       157.8961674736
        8.2100000000         2.9469207121       161.6926569313
        8.2150000000         2.9510669797       169.2856358467
        8.2200000000         2.9550529853       167.3873911178
        8.2250000000         2.9588773128       169.2856358467
        8.2300000000         2.9625386034       182.5733489487
        8.2350000000         2.9660355562       174.9803700332
        8.2400000000         2.9693669288       176.8786147621
        8.2450000000         2.9725315376       184.4715936775
        8.2500000000         2.9755282581       186.3698384064
        8.2550000000         2.9783560258       197.7593067795
        8.2600000000         2.9810138358       188.2680831352
        8.2650000000         2.9835007439       197.7593067795
        8.2700000000         2.9858158665       197.7593067795
        8.2750000000         2.9879583810       176.8786147621
        8.2800000000         2.9899275262       207.2505304238
        8.2850000000         2.9917226025       186.3698384064
        8.2900000000         2.9933429721       197.7593067795
        8.2950000000         2.9947880593       188.2680831352
        8.3000000000         2.9960573507       197.7593067795
        8.3050000000         2.9971503952       188.2680831352
        8.3100000000         2.9980668046       199.6575515084
        8.3150000000         2.9988062532       212.9452646103
        8.3200000000         2.9993684783       199.6575515084
        8.3250000000         2.9997532802       220.5382435257
        8.3300000000         2.9999605221       199.6575515084
        8.3350000000         2.9999901304       212.9452646103
        8.3400000000         2.9998420946       192.0645725929
        8.3450000000         2.9995164673       205.3522856949
        8.3500000000         2.9990133642       199.6575515084
        8.3550000000         2.9983329640       212.9452646103
        8.3600000000         2.9974755085       205.3522856949
        8.3650000000         2.9964413023       207.2505304238
        8.3700000000         2.9952307128       209.1487751526
        8.3750000000         2.9938441703       205.3522856949
        8.3800000000         2.9922821673       203.4540409661
        8.3850000000         2.9905452587       199.6575515084
        8.3900000000         2.9886340618       197.7593067795
        8.3950000000         2.9865492555       212.9452646103
        8.4000000000         2.9842915806       207.2505304238
        8.4050000000         2.9818618391       211.0470198815
        8.4100000000         2.9792608945       214.8435093392
        8.4150000000         2.9764896708       218.6399987969
        8.4200000000         2.9735491525       209.1487751526
        8.4250000000         2.9704403845       212.9452646103
        8.4300000000         2.9671644712       220.5382435257
        8.4350000000         2.9637225767       205.3522856949
        8.4400000000         2.9601159237       214.8435093392
        8.4450000000         2.9563457937       214.8435093392
        8.4500000000         2.9524135262       224.3347329835
        8.4550000000         2.9483205184       214.8435093392
        8.4600000000         2.9440682244       222.4364882546
        8.4650000000         2.9396581551       222.4364882546
        8.4700000000         2.9350918773       212.9452646103
        8.4750000000         2.9303710135       222.4364882546
        8.4800000000         2.9254972409       205.3522856949
        8.4850000000         2.9204722911       226.2329777123
        8.4900000000         2.9152979496       199.6575515084
        8.4950000000         2.9099760547       220.5382435257
        8.5000000000         2.9045084972       218.6399987969
        8.5050000000         2.8988972198       207.2505304238
        8.5100000000         2.8931442161       220.5382435257
        8.5150000000         2.8872515301       212.9452646103
        8.5200000000         2.8812212555       224.3347329835
        8.5250000000         2.8750555348       224.3347329835
        8.5300000000         2.8687565587       209.1487751526
        8.5350000000         2.8623265651       220.5382435257
        8.5400000000         2.8557678386       214.8435093392
        8.5450000000         2.8490827095       203.4540409661
        8.5500000000         2.8422735530       216.7417540680
        8.5550000000         2.8353427883       214.8435093392
        8.5600000000         2.8282928779       205.3522856949
        8.5650000000         2.8211263266       214.8435093392
        8.5700000000         2.8138456806       205.3522856949
        8.5750000000         2.8064535268       199.6575515084
        8.5800000000         2.7989524915       203.4540409661
        8.5850000000         2.7913452398       176.8786147621
        8.5900000000         2.7836344746       197.7593067795
        8.5950000000         2.7758229353       192.0645725929
        8.6000000000         2.7679133975       190.1663278641
        8.6050000000         2.7599086713       188.2680831352
        8.6100000000         2.7518116008       199.6575515084
        8.6150000000         2.7436250629       188.2680831352
        8.6200000000         2.7353519661       193.9628173218
        8.6250000000         2.7269952499       195.8610620506
        8.6300000000         2.7185578833       195.8610620506
        8.6350000000         2.7100428642       188.2680831352
        8.6400000000         2.7014532179       184.4715936775
        8.6450000000         2.6927919961       188.2680831352
        8.6500000000         2.6840622763       171.1838805755
        8.6550000000         2.6752671601       186.3698384064
        8.6600000000         2.6664097723       174.9803700332
        8.6650000000         2.6574932598       173.0821253044
        8.6700000000         2.6485207908       171.1838805755
        8.6750000000         2.6394955530       161.6926569313
        8.6800000000         2.6304207531       171.1838805755
        8.6850000000         2.6212996154       138.9137201850
        8.6900000000         2.6121353805       157.8961674736
        8.6950000000         2.6029313044       161.6926569313
        8.7000000000         2.5936906573       142.7102096427
        8.7050000000         2.5844167224       154.0996780159
        8.7100000000         2.5751127946       152.2014332870
        8.7150000000         2.5657821795       133.2189859985
        8.7200000000         2.5564281924       148.4049438293
        8.7250000000         2.5470541567       129.4224965408
        8.7300000000         2.5376634028       133.2189859985
        8.7350000000         2.5282592672       127.5242518119
        8.7400000000         2.5188450913       133.2189859985
        8.7450000000         2.5094242199       127.5242518119
        8.7500000000         2.5000000000       125.6260070830
        8.7550000000         2.4905757801       110.4400492522
        8.7600000000         2.4811549087       110.4400492522
        8.7650000000         2.4717407328        80.0681335906
        8.7700000000         2.4623365972        17.4260575384
        8.7750000000         2.4529458433         0.3418549787
        8.7800000000         2.4435718076       -22.4370817676
        8.7850000000         2.4342178205         0.3418549787
        8.7900000000         2.4248872054         6.0365891652
        8.7950000000         2.4155832776         2.2400997075
        8.8000000000         2.4063093427        -9.1493686656
        8.8050000000         2.3970686956       -12.9458581233
        8.8100000000         2.3878646195       -90.7738920063
        8.8150000000         2.3787003846       -79.3844236332
        8.8200000000         2.3695792469       -73.6896894466
        8.8250000000         2.3605044470       -75.5879341755
        8.8300000000         2.3514792092       -88.8756472775
        8.8350000000         2.3425067402       -98.3668709217
        8.8400000000         2.3335902277      -100.2651156506
        8.8450000000         2.3247328399      -109.7563392948
        8.8500000000         2.3159377237      -115.4510734814
        8.8550000000         2.3072080039      -104.0616051083
        8.8600000000         2.2985467821      -104.0616051083
        8.8650000000         2.2899571358      -102.1633603794
        8.8700000000         2.2814421167      -109.7563392948
        8.8750000000         2.2730047501      -111.6545840237
        8.8800000000         2.2646480339      -117.3493182103
        8.8850000000         2.2563749371      -115.4510734814
        8.8900000000         2.2481883992      -124.9422971257
        8.8950000000         2.2400913287      -121.1458076680
        8.9000000000         2.2320866025      -134.4335207699
        8.9050000000         2.2241770647      -128.7387865834
        8.9100000000         2.2163655254      -113.5528287526
        8.9150000000         2.2086547602      -142.0264996854
        8.9200000000         2.2010475085      -115.4510734814
        8.9250000000         2.1935464732      -143.9247444142
        8.9300000000         2.1861543194      -143.9247444142
        8.9350000000         2.1788736734      -145.8229891431
        8.9400000000         2.1717071221      -126.8405418545
        8.9450000000         2.1646572117      -145.8229891431
        8.9500000000         2.1577264470      -143.9247444142
        8.9550000000         2.1509172905      -143.9247444142
        8.9600000000         2.1442321614      -151.5177233296
        8.9650000000         2.1376734349      -147.7212338719
        8.9700000000         2.1312434413      -157.2124575162
        8.9750000000         2.1249444652      -157.2124575162
        8.9800000000         2.1187787445      -187.5843731779
        8.9850000000         2.1127484699      -149.6194786008
        8.9900000000         2.1068557839      -178.0931495336
        8.9950000000         2.1011027802      -168.6019258893
        9.0000000000         2.0954915028      -170.5001706182
        9.0050000000         2.0900239453      -189.4826179067
        9.0100000000         2.0847020504      -162.9071917028
        9.0150000000         2.0795277089      -197.0755968221
        9.0200000000         2.0745027591      -174.2966600759
        9.0250000000         2.0696289865      -181.8896389913
        9.0300000000         2.0649081227      -193.2791073644
        9.0350000000         2.0603418449      -181.8896389913
        9.0400000000         2.0559317756      -197.0755968221
        9.0450000000         2.0516794816      -200.8720862798
        9.0500000000         2.0475864738      -214.1597993818
        9.0550000000         2.0436542063      -195.1773520933
        9.0600000000         2.0398840763      -187.5843731779
        9.0650000000         2.0362774233      -210.3633099241
        9.0700000000         2.0328355288      -181.8896389913
        9.0750000000         2.0295596155      -204.6685757375
        9.0800000000         2.0264508475      -206.5668204664
        9.0850000000         2.0235103292      -204.6685757375
        9.0900000000         2.0207391055      -223.6510230261
        9.0950000000         2.0181381609      -202.7703310087
        9.1000000000         2.0157084194      -221.7527782972
        9.1050000000         2.0134507445      -210.3633099241
        9.1100000000         2.0113659382      -231.2440019415
        9.1150000000         2.0094547413      -210.3633099241
        9.1200000000         2.0077178327      -217.9562888395
        9.1250000000         2.0061558297      -212.2615546530
        9.1300000000         2.0047692872      -217.9562888395
        9.1350000000         2.0035586977      -217.9562888395
        9.1400000000         2.0025244915      -219.8545335684
        9.1450000000         2.0016670360      -233.1422466704
        9.1500000000         2.0009866358      -214.1597993818
        9.1550000000         2.0004835327      -225.5492677549
        9.1600000000         2.0001579054      -229.3457572126
        9.1650000000         2.0000098696      -221.7527782972
        9.1700000000         2.0000394779      -240.7352255858
        9.1750000000         2.0002467198      -217.9562888395
        9.1800000000         2.0006315217      -238.8369808569
        9.1850000000         2.0011937468      -236.9387361281
        9.1900000000         2.0019331954      -233.1422466704
        9.1950000000         2.0028496048      -229.3457572126
        9.2000000000         2.0039426493      -250.2264492300
        9.2050000000         2.0052119407      -231.2440019415
        9.2100000000         2.0066570279      -248.3282045012
        9.2150000000         2.0082773975      -233.1422466704
        9.2200000000         2.0100724738      -255.9211834166
        9.2250000000         2.0120416190      -242.6334703146
        9.2300000000         2.0141841335      -233.1422466704
        9.2350000000         2.0164992561      -293.8860779937
        9.2400000000         2.0189861642      -231.2440019415
        9.2450000000         2.0216439742      -244.5317150435
        9.2500000000         2.0244717419      -244.5317150435
        9.2550000000         2.0274684624      -244.5317150435
        9.2600000000         2.0306330712      -261.6159176032
        9.2650000000         2.0339644438      -240.7352255858
        9.2700000000         2.0374613966      -259.7176728743
        9.2750000000         2.0411226872      -254.0229386877
        9.2800000000         2.0449470147      -246.4299597723
        9.2850000000         2.0489330203      -265.4124070609
        9.2900000000         2.0530792879      -244.5317150435
        9.2950000000         2.0573843443      -261.6159176032
        9.3000000000         2.0618466600      -254.0229386877
        9.3050000000         2.0664646494      -246.4299597723
        9.3100000000         2.0712366719      -274.9036307051
        9.3150000000         2.0761610320      -214.1597993818
        9.3200000000         2.0812359800      -280.5983648917
        9.3250000000         2.0864597129      -252.1246939589
        9.3300000000         2.0918303746      -265.4124070609
        9.3350000000         2.0973460571      -244.5317150435
        9.3400000000         2.1030048007      -265.4124070609
        9.3450000000         2.1088045947      -255.9211834166
        9.3500000000         2.1147433786      -252.1246939589
        9.3550000000         2.1208190424      -265.4124070609
        9.3600000000         2.1270294273      -242.6334703146
        9.3650000000         2.1333723269      -276.8018754340
        9.3700000000         2.1398454876      -252.1246939589
        9.3750000000         2.1464466094      -265.4124070609
        9.3800000000         2.1531733471      -255.9211834166
        9.3850000000         2.1600233106      -257.8194281455
        9.3900000000         2.1669940663      -257.8194281455
        9.3950000000         2.1740831373      -242.6334703146
        9.4000000000         2.1812880051      -269.2088965186
        9.4050000000         2.1886061098      -276.8018754340
        9.4100000000         2.1960348512      -255.9211834166
        9.4150000000         2.2035715899      -267.3106517897
        9.4200000000         2.2112136483      -225.5492677549
        9.4250000000         2.2189583111      -254.0229386877
        9.4300000000         2.2268028266      -217.9562888395
        9.4350000000         2.2347444078      -246.4299597723
        9.4400000000         2.2427802331      -246.4299597723
        9.4450000000         2.2509074473      -227.4475124838
        9.4500000000         2.2591231629      -290.0895885360
        9.4550000000         2.2674244610      -227.4475124838
        9.4600000000         2.2758083920      -236.9387361281
        9.4650000000         2.2842719772      -221.7527782972
        9.4700000000         2.2928122095      -225.5492677549
        9.4750000000         2.3014260547      -225.5492677549
        9.4800000000         2.3101104522      -216.0580441107
        9.4850000000         2.3188623166      -240.7352255858
        9.4900000000         2.3276785384      -221.7527782972
        9.4950000000         2.3365559852      -206.5668204664
        9.5000000000         2.3454915028      -216.0580441107
        9.5050000000         2.3544819166      -198.9738415510
        9.5100000000         2.3635240322      -206.5668204664
        9.5150000000         2.3726146372      -206.5668204664
        9.5200000000         2.3817505015      -206.5668204664
        9.5250000000         2.3909283793      -214.1597993818
        9.5300000000         2.4001450097      -197.0755968221
        9.5350000000         2.4093971182      -189.4826179067
        9.5400000000         2.4186814174      -204.6685757375
        9.5450000000         2.4279946087      -181.8896389913
        9.5500000000         2.4373333832      -195.1773520933
        9.5550000000         2.4466944229      -185.6861284490
        9.5600000000         2.4560744017      -193.2791073644
        9.5650000000         2.4654699871      -170.5001706182
        9.5700000000         2.4748778409      -179.9913942624
        9.5750000000         2.4842946205      -179.9913942624
        9.5800000000         2.4937169801      -166.7036811605
        9.5850000000         2.5031415720      -161.0089469739
        9.5900000000         2.5125650477      -149.6194786008
        9.5950000000         2.5219840592      -132.5352760411
        9.6000000000         2.5313952598       -90.7738920063
        9.6050000000         2.5407953058       -49.0125079715
        9.6100000000         2.5501808574        -5.3528792079
        9.6150000000         2.5595485800         9.8330786230
        9.6200000000         2.5688951453         0.3418549787
        9.6250000000         2.5782172325        -7.2511239367
        9.6300000000         2.5875115295        -9.1493686656
        9.6350000000         2.5967747340         2.2400997075
        9.6400000000         2.6060035550         6.0365891652
        9.6450000000         2.6151947133         4.1383444364
        9.6500000000         2.6243449436        -1.5563897502
        9.6550000000         2.6334509947        36.4085048269
        9.6600000000         2.6425096312        70.5769099463
        9.6650000000         2.6515176348        59.1874415732
        9.6700000000         2.6604718049        59.1874415732
        9.6750000000         2.6693689601        53.4927073866
        9.6800000000         2.6782059394        62.9839310309
        9.6850000000         2.6869796029        68.6786652174
        9.6900000000         2.6956868334        47.7979732000
        9.6950000000         2.7043245374        83.8646230483
        9.7000000000         2.7128896458        70.5769099463
        9.7050000000         2.7213791155        64.8821757597
        9.7100000000         2.7297899303        80.0681335906
        9.7150000000         2.7381191018        83.8646230483
        9.7200000000         2.7463636708        78.1698888617
        9.7250000000         2.7545207079        81.9663783194
        9.7300000000         2.7625873150        91.4576019637
        9.7350000000         2.7705606261        91.4576019637
        9.7400000000         2.7784378082        99.0505808791
        9.7450000000         2.7862160628        87.6611125060
        9.7500000000         2.7938926261       106.6435597945
        9.7550000000         2.8014647708        93.3558466925
        9.7600000000         2.8089298065       114.2365387099
        9.7650000000         2.8162850810       102.8470703368
        9.7700000000         2.8235279808       108.5418045234
        9.7750000000         2.8306559327       108.5418045234
        9.7800000000         2.8376664041       118.0330281676
        9.7850000000         2.8445569042       116.1347834388
        9.7900000000         2.8513249849       129.4224965408
        9.7950000000         2.8579682415       131.3207412696
        9.8000000000         2.8644843137       121.8295176253
        9.8050000000         2.8708708864       129.4224965408
        9.8100000000         2.8771256904       133.2189859985
        9.8150000000         2.8832465034       140.8119649139
        9.8200000000         2.8892311508       135.1172307273
        9.8250000000         2.8950775062       142.7102096427
        9.8300000000         2.9007834924       148.4049438293
        9.8350000000         2.9063470822       155.9979227447
        9.8400000000         2.9117662988       138.9137201850
        9.8450000000         2.9170392168       159.7944122024
        9.8500000000         2.9221639628       142.7102096427
        9.8550000000         2.9271387158       154.0996780159
        9.8600000000         2.9319617086       159.7944122024
        9.8650000000         2.9366312274       152.2014332870
        9.8700000000         2.9411456132       165.4891463890
        9.8750000000         2.9455032621       138.9137201850
        9.8800000000         2.9497026258       174.9803700332
        9.8850000000         2.9537422123       159.7944122024
        9.8900000000         2.9576205863       176.8786147621
        9.8950000000         2.9613363699       180.6751042198
        9.9000000000         2.9648882429       163.5909016601
        9.9050000000         2.9682749434       192.0645725929
        9.9100000000         2.9714952679       167.3873911178
        9.9150000000         2.9745480725       190.1663278641
        9.9200000000         2.9774322724       174.9803700332
        9.9250000000         2.9801468428       199.6575515084
        9.9300000000         2.9826908194       182.5733489487
        9.9350000000         2.9850632982       184.4715936775
        9.9400000000         2.9872634364       211.0470198815
        9.9450000000         2.9892904522       184.4715936775
        9.9500000000         2.9911436254       209.1487751526
        9.9550000000         2.9928222976       209.1487751526
        9.9600000000         2.9943258724       201.5557962372
        9.9650000000         2.9956538155       203.4540409661
        9.9700000000         2.9968056553       180.6751042198
        9.9750000000         2.9977809823       211.0470198815
        9.9800000000         2.9985794501       203.4540409661
        9.9850000000         2.9992007751       222.4364882546
        9.9900000000         2.9996447363       199.6575515084
        9.9950000000         2.9999111762       220.5382435257
       10.0000000000         3.0000000000       207.2505304238
       10.0050000000         2.9999111762       214.8435093392
       10.0100000000         2.9996447363       230.0294671700
       10.0150000000         2.9992007751       224.3347329835
       10.0200000000         2.9985794501       222.4364882546
       10.0250000000         2.9977809823       222.4364882546
       10.0300000000         2.9968056553       228.1312224412
       10.0350000000         2.9956538155       231.9277118989
       10.0400000000         2.9943258724       233.8259566277
       10.0450000000         2.9928222976       222.4364882546
       10.0500000000         2.9911436254       230.0294671700
       10.0550000000         2.9892904522       237.6224460854
       10.0600000000         2.9872634364       233.8259566277
       10.0650000000         2.9850632982       245.2154250008
       10.0700000000         2.9826908194       228.1312224412
       10.0750000000         2.9801468428       230.0294671700
       10.0800000000         2.9774322724       233.8259566277
       10.0850000000         2.9745480725       220.5382435257
       10.0900000000         2.9714952679       243.3171802720
       10.0950000000         2.9682749434       235.7242013566
       10.1000000000         2.9648882429       237.6224460854
       10.1050000000         2.9613363699       235.7242013566
       10.1100000000         2.9576205863       233.8259566277
       10.1150000000         2.9537422123       243.3171802720
       10.1200000000         2.9497026258       230.0294671700
       10.1250000000         2.9455032621       243.3171802720
       10.1300000000         2.9411456132       241.4189355431
       10.1350000000         2.9366312274       228.1312224412
       10.1400000000         2.9319617086       249.0119144586
       10.1450000000         2.9271387158       231.9277118989
       10.1500000000         2.9221639628       226.2329777123
       10.1550000000         2.9170392168       214.8435093392
       10.1600000000         2.9117662988       228.1312224412
       10.1650000000         2.9063470822       214.8435093392
       10.1700000000         2.9007834924       218.6399987969
       10.1750000000         2.8950775062       230.0294671700
       10.1800000000         2.8892311508       231.9277118989
       10.1850000000         2.8832465034       228.1312224412
       10.1900000000         2.8771256904       226.2329777123
       10.1950000000         2.8708708864       224.3347329835
       10.2000000000         2.8644843137       222.4364882546
       10.2050000000         2.8579682415       230.0294671700
       10.2100000000         2.8513249849       224.3347329835
       10.2150000000         2.8445569042       211.0470198815
       10.2200000000         2.8376664041       220.5382435257
       10.2250000000         2.8306559327       214.8435093392
       10.2300000000         2.8235279808       214.8435093392
       10.2350000000         2.8162850810       212.9452646103
       10.2400000000         2.8089298065       201.5557962372
       10.2450000000         2.8014647708       207.2505304238
       10.2500000000         2.7938926261       205.3522856949
       10.2550000000         2.7862160628       199.6575515084
       10.2600000000         2.7784378082       209.1487751526
       10.2650000000         2.7705606261       186.3698384064
       10.2700000000         2.7625873150       188.2680831352
       10.2750000000         2.7545207079       199.6575515084
       10.2800000000         2.7463636708       192.0645725929
       10.2850000000         2.7381191018       203.4540409661
       10.2900000000         2.7297899303       193.9628173218
       10.2950000000         2.7213791155       184.4715936775
       10.3000000000         2.7128896458       182.5733489487
       10.3050000000         2.7043245374       205.3522856949
       10.3100000000         2.6956868334       190.1663278641
       10.3150000000         2.6869796029       186.3698384064
       10.3200000000         2.6782059394       174.9803700332
       10.3250000000         2.6693689601       169.2856358467
       10.3300000000         2.6604718049       167.3873911178
       10.3350000000         2.6515176348       161.6926569313
       10.3400000000         2.6425096312       171.1838805755
       10.3450000000         2.6334509947       152.2014332870
       10.3500000000         2.6243449436       154.0996780159
       10.3550000000         2.6151947133       150.3031885581
       10.3600000000         2.6060035550       150.3031885581
       10.3650000000         2.5967747340       142.7102096427
       10.3700000000         2.5875115295       135.1172307273
       10.3750000000         2.5782172325       131.3207412696
       10.3800000000         2.5688951453       121.8295176253
       10.3850000000         2.5595485800       127.5242518119
       10.3900000000         2.5501808574       121.8295176253
       10.3950000000         2.5407953058       112.3382939811
       10.4000000000         2.5313952598       116.1347834388
       10.4050000000         2.5219840592       102.8470703368
       10.4100000000         2.5125650477       108.5418045234
       10.4150000000         2.5031415720       100.9488256079
       10.4200000000         2.4937169801       112.3382939811
       10.4250000000         2.4842946205        91.4576019637
       10.4300000000         2.4748778409        74.3733994040
       10.4350000000         2.4654699871        32.6120153692
       10.4400000000         2.4560744017       -14.8441028521
       10.4450000000         2.4466944229        -5.3528792079
       10.4500000000         2.4373333832         0.3418549787
       10.4550000000         2.4279946087         9.8330786230
       10.4600000000         2.4186814174         0.3418549787
       10.4650000000         2.4093971182         4.1383444364
       10.4700000000         2.4001450097        -9.1493686656
       10.4750000000         2.3909283793       -83.1809130909
       10.4800000000         2.3817505015      -104.0616051083
       10.4850000000         2.3726146372       -62.3002210735
       10.4900000000         2.3635240322       -92.6721367352
       10.4950000000         2.3544819166       -81.2826683620
       10.5000000000         2.3454915028       -90.7738920063
       10.5050000000         2.3365559852       -90.7738920063
       10.5100000000         2.3276785384      -100.2651156506
       10.5150000000         2.3188623166      -111.6545840237
       10.5200000000         2.3101104522      -100.2651156506
       10.5250000000         2.3014260547       -98.3668709217
       10.5300000000         2.2928122095      -109.7563392948
       10.5350000000         2.2842719772      -111.6545840237
       10.5400000000         2.2758083920      -115.4510734814
       10.5450000000         2.2674244610      -113.5528287526
       10.5500000000         2.2591231629      -113.5528287526
       10.5550000000         2.2509074473      -121.1458076680
       10.5600000000         2.2427802331      -123.0440523968
       10.5650000000         2.2347444078      -119.2475629391
       10.5700000000         2.2268028266      -126.8405418545
       10.5750000000         2.2189583111      -130.6370313122
       10.5800000000         2.2112136483      -126.8405418545
       10.5850000000         2.2035715899      -136.3317654988
       10.5900000000         2.1960348512      -130.6370313122
       10.5950000000         2.1886061098      -138.2300102277
       10.6000000000         2.1812880051      -140.1282549565
       10.6050000000         2.1740831373      -142.0264996854
       10.6100000000         2.1669940663      -145.8229891431
       10.6150000000         2.1600233106      -157.2124575162
       10.6200000000         2.1531733471      -149.6194786008
       10.6250000000         2.1464466094      -161.0089469739
       10.6300000000         2.1398454876      -157.2124575162
       10.6350000000         2.1333723269      -159.1107022450
       10.6400000000         2.1270294273      -172.3984153470
       10.6450000000         2.1208190424      -162.9071917028
       10.6500000000         2.1147433786      -172.3984153470
       10.6550000000         2.1088045947      -166.7036811605
       10.6600000000         2.1030048007      -166.7036811605
       10.6650000000         2.0973460571      -178.0931495336
       10.6700000000         2.0918303746      -164.8054364316
       10.6750000000         2.0864597129      -170.5001706182
       10.6800000000         2.0812359800      -172.3984153470
       10.6850000000         2.0761610320      -191.3808626356
       10.6900000000         2.0712366719      -191.3808626356
       10.6950000000         2.0664646494      -193.2791073644
       10.7000000000         2.0618466600      -189.4826179067
       10.7050000000         2.0573843443      -200.8720862798
       10.7100000000         2.0530792879      -189.4826179067
       10.7150000000         2.0489330203      -208.4650651953
       10.7200000000         2.0449470147      -202.7703310087
       10.7250000000         2.0411226872      -204.6685757375
       10.7300000000         2.0374613966      -216.0580441107
       10.7350000000         2.0339644438      -217.9562888395
       10.7400000000         2.0306330712      -212.2615546530
       10.7450000000         2.0274684624      -216.0580441107
       10.7500000000         2.0244717419      -229.3457572126
       10.7550000000         2.0216439742      -216.0580441107
       10.7600000000         2.0189861642      -229.3457572126
       10.7650000000         2.0164992561      -210.3633099241
       10.7700000000         2.0141841335      -223.6510230261
       10.7750000000         2.0120416190      -225.5492677549
       10.7800000000         2.0100724738      -219.8545335684
       10.7850000000         2.0082773975      -244.5317150435
       10.7900000000         2.0066570279      -236.9387361281
       10.7950000000         2.0052119407      -223.6510230261
       10.8000000000         2.0039426493      -242.6334703146
       10.8050000000         2.0028496048      -223.6510230261
       10.8100000000         2.0019331954      -259.7176728743
       10.8150000000         2.0011937468      -246.4299597723
       10.8200000000         2.0006315217      -233.1422466704
       10.8250000000         2.0002467198      -252.1246939589
       10.8300000000         2.0000394779      -240.7352255858
       10.8350000000         2.0000098696      -242.6334703146
       10.8400000000         2.0001579054      -267.3106517897
       10.8450000000         2.0004835327      -240.7352255858
       10.8500000000         2.0009866358      -267.3106517897
       10.8550000000         2.0016670360      -255.9211834166
       10.8600000000         2.0025244915      -257.8194281455
       10.8650000000         2.0035586977      -274.9036307051
       10.8700000000         2.0047692872      -242.6334703146
       10.8750000000         2.0061558297      -286.2930990783
       10.8800000000         2.0077178327      -255.9211834166
       10.8850000000         2.0094547413      -273.0053859763
       10.8900000000         2.0113659382      -261.6159176032
       10.8950000000         2.0134507445      -284.3948543494
       10.9000000000         2.0157084194      -263.5141623320
       10.9050000000         2.0181381609      -273.0053859763
       10.9100000000         2.0207391055      -267.3106517897
       10.9150000000         2.0235103292      -265.4124070609
       10.9200000000         2.0264508475      -284.3948543494
       10.9250000000         2.0295596155      -263.5141623320
       10.9300000000         2.0328355288      -291.9878332648
       10.9350000000         2.0362774233      -254.0229386877
       10.9400000000         2.0398840763      -288.1913438071
       10.9450000000         2.0436542063      -273.0053859763
       10.9500000000         2.0475864738      -280.5983648917
       10.9550000000         2.0516794816      -288.1913438071
       10.9600000000         2.0559317756      -288.1913438071
       10.9650000000         2.0603418449      -301.4790569091
       10.9700000000         2.0649081227      -265.4124070609
       10.9750000000         2.0696289865      -284.3948543494
       10.9800000000         2.0745027591      -263.5141623320
       10.9850000000         2.0795277089      -291.9878332648
       10.9900000000         2.0847020504      -252.1246939589
       10.9950000000         2.0900239453      -307.1737910957
       11.0000000000         2.0954915028      -273.0053859763
       11.0050000000         2.1011027802      -248.3282045012
       11.0100000000         2.1068557839      -276.8018754340
       11.0150000000         2.1127484699      -278.7001201629
       11.0200000000         2.1187787445      -273.0053859763
       11.0250000000         2.1249444652      -291.9878332648
       11.0300000000         2.1312434413      -255.9211834166
       11.0350000000         2.1376734349      -265.4124070609
       11.0400000000         2.1442321614      -265.4124070609
       11.0450000000         2.1509172905      -267.3106517897
       11.0500000000         2.1577264470      -280.5983648917
       11.0550000000         2.1646572117      -265.4124070609
       11.0600000000         2.1717071221      -263.5141623320
       11.0650000000         2.1788736734      -267.3106517897
       11.0700000000         2.1861543194      -269.2088965186
       11.0750000000         2.1935464732      -254.0229386877
       11.0800000000         2.2010475085      -276.8018754340
       11.0850000000         2.2086547602      -252.1246939589
       11.0900000000         2.2163655254      -261.6159176032
       11.0950000000         2.2241770647      -269.2088965186
       11.1000000000         2.2320866025      -259.7176728743
       11.1050000000         2.2400913287      -252.1246939589
       11.1100000000         2.2481883992      -236.9387361281
       11.1150000000         2.2563749371      -267.3106517897
       11.1200000000         2.2646480339      -244.5317150435
       11.1250000000         2.2730047501      -252.1246939589
       11.1300000000         2.2814421167      -255.9211834166
       11.1350000000         2.2899571358      -244.5317150435
       11.1400000000         2.2985467821      -248.3282045012
       11.1450000000         2.3072080039      -227.4475124838
       11.1500000000         2.3159377237      -250.2264492300
       11.1550000000         2.3247328399      -238.8369808569
       11.1600000000         2.3335902277      -242.6334703146
       11.1650000000         2.3425067402      -235.0404913992
       11.1700000000         2.3514792092      -225.5492677549
       11.1750000000         2.3605044470      -227.4475124838
       11.1800000000         2.3695792469      -221.7527782972
       11.1850000000         2.3787003846      -238.8369808569
       11.1900000000         2.3878646195      -225.5492677549
       11.1950000000         2.3970686956      -227.4475124838
       11.2000000000         2.4063093427      -227.4475124838
       11.2050000000         2.4155832776      -217.9562888395
       11.2100000000         2.4248872054      -223.6510230261
       11.2150000000         2.4342178205      -204.6685757375
       11.2200000000         2.4435718076      -212.2615546530
       11.2250000000         2.4529458433      -202.7703310087
       11.2300000000         2.4623365972      -204.6685757375
       11.2350000000         2.4717407328      -187.5843731779
       11.2400000000         2.4811549087      -216.0580441107
       11.2450000000         2.4905757801      -185.6861284490
       11.2500000000         2.5000000000      -178.0931495336
       11.2550000000         2.5094242199      -176.1949048047
       11.2600000000         2.5188450913      -162.9071917028
       11.2650000000         2.5282592672      -130.6370313122
       11.2700000000         2.5376634028       -88.8756472775
       11.2750000000         2.5470541567       -47.1142632427
       11.2800000000         2.5564281924         0.3418549787
       11.2850000000         2.5657821795        13.6295680807
       11.2900000000         2.5751127946        -5.3528792079
       11.2950000000         2.5844167224        -3.4546344790
       11.3000000000         2.5936906573        -7.2511239367
       11.3050000000         2.6029313044         0.3418549787
       11.3100000000         2.6121353805        -3.4546344790
       11.3150000000         2.6212996154         2.2400997075
       11.3200000000         2.6304207531        -5.3528792079
       11.3250000000         2.6394955530        -7.2511239367
       11.3300000000         2.6485207908        49.6962179289
       11.3350000000         2.6574932598        74.3733994040
       11.3400000000         2.6664097723        47.7979732000
       11.3450000000         2.6752671601        68.6786652174
       11.3500000000         2.6840622763        51.5944626577
       11.3550000000         2.6927919961        53.4927073866
       11.3600000000         2.7014532179        55.3909521154
       11.3650000000         2.7100428642        93.3558466925
       11.3700000000         2.7185578833        76.2716441328
       11.3750000000         2.7269952499        83.8646230483
       11.3800000000         2.7353519661        83.8646230483
       11.3850000000         2.7436250629        85.7628677771
       11.3900000000         2.7518116008        85.7628677771
       11.3950000000         2.7599086713        89.5593572348
       11.4000000000         2.7679133975        93.3558466925
       11.4050000000         2.7758229353       108.5418045234
       11.4100000000         2.7836344746        93.3558466925
       11.4150000000         2.7913452398        97.1523361502
       11.4200000000         2.7989524915        99.0505808791
       11.4250000000         2.8064535268        83.8646230483
       11.4300000000         2.8138456806       108.5418045234
       11.4350000000         2.8211263266       114.2365387099
       11.4400000000         2.8282928779       108.5418045234
       11.4450000000         2.8353427883       114.2365387099
       11.4500000000         2.8422735530       112.3382939811
       11.4550000000         2.8490827095       116.1347834388
       11.4600000000         2.8557678386       110.4400492522
       11.4650000000         2.8623265651       119.9312728965
       11.4700000000         2.8687565587       121.8295176253
       11.4750000000         2.8750555348       121.8295176253
       11.4800000000         2.8812212555       127.5242518119
       11.4850000000         2.8872515301       129.4224965408
       11.4900000000         2.8931442161       131.3207412696
       11.4950000000         2.8988972198       121.8295176253
       11.5000000000         2.9045084972       144.6084543716
       11.5050000000         2.9099760547       135.1172307273
       11.5100000000         2.9152979496       144.6084543716
       11.5150000000         2.9204722911       144.6084543716
       11.5200000000         2.9254972409       146.5066991004
       11.5250000000         2.9303710135       157.8961674736
       11.5300000000         2.9350918773       148.4049438293
       11.5350000000         2.9396581551       161.6926569313
       11.5400000000         2.9440682244       155.9979227447
       11.5450000000         2.9483205184       163.5909016601
       11.5500000000         2.9524135262       165.4891463890
       11.5550000000         2.9563457937       165.4891463890
       11.5600000000         2.9601159237       176.8786147621
       11.5650000000         2.9637225767       182.5733489487
       11.5700000000         2.9671644712       169.2856358467
       11.5750000000         2.9704403845       193.9628173218
       11.5800000000         2.9735491525       178.7768594910
       11.5850000000         2.9764896708       192.0645725929
       11.5900000000         2.9792608945       180.6751042198
       11.5950000000         2.9818618391       197.7593067795
       11.6000000000         2.9842915806       195.8610620506
       11.6050000000         2.9865492555       186.3698384064
       11.6100000000         2.9886340618       193.9628173218
       11.6150000000         2.9905452587       197.7593067795
       11.6200000000         2.9922821673       195.8610620506
       11.6250000000         2.9938441703       205.3522856949
       11.6300000000         2.9952307128       203.4540409661
       11.6350000000         2.9964413023       207.2505304238
       11.6400000000         2.9974755085       211.0470198815
       11.6450000000         2.9983329640       205.3522856949
       11.6500000000         2.9990133642       211.0470198815
       11.6550000000         2.9995164673       226.2329777123
       11.6600000000         2.9998420946       218.6399987969
       11.6650000000         2.9999901304       218.6399987969
       11.6700000000         2.9999605221       230.0294671700
       11.6750000000         2.9997532802       218.6399987969
       11.6800000000         2.9993684783       230.0294671700
       11.6850000000         2.9988062532       214.8435093392
       11.6900000000         2.9980668046       228.1312224412
       11.6950000000         2.9971503952       233.8259566277
       11.7000000000         2.9960573507       222.4364882546
       11.7050000000         2.9947880593       233.8259566277
       11.7100000000         2.9933429721       218.6399987969
       11.7150000000         2.9917226025       222.4364882546
       11.7200000000         2.9899275262       226.2329777123
       11.7250000000         2.9879583810       228.1312224412
       11.7300000000         2.9858158665       231.9277118989
       11.7350000000         2.9835007439       224.3347329835
       11.7400000000         2.9810138358       239.5206908143
       11.7450000000         2.9783560258       226.2329777123
       11.7500000000         2.9755282581       245.2154250008
       11.7550000000         2.9725315376       222.4364882546
       11.7600000000         2.9693669288       239.5206908143
       11.7650000000         2.9660355562       237.6224460854
       11.7700000000         2.9625386034       230.0294671700
       11.7750000000         2.9588773128       250.9101591874
       11.7800000000         2.9550529853       224.3347329835
       11.7850000000         2.9510669797       233.8259566277
       11.7900000000         2.9469207121       245.2154250008
       11.7950000000         2.9426156557       233.8259566277
       11.8000000000         2.9381533400       230.0294671700
       11.8050000000         2.9335353506       220.5382435257
       11.8100000000         2.9287633281       241.4189355431
       11.8150000000         2.9238389680       245.2154250008
       11.8200000000         2.9187640200       233.8259566277
       11.8250000000         2.9135402871       241.4189355431
       11.8300000000         2.9081696254       233.8259566277
       11.8350000000         2.9026539429       243.3171802720
       11.8400000000         2.8969951993       239.5206908143
       11.8450000000         2.8911954053       233.8259566277
       11.8500000000         2.8852566214       245.2154250008
       11.8550000000         2.8791809576       228.1312224412
       11.8600000000         2.8729705727       237.6224460854
       11.8650000000         2.8666276731       237.6224460854
       11.8700000000         2.8601545124       224.3347329835
       11.8750000000         2.8535533906       235.7242013566
       11.8800000000         2.8468266529       237.6224460854
       11.8850000000         2.8399766894       218.6399987969
       11.8900000000         2.8330059337       239.5206908143
       11.8950000000         2.8259168627       212.9452646103
       11.9000000000         2.8187119949       220.5382435257
       11.9050000000         2.8113938902       224.3347329835
       11.9100000000         2.8039651488       207.2505304238
       11.9150000000         2.7964284101       222.4364882546
       11.9200000000         2.7887863517       214.8435093392
       11.9250000000         2.7810416889       207.2505304238
       11.9300000000         2.7731971734       224.3347329835
       11.9350000000         2.7652555922       207.2505304238
       11.9400000000         2.7572197669       222.4364882546
       11.9450000000         2.7490925527       199.6575515084
       11.9500000000         2.7408768371       212.9452646103
       11.9550000000         2.7325755390       214.8435093392
       11.9600000000         2.7241916080       205.3522856949
       11.9650000000         2.7157280228       190.1663278641
       11.9700000000         2.7071877905       190.1663278641
       11.9750000000         2.6985739453       178.7768594910
       11.9800000000         2.6898895478       178.7768594910
       11.9850000000         2.6811376834       182.5733489487
       11.9900000000         2.6723214616       182.5733489487
       11.9950000000         2.6634440148       169.2856358467
       12.0000000000         2.6545084972       163.5909016601
       12.0050000000         2.6455180834       169.2856358467
       12.0100000000         2.6364759678       167.3873911178
       12.0150000000         2.6273853628       152.2014332870
       12.0200000000         2.6182494985       159.7944122024
       12.0250000000         2.6090716207       163.5909016601
       12.0300000000         2.5998549903       152.2014332870
       12.0350000000         2.5906028818       146.5066991004
       12.0400000000         2.5813185826       133.2189859985
       12.0450000000         2.5720053913       142.7102096427
       12.0500000000         2.5626666168       131.3207412696
       12.0550000000         2.5533055771       131.3207412696
       12.0600000000         2.5439255983       116.1347834388
       12.0650000000         2.5345300129       123.7277623542
       12.0700000000         2.5251221591       121.8295176253
       12.0750000000         2.5157053795       112.3382939811
       12.0800000000         2.5062830199       102.8470703368
       12.0850000000         2.4968584280        99.0505808791
       12.0900000000         2.4874349523        85.7628677771
       12.0950000000         2.4780159408        62.9839310309
       12.1000000000         2.4686047402        21.2225469961
       12.1050000000         2.4592046942       -20.5388370387
       12.1100000000         2.4498191426        -3.4546344790
       12.1150000000         2.4404514200        -3.4546344790
       12.1200000000         2.4311048547         9.8330786230
       12.1250000000         2.4217827675        -1.5563897502
       12.1300000000         2.4124884705        -3.4546344790
       12.1350000000         2.4032252660        -9.1493686656
       12.1400000000         2.3939964450       -94.5703814640
       12.1450000000         2.3848052867       -83.1809130909
       12.1500000000         2.3756550564       -67.9949552601
       12.1550000000         2.3665490053       -98.3668709217
       12.1600000000         2.3574903688       -81.2826683620
       12.1650000000         2.3484823652       -88.8756472775
       12.1700000000         2.3395281951       -92.6721367352
       12.1750000000         2.3306310399      -105.9598498371
       12.1800000000         2.3217940606       -96.4686261929
       12.1850000000         2.3130203971      -107.8580945660
       12.1900000000         2.3043131666      -105.9598498371
       12.1950000000         2.2956754626      -107.8580945660
       12.2000000000         2.2871103542      -124.9422971257
       12.2050000000         2.2786208845      -102.1633603794
       12.2100000000         2.2702100697      -124.9422971257
       12.2150000000         2.2618808982      -107.8580945660
       12.2200000000         2.2536363292      -121.1458076680
       12.2250000000         2.2454792921      -113.5528287526
       12.2300000000         2.2374126850      -119.2475629391
       12.2350000000         2.2294393739      -121.1458076680
       12.2400000000         2.2215621918      -123.0440523968
       12.2450000000         2.2137839372      -143.9247444142
       12.2500000000         2.2061073739      -128.7387865834
       12.2550000000         2.1985352292      -132.5352760411
       12.2600000000         2.1910701935      -134.4335207699
       12.2650000000         2.1837149190      -157.2124575162
       12.2700000000         2.1764720192      -136.3317654988
       12.2750000000         2.1693440673      -153.4159680585
       12.2800000000         2.1623335959      -155.3142127873
       12.2850000000         2.1554430958      -142.0264996854
       12.2900000000         2.1486750151      -161.0089469739
       12.2950000000         2.1420317585      -157.2124575162
       12.3000000000         2.1355156863      -164.8054364316
       12.3050000000         2.1291291136      -174.2966600759
       12.3100000000         2.1228743096      -174.2966600759
       12.3150000000         2.1167534966      -174.2966600759
       12.3200000000         2.1107688492      -176.1949048047
       12.3250000000         2.1049224938      -178.0931495336
       12.3300000000         2.0992165076      -172.3984153470
       12.3350000000         2.0936529178      -189.4826179067
       12.3400000000         2.0882337012      -176.1949048047
       12.3450000000         2.0829607832      -189.4826179067
       12.3500000000         2.0778360372      -179.9913942624
       12.3550000000         2.0728612842      -195.1773520933
       12.3600000000         2.0680382914      -193.2791073644
       12.3650000000         2.0633687726      -187.5843731779
       12.3700000000         2.0588543868      -216.0580441107
       12.3750000000         2.0544967379      -204.6685757375
       12.3800000000         2.0502973742      -202.7703310087
       12.3850000000         2.0462577877      -219.8545335684
       12.3900000000         2.0423794137      -212.2615546530
       12.3950000000         2.0386636301      -225.5492677549
       12.4000000000         2.0351117571      -206.5668204664
       12.4050000000         2.0317250566      -223.6510230261
       12.4100000000         2.0285047321      -233.1422466704
       12.4150000000         2.0254519275      -221.7527782972
       12.4200000000         2.0225677276      -229.3457572126
       12.4250000000         2.0198531572      -227.4475124838
       12.4300000000         2.0173091806      -225.5492677549
       12.4350000000         2.0149367018      -252.1246939589
       12.4400000000         2.0127365636      -240.7352255858
       12.4450000000         2.0107095478      -242.6334703146
       12.4500000000         2.0088563746      -235.0404913992
       12.4550000000         2.0071777024      -236.9387361281
       12.4600000000         2.0056741276      -261.6159176032
       12.4650000000         2.0043461845      -240.7352255858
       12.4700000000         2.0031943447      -254.0229386877
       12.4750000000         2.0022190177      -261.6159176032
       12.4800000000         2.0014205499      -254.0229386877
       12.4850000000         2.0007992249      -273.0053859763
       12.4900000000         2.0003552637      -271.1071412474
       12.4950000000         2.0000888238      -248.3282045012
       12.5000000000         2.0000000000      -269.2088965186
       12.5050000000         2.0000888238      -242.6334703146
       12.5100000000         2.0003552637      -291.9878332648
       12.5150000000         2.0007992249      -246.4299597723
       12.5200000000         2.0014205499      -278.7001201629
       12.5250000000         2.0022190177      -276.8018754340
       12.5300000000         2.0031943447      -257.8194281455
       12.5350000000         2.0043461845      -271.1071412474
       12.5400000000         2.0056741276      -278.7001201629
       12.5450000000         2.0071777024      -282.4966096206
       12.5500000000         2.0088563746      -280.5983648917
       12.5550000000         2.0107095478      -286.2930990783
       12.5600000000         2.0127365636      -267.3106517897
       12.5650000000         2.0149367018      -286.2930990783
       12.5700000000         2.0173091806      -265.4124070609
       12.5750000000         2.0198531572      -278.7001201629
       12.5800000000         2.0225677276      -280.5983648917
       12.5850000000         2.0254519275      -280.5983648917
       12.5900000000         2.0285047321      -280.5983648917
       12.5950000000         2.0317250566      -286.2930990783
       12.6000000000         2.0351117571      -273.0053859763
       12.6050000000         2.0386636301      -293.8860779937
       12.6100000000         2.0423794137      -288.1913438071
       12.6150000000         2.0462577877      -293.8860779937
       12.6200000000         2.0502973742      -278.7001201629
       12.6250000000         2.0544967379      -278.7001201629
       12.6300000000         2.0588543868      -286.2930990783
       12.6350000000         2.0633687726      -286.2930990783
       12.6400000000         2.0680382914      -303.3773016380
       12.6450000000         2.0728612842      -290.0895885360
       12.6500000000         2.0778360372      -297.6825674514
       12.6550000000         2.0829607832      -284.3948543494
       12.6600000000         2.0882337012      -286.2930990783
       12.6650000000         2.0936529178      -282.4966096206
       12.6700000000         2.0992165076      -301.4790569091
       12.6750000000         2.1049224938      -293.8860779937
       12.6800000000         2.1107688492      -293.8860779937
       12.6850000000         2.1167534966      -280.5983648917
       12.6900000000         2.1228743096      -286.2930990783
       12.6950000000         2.1291291136      -284.3948543494
       12.7000000000         2.1355156863      -291.9878332648
       12.7050000000         2.1420317585      -293.8860779937
       12.7100000000         2.1486750151      -286.2930990783
       12.7150000000         2.1554430958      -276.8018754340
       12.7200000000         2.1623335959      -278.7001201629
       12.7250000000         2.1693440673      -274.9036307051
       12.7300000000         2.1764720192      -282.4966096206
       12.7350000000         2.1837149190      -269.2088965186
       12.7400000000         2.1910701935      -280.5983648917
       12.7450000000         2.1985352292      -257.8194281455
       12.7500000000         2.2061073739      -280.5983648917
       12.7550000000         2.2137839372      -257.8194281455
       12.7600000000         2.2215621918      -273.0053859763
       12.7650000000         2.2294393739      -255.9211834166
       12.7700000000         2.2374126850      -263.5141623320
       12.7750000000         2.2454792921      -271.1071412474
       12.7800000000         2.2536363292      -246.4299597723
       12.7850000000         2.2618808982      -271.1071412474
       12.7900000000         2.2702100697      -227.4475124838
       12.7950000000         2.2786208845      -265.4124070609
       12.8000000000         2.2871103542      -242.6334703146
       12.8050000000         2.2956754626      -235.0404913992
       12.8100000000         2.3043131666      -254.0229386877
       12.8150000000         2.3130203971      -225.5492677549
       12.8200000000         2.3217940606      -246.4299597723
       12.8250000000         2.3306310399      -223.6510230261
       12.8300000000         2.3395281951      -216.0580441107
       12.8350000000         2.3484823652      -219.8545335684
       12.8400000000         2.3574903688      -198.9738415510
       12.8450000000         2.3665490053      -227.4475124838
       12.8500000000         2.3756550564      -204.6685757375
       12.8550000000         2.3848052867      -204.6685757375
       12.8600000000         2.3939964450      -214.1597993818
       12.8650000000         2.4032252660      -191.3808626356
       12.8700000000         2.4124884705      -198.9738415510
       12.8750000000         2.4217827675      -198.9738415510
       12.8800000000         2.4311048547      -187.5843731779
       12.8850000000         2.4404514200      -197.0755968221
       12.8900000000         2.4498191426      -185.6861284490
       12.8950000000         2.4592046942      -174.2966600759
       12.9000000000         2.4686047402      -176.1949048047
       12.9050000000         2.4780159408      -162.9071917028
       12.9100000000         2.4874349523      -172.3984153470
       12.9150000000         2.4968584280      -153.4159680585
       12.9200000000         2.5062830199      -157.2124575162
       12.9250000000         2.5157053795      -136.3317654988
       12.9300000000         2.5251221591      -113.5528287526
       12.9350000000         2.5345300129       -62.3002210735
       12.9400000000         2.5439255983       -22.4370817676
       12.9450000000         2.5533055771         9.8330786230
       12.9500000000         2.5626666168         9.8330786230
       12.9550000000         2.5720053913        -3.4546344790
       12.9600000000         2.5813185826        -1.5563897502
       12.9650000000         2.5906028818        -3.4546344790
       12.9700000000         2.5998549903       -18.6405923099
       12.9750000000         2.6090716207         9.8330786230
       12.9800000000         2.6182494985        -7.2511239367
       12.9850000000         2.6273853628        -7.2511239367
       12.9900000000         2.6364759678         0.3418549787
       12.9950000000         2.6455180834        99.0505808791
       13.0000000000         2.6545084972        53.4927073866
       13.0050000000         2.6634440148        59.1874415732
       13.0100000000         2.6723214616        66.7804204886
       13.0150000000         2.6811376834        64.8821757597
       13.0200000000         2.6898895478        85.7628677771
       13.0250000000         2.6985739453        62.9839310309
       13.0300000000         2.7071877905       100.9488256079
       13.0350000000         2.7157280228        74.3733994040
       13.0400000000         2.7241916080        97.1523361502
       13.0450000000         2.7325755390        85.7628677771
       13.0500000000         2.7408768371        87.6611125060
       13.0550000000         2.7490925527       104.7453150657
       13.0600000000         2.7572197669        99.0505808791
       13.0650000000         2.7652555922        97.1523361502
       13.0700000000         2.7731971734        89.5593572348
       13.0750000000         2.7810416889        95.2540914214
       13.0800000000         2.7887863517       100.9488256079
       13.0850000000         2.7964284101       102.8470703368
       13.0900000000         2.8039651488       116.1347834388
       13.0950000000         2.8113938902       100.9488256079
       13.1000000000         2.8187119949       121.8295176253
       13.1050000000         2.8259168627       110.4400492522
       13.1100000000         2.8330059337       125.6260070830
       13.1150000000         2.8399766894       119.9312728965
       13.1200000000         2.8468266529       125.6260070830
       13.1250000000         2.8535533906       123.7277623542
       13.1300000000         2.8601545124       123.7277623542
       13.1350000000         2.8666276731       142.7102096427
       13.1400000000         2.8729705727       131.3207412696
       13.1450000000         2.8791809576       140.8119649139
       13.1500000000         2.8852566214       138.9137201850
       13.1550000000         2.8911954053       154.0996780159
       13.1600000000         2.8969951993       154.0996780159
       13.1650000000         2.9026539429       154.0996780159
       13.1700000000         2.9081696254       161.6926569313
       13.1750000000         2.9135402871       169.2856358467
       13.1800000000         2.9187640200       167.3873911178
       13.1850000000         2.9238389680       159.7944122024
       13.1900000000         2.9287633281       169.2856358467
       13.1950000000         2.9335353506       174.9803700332
       13.2000000000         2.9381533400       182.5733489487
       13.2050000000         2.9426156557       184.4715936775
       13.2100000000         2.9469207121       173.0821253044
       13.2150000000         2.9510669797       188.2680831352
       13.2200000000         2.9550529853       186.3698384064
       13.2250000000         2.9588773128       182.5733489487
       13.2300000000         2.9625386034       193.9628173218
       13.2350000000         2.9660355562       192.0645725929
       13.2400000000         2.9693669288       201.5557962372
       13.2450000000         2.9725315376       188.2680831352
       13.2500000000         2.9755282581       193.9628173218
       13.2550000000         2.9783560258       193.9628173218
       13.2600000000         2.9810138358       203.4540409661
       13.2650000000         2.9835007439       197.7593067795
       13.2700000000         2.9858158665       203.4540409661
       13.2750000000         2.9879583810       203.4540409661
       13.2800000000         2.9899275262       192.0645725929
       13.2850000000         2.9917226025       222.4364882546
       13.2900000000         2.9933429721       211.0470198815
       13.2950000000         2.9947880593       214.8435093392
       13.3000000000         2.9960573507       220.5382435257
       13.3050000000         2.9971503952       226.2329777123
       13.3100000000         2.9980668046       228.1312224412
       13.3150000000         2.9988062532       224.3347329835
       13.3200000000         2.9993684783       212.9452646103
       13.3250000000         2.9997532802       220.5382435257
       13.3300000000         2.9999605221       218.6399987969
       13.3350000000         2.9999901304       224.3347329835
       13.3400000000         2.9998420946       220.5382435257
       13.3450000000         2.9995164673       224.3347329835
       13.3500000000         2.9990133642       220.5382435257
       13.3550000000         2.9983329640       220.5382435257
       13.3600000000         2.9974755085       224.3347329835
       13.3650000000         2.9964413023       233.8259566277
       13.3700000000         2.9952307128       233.8259566277
       13.3750000000         2.9938441703       214.8435093392
       13.3800000000         2.9922821673       228.1312224412
       13.3850000000         2.9905452587       228.1312224412
       13.3900000000         2.9886340618       228.1312224412
       13.3950000000         2.9865492555       243.3171802720
       13.4000000000         2.9842915806       226.2329777123
       13.4050000000         2.9818618391       239.5206908143
       13.4100000000         2.9792608945       228.1312224412
       13.4150000000         2.9764896708       220.5382435257
       13.4200000000         2.9735491525       250.9101591874
       13.4250000000         2.9704403845       226.2329777123
       13.4300000000         2.9671644712       226.2329777123
       13.4350000000         2.9637225767       237.6224460854
       13.4400000000         2.9601159237       224.3347329835
       13.4450000000         2.9563457937       243.3171802720
       13.4500000000         2.9524135262       228.1312224412
       13.4550000000         2.9483205184       243.3171802720
       13.4600000000         2.9440682244       241.4189355431
       13.4650000000         2.9396581551       233.8259566277
       13.4700000000         2.9350918773       252.8084039163
       13.4750000000         2.9303710135       243.3171802720
       13.4800000000         2.9254972409       258.5031381028
       13.4850000000         2.9204722911       237.6224460854
       13.4900000000         2.9152979496       237.6224460854
       13.4950000000         2.9099760547       243.3171802720
       13.5000000000         2.9045084972       235.7242013566
       13.5050000000         2.8988972198       247.1136697297
       13.5100000000         2.8931442161       241.4189355431
       13.5150000000         2.8872515301       237.6224460854
       13.5200000000         2.8812212555       237.6224460854
       13.5250000000         2.8750555348       226.2329777123
       13.5300000000         2.8687565587       233.8259566277
       13.5350000000         2.8623265651       220.5382435257
       13.5400000000         2.8557678386       230.0294671700
       13.5450000000         2.8490827095       243.3171802720
       13.5500000000         2.8422735530       233.8259566277
       13.5550000000         2.8353427883       226.2329777123
       13.5600000000         2.8282928779       228.1312224412
       13.5650000000         2.8211263266       209.1487751526
       13.5700000000         2.8138456806       230.0294671700
       13.5750000000         2.8064535268       218.6399987969
       13.5800000000         2.7989524915       212.9452646103
       13.5850000000         2.7913452398       237.6224460854
       13.5900000000         2.7836344746       220.5382435257
       13.5950000000         2.7758229353       220.5382435257
       13.6000000000         2.7679133975       222.4364882546
       13.6050000000         2.7599086713       203.4540409661
       13.6100000000         2.7518116008       216.7417540680
       13.6150000000         2.7436250629       195.8610620506
       13.6200000000         2.7353519661       207.2505304238
       13.6250000000         2.7269952499       207.2505304238
       13.6300000000         2.7185578833       203.4540409661
       13.6350000000         2.7100428642       195.8610620506
       13.6400000000         2.7014532179       207.2505304238
       13.6450000000         2.6927919961       188.2680831352
       13.6500000000         2.6840622763       199.6575515084
       13.6550000000         2.6752671601       182.5733489487
       13.6600000000         2.6664097723       182.5733489487
       13.6650000000         2.6574932598       182.5733489487
       13.6700000000         2.6485207908       176.8786147621
       13.6750000000         2.6394955530       178.7768594910
       13.6800000000         2.6304207531       163.5909016601
       13.6850000000         2.6212996154       171.1838805755
       13.6900000000         2.6121353805       163.5909016601
       13.6950000000         2.6029313044       155.9979227447
       13.7000000000         2.5936906573       157.8961674736
       13.7050000000         2.5844167224       138.9137201850
       13.7100000000         2.5751127946       155.9979227447
       13.7150000000         2.5657821795       138.9137201850
       13.7200000000         2.5564281924       138.9137201850
       13.7250000000         2.5470541567       137.0154754562
       13.7300000000         2.5376634028       142.7102096427
       13.7350000000         2.5282592672       129.4224965408
       13.7400000000         2.5188450913       112.3382939811
       13.7450000000         2.5094242199       119.9312728965
       13.7500000000         2.5000000000       112.3382939811
       13.7550000000         2.4905757801        89.5593572348
       13.7600000000         2.4811549087        91.4576019637
       13.7650000000         2.4717407328        74.3733994040
       13.7700000000         2.4623365972        25.0190364538
       13.7750000000         2.4529458433       -12.9458581233
       13.7800000000         2.4435718076        -5.3528792079
       13.7850000000         2.4342178205        -1.5563897502
       13.7900000000         2.4248872054         9.8330786230
       13.7950000000         2.4155832776         0.3418549787
       13.8000000000         2.4063093427        -5.3528792079
       13.8050000000         2.3970686956        -9.1493686656
       13.8100000000         2.3878646195       -52.8089974292
       13.8150000000         2.3787003846      -126.8405418545
       13.8200000000         2.3695792469       -66.0967105312
       13.8250000000         2.3605044470       -75.5879341755
       13.8300000000         2.3514792092      -102.1633603794
       13.8350000000         2.3425067402       -92.6721367352
       13.8400000000         2.3335902277      -102.1633603794
       13.8450000000         2.3247328399      -105.9598498371
       13.8500000000         2.3159377237      -126.8405418545
       13.8550000000         2.3072080039      -119.2475629391
       13.8600000000         2.2985467821      -107.8580945660
       13.8650000000         2.2899571358      -123.0440523968
       13.8700000000         2.2814421167      -123.0440523968
       13.8750000000         2.2730047501      -128.7387865834
       13.8800000000         2.2646480339      -128.7387865834
       13.8850000000         2.2563749371      -138.2300102277
       13.8900000000         2.2481883992      -136.3317654988
       13.8950000000         2.2400913287      -140.1282549565
       13.9000000000         2.2320866025      -149.6194786008
       13.9050000000         2.2241770647      -126.8405418545
       13.9100000000         2.2163655254      -142.0264996854
       13.9150000000         2.2086547602      -174.2966600759
       13.9200000000         2.2010475085      -155.3142127873
       13.9250000000         2.1935464732      -159.1107022450
       13.9300000000         2.1861543194      -162.9071917028
       13.9350000000         2.1788736734      -161.0089469739
       13.9400000000         2.1717071221      -168.6019258893
       13.9450000000         2.1646572117      -172.3984153470
       13.9500000000         2.1577264470      -166.7036811605
       13.9550000000         2.1509172905      -179.9913942624
       13.9600000000         2.1442321614      -189.4826179067
       13.9650000000         2.1376734349      -179.9913942624
       13.9700000000         2.1312434413      -178.0931495336
       13.9750000000         2.1249444652      -168.6019258893
       13.9800000000         2.1187787445      -181.8896389913
       13.9850000000         2.1127484699      -204.6685757375
       13.9900000000         2.1068557839      -193.2791073644
       13.9950000000         2.1011027802      -197.0755968221
       14.0000000000         2.0954915028      -208.4650651953
       14.0050000000         2.0900239453      -181.8896389913
       14.0100000000         2.0847020504      -214.1597993818
       14.0150000000         2.0795277089      -189.4826179067
       14.0200000000         2.0745027591      -208.4650651953
       14.0250000000         2.0696289865      -206.5668204664
       14.0300000000         2.0649081227      -212.2615546530
       14.0350000000         2.0603418449      -197.0755968221
       14.0400000000         2.0559317756      -221.7527782972
       14.0450000000         2.0516794816      -219.8545335684
       14.0500000000         2.0475864738      -221.7527782972
       14.0550000000         2.0436542063      -216.0580441107
       14.0600000000         2.0398840763      -212.2615546530
       14.0650000000         2.0362774233      -229.3457572126
       14.0700000000         2.0328355288      -223.6510230261
       14.0750000000         2.0295596155      -225.5492677549
       14.0800000000         2.0264508475      -244.5317150435
       14.0850000000         2.0235103292      -219.8545335684
       14.0900000000         2.0207391055      -236.9387361281
       14.0950000000         2.0181381609      -242.6334703146
       14.1000000000         2.0157084194      -219.8545335684
       14.1050000000         2.0134507445      -238.8369808569
       14.1100000000         2.0113659382      -242.6334703146
       14.1150000000         2.0094547413      -248.3282045012
       14.1200000000         2.0077178327      -240.7352255858
       14.1250000000         2.0061558297      -231.2440019415
       14.1300000000         2.0047692872      -248.3282045012
       14.1350000000         2.0035586977      -235.0404913992
       14.1400000000         2.0025244915      -255.9211834166
       14.1450000000         2.0016670360      -246.4299597723
       14.1500000000         2.0009866358      -255.9211834166
       14.1550000000         2.0004835327      -257.8194281455
       14.1600000000         2.0001579054      -244.5317150435
       14.1650000000         2.0000098696      -265.4124070609
       14.1700000000         2.0000394779      -250.2264492300
       14.1750000000         2.0002467198      -263.5141623320
       14.1800000000         2.0006315217      -265.4124070609
       14.1850000000         2.0011937468      -254.0229386877
       14.1900000000         2.0019331954      -267.3106517897
       14.1950000000         2.0028496048      -261.6159176032
       14.2000000000         2.0039426493      -265.4124070609
       14.2050000000         2.0052119407      -265.4124070609
       14.2100000000         2.0066570279      -265.4124070609
       14.2150000000         2.0082773975      -274.9036307051
       14.2200000000         2.0100724738      -271.1071412474
       14.2250000000         2.0120416190      -278.7001201629
       14.2300000000         2.0141841335      -265.4124070609
       14.2350000000         2.0164992561      -274.9036307051
       14.2400000000         2.0189861642      -276.8018754340
       14.2450000000         2.0216439742      -286.2930990783
       14.2500000000         2.0244717419      -276.8018754340
       14.2550000000         2.0274684624      -293.8860779937
       14.2600000000         2.0306330712      -273.0053859763
       14.2650000000         2.0339644438      -284.3948543494
       14.2700000000         2.0374613966      -276.8018754340
       14.2750000000         2.0411226872      -284.3948543494
       14.2800000000         2.0449470147      -286.2930990783
       14.2850000000         2.0489330203      -286.2930990783
       14.2900000000         2.0530792879      -278.7001201629
       14.2950000000         2.0573843443      -286.2930990783
       14.3000000000         2.0618466600      -276.8018754340
       14.3050000000         2.0664646494      -282.4966096206
       14.3100000000         2.0712366719      -288.1913438071
       14.3150000000         2.0761610320      -280.5983648917
       14.3200000000         2.0812359800      -286.2930990783
       14.3250000000         2.0864597129      -269.2088965186
       14.3300000000         2.0918303746      -293.8860779937
       14.3350000000         2.0973460571      -265.4124070609
       14.3400000000         2.1030048007      -297.6825674514
       14.3450000000         2.1088045947      -261.6159176032
       14.3500000000         2.1147433786      -271.1071412474
       14.3550000000         2.1208190424      -273.0053859763
       14.3600000000         2.1270294273      -267.3106517897
       14.3650000000         2.1333723269      -267.3106517897
       14.3700000000         2.1398454876      -244.5317150435
       14.3750000000         2.1464466094      -286.2930990783
       14.3800000000         2.1531733471      -242.6334703146
       14.3850000000         2.1600233106      -269.2088965186
       14.3900000000         2.1669940663      -248.3282045012
       14.3950000000         2.1740831373      -265.4124070609
       14.4000000000         2.1812880051      -261.6159176032
       14.4050000000         2.1886061098      -252.1246939589
       14.4100000000         2.1960348512      -259.7176728743
       14.4150000000         2.2035715899      -246.4299597723
       14.4200000000         2.2112136483      -259.7176728743
       14.4250000000         2.2189583111      -225.5492677549
       14.4300000000         2.2268028266      -254.0229386877
       14.4350000000         2.2347444078      -227.4475124838
       14.4400000000         2.2427802331      -257.8194281455
       14.4450000000         2.2509074473      -229.3457572126
       14.4500000000         2.2591231629      -225.5492677549
       14.4550000000         2.2674244610      -238.8369808569
       14.4600000000         2.2758083920      -223.6510230261
       14.4650000000         2.2842719772      -242.6334703146
       14.4700000000         2.2928122095      -227.4475124838
       14.4750000000         2.3014260547      -202.7703310087
       14.4800000000         2.3101104522      -217.9562888395
       14.4850000000         2.3188623166      -217.9562888395
       14.4900000000         2.3276785384      -227.4475124838
       14.4950000000         2.3365559852      -223.6510230261
       14.5000000000         2.3454915028      -210.3633099241
       14.5050000000         2.3544819166      -195.1773520933
       14.5100000000         2.3635240322      -206.5668204664
       14.5150000000         2.3726146372      -202.7703310087
       14.5200000000         2.3817505015      -208.4650651953
       14.5250000000         2.3909283793      -208.4650651953
       14.5300000000         2.4001450097      -187.5843731779
       14.5350000000         2.4093971182      -195.1773520933
       14.5400000000         2.4186814174      -193.2791073644
       14.5450000000         2.4279946087      -195.1773520933
       14.5500000000         2.4373333832      -198.9738415510
       14.5550000000         2.4466944229      -189.4826179067
       14.5600000000         2.4560744017      -172.3984153470
       14.5650000000         2.4654699871      -166.7036811605
       14.5700000000         2.4748778409      -183.7878837202
       14.5750000000         2.4842946205      -178.0931495336
       14.5800000000         2.4937169801      -161.0089469739
       14.5850000000         2.5031415720      -166.7036811605
       14.5900000000         2.5125650477      -140.1282549565
       14.5950000000         2.5219840592      -126.8405418545
       14.6000000000         2.5313952598       -79.3844236332
       14.6050000000         2.5407953058       -28.1318159541
       14.6100000000         2.5501808574        19.3243022672
       14.6150000000         2.5595485800         7.9348338941
       14.6200000000         2.5688951453        -1.5563897502
       14.6250000000         2.5782172325        -5.3528792079
       14.6300000000         2.5875115295         2.2400997075
       14.6350000000         2.5967747340         9.8330786230
       14.6400000000         2.6060035550         0.3418549787
       14.6450000000         2.6151947133        -3.4546344790
       14.6500000000         2.6243449436        -5.3528792079
       14.6550000000         2.6334509947         2.2400997075
       14.6600000000         2.6425096312        66.7804204886
       14.6650000000         2.6515176348        76.2716441328
       14.6700000000         2.6604718049        62.9839310309
       14.6750000000         2.6693689601        76.2716441328
       14.6800000000         2.6782059394        55.3909521154
       14.6850000000         2.6869796029        70.5769099463
       14.6900000000         2.6956868334        64.8821757597
       14.6950000000         2.7043245374        93.3558466925
       14.7000000000         2.7128896458        85.7628677771
       14.7050000000         2.7213791155        93.3558466925
       14.7100000000         2.7297899303        74.3733994040
       14.7150000000         2.7381191018        81.9663783194
       14.7200000000         2.7463636708        93.3558466925
       14.7250000000         2.7545207079       100.9488256079
       14.7300000000         2.7625873150       100.9488256079
       14.7350000000         2.7705606261       100.9488256079
       14.7400000000         2.7784378082        97.1523361502
       14.7450000000         2.7862160628       108.5418045234
       14.7500000000         2.7938926261       118.0330281676
       14.7550000000         2.8014647708       116.1347834388
       14.7600000000         2.8089298065       112.3382939811
       14.7650000000         2.8162850810       114.2365387099
       14.7700000000         2.8235279808       119.9312728965
       14.7750000000         2.8306559327       121.8295176253
       14.7800000000         2.8376664041       127.5242518119
       14.7850000000         2.8445569042       121.8295176253
       14.7900000000         2.8513249849       131.3207412696
       14.7950000000         2.8579682415       138.9137201850
       14.8000000000         2.8644843137       131.3207412696
       14.8050000000         2.8708708864       144.6084543716
       14.8100000000         2.8771256904       137.0154754562
       14.8150000000         2.8832465034       152.2014332870
       14.8200000000         2.8892311508       138.9137201850
       14.8250000000         2.8950775062       142.7102096427
       14.8300000000         2.9007834924       163.5909016601
       14.8350000000         2.9063470822       154.0996780159
       14.8400000000         2.9117662988       167.3873911178
       14.8450000000         2.9170392168       165.4891463890
       14.8500000000         2.9221639628       163.5909016601
       14.8550000000         2.9271387158       167.3873911178
       14.8600000000         2.9319617086       167.3873911178
       14.8650000000         2.9366312274       182.5733489487
       14.8700000000         2.9411456132       169.2856358467
       14.8750000000         2.9455032621       174.9803700332
       14.8800000000         2.9497026258       188.2680831352
       14.8850000000         2.9537422123       182.5733489487
       14.8900000000         2.9576205863       184.4715936775
       14.8950000000         2.9613363699       195.8610620506
       14.9000000000         2.9648882429       188.2680831352
       14.9050000000         2.9682749434       192.0645725929
       14.9100000000         2.9714952679       205.3522856949
       14.9150000000         2.9745480725       207.2505304238
       14.9200000000         2.9774322724       193.9628173218
       14.9250000000         2.9801468428       205.3522856949
       14.9300000000         2.9826908194       199.6575515084
       14.9350000000         2.9850632982       216.7417540680
       14.9400000000         2.9872634364       220.5382435257
       14.9450000000         2.9892904522       205.3522856949
       14.9500000000         2.9911436254       211.0470198815
       14.9550000000         2.9928222976       209.1487751526
       14.9600000000         2.9943258724       218.6399987969
       14.9650000000         2.9956538155       222.4364882546
       14.9700000000         2.9968056553       228.1312224412
       14.9750000000         2.9977809823       214.8435093392
       14.9800000000         2.9985794501       230.0294671700
       14.9850000000         2.9992007751       216.7417540680
       14.9900000000         2.9996447363       237.6224460854
       14.9950000000         2.9999111762       245.2154250008
       15.0000000000         3.0000000000       218.6399987969
       15.0050000000         2.9999111762       233.8259566277
       15.0100000000         2.9996447363       243.3171802720
       15.0150000000         2.9992007751       245.2154250008
       15.0200000000         2.9985794501       262.2996275605
       15.0250000000         2.9977809823       235.7242013566
       15.0300000000         2.9968056553       239.5206908143
       15.0350000000         2.9956538155       245.2154250008
       15.0400000000         2.9943258724       233.8259566277
       15.0450000000         2.9928222976       254.7066486451
       15.0500000000         2.9911436254       237.6224460854
       15.0550000000         2.9892904522       239.5206908143
       15.0600000000         2.9872634364       247.1136697297
       15.0650000000         2.9850632982       230.0294671700
       15.0700000000         2.9826908194       249.0119144586
       15.0750000000         2.9801468428       228.1312224412
       15.0800000000         2.9774322724       264.1978722894
       15.0850000000         2.9745480725       249.0119144586
       15.0900000000         2.9714952679       237.6224460854
       15.0950000000         2.9682749434       256.6048933740
       15.1000000000         2.9648882429       235.7242013566
       15.1050000000         2.9613363699       237.6224460854
       15.1100000000         2.9576205863       237.6224460854
       15.1150000000         2.9537422123       250.9101591874
       15.1200000000         2.9497026258       230.0294671700
       15.1250000000         2.9455032621       237.6224460854
       15.1300000000         2.9411456132       249.0119144586
       15.1350000000         2.9366312274       230.0294671700
       15.1400000000         2.9319617086       247.1136697297
       15.1450000000         2.9271387158       237.6224460854
       15.1500000000         2.9221639628       235.7242013566
       15.1550000000         2.9170392168       243.3171802720
       15.1600000000         2.9117662988       224.3347329835
       15.1650000000         2.9063470822       243.3171802720
       15.1700000000         2.9007834924       243.3171802720
       15.1750000000         2.8950775062       230.0294671700
       15.1800000000         2.8892311508       237.6224460854
       15.1850000000         2.8832465034       218.6399987969
       15.1900000000         2.8771256904       235.7242013566
       15.1950000000         2.8708708864       231.9277118989
       15.2000000000         2.8644843137       228.1312224412
       15.2050000000         2.8579682415       237.6224460854
       15.2100000000         2.8513249849       220.5382435257
       15.2150000000         2.8445569042       218.6399987969
       15.2200000000         2.8376664041       233.8259566277
       15.2250000000         2.8306559327       212.9452646103
       15.2300000000         2.8235279808       222.4364882546
       15.2350000000         2.8162850810       212.9452646103
       15.2400000000         2.8089298065       212.9452646103
       15.2450000000         2.8014647708       222.4364882546
       15.2500000000         2.7938926261       209.1487751526
       15.2550000000         2.7862160628       222.4364882546
       15.2600000000         2.7784378082       195.8610620506
       15.2650000000         2.7705606261       209.1487751526
       15.2700000000         2.7625873150       228.1312224412
       15.2750000000         2.7545207079       205.3522856949
       15.2800000000         2.7463636708       214.8435093392
       15.2850000000         2.7381191018       197.7593067795
       15.2900000000         2.7297899303       190.1663278641
       15.2950000000         2.7213791155       199.6575515084
       15.3000000000         2.7128896458       207.2505304238
       15.3050000000         2.7043245374       207.2505304238
       15.3100000000         2.6956868334       188.2680831352
       15.3150000000         2.6869796029       182.5733489487
       15.3200000000         2.6782059394       176.8786147621
       15.3250000000         2.6693689601       178.7768594910
       15.3300000000         2.6604718049       171.1838805755
       15.3350000000         2.6515176348       173.0821253044
       15.3400000000         2.6425096312       171.1838805755
       15.3450000000         2.6334509947       167.3873911178
       15.3500000000         2.6243449436       159.7944122024
       15.3550000000         2.6151947133       169.2856358467
       15.3600000000         2.6060035550       146.5066991004
       15.3650000000         2.5967747340       169.2856358467
       15.3700000000         2.5875115295       127.5242518119
       15.3750000000         2.5782172325       146.5066991004
       15.3800000000         2.5688951453       137.0154754562
       15.3850000000         2.5595485800       137.0154754562
       15.3900000000         2.5501808574       140.8119649139
       15.3950000000         2.5407953058       119.9312728965
       15.4000000000         2.5313952598       125.6260070830
       15.4050000000         2.5219840592       112.3382939811
       15.4100000000         2.5125650477       123.7277623542
       15.4150000000         2.5031415720       119.9312728965
       15.4200000000         2.4937169801       108.5418045234
       15.4250000000         2.4842946205       102.8470703368
       15.4300000000         2.4748778409        66.7804204886
       15.4350000000         2.4654699871        26.9172811826
       15.4400000000         2.4560744017       -28.1318159541
       15.4450000000         2.4466944229        -7.2511239367
       15.4500000000         2.4373333832         0.3418549787
       15.4550000000         2.4279946087        -3.4546344790
       15.4600000000         2.4186814174         4.1383444364
       15.4650000000         2.4093971182         0.3418549787
       15.4700000000         2.4001450097        -7.2511239367
       15.4750000000         2.3909283793       -58.5037316158
       15.4800000000         2.3817505015      -126.8405418545
       15.4850000000         2.3726146372       -69.8931999889
       15.4900000000         2.3635240322       -73.6896894466
       15.4950000000         2.3544819166      -104.0616051083
       15.5000000000         2.3454915028       -83.1809130909
       15.5050000000         2.3365559852      -104.0616051083
       15.5100000000         2.3276785384      -104.0616051083
       15.5150000000         2.3188623166      -128.7387865834
       15.5200000000         2.3101104522       -98.3668709217
       15.5250000000         2.3014260547       -98.3668709217
       15.5300000000         2.2928122095      -113.5528287526
       15.5350000000         2.2842719772      -134.4335207699
       15.5400000000         2.2758083920      -124.9422971257
       15.5450000000         2.2674244610      -136.3317654988
       15.5500000000         2.2591231629      -117.3493182103
       15.5550000000         2.2509074473      -119.2475629391
       15.5600000000         2.2427802331      -126.8405418545
       15.5650000000         2.2347444078      -136.3317654988
       15.5700000000         2.2268028266      -134.4335207699
       15.5750000000         2.2189583111      -147.7212338719
       15.5800000000         2.2112136483      -143.9247444142
       15.5850000000         2.2035715899      -143.9247444142
       15.5900000000         2.1960348512      -145.8229891431
       15.5950000000         2.1886061098      -145.8229891431
       15.6000000000         2.1812880051      -143.9247444142
       15.6050000000         2.1740831373      -164.8054364316
       15.6100000000         2.1669940663      -143.9247444142
       15.6150000000         2.1600233106      -168.6019258893
       15.6200000000         2.1531733471      -164.8054364316
       15.6250000000         2.1464466094      -151.5177233296
       15.6300000000         2.1398454876      -172.3984153470
       15.6350000000         2.1333723269      -155.3142127873
       15.6400000000         2.1270294273      -185.6861284490
       15.6450000000         2.1208190424      -185.6861284490
       15.6500000000         2.1147433786      -178.0931495336
       15.6550000000         2.1088045947      -195.1773520933
       15.6600000000         2.1030048007      -159.1107022450
       15.6650000000         2.0973460571      -176.1949048047
       15.6700000000         2.0918303746      -202.7703310087
       15.6750000000         2.0864597129      -179.9913942624
       15.6800000000         2.0812359800      -200.8720862798
       15.6850000000         2.0761610320      -197.0755968221
       15.6900000000         2.0712366719      -206.5668204664
       15.6950000000         2.0664646494      -202.7703310087
       15.7000000000         2.0618466600      -225.5492677549
       15.7050000000         2.0573843443      -223.6510230261
       15.7100000000         2.0530792879      -206.5668204664
       15.7150000000         2.0489330203      -229.3457572126
       15.7200000000         2.0449470147      -206.5668204664
       15.7250000000         2.0411226872      -214.1597993818
       15.7300000000         2.0374613966      -229.3457572126
       15.7350000000         2.0339644438      -221.7527782972
       15.7400000000         2.0306330712      -216.0580441107
       15.7450000000         2.0274684624      -225.5492677549
       15.7500000000         2.0244717419      -231.2440019415
       15.7550000000         2.0216439742      -235.0404913992
       15.7600000000         2.0189861642      -233.1422466704
       15.7650000000         2.0164992561      -238.8369808569
       15.7700000000         2.0141841335      -255.9211834166
       15.7750000000         2.0120416190      -252.1246939589
       15.7800000000         2.0100724738      -236.9387361281
       15.7850000000         2.0082773975      -248.3282045012
       15.7900000000         2.0066570279      -235.0404913992
       15.7950000000         2.0052119407      -250.2264492300
       15.8000000000         2.0039426493      -248.3282045012
       15.8050000000         2.0028496048      -255.9211834166
       15.8100000000         2.0019331954      -263.5141623320
       15.8150000000         2.0011937468      -246.4299597723
       15.8200000000         2.0006315217      -271.1071412474
       15.8250000000         2.0002467198      -259.7176728743
       15.8300000000         2.0000394779      -273.0053859763
       15.8350000000         2.0000098696      -263.5141623320
       15.8400000000         2.0001579054      -257.8194281455
       15.8450000000         2.0004835327      -282.4966096206
       15.8500000000         2.0009866358      -263.5141623320
       15.8550000000         2.0016670360      -280.5983648917
       15.8600000000         2.0025244915      -255.9211834166
       15.8650000000         2.0035586977      -299.5808121802
       15.8700000000         2.0047692872      -257.8194281455
       15.8750000000         2.0061558297      -293.8860779937
       15.8800000000         2.0077178327      -263.5141623320
       15.8850000000         2.0094547413      -286.2930990783
       15.8900000000         2.0113659382      -267.3106517897
       15.8950000000         2.0134507445      -278.7001201629
       15.9000000000         2.0157084194      -278.7001201629
       15.9050000000         2.0181381609      -273.0053859763
       15.9100000000         2.0207391055      -291.9878332648
       15.9150000000         2.0235103292      -263.5141623320
       15.9200000000         2.0264508475      -291.9878332648
       15.9250000000         2.0295596155      -273.0053859763
       15.9300000000         2.0328355288      -276.8018754340
       15.9350000000         2.0362774233      -278.7001201629
       15.9400000000         2.0398840763      -274.9036307051
       15.9450000000         2.0436542063      -288.1913438071
       15.9500000000         2.0475864738      -261.6159176032
       15.9550000000         2.0516794816      -280.5983648917
       15.9600000000         2.0559317756      -261.6159176032
       15.9650000000         2.0603418449      -293.8860779937
       15.9700000000         2.0649081227      -257.8194281455
       15.9750000000         2.0696289865      -288.1913438071
       15.9800000000         2.0745027591      -276.8018754340
       15.9850000000         2.0795277089      -293.8860779937
       15.9900000000         2.0847020504      -261.6159176032
       15.9950000000         2.0900239453      -278.7001201629
       16.0000000000         2.0954915028      -263.5141623320
       16.0050000000         2.1011027802      -284.3948543494
       16.0100000000         2.1068557839      -252.1246939589
       16.0150000000         2.1127484699      -254.0229386877
       16.0200000000         2.1187787445      -271.1071412474
       16.0250000000         2.1249444652      -257.8194281455
       16.0300000000         2.1312434413      -273.0053859763
       16.0350000000         2.1376734349      -246.4299597723
       16.0400000000         2.1442321614      -261.6159176032
       16.0450000000         2.1509172905      -252.1246939589
       16.0500000000         2.1577264470      -269.2088965186
       16.0550000000         2.1646572117      -284.3948543494
       16.0600000000         2.1717071221      -250.2264492300
       16.0650000000         2.1788736734      -263.5141623320
       16.0700000000         2.1861543194      -236.9387361281
       16.0750000000         2.1935464732      -257.8194281455
       16.0800000000         2.2010475085      -236.9387361281
       16.0850000000         2.2086547602      -250.2264492300
       16.0900000000         2.2163655254      -248.3282045012
       16.0950000000         2.2241770647      -235.0404913992
       16.1000000000         2.2320866025      -259.7176728743
       16.1050000000         2.2400913287      -225.5492677549
       16.1100000000         2.2481883992      -244.5317150435
       16.1150000000         2.2563749371      -235.0404913992
       16.1200000000         2.2646480339      -227.4475124838
       16.1250000000         2.2730047501      -248.3282045012
       16.1300000000         2.2814421167      -216.0580441107
       16.1350000000         2.2899571358      -248.3282045012
       16.1400000000         2.2985467821      -221.7527782972
       16.1450000000         2.3072080039      -225.5492677549
       16.1500000000         2.3159377237      -231.2440019415
       16.1550000000         2.3247328399      -217.9562888395
       16.1600000000         2.3335902277      -221.7527782972
       16.1650000000         2.3425067402      -219.8545335684
       16.1700000000         2.3514792092      -206.5668204664
       16.1750000000         2.3605044470      -217.9562888395
       16.1800000000         2.3695792469      -206.5668204664
       16.1850000000         2.3787003846      -210.3633099241
       16.1900000000         2.3878646195      -216.0580441107
       16.1950000000         2.3970686956      -202.7703310087
       16.2000000000         2.4063093427      -197.0755968221
       16.2050000000         2.4155832776      -195.1773520933
       16.2100000000         2.4248872054      -195.1773520933
       16.2150000000         2.4342178205      -189.4826179067
       16.2200000000         2.4435718076      -195.1773520933
       16.2250000000         2.4529458433      -187.5843731779
       16.2300000000         2.4623365972      -178.0931495336
       16.2350000000         2.4717407328      -174.2966600759
       16.2400000000         2.4811549087      -166.7036811605
       16.2450000000         2.4905757801      -181.8896389913
       16.2500000000         2.5000000000      -153.4159680585
       16.2550000000         2.5094242199      -145.8229891431
       16.2600000000         2.5188450913      -140.1282549565
       16.2650000000         2.5282592672      -119.2475629391
       16.2700000000         2.5376634028       -50.9107527004
       16.2750000000         2.5470541567       -28.1318159541
       16.2800000000         2.5564281924         0.3418549787
       16.2850000000         2.5657821795        11.7313233518
       16.2900000000         2.5751127946         0.3418549787
       16.2950000000         2.5844167224        -9.1493686656
       16.3000000000         2.5936906573        -5.3528792079
       16.3050000000         2.6029313044         4.1383444364
       16.3100000000         2.6121353805         2.2400997075
       16.3150000000         2.6212996154         0.3418549787
       16.3200000000         2.6304207531         4.1383444364
       16.3250000000         2.6394955530         4.1383444364
       16.3300000000         2.6485207908        87.6611125060
       16.3350000000         2.6574932598        61.0856863020
       16.3400000000         2.6664097723        61.0856863020
       16.3450000000         2.6752671601        62.9839310309
       16.3500000000         2.6840622763        66.7804204886
       16.3550000000         2.6927919961        74.3733994040
       16.3600000000         2.7014532179        66.7804204886
       16.3650000000         2.7100428642        95.2540914214
       16.3700000000         2.7185578833        81.9663783194
       16.3750000000         2.7269952499        97.1523361502
       16.3800000000         2.7353519661        72.4751546751
       16.3850000000         2.7436250629        97.1523361502
       16.3900000000         2.7518116008        99.0505808791
       16.3950000000         2.7599086713        95.2540914214
       16.4000000000         2.7679133975       102.8470703368
       16.4050000000         2.7758229353        93.3558466925
       16.4100000000         2.7836344746        97.1523361502
       16.4150000000         2.7913452398        99.0505808791
       16.4200000000         2.7989524915       104.7453150657
       16.4250000000         2.8064535268        91.4576019637
       16.4300000000         2.8138456806       116.1347834388
       16.4350000000         2.8211263266       108.5418045234
       16.4400000000         2.8282928779       118.0330281676
       16.4450000000         2.8353427883       108.5418045234
       16.4500000000         2.8422735530       121.8295176253
       16.4550000000         2.8490827095       131.3207412696
       16.4600000000         2.8557678386       127.5242518119
       16.4650000000         2.8623265651       140.8119649139
       16.4700000000         2.8687565587       138.9137201850
       16.4750000000         2.8750555348       144.6084543716
       16.4800000000         2.8812212555       138.9137201850
       16.4850000000         2.8872515301       152.2014332870
       16.4900000000         2.8931442161       148.4049438293
       16.4950000000         2.8988972198       148.4049438293
       16.5000000000         2.9045084972       131.3207412696
       16.5050000000         2.9099760547       129.4224965408
       16.5100000000         2.9152979496       159.7944122024
       16.5150000000         2.9204722911       161.6926569313
       16.5200000000         2.9254972409       165.4891463890
       16.5250000000         2.9303710135       163.5909016601
       16.5300000000         2.9350918773       171.1838805755
       16.5350000000         2.9396581551       169.2856358467
       16.5400000000         2.9440682244       178.7768594910
       16.5450000000         2.9483205184       180.6751042198
       16.5500000000         2.9524135262       180.6751042198
       16.5550000000         2.9563457937       188.2680831352
       16.5600000000         2.9601159237       178.7768594910
       16.5650000000         2.9637225767       195.8610620506
       16.5700000000         2.9671644712       184.4715936775
       16.5750000000         2.9704403845       193.9628173218
       16.5800000000         2.9735491525       201.5557962372
       16.5850000000         2.9764896708       193.9628173218
       16.5900000000         2.9792608945       207.2505304238
       16.5950000000         2.9818618391       195.8610620506
       16.6000000000         2.9842915806       201.5557962372
       16.6050000000         2.9865492555       192.0645725929
       16.6100000000         2.9886340618       212.9452646103
       16.6150000000         2.9905452587       212.9452646103
       16.6200000000         2.9922821673       209.1487751526
       16.6250000000         2.9938441703       222.4364882546
       16.6300000000         2.9952307128       214.8435093392
       16.6350000000         2.9964413023       220.5382435257
       16.6400000000         2.9974755085       218.6399987969
       16.6450000000         2.9983329640       233.8259566277
       16.6500000000         2.9990133642       220.5382435257
       16.6550000000         2.9995164673       228.1312224412
       16.6600000000         2.9998420946       216.7417540680
       16.6650000000         2.9999901304       230.0294671700
       16.6700000000         2.9999605221       233.8259566277
       16.6750000000         2.9997532802       230.0294671700
       16.6800000000         2.9993684783       239.5206908143
       16.6850000000         2.9988062532       243.3171802720
       16.6900000000         2.9980668046       233.8259566277
       16.6950000000         2.9971503952       243.3171802720
       16.7000000000         2.9960573507       231.9277118989
       16.7050000000         2.9947880593       260.4013828317
       16.7100000000         2.9933429721       241.4189355431
       16.7150000000         2.9917226025       233.8259566277
       16.7200000000         2.9899275262       239.5206908143
       16.7250000000         2.9879583810       230.0294671700
       16.7300000000         2.9858158665       256.6048933740
       16.7350000000         2.9835007439       230.0294671700
       16.7400000000         2.9810138358       252.8084039163
       16.7450000000         2.9783560258       243.3171802720
       16.7500000000         2.9755282581       241.4189355431
       16.7550000000         2.9725315376       267.9943617471
       16.7600000000         2.9693669288       235.7242013566
       16.7650000000         2.9660355562       271.7908512048
       16.7700000000         2.9625386034       235.7242013566
       16.7750000000         2.9588773128       250.9101591874
       16.7800000000         2.9550529853       252.8084039163
       16.7850000000         2.9510669797       237.6224460854
       16.7900000000         2.9469207121       258.5031381028
       16.7950000000         2.9426156557       243.3171802720
       16.8000000000         2.9381533400       252.8084039163
       16.8050000000         2.9335353506       256.6048933740
       16.8100000000         2.9287633281       241.4189355431
       16.8150000000         2.9238389680       258.5031381028
       16.8200000000         2.9187640200       237.6224460854
       16.8250000000         2.9135402871       252.8084039163
       16.8300000000         2.9081696254       252.8084039163
       16.8350000000         2.9026539429       237.6224460854
       16.8400000000         2.8969951993       256.6048933740
       16.8450000000         2.8911954053       231.9277118989
       16.8500000000         2.8852566214       249.0119144586
       16.8550000000         2.8791809576       235.7242013566
       16.8600000000         2.8729705727       237.6224460854
       16.8650000000         2.8666276731       252.8084039163
       16.8700000000         2.8601545124       230.0294671700
       16.8750000000         2.8535533906       243.3171802720
       16.8800000000         2.8468266529       224.3347329835
       16.8850000000         2.8399766894       239.5206908143
       16.8900000000         2.8330059337       233.8259566277
       16.8950000000         2.8259168627       220.5382435257
       16.9000000000         2.8187119949       237.6224460854
       16.9050000000         2.8113938902       207.2505304238
       16.9100000000         2.8039651488       224.3347329835
       16.9150000000         2.7964284101       214.8435093392
       16.9200000000         2.7887863517       211.0470198815
       16.9250000000         2.7810416889       214.8435093392
       16.9300000000         2.7731971734       214.8435093392
       16.9350000000         2.7652555922       209.1487751526
       16.9400000000         2.7572197669       216.7417540680
       16.9450000000         2.7490925527       195.8610620506
       16.9500000000         2.7408768371       203.4540409661
       16.9550000000         2.7325755390       197.7593067795
       16.9600000000         2.7241916080       203.4540409661
       16.9650000000         2.7157280228       192.0645725929
       16.9700000000         2.7071877905       207.2505304238
       16.9750000000         2.6985739453       176.8786147621
       16.9800000000         2.6898895478       176.8786147621
       16.9850000000         2.6811376834       180.6751042198
       16.9900000000         2.6723214616       176.8786147621
       16.9950000000         2.6634440148       171.1838805755
       17.0000000000         2.6545084972       165.4891463890
       17.0050000000         2.6455180834       178.7768594910
       17.0100000000         2.6364759678       157.8961674736
       17.0150000000         2.6273853628       152.2014332870
       17.0200000000         2.6182494985       159.7944122024
       17.0250000000         2.6090716207       157.8961674736
       17.0300000000         2.5998549903       152.2014332870
       17.0350000000         2.5906028818       146.5066991004
       17.0400000000         2.5813185826       138.9137201850
       17.0450000000         2.5720053913       135.1172307273
       17.0500000000         2.5626666168       146.5066991004
       17.0550000000         2.5533055771       138.9137201850
       17.0600000000         2.5439255983       131.3207412696
       17.0650000000         2.5345300129       131.3207412696
       17.0700000000         2.5251221591       121.8295176253
       17.0750000000         2.5157053795       121.8295176253
       17.0800000000         2.5062830199       121.8295176253
       17.0850000000         2.4968584280       116.1347834388
       17.0900000000         2.4874349523       100.9488256079
       17.0950000000         2.4780159408        85.7628677771
       17.1000000000         2.4686047402        30.7137706403
       17.1050000000         2.4592046942        -9.1493686656
       17.1100000000         2.4498191426        -7.2511239367
       17.1150000000         2.4404514200        -5.3528792079
       17.1200000000         2.4311048547         7.9348338941
       17.1250000000         2.4217827675        -3.4546344790
       17.1300000000         2.4124884705        -7.2511239367
       17.1350000000         2.4032252660        -1.5563897502
       17.1400000000         2.3939964450       -31.9283054118
       17.1450000000         2.3848052867      -115.4510734814
       17.1500000000         2.3756550564       -62.3002210735
       17.1550000000         2.3665490053       -86.9774025486
       17.1600000000         2.3574903688       -79.3844236332
       17.1650000000         2.3484823652       -94.5703814640
       17.1700000000         2.3395281951       -86.9774025486
       17.1750000000         2.3306310399      -104.0616051083
       17.1800000000         2.3217940606       -98.3668709217
       17.1850000000         2.3130203971      -100.2651156506
       17.1900000000         2.3043131666       -79.3844236332
       17.1950000000         2.2956754626      -102.1633603794
       17.2000000000         2.2871103542      -107.8580945660
       17.2050000000         2.2786208845      -109.7563392948
       17.2100000000         2.2702100697      -115.4510734814
       17.2150000000         2.2618808982      -134.4335207699
       17.2200000000         2.2536363292      -117.3493182103
       17.2250000000         2.2454792921      -107.8580945660
       17.2300000000         2.2374126850      -134.4335207699
       17.2350000000         2.2294393739      -126.8405418545
       17.2400000000         2.2215621918      -124.9422971257
       17.2450000000         2.2137839372      -134.4335207699
       17.2500000000         2.2061073739      -128.7387865834
       17.2550000000         2.1985352292      -142.0264996854
       17.2600000000         2.1910701935      -134.4335207699
       17.2650000000         2.1837149190      -145.8229891431
       17.2700000000         2.1764720192      -151.5177233296
       17.2750000000         2.1693440673      -143.9247444142
       17.2800000000         2.1623335959      -157.2124575162
       17.2850000000         2.1554430958      -155.3142127873
       17.2900000000         2.1486750151      -174.2966600759
       17.2950000000         2.1420317585      -145.8229891431
       17.3000000000         2.1355156863      -168.6019258893
       17.3050000000         2.1291291136      -161.0089469739
       17.3100000000         2.1228743096      -181.8896389913
       17.3150000000         2.1167534966      -176.1949048047
       17.3200000000         2.1107688492      -170.5001706182
       17.3250000000         2.1049224938      -195.1773520933
       17.3300000000         2.0992165076      -159.1107022450
       17.3350000000         2.0936529178      -191.3808626356
       17.3400000000         2.0882337012      -189.4826179067
       17.3450000000         2.0829607832      -185.6861284490
       17.3500000000         2.0778360372      -202.7703310087
       17.3550000000         2.0728612842      -208.4650651953
       17.3600000000         2.0680382914      -210.3633099241
       17.3650000000         2.0633687726      -179.9913942624
       17.3700000000         2.0588543868      -210.3633099241
       17.3750000000         2.0544967379      -202.7703310087
       17.3800000000         2.0502973742      -217.9562888395
       17.3850000000         2.0462577877      -204.6685757375
       17.3900000000         2.0423794137      -214.1597993818
       17.3950000000         2.0386636301      -212.2615546530
       17.4000000000         2.0351117571      -221.7527782972
       17.4050000000         2.0317250566      -227.4475124838
       17.4100000000         2.0285047321      -219.8545335684
       17.4150000000         2.0254519275      -235.0404913992
       17.4200000000         2.0225677276      -208.4650651953
       17.4250000000         2.0198531572      -240.7352255858
       17.4300000000         2.0173091806      -227.4475124838
       17.4350000000         2.0149367018      -227.4475124838
       17.4400000000         2.0127365636      -246.4299597723
       17.4450000000         2.0107095478      -227.4475124838
       17.4500000000         2.0088563746      -248.3282045012
       17.4550000000         2.0071777024      -238.8369808569
       17.4600000000         2.0056741276      -236.9387361281
       17.4650000000         2.0043461845      -255.9211834166
       17.4700000000         2.0031943447      -227.4475124838
       17.4750000000         2.0022190177      -261.6159176032
       17.4800000000         2.0014205499      -255.9211834166
       17.4850000000         2.0007992249      -233.1422466704
       17.4900000000         2.0003552637      -255.9211834166
       17.4950000000         2.0000888238      -248.3282045012
       17.5000000000         2.0000000000      -255.9211834166
       17.5050000000         2.0000888238      -250.2264492300
       17.5100000000         2.0003552637      -246.4299597723
       17.5150000000         2.0007992249      -263.5141623320
       17.5200000000         2.0014205499      -240.7352255858
       17.5250000000         2.0022190177      -263.5141623320
       17.5300000000         2.0031943447      -259.7176728743
       17.5350000000         2.0043461845      -238.8369808569
       17.5400000000         2.0056741276      -278.7001201629
       17.5450000000         2.0071777024      -240.7352255858
       17.5500000000         2.0088563746      -276.8018754340
       17.5550000000         2.0107095478      -235.0404913992
       17.5600000000         2.0127365636      -273.0053859763
       17.5650000000         2.0149367018      -252.1246939589
       17.5700000000         2.0173091806      -267.3106517897
       17.5750000000         2.0198531572      -265.4124070609
       17.5800000000         2.0225677276      -259.7176728743
       17.5850000000         2.0254519275      -265.4124070609
       17.5900000000         2.0285047321      -250.2264492300
       17.5950000000         2.0317250566      -274.9036307051
       17.6000000000         2.0351117571      -259.7176728743
       17.6050000000         2.0386636301      -271.1071412474
       17.6100000000         2.0423794137      -265.4124070609
       17.6150000000         2.0462577877      -255.9211834166
       17.6200000000         2.0502973742      -263.5141623320
       17.6250000000         2.0544967379      -263.5141623320
       17.6300000000         2.0588543868      -278.7001201629
       17.6350000000         2.0633687726      -259.7176728743
       17.6400000000         2.0680382914      -257.8194281455
       17.6450000000         2.0728612842      -261.6159176032
       17.6500000000         2.0778360372      -261.6159176032
       17.6550000000         2.0829607832      -261.6159176032
       17.6600000000         2.0882337012      -246.4299597723
       17.6650000000         2.0936529178      -271.1071412474
       17.6700000000         2.0992165076      -246.4299597723
       17.6750000000         2.1049224938      -278.7001201629
       17.6800000000         2.1107688492      -244.5317150435
       17.6850000000         2.1167534966      -267.3106517897
       17.6900000000         2.1228743096      -255.9211834166
       17.6950000000         2.1291291136      -255.9211834166
       17.7000000000         2.1355156863      -273.0053859763
       17.7050000000         2.1420317585      -250.2264492300
       17.7100000000         2.1486750151      -248.3282045012
       17.7150000000         2.1554430958      -242.6334703146
       17.7200000000         2.1623335959      -259.7176728743
       17.7250000000         2.1693440673      -246.4299597723
       17.7300000000         2.1764720192      -252.1246939589
       17.7350000000         2.1837149190      -259.7176728743
       17.7400000000         2.1910701935      -240.7352255858
       17.7450000000         2.1985352292      -265.4124070609
       17.7500000000         2.2061073739      -236.9387361281
       17.7550000000         2.2137839372      -265.4124070609
       17.7600000000         2.2215621918      -246.4299597723
       17.7650000000         2.2294393739      -235.0404913992
       17.7700000000         2.2374126850      -242.6334703146
       17.7750000000         2.2454792921      -223.6510230261
       17.7800000000         2.2536363292      -227.4475124838
       17.7850000000         2.2618808982      -235.0404913992
       17.7900000000         2.2702100697      -223.6510230261
       17.7950000000         2.2786208845      -233.1422466704
       17.8000000000         2.2871103542      -219.8545335684
       17.8050000000         2.2956754626      -223.6510230261
       17.8100000000         2.3043131666      -227.4475124838
       17.8150000000         2.3130203971      -202.7703310087
       17.8200000000         2.3217940606      -223.6510230261
       17.8250000000         2.3306310399      -202.7703310087
       17.8300000000         2.3395281951      -204.6685757375
       17.8350000000         2.3484823652      -216.0580441107
       17.8400000000         2.3574903688      -189.4826179067
       17.8450000000         2.3665490053      -212.2615546530
       17.8500000000         2.3756550564      -191.3808626356
       17.8550000000         2.3848052867      -204.6685757375
       17.8600000000         2.3939964450      -174.2966600759
       17.8650000000         2.4032252660      -189.4826179067
       17.8700000000         2.4124884705      -172.3984153470
       17.8750000000         2.4217827675      -183.7878837202
       17.8800000000         2.4311048547      -187.5843731779
       17.8850000000         2.4404514200      -170.5001706182
       17.8900000000         2.4498191426      -187.5843731779
       17.8950000000         2.4592046942      -151.5177233296
       17.9000000000         2.4686047402      -179.9913942624
       17.9050000000         2.4780159408      -155.3142127873
       17.9100000000         2.4874349523      -159.1107022450
       17.9150000000         2.4968584280      -174.2966600759
       17.9200000000         2.5062830199      -142.0264996854
       17.9250000000         2.5157053795      -134.4335207699
       17.9300000000         2.5251221591      -111.6545840237
       17.9350000000         2.5345300129       -62.3002210735
       17.9400000000         2.5439255983       -22.4370817676
       17.9450000000         2.5533055771        11.7313233518
       17.9500000000         2.5626666168         6.0365891652
       17.9550000000         2.5720053913       -24.3353264964
       17.9600000000         2.5813185826        -7.2511239367
       17.9650000000         2.5906028818         2.2400997075
       17.9700000000         2.5998549903         4.1383444364
       17.9750000000         2.6090716207        -5.3528792079
       17.9800000000         2.6182494985         2.2400997075
       17.9850000000         2.6273853628         2.2400997075
       17.9900000000         2.6364759678        25.0190364538
       17.9950000000         2.6455180834        81.9663783194
       18.0000000000         2.6545084972        49.6962179289
       18.0050000000         2.6634440148        62.9839310309
       18.0100000000         2.6723214616        55.3909521154
       18.0150000000         2.6811376834        76.2716441328
       18.0200000000         2.6898895478        49.6962179289
       18.0250000000         2.6985739453        70.5769099463
       18.0300000000         2.7071877905        78.1698888617
       18.0350000000         2.7157280228        76.2716441328
       18.0400000000         2.7241916080        81.9663783194
       18.0450000000         2.7325755390        85.7628677771
       18.0500000000         2.7408768371        87.6611125060
       18.0550000000         2.7490925527        83.8646230483
       18.0600000000         2.7572197669        93.3558466925
       18.0650000000         2.7652555922        95.2540914214
       18.0700000000         2.7731971734        91.4576019637
       18.0750000000         2.7810416889       100.9488256079
       18.0800000000         2.7887863517        99.0505808791
       18.0850000000         2.7964284101        99.0505808791
       18.0900000000         2.8039651488        91.4576019637
       18.0950000000         2.8113938902       102.8470703368
       18.1000000000         2.8187119949       106.6435597945
       18.1050000000         2.8259168627       108.5418045234
       18.1100000000         2.8330059337       118.0330281676
       18.1150000000         2.8399766894       110.4400492522
       18.1200000000         2.8468266529       118.0330281676
       18.1250000000         2.8535533906       118.0330281676
       18.1300000000         2.8601545124       121.8295176253
       18.1350000000         2.8666276731       121.8295176253
       18.1400000000         2.8729705727       116.1347834388
       18.1450000000         2.8791809576       129.4224965408
       18.1500000000         2.8852566214       129.4224965408
       18.1550000000         2.8911954053       159.7944122024
       18.1600000000         2.8969951993       127.5242518119
       18.1650000000         2.9026539429       152.2014332870
       18.1700000000         2.9081696254       142.7102096427
       18.1750000000         2.9135402871       150.3031885581
       18.1800000000         2.9187640200       152.2014332870
       18.1850000000         2.9238389680       148.4049438293
       18.1900000000         2.9287633281       159.7944122024
       18.1950000000         2.9335353506       161.6926569313
       18.2000000000         2.9381533400       182.5733489487
       18.2050000000         2.9426156557       173.0821253044
       18.2100000000         2.9469207121       161.6926569313
       18.2150000000         2.9510669797       176.8786147621
       18.2200000000         2.9550529853       169.2856358467
       18.2250000000         2.9588773128       195.8610620506
       18.2300000000         2.9625386034       184.4715936775
       18.2350000000         2.9660355562       192.0645725929
       18.2400000000         2.9693669288       184.4715936775
       18.2450000000         2.9725315376       180.6751042198
       18.2500000000         2.9755282581       195.8610620506
       18.2550000000         2.9783560258       192.0645725929
       18.2600000000         2.9810138358       207.2505304238
       18.2650000000         2.9835007439       195.8610620506
       18.2700000000         2.9858158665       199.6575515084
       18.2750000000         2.9879583810       214.8435093392
       18.2800000000         2.9899275262       203.4540409661
       18.2850000000         2.9917226025       220.5382435257
       18.2900000000         2.9933429721       212.9452646103
       18.2950000000         2.9947880593       224.3347329835
       18.3000000000         2.9960573507       199.6575515084
       18.3050000000         2.9971503952       239.5206908143
       18.3100000000         2.9980668046       212.9452646103
       18.3150000000         2.9988062532       216.7417540680
       18.3200000000         2.9993684783       230.0294671700
       18.3250000000         2.9997532802       214.8435093392
       18.3300000000         2.9999605221       241.4189355431
       18.3350000000         2.9999901304       228.1312224412
       18.3400000000         2.9998420946       233.8259566277
       18.3450000000         2.9995164673       237.6224460854
       18.3500000000         2.9990133642       230.0294671700
       18.3550000000         2.9983329640       252.8084039163
       18.3600000000         2.9974755085       243.3171802720
       18.3650000000         2.9964413023       237.6224460854
       18.3700000000         2.9952307128       233.8259566277
       18.3750000000         2.9938441703       233.8259566277
       18.3800000000         2.9922821673       243.3171802720
       18.3850000000         2.9905452587       249.0119144586
       18.3900000000         2.9886340618       235.7242013566
       18.3950000000         2.9865492555       245.2154250008
       18.4000000000         2.9842915806       239.5206908143
       18.4050000000         2.9818618391       243.3171802720
       18.4100000000         2.9792608945       250.9101591874
       18.4150000000         2.9764896708       243.3171802720
       18.4200000000         2.9735491525       250.9101591874
       18.4250000000         2.9704403845       243.3171802720
       18.4300000000         2.9671644712       239.5206908143
       18.4350000000         2.9637225767       243.3171802720
       18.4400000000         2.9601159237       228.1312224412
       18.4450000000         2.9563457937       260.4013828317
       18.4500000000         2.9524135262       245.2154250008
       18.4550000000         2.9483205184       247.1136697297
       18.4600000000         2.9440682244       249.0119144586
       18.4650000000         2.9396581551       249.0119144586
       18.4700000000         2.9350918773       269.8926064759
       18.4750000000         2.9303710135       237.6224460854
       18.4800000000         2.9254972409       256.6048933740
       18.4850000000         2.9204722911       233.8259566277
       18.4900000000         2.9152979496       256.6048933740
       18.4950000000         2.9099760547       243.3171802720
       18.5000000000         2.9045084972       245.2154250008
       18.5050000000         2.8988972198       245.2154250008
       18.5100000000         2.8931442161       237.6224460854
       18.5150000000         2.8872515301       266.0961170182
       18.5200000000         2.8812212555       239.5206908143
       18.5250000000         2.8750555348       245.2154250008
       18.5300000000         2.8687565587       252.8084039163
       18.5350000000         2.8623265651       237.6224460854
       18.5400000000         2.8557678386       252.8084039163
       18.5450000000         2.8490827095       231.9277118989
       18.5500000000         2.8422735530       249.0119144586
       18.5550000000         2.8353427883       241.4189355431
       18.5600000000         2.8282928779       239.5206908143
       18.5650000000         2.8211263266       249.0119144586
       18.5700000000         2.8138456806       226.2329777123
       18.5750000000         2.8064535268       235.7242013566
       18.5800000000         2.7989524915       230.0294671700
       18.5850000000         2.7913452398       224.3347329835
       18.5900000000         2.7836344746       237.6224460854
       18.5950000000         2.7758229353       218.6399987969
       18.6000000000         2.7679133975       216.7417540680
       18.6050000000         2.7599086713       230.0294671700
       18.6100000000         2.7518116008       205.3522856949
       18.6150000000         2.7436250629       209.1487751526
       18.6200000000         2.7353519661       205.3522856949
       18.6250000000         2.7269952499       199.6575515084
       18.6300000000         2.7185578833       226.2329777123
       18.6350000000         2.7100428642       192.0645725929
       18.6400000000         2.7014532179       209.1487751526
       18.6450000000         2.6927919961       195.8610620506
       18.6500000000         2.6840622763       199.6575515084
       18.6550000000         2.6752671601       193.9628173218
       18.6600000000         2.6664097723       192.0645725929
       18.6650000000         2.6574932598       182.5733489487
       18.6700000000         2.6485207908       184.4715936775
       18.6750000000         2.6394955530       178.7768594910
       18.6800000000         2.6304207531       165.4891463890
       18.6850000000         2.6212996154       167.3873911178
       18.6900000000         2.6121353805       148.4049438293
       18.6950000000         2.6029313044       169.2856358467
       18.7000000000         2.5936906573       146.5066991004
       18.7050000000         2.5844167224       152.2014332870
       18.7100000000         2.5751127946       150.3031885581
       18.7150000000         2.5657821795       133.2189859985
       18.7200000000         2.5564281924       133.2189859985
       18.7250000000         2.5470541567       137.0154754562
       18.7300000000         2.5376634028       140.8119649139
       18.7350000000         2.5282592672       127.5242518119
       18.7400000000         2.5188450913       121.8295176253
       18.7450000000         2.5094242199       123.7277623542
       18.7500000000         2.5000000000       116.1347834388
       18.7550000000         2.4905757801       108.5418045234
       18.7600000000         2.4811549087        97.1523361502
       18.7650000000         2.4717407328        76.2716441328
       18.7700000000         2.4623365972        28.8155259115
       18.7750000000         2.4529458433         2.2400997075
       18.7800000000         2.4435718076        -9.1493686656
       18.7850000000         2.4342178205         6.0365891652
       18.7900000000         2.4248872054        -5.3528792079
       18.7950000000         2.4155832776        11.7313233518
       18.8000000000         2.4063093427         2.2400997075
       18.8050000000         2.3970686956        -3.4546344790
       18.8100000000         2.3878646195       -73.6896894466
       18.8150000000         2.3787003846      -105.9598498371
       18.8200000000         2.3695792469       -66.0967105312
       18.8250000000         2.3605044470       -98.3668709217
       18.8300000000         2.3514792092       -90.7738920063
       18.8350000000         2.3425067402       -98.3668709217
       18.8400000000         2.3335902277      -100.2651156506
       18.8450000000         2.3247328399      -138.2300102277
       18.8500000000         2.3159377237      -113.5528287526
       18.8550000000         2.3072080039      -113.5528287526
       18.8600000000         2.2985467821      -102.1633603794
       18.8650000000         2.2899571358      -123.0440523968
       18.8700000000         2.2814421167      -124.9422971257
       18.8750000000         2.2730047501      -119.2475629391
       18.8800000000         2.2646480339      -124.9422971257
       18.8850000000         2.2563749371      -121.1458076680
       18.8900000000         2.2481883992      -126.8405418545
       18.8950000000         2.2400913287      -126.8405418545
       18.9000000000         2.2320866025      -134.4335207699
       18.9050000000         2.2241770647      -142.0264996854
       18.9100000000         2.2163655254      -140.1282549565
       18.9150000000         2.2086547602      -147.7212338719
       18.9200000000         2.2010475085      -142.0264996854
       18.9250000000         2.1935464732      -145.8229891431
       18.9300000000         2.1861543194      -149.6194786008
       18.9350000000         2.1788736734      -157.2124575162
       18.9400000000         2.1717071221      -162.9071917028
       18.9450000000         2.1646572117      -162.9071917028
       18.9500000000         2.1577264470      -164.8054364316
       18.9550000000         2.1509172905      -172.3984153470
       18.9600000000         2.1442321614      -168.6019258893
       18.9650000000         2.1376734349      -187.5843731779
       18.9700000000         2.1312434413      -172.3984153470
       18.9750000000         2.1249444652      -181.8896389913
       18.9800000000         2.1187787445      -187.5843731779
       18.9850000000         2.1127484699      -181.8896389913
       18.9900000000         2.1068557839      -189.4826179067
       18.9950000000         2.1011027802      -181.8896389913
       19.0000000000         2.0954915028      -197.0755968221
       19.0050000000         2.0900239453      -176.1949048047
       19.0100000000         2.0847020504      -204.6685757375
       19.0150000000         2.0795277089      -197.0755968221
       19.0200000000         2.0745027591      -206.5668204664
       19.0250000000         2.0696289865      -200.8720862798
       19.0300000000         2.0649081227      -210.3633099241
       19.0350000000         2.0603418449      -206.5668204664
       19.0400000000         2.0559317756      -221.7527782972
       19.0450000000         2.0516794816      -223.6510230261
       19.0500000000         2.0475864738      -204.6685757375
       19.0550000000         2.0436542063      -219.8545335684
       19.0600000000         2.0398840763      -216.0580441107
       19.0650000000         2.0362774233      -231.2440019415
       19.0700000000         2.0328355288      -219.8545335684
       19.0750000000         2.0295596155      -217.9562888395
       19.0800000000         2.0264508475      -210.3633099241
       19.0850000000         2.0235103292      -242.6334703146
       19.0900000000         2.0207391055      -227.4475124838
       19.0950000000         2.0181381609      -229.3457572126
       19.1000000000         2.0157084194      -240.7352255858
       19.1050000000         2.0134507445      -217.9562888395
       19.1100000000         2.0113659382      -252.1246939589
       19.1150000000         2.0094547413      -233.1422466704
       19.1200000000         2.0077178327      -240.7352255858
       19.1250000000         2.0061558297      -250.2264492300
       19.1300000000         2.0047692872      -223.6510230261
       19.1350000000         2.0035586977      -263.5141623320
       19.1400000000         2.0025244915      -225.5492677549
       19.1450000000         2.0016670360      -271.1071412474
       19.1500000000         2.0009866358      -240.7352255858
       19.1550000000         2.0004835327      -231.2440019415
       19.1600000000         2.0001579054      -271.1071412474
       19.1650000000         2.0000098696      -238.8369808569
       19.1700000000         2.0000394779      -263.5141623320
       19.1750000000         2.0002467198      -248.3282045012
       19.1800000000         2.0006315217      -250.2264492300
       19.1850000000         2.0011937468      -261.6159176032
       19.1900000000         2.0019331954      -244.5317150435
       19.1950000000         2.0028496048      -265.4124070609
       19.2000000000         2.0039426493      -257.8194281455
       19.2050000000         2.0052119407      -265.4124070609
       19.2100000000         2.0066570279      -259.7176728743
       19.2150000000         2.0082773975      -250.2264492300
       19.2200000000         2.0100724738      -265.4124070609
       19.2250000000         2.0120416190      -254.0229386877
       19.2300000000         2.0141841335      -265.4124070609
       19.2350000000         2.0164992561      -248.3282045012
       19.2400000000         2.0189861642      -255.9211834166
       19.2450000000         2.0216439742      -271.1071412474
       19.2500000000         2.0244717419      -250.2264492300
       19.2550000000         2.0274684624      -274.9036307051
       19.2600000000         2.0306330712      -271.1071412474
       19.2650000000         2.0339644438      -280.5983648917
       19.2700000000         2.0374613966      -254.0229386877
       19.2750000000         2.0411226872      -273.0053859763
       19.2800000000         2.0449470147      -265.4124070609
       19.2850000000         2.0489330203      -267.3106517897
       19.2900000000         2.0530792879      -273.0053859763
       19.2950000000         2.0573843443      -250.2264492300
       19.3000000000         2.0618466600      -273.0053859763
       19.3050000000         2.0664646494      -252.1246939589
       19.3100000000         2.0712366719      -274.9036307051
       19.3150000000         2.0761610320      -248.3282045012
       19.3200000000         2.0812359800      -263.5141623320
       19.3250000000         2.0864597129      -265.4124070609
       19.3300000000         2.0918303746      -265.4124070609
       19.3350000000         2.0973460571      -278.7001201629
       19.3400000000         2.1030048007      -250.2264492300
       19.3450000000         2.1088045947      -263.5141623320
       19.3500000000         2.1147433786      -248.3282045012
       19.3550000000         2.1208190424      -273.0053859763
       19.3600000000         2.1270294273      -265.4124070609
       19.3650000000         2.1333723269      -248.3282045012
       19.3700000000         2.1398454876      -269.2088965186
       19.3750000000         2.1464466094      -240.7352255858
       19.3800000000         2.1531733471      -267.3106517897
       19.3850000000         2.1600233106      -225.5492677549
       19.3900000000         2.1669940663      -255.9211834166
       19.3950000000         2.1740831373      -248.3282045012
       19.4000000000         2.1812880051      -242.6334703146
       19.4050000000         2.1886061098      -252.1246939589
       19.4100000000         2.1960348512      -235.0404913992
       19.4150000000         2.2035715899      -248.3282045012
       19.4200000000         2.2112136483      -231.2440019415
       19.4250000000         2.2189583111      -231.2440019415
       19.4300000000         2.2268028266      -240.7352255858
       19.4350000000         2.2347444078      -233.1422466704
       19.4400000000         2.2427802331      -250.2264492300
       19.4450000000         2.2509074473      -231.2440019415
       19.4500000000         2.2591231629      -233.1422466704
       19.4550000000         2.2674244610      -223.6510230261
       19.4600000000         2.2758083920      -240.7352255858
       19.4650000000         2.2842719772      -238.8369808569
       19.4700000000         2.2928122095      -219.8545335684
       19.4750000000         2.3014260547      -231.2440019415
       19.4800000000         2.3101104522      -221.7527782972
       19.4850000000         2.3188623166      -221.7527782972
       19.4900000000         2.3276785384      -212.2615546530
       19.4950000000         2.3365559852      -210.3633099241
       19.5000000000         2.3454915028      -198.9738415510
       19.5050000000         2.3544819166      -206.5668204664
       19.5100000000         2.3635240322      -216.0580441107
       19.5150000000         2.3726146372      -195.1773520933
       19.5200000000         2.3817505015      -200.8720862798
       19.5250000000         2.3909283793      -172.3984153470
       19.5300000000         2.4001450097      -216.0580441107
       19.5350000000         2.4093971182      -174.2966600759
       19.5400000000         2.4186814174      -197.0755968221
       19.5450000000         2.4279946087      -172.3984153470
       19.5500000000         2.4373333832      -176.1949048047
       19.5550000000         2.4466944229      -183.7878837202
       19.5600000000         2.4560744017      -172.3984153470
       19.5650000000         2.4654699871      -183.7878837202
       19.5700000000         2.4748778409      -159.1107022450
       19.5750000000         2.4842946205      -174.2966600759
       19.5800000000         2.4937169801      -170.5001706182
       19.5850000000         2.5031415720      -155.3142127873
       19.5900000000         2.5125650477      -155.3142127873
       19.5950000000         2.5219840592      -107.8580945660
       19.6000000000         2.5313952598       -64.1984658024
       19.6050000000         2.5407953058       -26.2335712253
       19.6100000000         2.5501808574        -1.5563897502
       19.6150000000         2.5595485800         9.8330786230
       19.6200000000         2.5688951453         4.1383444364
       19.6250000000         2.5782172325         0.3418549787
       19.6300000000         2.5875115295        -3.4546344790
       19.6350000000         2.5967747340         2.2400997075
       19.6400000000         2.6060035550        -1.5563897502
       19.6450000000         2.6151947133        -5.3528792079
       19.6500000000         2.6243449436        -3.4546344790
       19.6550000000         2.6334509947         7.9348338941
       19.6600000000         2.6425096312        83.8646230483
       19.6650000000         2.6515176348        62.9839310309
       19.6700000000         2.6604718049        51.5944626577
       19.6750000000         2.6693689601        61.0856863020
       19.6800000000         2.6782059394        62.9839310309
       19.6850000000         2.6869796029        76.2716441328
       19.6900000000         2.6956868334        62.9839310309
       19.6950000000         2.7043245374        87.6611125060
       19.7000000000         2.7128896458        74.3733994040
       19.7050000000         2.7213791155        81.9663783194
       19.7100000000         2.7297899303        93.3558466925
       19.7150000000         2.7381191018        80.0681335906
       19.7200000000         2.7463636708       100.9488256079
       19.7250000000         2.7545207079        93.3558466925
       19.7300000000         2.7625873150        76.2716441328
       19.7350000000         2.7705606261        99.0505808791
       19.7400000000         2.7784378082       112.3382939811
       19.7450000000         2.7862160628       114.2365387099
       19.7500000000         2.7938926261       106.6435597945
       19.7550000000         2.8014647708       112.3382939811
       19.7600000000         2.8089298065       118.0330281676
       19.7650000000         2.8162850810       114.2365387099
       19.7700000000         2.8235279808       116.1347834388
       19.7750000000         2.8306559327       119.9312728965
       19.7800000000         2.8376664041       133.2189859985
       19.7850000000         2.8445569042       119.9312728965
       19.7900000000         2.8513249849       125.6260070830
       19.7950000000         2.8579682415       129.4224965408
       19.8000000000         2.8644843137       127.5242518119
       19.8050000000         2.8708708864       146.5066991004
       19.8100000000         2.8771256904       131.3207412696
       19.8150000000         2.8832465034       146.5066991004
       19.8200000000         2.8892311508       140.8119649139
       19.8250000000         2.8950775062       146.5066991004
       19.8300000000         2.9007834924       157.8961674736
       19.8350000000         2.9063470822       144.6084543716
       19.8400000000         2.9117662988       154.0996780159
       19.8450000000         2.9170392168       155.9979227447
       19.8500000000         2.9221639628       157.8961674736
       19.8550000000         2.9271387158       161.6926569313
       19.8600000000         2.9319617086       159.7944122024
       19.8650000000         2.9366312274       174.9803700332
       19.8700000000         2.9411456132       174.9803700332
       19.8750000000         2.9455032621       173.0821253044
       19.8800000000         2.9497026258       190.1663278641
       19.8850000000         2.9537422123       176.8786147621
       19.8900000000         2.9576205863       186.3698384064
       19.8950000000         2.9613363699       182.5733489487
       19.9000000000         2.9648882429       197.7593067795
       19.9050000000         2.9682749434       192.0645725929
       19.9100000000         2.9714952679       205.3522856949
       19.9150000000         2.9745480725       199.6575515084
       19.9200000000         2.9774322724       199.6575515084
       19.9250000000         2.9801468428       205.3522856949
       19.9300000000         2.9826908194       199.6575515084
       19.9350000000         2.9850632982       205.3522856949
       19.9400000000         2.9872634364       205.3522856949
       19.9450000000         2.9892904522       220.5382435257
       19.9500000000         2.9911436254       218.6399987969
       19.9550000000         2.9928222976       211.0470198815
       19.9600000000         2.9943258724       218.6399987969
       19.9650000000         2.9956538155       211.0470198815
       19.9700000000         2.9968056553       233.8259566277
       19.9750000000         2.9977809823       231.9277118989
       19.9800000000         2.9985794501       220.5382435257
       19.9850000000         2.9992007751       231.9277118989
       19.9900000000         2.9996447363       226.2329777123
       19.9950000000         2.9999111762       237.6224460854
