        0.0000000000         3.0000000000        -5.3528792079
        0.0050000000         2.9999901304         7.9348338941
        0.0100000000         2.9999605221        53.4927073866
        0.0150000000         2.9999111762        66.7804204886
        0.0200000000         2.9998420946        97.1523361502
        0.0250000000         2.9997532802        91.4576019637
        0.0300000000         2.9996447363       114.2365387099
        0.0350000000         2.9995164673       108.5418045234
        0.0400000000         2.9993684783       133.2189859985
        0.0450000000         2.9992007751       133.2189859985
        0.0500000000         2.9990133642       148.4049438293
        0.0550000000         2.9988062532       146.5066991004
        0.0600000000         2.9985794501       150.3031885581
        0.0650000000         2.9983329640       161.6926569313
        0.0700000000         2.9980668046       173.0821253044
        0.0750000000         2.9977809823       182.5733489487
        0.0800000000         2.9974755085       169.2856358467
        0.0850000000         2.9971503952       190.1663278641
        0.0900000000         2.9968056553       182.5733489487
        0.0950000000         2.9964413023       192.0645725929
        0.1000000000         2.9960573507       193.9628173218
        0.1050000000         2.9956538155       201.5557962372
        0.1100000000         2.9952307128       205.3522856949
        0.1150000000         2.9947880593       197.7593067795
        0.1200000000         2.9943258724       205.3522856949
        0.1250000000         2.9938441703       220.5382435257
        0.1300000000         2.9933429721       212.9452646103
        0.1350000000         2.9928222976       220.5382435257
        0.1400000000         2.9922821673       216.7417540680
        0.1450000000         2.9917226025       218.6399987969
        0.1500000000         2.9911436254       212.9452646103
        0.1550000000         2.9905452587       230.0294671700
        0.1600000000         2.9899275262       212.9452646103
        0.1650000000         2.9892904522       235.7242013566
        0.1700000000         2.9886340618       212.9452646103
        0.1750000000         2.9879583810       233.8259566277
        0.1800000000         2.9872634364       233.8259566277
        0.1850000000         2.9865492555       230.0294671700
        0.1900000000         2.9858158665       228.1312224412
        0.1950000000         2.9850632982       239.5206908143
        0.2000000000         2.9842915806       235.7242013566
        0.2050000000         2.9835007439       243.3171802720
        0.2100000000         2.9826908194       233.8259566277
        0.2150000000         2.9818618391       252.8084039163
        0.2200000000         2.9810138358       235.7242013566
        0.2250000000         2.9801468428       245.2154250008
        0.2300000000         2.9792608945       250.9101591874
        0.2350000000         2.9783560258       239.5206908143
        0.2400000000         2.9774322724       243.3171802720
        0.2450000000         2.9764896708       237.6224460854
        0.2500000000         2.9755282581       260.4013828317
        0.2550000000         2.9745480725       245.2154250008
        0.2600000000         2.9735491525       252.8084039163
        0.2650000000         2.9725315376       252.8084039163
        0.2700000000         2.9714952679       252.8084039163
        0.2750000000         2.9704403845       252.8084039163
        0.2800000000         2.9693669288       250.9101591874
        0.2850000000         2.9682749434       264.1978722894
        0.2900000000         2.9671644712       266.0961170182
        0.2950000000         2.9660355562       252.8084039163
        0.3000000000         2.9648882429       252.8084039163
        0.3050000000         2.9637225767       258.5031381028
        0.3100000000         2.9625386034       271.7908512048
        0.3150000000         2.9613363699       271.7908512048
        0.3200000000         2.9601159237       256.6048933740
        0.3250000000         2.9588773128       271.7908512048
        0.3300000000         2.9576205863       254.7066486451
        0.3350000000         2.9563457937       260.4013828317
        0.3400000000         2.9550529853       266.0961170182
        0.3450000000         2.9537422123       275.5873406625
        0.3500000000         2.9524135262       264.1978722894
        0.3550000000         2.9510669797       266.0961170182
        0.3600000000         2.9497026258       260.4013828317
        0.3650000000         2.9483205184       267.9943617471
        0.3700000000         2.9469207121       264.1978722894
        0.3750000000         2.9455032621       258.5031381028
        0.3800000000         2.9440682244       281.2820748491
        0.3850000000         2.9426156557       269.8926064759
        0.3900000000         2.9411456132       266.0961170182
        0.3950000000         2.9396581551       269.8926064759
        0.4000000000         2.9381533400       264.1978722894
        0.4050000000         2.9366312274       256.6048933740
        0.4100000000         2.9350918773       260.4013828317
        0.4150000000         2.9335353506       277.4855853914
        0.4200000000         2.9319617086       258.5031381028
        0.4250000000         2.9303710135       275.5873406625
        0.4300000000         2.9287633281       252.8084039163
        0.4350000000         2.9271387158       254.7066486451
        0.4400000000         2.9254972409       267.9943617471
        0.4450000000         2.9238389680       249.0119144586
        0.4500000000         2.9221639628       269.8926064759
        0.4550000000         2.9204722911       243.3171802720
        0.4600000000         2.9187640200       273.6890959337
        0.4650000000         2.9170392168       256.6048933740
        0.4700000000         2.9152979496       254.7066486451
        0.4750000000         2.9135402871       260.4013828317
        0.4800000000         2.9117662988       247.1136697297
        0.4850000000         2.9099760547       267.9943617471
        0.4900000000         2.9081696254       237.6224460854
        0.4950000000         2.9063470822       279.3838301202
        0.5000000000         2.9045084972       247.1136697297
        0.5050000000         2.9026539429       249.0119144586
        0.5100000000         2.9007834924       252.8084039163
        0.5150000000         2.8988972198       254.7066486451
        0.5200000000         2.8969951993       252.8084039163
        0.5250000000         2.8950775062       250.9101591874
        0.5300000000         2.8931442161       262.2996275605
        0.5350000000         2.8911954053       249.0119144586
        0.5400000000         2.8892311508       264.1978722894
        0.5450000000         2.8872515301       260.4013828317
        0.5500000000         2.8852566214       254.7066486451
        0.5550000000         2.8832465034       254.7066486451
        0.5600000000         2.8812212555       250.9101591874
        0.5650000000         2.8791809576       254.7066486451
        0.5700000000         2.8771256904       245.2154250008
        0.5750000000         2.8750555348       252.8084039163
        0.5800000000         2.8729705727       239.5206908143
        0.5850000000         2.8708708864       250.9101591874
        0.5900000000         2.8687565587       245.2154250008
        0.5950000000         2.8666276731       233.8259566277
        0.6000000000         2.8644843137       250.9101591874
        0.6050000000         2.8623265651       243.3171802720
        0.6100000000         2.8601545124       241.4189355431
        0.6150000000         2.8579682415       249.0119144586
        0.6200000000         2.8557678386       237.6224460854
        0.6250000000         2.8535533906       260.4013828317
        0.6300000000         2.8513249849       239.5206908143
        0.6350000000         2.8490827095       243.3171802720
        0.6400000000         2.8468266529       233.8259566277
        0.6450000000         2.8445569042       230.0294671700
        0.6500000000         2.8422735530       241.4189355431
        0.6550000000         2.8399766894       228.1312224412
        0.6600000000         2.8376664041       239.5206908143
        0.6650000000         2.8353427883       231.9277118989
        0.6700000000         2.8330059337       228.1312224412
        0.6750000000         2.8306559327       235.7242013566
        0.6800000000         2.8282928779       212.9452646103
        0.6850000000         2.8259168627       226.2329777123
        0.6900000000         2.8235279808       230.0294671700
        0.6950000000         2.8211263266       224.3347329835
        0.7000000000         2.8187119949       224.3347329835
        0.7050000000         2.8162850810       218.6399987969
        0.7100000000         2.8138456806       220.5382435257
        0.7150000000         2.8113938902       218.6399987969
        0.7200000000         2.8089298065       216.7417540680
        0.7250000000         2.8064535268       220.5382435257
        0.7300000000         2.8039651488       224.3347329835
        0.7350000000         2.8014647708       207.2505304238
        0.7400000000         2.7989524915       230.0294671700
        0.7450000000         2.7964284101       205.3522856949
        0.7500000000         2.7938926261       209.1487751526
        0.7550000000         2.7913452398       222.4364882546
        0.7600000000         2.7887863517       199.6575515084
        0.7650000000         2.7862160628       214.8435093392
        0.7700000000         2.7836344746       216.7417540680
        0.7750000000         2.7810416889       211.0470198815
        0.7800000000         2.7784378082       220.5382435257
        0.7850000000         2.7758229353       205.3522856949
        0.7900000000         2.7731971734       203.4540409661
        0.7950000000         2.7705606261       222.4364882546
        0.8000000000         2.7679133975       199.6575515084
        0.8050000000         2.7652555922       199.6575515084
        0.8100000000         2.7625873150       199.6575515084
        0.8150000000         2.7599086713       203.4540409661
        0.8200000000         2.7572197669       197.7593067795
        0.8250000000         2.7545207079       207.2505304238
        0.8300000000         2.7518116008       195.8610620506
        0.8350000000         2.7490925527       192.0645725929
        0.8400000000         2.7463636708       205.3522856949
        0.8450000000         2.7436250629       190.1663278641
        0.8500000000         2.7408768371       193.9628173218
        0.8550000000         2.7381191018       195.8610620506
        0.8600000000         2.7353519661       188.2680831352
        0.8650000000         2.7325755390       184.4715936775
        0.8700000000         2.7297899303       190.1663278641
        0.8750000000         2.7269952499       176.8786147621
        0.8800000000         2.7241916080       186.3698384064
        0.8850000000         2.7213791155       186.3698384064
        0.8900000000         2.7185578833       190.1663278641
        0.8950000000         2.7157280228       180.6751042198
        0.9000000000         2.7128896458       178.7768594910
        0.9050000000         2.7100428642       178.7768594910
        0.9100000000         2.7071877905       192.0645725929
        0.9150000000         2.7043245374       188.2680831352
        0.9200000000         2.7014532179       178.7768594910
        0.9250000000         2.6985739453       176.8786147621
        0.9300000000         2.6956868334       169.2856358467
        0.9350000000         2.6927919961       161.6926569313
        0.9400000000         2.6898895478       167.3873911178
        0.9450000000         2.6869796029       148.4049438293
        0.9500000000         2.6840622763       163.5909016601
        0.9550000000         2.6811376834       159.7944122024
        0.9600000000         2.6782059394       159.7944122024
        0.9650000000         2.6752671601       155.9979227447
        0.9700000000         2.6723214616       155.9979227447
        0.9750000000         2.6693689601       150.3031885581
        0.9800000000         2.6664097723       152.2014332870
        0.9850000000         2.6634440148       142.7102096427
        0.9900000000         2.6604718049       144.6084543716
        0.9950000000         2.6574932598       148.4049438293
        1.0000000000         2.6545084972       135.1172307273
        1.0050000000         2.6515176348       148.4049438293
        1.0100000000         2.6485207908       138.9137201850
        1.0150000000         2.6455180834       144.6084543716
        1.0200000000         2.6425096312       127.5242518119
        1.0250000000         2.6394955530       144.6084543716
        1.0300000000         2.6364759678       127.5242518119
        1.0350000000         2.6334509947       133.2189859985
        1.0400000000         2.6304207531       121.8295176253
        1.0450000000         2.6273853628       131.3207412696
        1.0500000000         2.6243449436       129.4224965408
        1.0550000000         2.6212996154       116.1347834388
        1.0600000000         2.6182494985       129.4224965408
        1.0650000000         2.6151947133       110.4400492522
        1.0700000000         2.6121353805       119.9312728965
        1.0750000000         2.6090716207       108.5418045234
        1.0800000000         2.6060035550       108.5418045234
        1.0850000000         2.6029313044       112.3382939811
        1.0900000000         2.5998549903        97.1523361502
        1.0950000000         2.5967747340       102.8470703368
        1.1000000000         2.5936906573        81.9663783194
        1.1050000000         2.5906028818       100.9488256079
        1.1100000000         2.5875115295       102.8470703368
        1.1150000000         2.5844167224        99.0505808791
        1.1200000000         2.5813185826        70.5769099463
        1.1250000000         2.5782172325        93.3558466925
        1.1300000000         2.5751127946        87.6611125060
        1.1350000000         2.5720053913        78.1698888617
        1.1400000000         2.5688951453        87.6611125060
        1.1450000000         2.5657821795        83.8646230483
        1.1500000000         2.5626666168        80.0681335906
        1.1550000000         2.5595485800        80.0681335906
        1.1600000000         2.5564281924        76.2716441328
        1.1650000000         2.5533055771        68.6786652174
        1.1700000000         2.5501808574        78.1698888617
        1.1750000000         2.5470541567        78.1698888617
        1.1800000000         2.5439255983        72.4751546751
        1.1850000000         2.5407953058        76.2716441328
        1.1900000000         2.5376634028        70.5769099463
        1.1950000000         2.5345300129        70.5769099463
        1.2000000000         2.5313952598        64.8821757597
        1.2050000000         2.5282592672        66.7804204886
        1.2100000000         2.5251221591        62.9839310309
        1.2150000000         2.5219840592        62.9839310309
        1.2200000000         2.5188450913        55.3909521154
        1.2250000000         2.5157053795        59.1874415732
        1.2300000000         2.5125650477        51.5944626577
        1.2350000000         2.5094242199        55.3909521154
        1.2400000000         2.5062830199        61.0856863020
        1.2450000000         2.5031415720        28.8155259115
        1.2500000000         2.5000000000        25.0190364538
        1.2550000000         2.4968584280         7.9348338941
        1.2600000000         2.4937169801         0.3418549787
        1.2650000000         2.4905757801         0.3418549787
        1.2700000000         2.4874349523        -3.4546344790
        1.2750000000         2.4842946205        -5.3528792079
        1.2800000000         2.4811549087        -3.4546344790
        1.2850000000         2.4780159408        25.0190364538
        1.2900000000         2.4748778409        -5.3528792079
        1.2950000000         2.4717407328        -1.5563897502
        1.3000000000         2.4686047402         2.2400997075
        1.3050000000         2.4654699871       -24.3353264964
        1.3100000000         2.4623365972       -14.8441028521
        1.3150000000         2.4592046942      -113.5528287526
        1.3200000000         2.4560744017       -62.3002210735
        1.3250000000         2.4529458433       -79.3844236332
        1.3300000000         2.4498191426       -73.6896894466
        1.3350000000         2.4466944229       -73.6896894466
        1.3400000000         2.4435718076       -83.1809130909
        1.3450000000         2.4404514200       -85.0791578197
        1.3500000000         2.4373333832      -119.2475629391
        1.3550000000         2.4342178205       -81.2826683620
        1.3600000000         2.4311048547       -85.0791578197
        1.3650000000         2.4279946087       -88.8756472775
        1.3700000000         2.4248872054      -100.2651156506
        1.3750000000         2.4217827675      -105.9598498371
        1.3800000000         2.4186814174       -90.7738920063
        1.3850000000         2.4155832776      -105.9598498371
        1.3900000000         2.4124884705       -92.6721367352
        1.3950000000         2.4093971182      -105.9598498371
        1.4000000000         2.4063093427      -100.2651156506
        1.4050000000         2.4032252660      -115.4510734814
        1.4100000000         2.4001450097      -105.9598498371
        1.4150000000         2.3970686956       -96.4686261929
        1.4200000000         2.3939964450      -111.6545840237
        1.4250000000         2.3909283793       -96.4686261929
        1.4300000000         2.3878646195      -115.4510734814
        1.4350000000         2.3848052867      -113.5528287526
        1.4400000000         2.3817505015      -111.6545840237
        1.4450000000         2.3787003846      -109.7563392948
        1.4500000000         2.3756550564      -126.8405418545
        1.4550000000         2.3726146372      -119.2475629391
        1.4600000000         2.3695792469      -128.7387865834
        1.4650000000         2.3665490053      -126.8405418545
        1.4700000000         2.3635240322      -126.8405418545
        1.4750000000         2.3605044470      -132.5352760411
        1.4800000000         2.3574903688      -126.8405418545
        1.4850000000         2.3544819166      -134.4335207699
        1.4900000000         2.3514792092      -124.9422971257
        1.4950000000         2.3484823652      -134.4335207699
        1.5000000000         2.3454915028      -151.5177233296
        1.5050000000         2.3425067402      -143.9247444142
        1.5100000000         2.3395281951      -134.4335207699
        1.5150000000         2.3365559852      -145.8229891431
        1.5200000000         2.3335902277      -136.3317654988
        1.5250000000         2.3306310399      -142.0264996854
        1.5300000000         2.3276785384      -145.8229891431
        1.5350000000         2.3247328399      -138.2300102277
        1.5400000000         2.3217940606      -149.6194786008
        1.5450000000         2.3188623166      -147.7212338719
        1.5500000000         2.3159377237      -151.5177233296
        1.5550000000         2.3130203971      -149.6194786008
        1.5600000000         2.3101104522      -164.8054364316
        1.5650000000         2.3072080039      -143.9247444142
        1.5700000000         2.3043131666      -161.0089469739
        1.5750000000         2.3014260547      -145.8229891431
        1.5800000000         2.2985467821      -164.8054364316
        1.5850000000         2.2956754626      -159.1107022450
        1.5900000000         2.2928122095      -155.3142127873
        1.5950000000         2.2899571358      -166.7036811605
        1.6000000000         2.2871103542      -157.2124575162
        1.6050000000         2.2842719772      -176.1949048047
        1.6100000000         2.2814421167      -164.8054364316
        1.6150000000         2.2786208845      -138.2300102277
        1.6200000000         2.2758083920      -168.6019258893
        1.6250000000         2.2730047501      -172.3984153470
        1.6300000000         2.2702100697      -174.2966600759
        1.6350000000         2.2674244610      -164.8054364316
        1.6400000000         2.2646480339      -166.7036811605
        1.6450000000         2.2618808982      -168.6019258893
        1.6500000000         2.2591231629      -179.9913942624
        1.6550000000         2.2563749371      -166.7036811605
        1.6600000000         2.2536363292      -166.7036811605
        1.6650000000         2.2509074473      -172.3984153470
        1.6700000000         2.2481883992      -181.8896389913
        1.6750000000         2.2454792921      -174.2966600759
        1.6800000000         2.2427802331      -170.5001706182
        1.6850000000         2.2400913287      -183.7878837202
        1.6900000000         2.2374126850      -174.2966600759
        1.6950000000         2.2347444078      -183.7878837202
        1.7000000000         2.2320866025      -179.9913942624
        1.7050000000         2.2294393739      -189.4826179067
        1.7100000000         2.2268028266      -172.3984153470
        1.7150000000         2.2241770647      -176.1949048047
        1.7200000000         2.2215621918      -198.9738415510
        1.7250000000         2.2189583111      -181.8896389913
        1.7300000000         2.2163655254      -197.0755968221
        1.7350000000         2.2137839372      -179.9913942624
        1.7400000000         2.2112136483      -181.8896389913
        1.7450000000         2.2086547602      -191.3808626356
        1.7500000000         2.2061073739      -197.0755968221
        1.7550000000         2.2035715899      -193.2791073644
        1.7600000000         2.2010475085      -189.4826179067
        1.7650000000         2.1985352292      -195.1773520933
        1.7700000000         2.1960348512      -189.4826179067
        1.7750000000         2.1935464732      -189.4826179067
        1.7800000000         2.1910701935      -200.8720862798
        1.7850000000         2.1886061098      -198.9738415510
        1.7900000000         2.1861543194      -198.9738415510
        1.7950000000         2.1837149190      -197.0755968221
        1.8000000000         2.1812880051      -200.8720862798
        1.8050000000         2.1788736734      -204.6685757375
        1.8100000000         2.1764720192      -206.5668204664
        1.8150000000         2.1740831373      -200.8720862798
        1.8200000000         2.1717071221      -189.4826179067
        1.8250000000         2.1693440673      -208.4650651953
        1.8300000000         2.1669940663      -200.8720862798
        1.8350000000         2.1646572117      -198.9738415510
        1.8400000000         2.1623335959      -206.5668204664
        1.8450000000         2.1600233106      -204.6685757375
        1.8500000000         2.1577264470      -204.6685757375
        1.8550000000         2.1554430958      -212.2615546530
        1.8600000000         2.1531733471      -240.7352255858
        1.8650000000         2.1509172905      -217.9562888395
        1.8700000000         2.1486750151      -216.0580441107
        1.8750000000         2.1464466094      -204.6685757375
        1.8800000000         2.1442321614      -225.5492677549
        1.8850000000         2.1420317585      -206.5668204664
        1.8900000000         2.1398454876      -216.0580441107
        1.8950000000         2.1376734349      -225.5492677549
        1.9000000000         2.1355156863      -210.3633099241
        1.9050000000         2.1333723269      -223.6510230261
        1.9100000000         2.1312434413      -227.4475124838
        1.9150000000         2.1291291136      -225.5492677549
        1.9200000000         2.1270294273      -221.7527782972
        1.9250000000         2.1249444652      -225.5492677549
        1.9300000000         2.1228743096      -227.4475124838
        1.9350000000         2.1208190424      -231.2440019415
        1.9400000000         2.1187787445      -231.2440019415
        1.9450000000         2.1167534966      -227.4475124838
        1.9500000000         2.1147433786      -235.0404913992
        1.9550000000         2.1127484699      -236.9387361281
        1.9600000000         2.1107688492      -236.9387361281
        1.9650000000         2.1088045947      -238.8369808569
        1.9700000000         2.1068557839      -233.1422466704
        1.9750000000         2.1049224938      -236.9387361281
        1.9800000000         2.1030048007      -248.3282045012
        1.9850000000         2.1011027802      -233.1422466704
        1.9900000000         2.0992165076      -255.9211834166
        1.9950000000         2.0973460571      -221.7527782972
        2.0000000000         2.0954915028      -248.3282045012
        2.0050000000         2.0936529178      -240.7352255858
        2.0100000000         2.0918303746      -242.6334703146
        2.0150000000         2.0900239453      -250.2264492300
        2.0200000000         2.0882337012      -242.6334703146
        2.0250000000         2.0864597129      -259.7176728743
        2.0300000000         2.0847020504      -252.1246939589
        2.0350000000         2.0829607832      -252.1246939589
        2.0400000000         2.0812359800      -242.6334703146
        2.0450000000         2.0795277089      -242.6334703146
        2.0500000000         2.0778360372      -267.3106517897
        2.0550000000         2.0761610320      -248.3282045012
        2.0600000000         2.0745027591      -250.2264492300
        2.0650000000         2.0728612842      -242.6334703146
        2.0700000000         2.0712366719      -244.5317150435
        2.0750000000         2.0696289865      -257.8194281455
        2.0800000000         2.0680382914      -248.3282045012
        2.0850000000         2.0664646494      -263.5141623320
        2.0900000000         2.0649081227      -255.9211834166
        2.0950000000         2.0633687726      -254.0229386877
        2.1000000000         2.0618466600      -254.0229386877
        2.1050000000         2.0603418449      -257.8194281455
        2.1100000000         2.0588543868      -274.9036307051
        2.1150000000         2.0573843443      -259.7176728743
        2.1200000000         2.0559317756      -255.9211834166
        2.1250000000         2.0544967379      -246.4299597723
        2.1300000000         2.0530792879      -252.1246939589
        2.1350000000         2.0516794816      -276.8018754340
        2.1400000000         2.0502973742      -273.0053859763
        2.1450000000         2.0489330203      -263.5141623320
        2.1500000000         2.0475864738      -259.7176728743
        2.1550000000         2.0462577877      -267.3106517897
        2.1600000000         2.0449470147      -254.0229386877
        2.1650000000         2.0436542063      -265.4124070609
        2.1700000000         2.0423794137      -273.0053859763
        2.1750000000         2.0411226872      -280.5983648917
        2.1800000000         2.0398840763      -274.9036307051
        2.1850000000         2.0386636301      -267.3106517897
        2.1900000000         2.0374613966      -288.1913438071
        2.1950000000         2.0362774233      -274.9036307051
        2.2000000000         2.0351117571      -280.5983648917
        2.2050000000         2.0339644438      -269.2088965186
        2.2100000000         2.0328355288      -286.2930990783
        2.2150000000         2.0317250566      -286.2930990783
        2.2200000000         2.0306330712      -286.2930990783
        2.2250000000         2.0295596155      -273.0053859763
        2.2300000000         2.0285047321      -278.7001201629
        2.2350000000         2.0274684624      -291.9878332648
        2.2400000000         2.0264508475      -278.7001201629
        2.2450000000         2.0254519275      -293.8860779937
        2.2500000000         2.0244717419      -288.1913438071
        2.2550000000         2.0235103292      -293.8860779937
        2.2600000000         2.0225677276      -295.7843227225
        2.2650000000         2.0216439742      -288.1913438071
        2.2700000000         2.0207391055      -286.2930990783
        2.2750000000         2.0198531572      -301.4790569091
        2.2800000000         2.0189861642      -286.2930990783
        2.2850000000         2.0181381609      -303.3773016380
        2.2900000000         2.0173091806      -286.2930990783
        2.2950000000         2.0164992561      -293.8860779937
        2.3000000000         2.0157084194      -280.5983648917
        2.3050000000         2.0149367018      -288.1913438071
        2.3100000000         2.0141841335      -293.8860779937
        2.3150000000         2.0134507445      -293.8860779937
        2.3200000000         2.0127365636      -280.5983648917
        2.3250000000         2.0120416190      -278.7001201629
        2.3300000000         2.0113659382      -286.2930990783
        2.3350000000         2.0107095478      -301.4790569091
        2.3400000000         2.0100724738      -286.2930990783
        2.3450000000         2.0094547413      -278.7001201629
        2.3500000000         2.0088563746      -288.1913438071
        2.3550000000         2.0082773975      -297.6825674514
        2.3600000000         2.0077178327      -293.8860779937
        2.3650000000         2.0071777024      -295.7843227225
        2.3700000000         2.0066570279      -295.7843227225
        2.3750000000         2.0061558297      -282.4966096206
        2.3800000000         2.0056741276      -282.4966096206
        2.3850000000         2.0052119407      -291.9878332648
        2.3900000000         2.0047692872      -303.3773016380
        2.3950000000         2.0043461845      -301.4790569091
        2.4000000000         2.0039426493      -291.9878332648
        2.4050000000         2.0035586977      -293.8860779937
        2.4100000000         2.0031943447      -301.4790569091
        2.4150000000         2.0028496048      -299.5808121802
        2.4200000000         2.0025244915      -301.4790569091
        2.4250000000         2.0022190177      -303.3773016380
        2.4300000000         2.0019331954      -305.2755463668
        2.4350000000         2.0016670360      -288.1913438071
        2.4400000000         2.0014205499      -303.3773016380
        2.4450000000         2.0011937468      -286.2930990783
        2.4500000000         2.0009866358      -312.8685252822
        2.4550000000         2.0007992249      -305.2755463668
        2.4600000000         2.0006315217      -309.0720358245
        2.4650000000         2.0004835327      -303.3773016380
        2.4700000000         2.0003552637      -290.0895885360
        2.4750000000         2.0002467198      -318.5632594688
        2.4800000000         2.0001579054      -303.3773016380
        2.4850000000         2.0000888238      -303.3773016380
        2.4900000000         2.0000394779      -297.6825674514
        2.4950000000         2.0000098696      -303.3773016380
        2.5000000000         2.0000000000      -316.6650147399
        2.5050000000         2.0000098696      -310.9702805534
        2.5100000000         2.0000394779      -324.2579936553
        2.5150000000         2.0000888238      -297.6825674514
        2.5200000000         2.0001579054      -316.6650147399
        2.5250000000         2.0002467198      -312.8685252822
        2.5300000000         2.0003552637      -307.1737910957
        2.5350000000         2.0004835327      -331.8509725708
        2.5400000000         2.0006315217      -314.7667700111
        2.5450000000         2.0007992249      -307.1737910957
        2.5500000000         2.0009866358      -316.6650147399
        2.5550000000         2.0011937468      -307.1737910957
        2.5600000000         2.0014205499      -303.3773016380
        2.5650000000         2.0016670360      -331.8509725708
        2.5700000000         2.0019331954      -303.3773016380
        2.5750000000         2.0022190177      -322.3597489265
        2.5800000000         2.0025244915      -297.6825674514
        2.5850000000         2.0028496048      -318.5632594688
        2.5900000000         2.0031943447      -322.3597489265
        2.5950000000         2.0035586977      -309.0720358245
        2.6000000000         2.0039426493      -303.3773016380
        2.6050000000         2.0043461845      -331.8509725708
        2.6100000000         2.0047692872      -309.0720358245
        2.6150000000         2.0052119407      -314.7667700111
        2.6200000000         2.0056741276      -309.0720358245
        2.6250000000         2.0061558297      -307.1737910957
        2.6300000000         2.0066570279      -303.3773016380
        2.6350000000         2.0071777024      -307.1737910957
        2.6400000000         2.0077178327      -316.6650147399
        2.6450000000         2.0082773975      -316.6650147399
        2.6500000000         2.0088563746      -299.5808121802
        2.6550000000         2.0094547413      -310.9702805534
        2.6600000000         2.0100724738      -297.6825674514
        2.6650000000         2.0107095478      -303.3773016380
        2.6700000000         2.0113659382      -314.7667700111
        2.6750000000         2.0120416190      -320.4615041976
        2.6800000000         2.0127365636      -307.1737910957
        2.6850000000         2.0134507445      -301.4790569091
        2.6900000000         2.0141841335      -309.0720358245
        2.6950000000         2.0149367018      -299.5808121802
        2.7000000000         2.0157084194      -318.5632594688
        2.7050000000         2.0164992561      -307.1737910957
        2.7100000000         2.0173091806      -309.0720358245
        2.7150000000         2.0181381609      -310.9702805534
        2.7200000000         2.0189861642      -297.6825674514
        2.7250000000         2.0198531572      -316.6650147399
        2.7300000000         2.0207391055      -328.0544831131
        2.7350000000         2.0216439742      -297.6825674514
        2.7400000000         2.0225677276      -310.9702805534
        2.7450000000         2.0235103292      -301.4790569091
        2.7500000000         2.0244717419      -320.4615041976
        2.7550000000         2.0254519275      -299.5808121802
        2.7600000000         2.0264508475      -322.3597489265
        2.7650000000         2.0274684624      -312.8685252822
        2.7700000000         2.0285047321      -303.3773016380
        2.7750000000         2.0295596155      -286.2930990783
        2.7800000000         2.0306330712      -312.8685252822
        2.7850000000         2.0317250566      -318.5632594688
        2.7900000000         2.0328355288      -303.3773016380
        2.7950000000         2.0339644438      -310.9702805534
        2.8000000000         2.0351117571      -299.5808121802
        2.8050000000         2.0362774233      -303.3773016380
        2.8100000000         2.0374613966      -303.3773016380
        2.8150000000         2.0386636301      -326.1562383842
        2.8200000000         2.0398840763      -314.7667700111
        2.8250000000         2.0411226872      -299.5808121802
        2.8300000000         2.0423794137      -305.2755463668
        2.8350000000         2.0436542063      -322.3597489265
        2.8400000000         2.0449470147      -301.4790569091
        2.8450000000         2.0462577877      -337.5457067573
        2.8500000000         2.0475864738      -301.4790569091
        2.8550000000         2.0489330203      -305.2755463668
        2.8600000000         2.0502973742      -303.3773016380
        2.8650000000         2.0516794816      -324.2579936553
        2.8700000000         2.0530792879      -305.2755463668
        2.8750000000         2.0544967379      -324.2579936553
        2.8800000000         2.0559317756      -309.0720358245
        2.8850000000         2.0573843443      -307.1737910957
        2.8900000000         2.0588543868      -310.9702805534
        2.8950000000         2.0603418449      -310.9702805534
        2.9000000000         2.0618466600      -314.7667700111
        2.9050000000         2.0633687726      -309.0720358245
        2.9100000000         2.0649081227      -301.4790569091
        2.9150000000         2.0664646494      -318.5632594688
        2.9200000000         2.0680382914      -310.9702805534
        2.9250000000         2.0696289865      -291.9878332648
        2.9300000000         2.0712366719      -301.4790569091
        2.9350000000         2.0728612842      -303.3773016380
        2.9400000000         2.0745027591      -301.4790569091
        2.9450000000         2.0761610320      -299.5808121802
        2.9500000000         2.0778360372      -305.2755463668
        2.9550000000         2.0795277089      -307.1737910957
        2.9600000000         2.0812359800      -293.8860779937
        2.9650000000         2.0829607832      -297.6825674514
        2.9700000000         2.0847020504      -309.0720358245
        2.9750000000         2.0864597129      -293.8860779937
        2.9800000000         2.0882337012      -314.7667700111
        2.9850000000         2.0900239453      -273.0053859763
        2.9900000000         2.0918303746      -310.9702805534
        2.9950000000         2.0936529178      -301.4790569091
        3.0000000000         2.0954915028      -312.8685252822
        3.0050000000         2.0973460571      -291.9878332648
        3.0100000000         2.0992165076      -307.1737910957
        3.0150000000         2.1011027802      -301.4790569091
        3.0200000000         2.1030048007      -301.4790569091
        3.0250000000         2.1049224938      -310.9702805534
        3.0300000000         2.1068557839      -301.4790569091
        3.0350000000         2.1088045947      -293.8860779937
        3.0400000000         2.1107688492      -305.2755463668
        3.0450000000         2.1127484699      -291.9878332648
        3.0500000000         2.1147433786      -310.9702805534
        3.0550000000         2.1167534966      -288.1913438071
        3.0600000000         2.1187787445      -297.6825674514
        3.0650000000         2.1208190424      -290.0895885360
        3.0700000000         2.1228743096      -303.3773016380
        3.0750000000         2.1249444652      -280.5983648917
        3.0800000000         2.1270294273      -303.3773016380
        3.0850000000         2.1291291136      -291.9878332648
        3.0900000000         2.1312434413      -288.1913438071
        3.0950000000         2.1333723269      -284.3948543494
        3.1000000000         2.1355156863      -288.1913438071
        3.1050000000         2.1376734349      -276.8018754340
        3.1100000000         2.1398454876      -290.0895885360
        3.1150000000         2.1420317585      -273.0053859763
        3.1200000000         2.1442321614      -288.1913438071
        3.1250000000         2.1464466094      -273.0053859763
        3.1300000000         2.1486750151      -263.5141623320
        3.1350000000         2.1509172905      -286.2930990783
        3.1400000000         2.1531733471      -276.8018754340
        3.1450000000         2.1554430958      -278.7001201629
        3.1500000000         2.1577264470      -261.6159176032
        3.1550000000         2.1600233106      -267.3106517897
        3.1600000000         2.1623335959      -265.4124070609
        3.1650000000         2.1646572117      -273.0053859763
        3.1700000000         2.1669940663      -263.5141623320
        3.1750000000         2.1693440673      -269.2088965186
        3.1800000000         2.1717071221      -248.3282045012
        3.1850000000         2.1740831373      -276.8018754340
        3.1900000000         2.1764720192      -257.8194281455
        3.1950000000         2.1788736734      -265.4124070609
        3.2000000000         2.1812880051      -267.3106517897
        3.2050000000         2.1837149190      -259.7176728743
        3.2100000000         2.1861543194      -257.8194281455
        3.2150000000         2.1886061098      -255.9211834166
        3.2200000000         2.1910701935      -255.9211834166
        3.2250000000         2.1935464732      -242.6334703146
        3.2300000000         2.1960348512      -255.9211834166
        3.2350000000         2.1985352292      -240.7352255858
        3.2400000000         2.2010475085      -255.9211834166
        3.2450000000         2.2035715899      -248.3282045012
        3.2500000000         2.2061073739      -236.9387361281
        3.2550000000         2.2086547602      -252.1246939589
        3.2600000000         2.2112136483      -244.5317150435
        3.2650000000         2.2137839372      -250.2264492300
        3.2700000000         2.2163655254      -248.3282045012
        3.2750000000         2.2189583111      -242.6334703146
        3.2800000000         2.2215621918      -255.9211834166
        3.2850000000         2.2241770647      -227.4475124838
        3.2900000000         2.2268028266      -235.0404913992
        3.2950000000         2.2294393739      -246.4299597723
        3.3000000000         2.2320866025      -233.1422466704
        3.3050000000         2.2347444078      -242.6334703146
        3.3100000000         2.2374126850      -225.5492677549
        3.3150000000         2.2400913287      -244.5317150435
        3.3200000000         2.2427802331      -231.2440019415
        3.3250000000         2.2454792921      -231.2440019415
        3.3300000000         2.2481883992      -248.3282045012
        3.3350000000         2.2509074473      -219.8545335684
        3.3400000000         2.2536363292      -240.7352255858
        3.3450000000         2.2563749371      -225.5492677549
        3.3500000000         2.2591231629      -229.3457572126
        3.3550000000         2.2618808982      -233.1422466704
        3.3600000000         2.2646480339      -225.5492677549
        3.3650000000         2.2674244610      -229.3457572126
        3.3700000000         2.2702100697      -227.4475124838
        3.3750000000         2.2730047501      -216.0580441107
        3.3800000000         2.2758083920      -240.7352255858
        3.3850000000         2.2786208845      -223.6510230261
        3.3900000000         2.2814421167      -225.5492677549
        3.3950000000         2.2842719772      -221.7527782972
        3.4000000000         2.2871103542      -204.6685757375
        3.4050000000         2.2899571358      -219.8545335684
        3.4100000000         2.2928122095      -221.7527782972
        3.4150000000         2.2956754626      -212.2615546530
        3.4200000000         2.2985467821      -235.0404913992
        3.4250000000         2.3014260547      -197.0755968221
        3.4300000000         2.3043131666      -217.9562888395
        3.4350000000         2.3072080039      -233.1422466704
        3.4400000000         2.3101104522      -202.7703310087
        3.4450000000         2.3130203971      -206.5668204664
        3.4500000000         2.3159377237      -200.8720862798
        3.4550000000         2.3188623166      -208.4650651953
        3.4600000000         2.3217940606      -212.2615546530
        3.4650000000         2.3247328399      -204.6685757375
        3.4700000000         2.3276785384      -212.2615546530
        3.4750000000         2.3306310399      -200.8720862798
        3.4800000000         2.3335902277      -210.3633099241
        3.4850000000         2.3365559852      -212.2615546530
        3.4900000000         2.3395281951      -191.3808626356
        3.4950000000         2.3425067402      -212.2615546530
        3.5000000000         2.3454915028      -187.5843731779
        3.5050000000         2.3484823652      -204.6685757375
        3.5100000000         2.3514792092      -187.5843731779
        3.5150000000         2.3544819166      -195.1773520933
        3.5200000000         2.3574903688      -195.1773520933
        3.5250000000         2.3605044470      -195.1773520933
        3.5300000000         2.3635240322      -193.2791073644
        3.5350000000         2.3665490053      -178.0931495336
        3.5400000000         2.3695792469      -204.6685757375
        3.5450000000         2.3726146372      -178.0931495336
        3.5500000000         2.3756550564      -185.6861284490
        3.5550000000         2.3787003846      -176.1949048047
        3.5600000000         2.3817505015      -176.1949048047
        3.5650000000         2.3848052867      -178.0931495336
        3.5700000000         2.3878646195      -164.8054364316
        3.5750000000         2.3909283793      -178.0931495336
        3.5800000000         2.3939964450      -164.8054364316
        3.5850000000         2.3970686956      -179.9913942624
        3.5900000000         2.4001450097      -181.8896389913
        3.5950000000         2.4032252660      -164.8054364316
        3.6000000000         2.4063093427      -172.3984153470
        3.6050000000         2.4093971182      -170.5001706182
        3.6100000000         2.4124884705      -166.7036811605
        3.6150000000         2.4155832776      -166.7036811605
        3.6200000000         2.4186814174      -176.1949048047
        3.6250000000         2.4217827675      -174.2966600759
        3.6300000000         2.4248872054      -151.5177233296
        3.6350000000         2.4279946087      -157.2124575162
        3.6400000000         2.4311048547      -155.3142127873
        3.6450000000         2.4342178205      -162.9071917028
        3.6500000000         2.4373333832      -147.7212338719
        3.6550000000         2.4404514200      -151.5177233296
        3.6600000000         2.4435718076      -145.8229891431
        3.6650000000         2.4466944229      -142.0264996854
        3.6700000000         2.4498191426      -149.6194786008
        3.6750000000         2.4529458433      -145.8229891431
        3.6800000000         2.4560744017      -134.4335207699
        3.6850000000         2.4592046942      -151.5177233296
        3.6900000000         2.4623365972      -142.0264996854
        3.6950000000         2.4654699871      -143.9247444142
        3.7000000000         2.4686047402      -143.9247444142
        3.7050000000         2.4717407328      -136.3317654988
        3.7100000000         2.4748778409      -132.5352760411
        3.7150000000         2.4780159408      -132.5352760411
        3.7200000000         2.4811549087      -136.3317654988
        3.7250000000         2.4842946205      -134.4335207699
        3.7300000000         2.4874349523      -130.6370313122
        3.7350000000         2.4905757801      -130.6370313122
        3.7400000000         2.4937169801      -128.7387865834
        3.7450000000         2.4968584280      -111.6545840237
        3.7500000000         2.5000000000      -100.2651156506
        3.7550000000         2.5031415720       -94.5703814640
        3.7600000000         2.5062830199       -67.9949552601
        3.7650000000         2.5094242199       -50.9107527004
        3.7700000000         2.5125650477       -47.1142632427
        3.7750000000         2.5157053795       -41.4195290561
        3.7800000000         2.5188450913         6.0365891652
        3.7850000000         2.5219840592         9.8330786230
        3.7900000000         2.5251221591         2.2400997075
        3.7950000000         2.5282592672        -5.3528792079
        3.8000000000         2.5313952598        -1.5563897502
        3.8050000000         2.5345300129        -1.5563897502
        3.8100000000         2.5376634028         0.3418549787
        3.8150000000         2.5407953058         4.1383444364
        3.8200000000         2.5439255983        -1.5563897502
        3.8250000000         2.5470541567         0.3418549787
        3.8300000000         2.5501808574        68.6786652174
        3.8350000000         2.5533055771        59.1874415732
        3.8400000000         2.5564281924        57.2891968443
        3.8450000000         2.5595485800        55.3909521154
        3.8500000000         2.5626666168        61.0856863020
        3.8550000000         2.5657821795        64.8821757597
        3.8600000000         2.5688951453        66.7804204886
        3.8650000000         2.5720053913        78.1698888617
        3.8700000000         2.5751127946        62.9839310309
        3.8750000000         2.5782172325        62.9839310309
        3.8800000000         2.5813185826        64.8821757597
        3.8850000000         2.5844167224        76.2716441328
        3.8900000000         2.5875115295        49.6962179289
        3.8950000000         2.5906028818        68.6786652174
        3.9000000000         2.5936906573        64.8821757597
        3.9050000000         2.5967747340        62.9839310309
        3.9100000000         2.5998549903        57.2891968443
        3.9150000000         2.6029313044        66.7804204886
        3.9200000000         2.6060035550        62.9839310309
        3.9250000000         2.6090716207        70.5769099463
        3.9300000000         2.6121353805        70.5769099463
        3.9350000000         2.6151947133        64.8821757597
        3.9400000000         2.6182494985        62.9839310309
        3.9450000000         2.6212996154        64.8821757597
        3.9500000000         2.6243449436        80.0681335906
        3.9550000000         2.6273853628        57.2891968443
        3.9600000000         2.6304207531        64.8821757597
        3.9650000000         2.6334509947        64.8821757597
        3.9700000000         2.6364759678        72.4751546751
        3.9750000000         2.6394955530        66.7804204886
        3.9800000000         2.6425096312        68.6786652174
        3.9850000000         2.6455180834        62.9839310309
        3.9900000000         2.6485207908        64.8821757597
        3.9950000000         2.6515176348        80.0681335906
        4.0000000000         2.6545084972        72.4751546751
        4.0050000000         2.6574932598        78.1698888617
        4.0100000000         2.6604718049        66.7804204886
        4.0150000000         2.6634440148        80.0681335906
        4.0200000000         2.6664097723        80.0681335906
        4.0250000000         2.6693689601        64.8821757597
        4.0300000000         2.6723214616        85.7628677771
        4.0350000000         2.6752671601        78.1698888617
        4.0400000000         2.6782059394        85.7628677771
        4.0450000000         2.6811376834        74.3733994040
        4.0500000000         2.6840622763        83.8646230483
        4.0550000000         2.6869796029        76.2716441328
        4.0600000000         2.6898895478        78.1698888617
        4.0650000000         2.6927919961        74.3733994040
        4.0700000000         2.6956868334        81.9663783194
        4.0750000000         2.6985739453        81.9663783194
        4.0800000000         2.7014532179        81.9663783194
        4.0850000000         2.7043245374        85.7628677771
        4.0900000000         2.7071877905        81.9663783194
        4.0950000000         2.7100428642        95.2540914214
        4.1000000000         2.7128896458        89.5593572348
        4.1050000000         2.7157280228        99.0505808791
        4.1100000000         2.7185578833        83.8646230483
        4.1150000000         2.7213791155        95.2540914214
        4.1200000000         2.7241916080       110.4400492522
        4.1250000000         2.7269952499        97.1523361502
        4.1300000000         2.7297899303       121.8295176253
        4.1350000000         2.7325755390       114.2365387099
        4.1400000000         2.7353519661       123.7277623542
        4.1450000000         2.7381191018       116.1347834388
        4.1500000000         2.7408768371       125.6260070830
        4.1550000000         2.7436250629       121.8295176253
        4.1600000000         2.7463636708       129.4224965408
        4.1650000000         2.7490925527       131.3207412696
        4.1700000000         2.7518116008       119.9312728965
        4.1750000000         2.7545207079       129.4224965408
        4.1800000000         2.7572197669       123.7277623542
        4.1850000000         2.7599086713       138.9137201850
        4.1900000000         2.7625873150       131.3207412696
        4.1950000000         2.7652555922       131.3207412696
        4.2000000000         2.7679133975       131.3207412696
        4.2050000000         2.7705606261       144.6084543716
        4.2100000000         2.7731971734       142.7102096427
        4.2150000000         2.7758229353       150.3031885581
        4.2200000000         2.7784378082       138.9137201850
        4.2250000000         2.7810416889       133.2189859985
        4.2300000000         2.7836344746       135.1172307273
        4.2350000000         2.7862160628       133.2189859985
        4.2400000000         2.7887863517       135.1172307273
        4.2450000000         2.7913452398       133.2189859985
        4.2500000000         2.7938926261       150.3031885581
        4.2550000000         2.7964284101       142.7102096427
        4.2600000000         2.7989524915       144.6084543716
        4.2650000000         2.8014647708       146.5066991004
        4.2700000000         2.8039651488       155.9979227447
        4.2750000000         2.8064535268       144.6084543716
        4.2800000000         2.8089298065       154.0996780159
        4.2850000000         2.8113938902       161.6926569313
        4.2900000000         2.8138456806       152.2014332870
        4.2950000000         2.8162850810       165.4891463890
        4.3000000000         2.8187119949       161.6926569313
        4.3050000000         2.8211263266       167.3873911178
        4.3100000000         2.8235279808       167.3873911178
        4.3150000000         2.8259168627       161.6926569313
        4.3200000000         2.8282928779       173.0821253044
        4.3250000000         2.8306559327       169.2856358467
        4.3300000000         2.8330059337       182.5733489487
        4.3350000000         2.8353427883       167.3873911178
        4.3400000000         2.8376664041       173.0821253044
        4.3450000000         2.8399766894       163.5909016601
        4.3500000000         2.8422735530       174.9803700332
        4.3550000000         2.8445569042       161.6926569313
        4.3600000000         2.8468266529       182.5733489487
        4.3650000000         2.8490827095       182.5733489487
        4.3700000000         2.8513249849       180.6751042198
        4.3750000000         2.8535533906       192.0645725929
        4.3800000000         2.8557678386       176.8786147621
        4.3850000000         2.8579682415       174.9803700332
        4.3900000000         2.8601545124       180.6751042198
        4.3950000000         2.8623265651       180.6751042198
        4.4000000000         2.8644843137       186.3698384064
        4.4050000000         2.8666276731       182.5733489487
        4.4100000000         2.8687565587       195.8610620506
        4.4150000000         2.8708708864       178.7768594910
        4.4200000000         2.8729705727       193.9628173218
        4.4250000000         2.8750555348       195.8610620506
        4.4300000000         2.8771256904       195.8610620506
        4.4350000000         2.8791809576       195.8610620506
        4.4400000000         2.8812212555       182.5733489487
        4.4450000000         2.8832465034       193.9628173218
        4.4500000000         2.8852566214       188.2680831352
        4.4550000000         2.8872515301       195.8610620506
        4.4600000000         2.8892311508       207.2505304238
        4.4650000000         2.8911954053       176.8786147621
        4.4700000000         2.8931442161       203.4540409661
        4.4750000000         2.8950775062       195.8610620506
        4.4800000000         2.8969951993       207.2505304238
        4.4850000000         2.8988972198       192.0645725929
        4.4900000000         2.9007834924       211.0470198815
        4.4950000000         2.9026539429       199.6575515084
        4.5000000000         2.9045084972       207.2505304238
        4.5050000000         2.9063470822       220.5382435257
        4.5100000000         2.9081696254       207.2505304238
        4.5150000000         2.9099760547       212.9452646103
        4.5200000000         2.9117662988       214.8435093392
        4.5250000000         2.9135402871       209.1487751526
        4.5300000000         2.9152979496       218.6399987969
        4.5350000000         2.9170392168       216.7417540680
        4.5400000000         2.9187640200       205.3522856949
        4.5450000000         2.9204722911       220.5382435257
        4.5500000000         2.9221639628       212.9452646103
        4.5550000000         2.9238389680       216.7417540680
        4.5600000000         2.9254972409       220.5382435257
        4.5650000000         2.9271387158       218.6399987969
        4.5700000000         2.9287633281       216.7417540680
        4.5750000000         2.9303710135       222.4364882546
        4.5800000000         2.9319617086       203.4540409661
        4.5850000000         2.9335353506       233.8259566277
        4.5900000000         2.9350918773       220.5382435257
        4.5950000000         2.9366312274       237.6224460854
        4.6000000000         2.9381533400       224.3347329835
        4.6050000000         2.9396581551       224.3347329835
        4.6100000000         2.9411456132       231.9277118989
        4.6150000000         2.9426156557       230.0294671700
        4.6200000000         2.9440682244       216.7417540680
        4.6250000000         2.9455032621       233.8259566277
        4.6300000000         2.9469207121       230.0294671700
        4.6350000000         2.9483205184       233.8259566277
        4.6400000000         2.9497026258       233.8259566277
        4.6450000000         2.9510669797       214.8435093392
        4.6500000000         2.9524135262       237.6224460854
        4.6550000000         2.9537422123       230.0294671700
        4.6600000000         2.9550529853       226.2329777123
        4.6650000000         2.9563457937       247.1136697297
        4.6700000000         2.9576205863       212.9452646103
        4.6750000000         2.9588773128       245.2154250008
        4.6800000000         2.9601159237       245.2154250008
        4.6850000000         2.9613363699       235.7242013566
        4.6900000000         2.9625386034       239.5206908143
        4.6950000000         2.9637225767       220.5382435257
        4.7000000000         2.9648882429       250.9101591874
        4.7050000000         2.9660355562       239.5206908143
        4.7100000000         2.9671644712       241.4189355431
        4.7150000000         2.9682749434       243.3171802720
        4.7200000000         2.9693669288       228.1312224412
        4.7250000000         2.9704403845       243.3171802720
        4.7300000000         2.9714952679       231.9277118989
        4.7350000000         2.9725315376       247.1136697297
        4.7400000000         2.9735491525       252.8084039163
        4.7450000000         2.9745480725       231.9277118989
        4.7500000000         2.9755282581       250.9101591874
        4.7550000000         2.9764896708       233.8259566277
        4.7600000000         2.9774322724       249.0119144586
        4.7650000000         2.9783560258       243.3171802720
        4.7700000000         2.9792608945       249.0119144586
        4.7750000000         2.9801468428       258.5031381028
        4.7800000000         2.9810138358       231.9277118989
        4.7850000000         2.9818618391       249.0119144586
        4.7900000000         2.9826908194       250.9101591874
        4.7950000000         2.9835007439       243.3171802720
        4.8000000000         2.9842915806       247.1136697297
        4.8050000000         2.9850632982       247.1136697297
        4.8100000000         2.9858158665       247.1136697297
        4.8150000000         2.9865492555       252.8084039163
        4.8200000000         2.9872634364       237.6224460854
        4.8250000000         2.9879583810       249.0119144586
        4.8300000000         2.9886340618       222.4364882546
        4.8350000000         2.9892904522       256.6048933740
        4.8400000000         2.9899275262       252.8084039163
        4.8450000000         2.9905452587       254.7066486451
        4.8500000000         2.9911436254       256.6048933740
        4.8550000000         2.9917226025       249.0119144586
        4.8600000000         2.9922821673       260.4013828317
        4.8650000000         2.9928222976       241.4189355431
        4.8700000000         2.9933429721       266.0961170182
        4.8750000000         2.9938441703       243.3171802720
        4.8800000000         2.9943258724       252.8084039163
        4.8850000000         2.9947880593       250.9101591874
        4.8900000000         2.9952307128       235.7242013566
        4.8950000000         2.9956538155       256.6048933740
        4.9000000000         2.9960573507       239.5206908143
        4.9050000000         2.9964413023       250.9101591874
        4.9100000000         2.9968056553       243.3171802720
        4.9150000000         2.9971503952       243.3171802720
        4.9200000000         2.9974755085       262.2996275605
        4.9250000000         2.9977809823       245.2154250008
        4.9300000000         2.9980668046       252.8084039163
        4.9350000000         2.9983329640       256.6048933740
        4.9400000000         2.9985794501       249.0119144586
        4.9450000000         2.9988062532       260.4013828317
        4.9500000000         2.9990133642       252.8084039163
        4.9550000000         2.9992007751       266.0961170182
        4.9600000000         2.9993684783       264.1978722894
        4.9650000000         2.9995164673       252.8084039163
        4.9700000000         2.9996447363       258.5031381028
        4.9750000000         2.9997532802       245.2154250008
        4.9800000000         2.9998420946       260.4013828317
        4.9850000000         2.9999111762       249.0119144586
        4.9900000000         2.9999605221       264.1978722894
        4.9950000000         2.9999901304       260.4013828317
        5.0000000000         3.0000000000       250.9101591874
        5.0050000000         2.9999901304       252.8084039163
        5.0100000000         2.9999605221       260.4013828317
        5.0150000000         2.9999111762       260.4013828317
        5.0200000000         2.9998420946       260.4013828317
        5.0250000000         2.9997532802       256.6048933740
        5.0300000000         2.9996447363       256.6048933740
        5.0350000000         2.9995164673       260.4013828317
        5.0400000000         2.9993684783       267.9943617471
        5.0450000000         2.9992007751       264.1978722894
        5.0500000000         2.9990133642       273.6890959337
        5.0550000000         2.9988062532       271.7908512048
        5.0600000000         2.9985794501       279.3838301202
        5.0650000000         2.9983329640       266.0961170182
        5.0700000000         2.9980668046       275.5873406625
        5.0750000000         2.9977809823       275.5873406625
        5.0800000000         2.9974755085       275.5873406625
        5.0850000000         2.9971503952       269.8926064759
        5.0900000000         2.9968056553       269.8926064759
        5.0950000000         2.9964413023       273.6890959337
        5.1000000000         2.9960573507       286.9768090356
        5.1050000000         2.9956538155       273.6890959337
        5.1100000000         2.9952307128       273.6890959337
        5.1150000000         2.9947880593       296.4680326799
        5.1200000000         2.9943258724       281.2820748491
        5.1250000000         2.9938441703       266.0961170182
        5.1300000000         2.9933429721       267.9943617471
        5.1350000000         2.9928222976       283.1803195779
        5.1400000000         2.9922821673       267.9943617471
        5.1450000000         2.9917226025       267.9943617471
        5.1500000000         2.9911436254       288.8750537645
        5.1550000000         2.9905452587       267.9943617471
        5.1600000000         2.9899275262       279.3838301202
        5.1650000000         2.9892904522       273.6890959337
        5.1700000000         2.9886340618       290.7732984933
        5.1750000000         2.9879583810       271.7908512048
        5.1800000000         2.9872634364       279.3838301202
        5.1850000000         2.9865492555       281.2820748491
        5.1900000000         2.9858158665       275.5873406625
        5.1950000000         2.9850632982       275.5873406625
        5.2000000000         2.9842915806       285.0785643068
        5.2050000000         2.9835007439       275.5873406625
        5.2100000000         2.9826908194       277.4855853914
        5.2150000000         2.9818618391       281.2820748491
        5.2200000000         2.9810138358       281.2820748491
        5.2250000000         2.9801468428       262.2996275605
        5.2300000000         2.9792608945       260.4013828317
        5.2350000000         2.9783560258       279.3838301202
        5.2400000000         2.9774322724       277.4855853914
        5.2450000000         2.9764896708       269.8926064759
        5.2500000000         2.9755282581       281.2820748491
        5.2550000000         2.9745480725       281.2820748491
        5.2600000000         2.9735491525       269.8926064759
        5.2650000000         2.9725315376       279.3838301202
        5.2700000000         2.9714952679       273.6890959337
        5.2750000000         2.9704403845       290.7732984933
        5.2800000000         2.9693669288       281.2820748491
        5.2850000000         2.9682749434       271.7908512048
        5.2900000000         2.9671644712       266.0961170182
        5.2950000000         2.9660355562       273.6890959337
        5.3000000000         2.9648882429       266.0961170182
        5.3050000000         2.9637225767       264.1978722894
        5.3100000000         2.9625386034       283.1803195779
        5.3150000000         2.9613363699       271.7908512048
        5.3200000000         2.9601159237       283.1803195779
        5.3250000000         2.9588773128       267.9943617471
        5.3300000000         2.9576205863       277.4855853914
        5.3350000000         2.9563457937       273.6890959337
        5.3400000000         2.9550529853       267.9943617471
        5.3450000000         2.9537422123       273.6890959337
        5.3500000000         2.9524135262       269.8926064759
        5.3550000000         2.9510669797       269.8926064759
        5.3600000000         2.9497026258       264.1978722894
        5.3650000000         2.9483205184       266.0961170182
        5.3700000000         2.9469207121       250.9101591874
        5.3750000000         2.9455032621       266.0961170182
        5.3800000000         2.9440682244       254.7066486451
        5.3850000000         2.9426156557       275.5873406625
        5.3900000000         2.9411456132       254.7066486451
        5.3950000000         2.9396581551       279.3838301202
        5.4000000000         2.9381533400       267.9943617471
        5.4050000000         2.9366312274       249.0119144586
        5.4100000000         2.9350918773       277.4855853914
        5.4150000000         2.9335353506       264.1978722894
        5.4200000000         2.9319617086       264.1978722894
        5.4250000000         2.9303710135       266.0961170182
        5.4300000000         2.9287633281       264.1978722894
        5.4350000000         2.9271387158       254.7066486451
        5.4400000000         2.9254972409       267.9943617471
        5.4450000000         2.9238389680       260.4013828317
        5.4500000000         2.9221639628       258.5031381028
        5.4550000000         2.9204722911       258.5031381028
        5.4600000000         2.9187640200       260.4013828317
        5.4650000000         2.9170392168       260.4013828317
        5.4700000000         2.9152979496       252.8084039163
        5.4750000000         2.9135402871       260.4013828317
        5.4800000000         2.9117662988       269.8926064759
        5.4850000000         2.9099760547       260.4013828317
        5.4900000000         2.9081696254       267.9943617471
        5.4950000000         2.9063470822       260.4013828317
        5.5000000000         2.9045084972       254.7066486451
        5.5050000000         2.9026539429       250.9101591874
        5.5100000000         2.9007834924       266.0961170182
        5.5150000000         2.8988972198       258.5031381028
        5.5200000000         2.8969951993       264.1978722894
        5.5250000000         2.8950775062       254.7066486451
        5.5300000000         2.8931442161       254.7066486451
        5.5350000000         2.8911954053       260.4013828317
        5.5400000000         2.8892311508       254.7066486451
        5.5450000000         2.8872515301       258.5031381028
        5.5500000000         2.8852566214       252.8084039163
        5.5550000000         2.8832465034       249.0119144586
        5.5600000000         2.8812212555       250.9101591874
        5.5650000000         2.8791809576       250.9101591874
        5.5700000000         2.8771256904       266.0961170182
        5.5750000000         2.8750555348       252.8084039163
        5.5800000000         2.8729705727       239.5206908143
        5.5850000000         2.8708708864       247.1136697297
        5.5900000000         2.8687565587       247.1136697297
        5.5950000000         2.8666276731       252.8084039163
        5.6000000000         2.8644843137       243.3171802720
        5.6050000000         2.8623265651       252.8084039163
        5.6100000000         2.8601545124       247.1136697297
        5.6150000000         2.8579682415       235.7242013566
        5.6200000000         2.8557678386       245.2154250008
        5.6250000000         2.8535533906       237.6224460854
        5.6300000000         2.8513249849       252.8084039163
        5.6350000000         2.8490827095       237.6224460854
        5.6400000000         2.8468266529       254.7066486451
        5.6450000000         2.8445569042       245.2154250008
        5.6500000000         2.8422735530       247.1136697297
        5.6550000000         2.8399766894       239.5206908143
        5.6600000000         2.8376664041       233.8259566277
        5.6650000000         2.8353427883       241.4189355431
        5.6700000000         2.8330059337       230.0294671700
        5.6750000000         2.8306559327       239.5206908143
        5.6800000000         2.8282928779       239.5206908143
        5.6850000000         2.8259168627       228.1312224412
        5.6900000000         2.8235279808       239.5206908143
        5.6950000000         2.8211263266       233.8259566277
        5.7000000000         2.8187119949       233.8259566277
        5.7050000000         2.8162850810       237.6224460854
        5.7100000000         2.8138456806       222.4364882546
        5.7150000000         2.8113938902       249.0119144586
        5.7200000000         2.8089298065       212.9452646103
        5.7250000000         2.8064535268       226.2329777123
        5.7300000000         2.8039651488       233.8259566277
        5.7350000000         2.8014647708       230.0294671700
        5.7400000000         2.7989524915       233.8259566277
        5.7450000000         2.7964284101       239.5206908143
        5.7500000000         2.7938926261       224.3347329835
        5.7550000000         2.7913452398       235.7242013566
        5.7600000000         2.7887863517       230.0294671700
        5.7650000000         2.7862160628       220.5382435257
        5.7700000000         2.7836344746       224.3347329835
        5.7750000000         2.7810416889       216.7417540680
        5.7800000000         2.7784378082       228.1312224412
        5.7850000000         2.7758229353       220.5382435257
        5.7900000000         2.7731971734       218.6399987969
        5.7950000000         2.7705606261       216.7417540680
        5.8000000000         2.7679133975       218.6399987969
        5.8050000000         2.7652555922       222.4364882546
        5.8100000000         2.7625873150       182.5733489487
        5.8150000000         2.7599086713       222.4364882546
        5.8200000000         2.7572197669       209.1487751526
        5.8250000000         2.7545207079       216.7417540680
        5.8300000000         2.7518116008       212.9452646103
        5.8350000000         2.7490925527       214.8435093392
        5.8400000000         2.7463636708       209.1487751526
        5.8450000000         2.7436250629       211.0470198815
        5.8500000000         2.7408768371       190.1663278641
        5.8550000000         2.7381191018       203.4540409661
        5.8600000000         2.7353519661       201.5557962372
        5.8650000000         2.7325755390       211.0470198815
        5.8700000000         2.7297899303       201.5557962372
        5.8750000000         2.7269952499       184.4715936775
        5.8800000000         2.7241916080       188.2680831352
        5.8850000000         2.7213791155       184.4715936775
        5.8900000000         2.7185578833       199.6575515084
        5.8950000000         2.7157280228       178.7768594910
        5.9000000000         2.7128896458       195.8610620506
        5.9050000000         2.7100428642       178.7768594910
        5.9100000000         2.7071877905       176.8786147621
        5.9150000000         2.7043245374       182.5733489487
        5.9200000000         2.7014532179       174.9803700332
        5.9250000000         2.6985739453       174.9803700332
        5.9300000000         2.6956868334       182.5733489487
        5.9350000000         2.6927919961       178.7768594910
        5.9400000000         2.6898895478       178.7768594910
        5.9450000000         2.6869796029       163.5909016601
        5.9500000000         2.6840622763       173.0821253044
        5.9550000000         2.6811376834       157.8961674736
        5.9600000000         2.6782059394       161.6926569313
        5.9650000000         2.6752671601       167.3873911178
        5.9700000000         2.6723214616       163.5909016601
        5.9750000000         2.6693689601       163.5909016601
        5.9800000000         2.6664097723       154.0996780159
        5.9850000000         2.6634440148       167.3873911178
        5.9900000000         2.6604718049       154.0996780159
        5.9950000000         2.6574932598       157.8961674736
        6.0000000000         2.6545084972       148.4049438293
        6.0050000000         2.6515176348       144.6084543716
        6.0100000000         2.6485207908       140.8119649139
        6.0150000000         2.6455180834       138.9137201850
        6.0200000000         2.6425096312       155.9979227447
        6.0250000000         2.6394955530       142.7102096427
        6.0300000000         2.6364759678       152.2014332870
        6.0350000000         2.6334509947       146.5066991004
        6.0400000000         2.6304207531       142.7102096427
        6.0450000000         2.6273853628       137.0154754562
        6.0500000000         2.6243449436       140.8119649139
        6.0550000000         2.6212996154       138.9137201850
        6.0600000000         2.6182494985       135.1172307273
        6.0650000000         2.6151947133       138.9137201850
        6.0700000000         2.6121353805       133.2189859985
        6.0750000000         2.6090716207       131.3207412696
        6.0800000000         2.6060035550       121.8295176253
        6.0850000000         2.6029313044       133.2189859985
        6.0900000000         2.5998549903       116.1347834388
        6.0950000000         2.5967747340       129.4224965408
        6.1000000000         2.5936906573       119.9312728965
        6.1050000000         2.5906028818       123.7277623542
        6.1100000000         2.5875115295       114.2365387099
        6.1150000000         2.5844167224       135.1172307273
        6.1200000000         2.5813185826       118.0330281676
        6.1250000000         2.5782172325       112.3382939811
        6.1300000000         2.5751127946        99.0505808791
        6.1350000000         2.5720053913       112.3382939811
        6.1400000000         2.5688951453       108.5418045234
        6.1450000000         2.5657821795       108.5418045234
        6.1500000000         2.5626666168        95.2540914214
        6.1550000000         2.5595485800        97.1523361502
        6.1600000000         2.5564281924        99.0505808791
        6.1650000000         2.5533055771        99.0505808791
        6.1700000000         2.5501808574       100.9488256079
        6.1750000000         2.5470541567        91.4576019637
        6.1800000000         2.5439255983        97.1523361502
        6.1850000000         2.5407953058        89.5593572348
        6.1900000000         2.5376634028        89.5593572348
        6.1950000000         2.5345300129        93.3558466925
        6.2000000000         2.5313952598        87.6611125060
        6.2050000000         2.5282592672        87.6611125060
        6.2100000000         2.5251221591        89.5593572348
        6.2150000000         2.5219840592       100.9488256079
        6.2200000000         2.5188450913        81.9663783194
        6.2250000000         2.5157053795        83.8646230483
        6.2300000000         2.5125650477        85.7628677771
        6.2350000000         2.5094242199        81.9663783194
        6.2400000000         2.5062830199        87.6611125060
        6.2450000000         2.5031415720        53.4927073866
        6.2500000000         2.5000000000        57.2891968443
        6.2550000000         2.4968584280        40.2049942846
        6.2600000000         2.4937169801        47.7979732000
        6.2650000000         2.4905757801        26.9172811826
        6.2700000000         2.4874349523        28.8155259115
        6.2750000000         2.4842946205         7.9348338941
        6.2800000000         2.4811549087       -12.9458581233
        6.2850000000         2.4780159408         2.2400997075
        6.2900000000         2.4748778409        -5.3528792079
        6.2950000000         2.4717407328         2.2400997075
        6.3000000000         2.4686047402        -3.4546344790
        6.3050000000         2.4654699871        -9.1493686656
        6.3100000000         2.4623365972        -3.4546344790
        6.3150000000         2.4592046942       -66.0967105312
        6.3200000000         2.4560744017      -107.8580945660
        6.3250000000         2.4529458433       -77.4861789043
        6.3300000000         2.4498191426       -75.5879341755
        6.3350000000         2.4466944229       -81.2826683620
        6.3400000000         2.4435718076       -83.1809130909
        6.3450000000         2.4404514200       -77.4861789043
        6.3500000000         2.4373333832      -104.0616051083
        6.3550000000         2.4342178205       -92.6721367352
        6.3600000000         2.4311048547      -105.9598498371
        6.3650000000         2.4279946087       -92.6721367352
        6.3700000000         2.4248872054       -81.2826683620
        6.3750000000         2.4217827675      -107.8580945660
        6.3800000000         2.4186814174      -109.7563392948
        6.3850000000         2.4155832776      -105.9598498371
        6.3900000000         2.4124884705      -104.0616051083
        6.3950000000         2.4093971182      -105.9598498371
        6.4000000000         2.4063093427       -81.2826683620
        6.4050000000         2.4032252660      -111.6545840237
        6.4100000000         2.4001450097      -107.8580945660
        6.4150000000         2.3970686956      -107.8580945660
        6.4200000000         2.3939964450      -102.1633603794
        6.4250000000         2.3909283793      -102.1633603794
        6.4300000000         2.3878646195      -111.6545840237
        6.4350000000         2.3848052867      -119.2475629391
        6.4400000000         2.3817505015      -115.4510734814
        6.4450000000         2.3787003846      -121.1458076680
        6.4500000000         2.3756550564      -105.9598498371
        6.4550000000         2.3726146372      -123.0440523968
        6.4600000000         2.3695792469      -119.2475629391
        6.4650000000         2.3665490053      -111.6545840237
        6.4700000000         2.3635240322      -115.4510734814
        6.4750000000         2.3605044470      -126.8405418545
        6.4800000000         2.3574903688      -124.9422971257
        6.4850000000         2.3544819166      -123.0440523968
        6.4900000000         2.3514792092      -138.2300102277
        6.4950000000         2.3484823652      -124.9422971257
        6.5000000000         2.3454915028      -128.7387865834
        6.5050000000         2.3425067402      -126.8405418545
        6.5100000000         2.3395281951      -142.0264996854
        6.5150000000         2.3365559852      -128.7387865834
        6.5200000000         2.3335902277      -138.2300102277
        6.5250000000         2.3306310399      -132.5352760411
        6.5300000000         2.3276785384      -151.5177233296
        6.5350000000         2.3247328399      -136.3317654988
        6.5400000000         2.3217940606      -142.0264996854
        6.5450000000         2.3188623166      -145.8229891431
        6.5500000000         2.3159377237      -138.2300102277
        6.5550000000         2.3130203971      -149.6194786008
        6.5600000000         2.3101104522      -140.1282549565
        6.5650000000         2.3072080039      -151.5177233296
        6.5700000000         2.3043131666      -140.1282549565
        6.5750000000         2.3014260547      -162.9071917028
        6.5800000000         2.2985467821      -157.2124575162
        6.5850000000         2.2956754626      -151.5177233296
        6.5900000000         2.2928122095      -168.6019258893
        6.5950000000         2.2899571358      -143.9247444142
        6.6000000000         2.2871103542      -164.8054364316
        6.6050000000         2.2842719772      -151.5177233296
        6.6100000000         2.2814421167      -166.7036811605
        6.6150000000         2.2786208845      -161.0089469739
        6.6200000000         2.2758083920      -164.8054364316
        6.6250000000         2.2730047501      -164.8054364316
        6.6300000000         2.2702100697      -166.7036811605
        6.6350000000         2.2674244610      -166.7036811605
        6.6400000000         2.2646480339      -155.3142127873
        6.6450000000         2.2618808982      -183.7878837202
        6.6500000000         2.2591231629      -159.1107022450
        6.6550000000         2.2563749371      -185.6861284490
        6.6600000000         2.2536363292      -157.2124575162
        6.6650000000         2.2509074473      -162.9071917028
        6.6700000000         2.2481883992      -176.1949048047
        6.6750000000         2.2454792921      -170.5001706182
        6.6800000000         2.2427802331      -176.1949048047
        6.6850000000         2.2400913287      -172.3984153470
        6.6900000000         2.2374126850      -187.5843731779
        6.6950000000         2.2347444078      -181.8896389913
        6.7000000000         2.2320866025      -181.8896389913
        6.7050000000         2.2294393739      -181.8896389913
        6.7100000000         2.2268028266      -183.7878837202
        6.7150000000         2.2241770647      -181.8896389913
        6.7200000000         2.2215621918      -198.9738415510
        6.7250000000         2.2189583111      -185.6861284490
        6.7300000000         2.2163655254      -198.9738415510
        6.7350000000         2.2137839372      -193.2791073644
        6.7400000000         2.2112136483      -195.1773520933
        6.7450000000         2.2086547602      -200.8720862798
        6.7500000000         2.2061073739      -187.5843731779
        6.7550000000         2.2035715899      -204.6685757375
        6.7600000000         2.2010475085      -189.4826179067
        6.7650000000         2.1985352292      -206.5668204664
        6.7700000000         2.1960348512      -206.5668204664
        6.7750000000         2.1935464732      -195.1773520933
        6.7800000000         2.1910701935      -217.9562888395
        6.7850000000         2.1886061098      -195.1773520933
        6.7900000000         2.1861543194      -219.8545335684
        6.7950000000         2.1837149190      -212.2615546530
        6.8000000000         2.1812880051      -216.0580441107
        6.8050000000         2.1788736734      -229.3457572126
        6.8100000000         2.1764720192      -206.5668204664
        6.8150000000         2.1740831373      -242.6334703146
        6.8200000000         2.1717071221      -212.2615546530
        6.8250000000         2.1693440673      -233.1422466704
        6.8300000000         2.1669940663      -219.8545335684
        6.8350000000         2.1646572117      -221.7527782972
        6.8400000000         2.1623335959      -223.6510230261
        6.8450000000         2.1600233106      -210.3633099241
        6.8500000000         2.1577264470      -231.2440019415
        6.8550000000         2.1554430958      -223.6510230261
        6.8600000000         2.1531733471      -223.6510230261
        6.8650000000         2.1509172905      -223.6510230261
        6.8700000000         2.1486750151      -212.2615546530
        6.8750000000         2.1464466094      -225.5492677549
        6.8800000000         2.1442321614      -225.5492677549
        6.8850000000         2.1420317585      -231.2440019415
        6.8900000000         2.1398454876      -231.2440019415
        6.8950000000         2.1376734349      -236.9387361281
        6.9000000000         2.1355156863      -221.7527782972
        6.9050000000         2.1333723269      -242.6334703146
        6.9100000000         2.1312434413      -217.9562888395
        6.9150000000         2.1291291136      -235.0404913992
        6.9200000000         2.1270294273      -233.1422466704
        6.9250000000         2.1249444652      -229.3457572126
        6.9300000000         2.1228743096      -246.4299597723
        6.9350000000         2.1208190424      -227.4475124838
        6.9400000000         2.1187787445      -240.7352255858
        6.9450000000         2.1167534966      -229.3457572126
        6.9500000000         2.1147433786      -242.6334703146
        6.9550000000         2.1127484699      -229.3457572126
        6.9600000000         2.1107688492      -229.3457572126
        6.9650000000         2.1088045947      -221.7527782972
        6.9700000000         2.1068557839      -235.0404913992
        6.9750000000         2.1049224938      -221.7527782972
        6.9800000000         2.1030048007      -250.2264492300
        6.9850000000         2.1011027802      -233.1422466704
        6.9900000000         2.0992165076      -242.6334703146
        6.9950000000         2.0973460571      -233.1422466704
        7.0000000000         2.0954915028      -229.3457572126
        7.0050000000         2.0936529178      -219.8545335684
        7.0100000000         2.0918303746      -248.3282045012
        7.0150000000         2.0900239453      -240.7352255858
        7.0200000000         2.0882337012      -248.3282045012
        7.0250000000         2.0864597129      -246.4299597723
        7.0300000000         2.0847020504      -242.6334703146
        7.0350000000         2.0829607832      -246.4299597723
        7.0400000000         2.0812359800      -255.9211834166
        7.0450000000         2.0795277089      -259.7176728743
        7.0500000000         2.0778360372      -219.8545335684
        7.0550000000         2.0761610320      -255.9211834166
        7.0600000000         2.0745027591      -248.3282045012
        7.0650000000         2.0728612842      -261.6159176032
        7.0700000000         2.0712366719      -263.5141623320
        7.0750000000         2.0696289865      -242.6334703146
        7.0800000000         2.0680382914      -259.7176728743
        7.0850000000         2.0664646494      -236.9387361281
        7.0900000000         2.0649081227      -255.9211834166
        7.0950000000         2.0633687726      -252.1246939589
        7.1000000000         2.0618466600      -263.5141623320
        7.1050000000         2.0603418449      -257.8194281455
        7.1100000000         2.0588543868      -246.4299597723
        7.1150000000         2.0573843443      -267.3106517897
        7.1200000000         2.0559317756      -265.4124070609
        7.1250000000         2.0544967379      -271.1071412474
        7.1300000000         2.0530792879      -263.5141623320
        7.1350000000         2.0516794816      -265.4124070609
        7.1400000000         2.0502973742      -267.3106517897
        7.1450000000         2.0489330203      -267.3106517897
        7.1500000000         2.0475864738      -290.0895885360
        7.1550000000         2.0462577877      -263.5141623320
        7.1600000000         2.0449470147      -280.5983648917
        7.1650000000         2.0436542063      -271.1071412474
        7.1700000000         2.0423794137      -267.3106517897
        7.1750000000         2.0411226872      -284.3948543494
        7.1800000000         2.0398840763      -274.9036307051
        7.1850000000         2.0386636301      -280.5983648917
        7.1900000000         2.0374613966      -276.8018754340
        7.1950000000         2.0362774233      -290.0895885360
        7.2000000000         2.0351117571      -278.7001201629
        7.2050000000         2.0339644438      -280.5983648917
        7.2100000000         2.0328355288      -286.2930990783
        7.2150000000         2.0317250566      -267.3106517897
        7.2200000000         2.0306330712      -269.2088965186
        7.2250000000         2.0295596155      -303.3773016380
        7.2300000000         2.0285047321      -271.1071412474
        7.2350000000         2.0274684624      -286.2930990783
        7.2400000000         2.0264508475      -269.2088965186
        7.2450000000         2.0254519275      -295.7843227225
        7.2500000000         2.0244717419      -278.7001201629
        7.2550000000         2.0235103292      -293.8860779937
        7.2600000000         2.0225677276      -282.4966096206
        7.2650000000         2.0216439742      -274.9036307051
        7.2700000000         2.0207391055      -301.4790569091
        7.2750000000         2.0198531572      -280.5983648917
        7.2800000000         2.0189861642      -303.3773016380
        7.2850000000         2.0181381609      -280.5983648917
        7.2900000000         2.0173091806      -288.1913438071
        7.2950000000         2.0164992561      -269.2088965186
        7.3000000000         2.0157084194      -303.3773016380
        7.3050000000         2.0149367018      -276.8018754340
        7.3100000000         2.0141841335      -310.9702805534
        7.3150000000         2.0134507445      -276.8018754340
        7.3200000000         2.0127365636      -290.0895885360
        7.3250000000         2.0120416190      -288.1913438071
        7.3300000000         2.0113659382      -297.6825674514
        7.3350000000         2.0107095478      -293.8860779937
        7.3400000000         2.0100724738      -293.8860779937
        7.3450000000         2.0094547413      -310.9702805534
        7.3500000000         2.0088563746      -290.0895885360
        7.3550000000         2.0082773975      -286.2930990783
        7.3600000000         2.0077178327      -288.1913438071
        7.3650000000         2.0071777024      -293.8860779937
        7.3700000000         2.0066570279      -303.3773016380
        7.3750000000         2.0061558297      -295.7843227225
        7.3800000000         2.0056741276      -295.7843227225
        7.3850000000         2.0052119407      -295.7843227225
        7.3900000000         2.0047692872      -290.0895885360
        7.3950000000         2.0043461845      -295.7843227225
        7.4000000000         2.0039426493      -322.3597489265
        7.4050000000         2.0035586977      -286.2930990783
        7.4100000000         2.0031943447      -301.4790569091
        7.4150000000         2.0028496048      -301.4790569091
        7.4200000000         2.0025244915      -316.6650147399
        7.4250000000         2.0022190177      -295.7843227225
        7.4300000000         2.0019331954      -301.4790569091
        7.4350000000         2.0016670360      -316.6650147399
        7.4400000000         2.0014205499      -307.1737910957
        7.4450000000         2.0011937468      -309.0720358245
        7.4500000000         2.0009866358      -305.2755463668
        7.4550000000         2.0007992249      -309.0720358245
        7.4600000000         2.0006315217      -318.5632594688
        7.4650000000         2.0004835327      -299.5808121802
        7.4700000000         2.0003552637      -314.7667700111
        7.4750000000         2.0002467198      -312.8685252822
        7.4800000000         2.0001579054      -320.4615041976
        7.4850000000         2.0000888238      -314.7667700111
        7.4900000000         2.0000394779      -326.1562383842
        7.4950000000         2.0000098696      -316.6650147399
        7.5000000000         2.0000000000      -310.9702805534
        7.5050000000         2.0000098696      -320.4615041976
        7.5100000000         2.0000394779      -312.8685252822
        7.5150000000         2.0000888238      -341.3421962150
        7.5200000000         2.0001579054      -310.9702805534
        7.5250000000         2.0002467198      -318.5632594688
        7.5300000000         2.0003552637      -312.8685252822
        7.5350000000         2.0004835327      -316.6650147399
        7.5400000000         2.0006315217      -318.5632594688
        7.5450000000         2.0007992249      -333.7492172996
        7.5500000000         2.0009866358      -320.4615041976
        7.5550000000         2.0011937468      -318.5632594688
        7.5600000000         2.0014205499      -326.1562383842
        7.5650000000         2.0016670360      -316.6650147399
        7.5700000000         2.0019331954      -324.2579936553
        7.5750000000         2.0022190177      -326.1562383842
        7.5800000000         2.0025244915      -305.2755463668
        7.5850000000         2.0028496048      -320.4615041976
        7.5900000000         2.0031943447      -326.1562383842
        7.5950000000         2.0035586977      -318.5632594688
        7.6000000000         2.0039426493      -316.6650147399
        7.6050000000         2.0043461845      -318.5632594688
        7.6100000000         2.0047692872      -328.0544831131
        7.6150000000         2.0052119407      -318.5632594688
        7.6200000000         2.0056741276      -337.5457067573
        7.6250000000         2.0061558297      -328.0544831131
        7.6300000000         2.0066570279      -328.0544831131
        7.6350000000         2.0071777024      -337.5457067573
        7.6400000000         2.0077178327      -324.2579936553
        7.6450000000         2.0082773975      -333.7492172996
        7.6500000000         2.0088563746      -303.3773016380
        7.6550000000         2.0094547413      -337.5457067573
        7.6600000000         2.0100724738      -331.8509725708
        7.6650000000         2.0107095478      -331.8509725708
        7.6700000000         2.0113659382      -324.2579936553
        7.6750000000         2.0120416190      -333.7492172996
        7.6800000000         2.0127365636      -320.4615041976
        7.6850000000         2.0134507445      -326.1562383842
        7.6900000000         2.0141841335      -345.1386856727
        7.6950000000         2.0149367018      -326.1562383842
        7.7000000000         2.0157084194      -333.7492172996
        7.7050000000         2.0164992561      -326.1562383842
        7.7100000000         2.0173091806      -343.2404409439
        7.7150000000         2.0181381609      -329.9527278419
        7.7200000000         2.0189861642      -328.0544831131
        7.7250000000         2.0198531572      -328.0544831131
        7.7300000000         2.0207391055      -333.7492172996
        7.7350000000         2.0216439742      -329.9527278419
        7.7400000000         2.0225677276      -335.6474620285
        7.7450000000         2.0235103292      -324.2579936553
        7.7500000000         2.0244717419      -322.3597489265
        7.7550000000         2.0254519275      -328.0544831131
        7.7600000000         2.0264508475      -312.8685252822
        7.7650000000         2.0274684624      -324.2579936553
        7.7700000000         2.0285047321      -314.7667700111
        7.7750000000         2.0295596155      -326.1562383842
        7.7800000000         2.0306330712      -305.2755463668
        7.7850000000         2.0317250566      -324.2579936553
        7.7900000000         2.0328355288      -333.7492172996
        7.7950000000         2.0339644438      -318.5632594688
        7.8000000000         2.0351117571      -324.2579936553
        7.8050000000         2.0362774233      -328.0544831131
        7.8100000000         2.0374613966      -324.2579936553
        7.8150000000         2.0386636301      -312.8685252822
        7.8200000000         2.0398840763      -322.3597489265
        7.8250000000         2.0411226872      -312.8685252822
        7.8300000000         2.0423794137      -310.9702805534
        7.8350000000         2.0436542063      -316.6650147399
        7.8400000000         2.0449470147      -328.0544831131
        7.8450000000         2.0462577877      -322.3597489265
        7.8500000000         2.0475864738      -309.0720358245
        7.8550000000         2.0489330203      -305.2755463668
        7.8600000000         2.0502973742      -310.9702805534
        7.8650000000         2.0516794816      -320.4615041976
        7.8700000000         2.0530792879      -309.0720358245
        7.8750000000         2.0544967379      -318.5632594688
        7.8800000000         2.0559317756      -312.8685252822
        7.8850000000         2.0573843443      -307.1737910957
        7.8900000000         2.0588543868      -307.1737910957
        7.8950000000         2.0603418449      -320.4615041976
        7.9000000000         2.0618466600      -309.0720358245
        7.9050000000         2.0633687726      -326.1562383842
        7.9100000000         2.0649081227      -307.1737910957
        7.9150000000         2.0664646494      -314.7667700111
        7.9200000000         2.0680382914      -309.0720358245
        7.9250000000         2.0696289865      -324.2579936553
        7.9300000000         2.0712366719      -310.9702805534
        7.9350000000         2.0728612842      -307.1737910957
        7.9400000000         2.0745027591      -312.8685252822
        7.9450000000         2.0761610320      -318.5632594688
        7.9500000000         2.0778360372      -309.0720358245
        7.9550000000         2.0795277089      -309.0720358245
        7.9600000000         2.0812359800      -301.4790569091
        7.9650000000         2.0829607832      -301.4790569091
        7.9700000000         2.0847020504      -305.2755463668
        7.9750000000         2.0864597129      -301.4790569091
        7.9800000000         2.0882337012      -307.1737910957
        7.9850000000         2.0900239453      -305.2755463668
        7.9900000000         2.0918303746      -297.6825674514
        7.9950000000         2.0936529178      -297.6825674514
        8.0000000000         2.0954915028      -309.0720358245
        8.0050000000         2.0973460571      -301.4790569091
        8.0100000000         2.0992165076      -312.8685252822
        8.0150000000         2.1011027802      -295.7843227225
        8.0200000000         2.1030048007      -303.3773016380
        8.0250000000         2.1049224938      -288.1913438071
        8.0300000000         2.1068557839      -301.4790569091
        8.0350000000         2.1088045947      -303.3773016380
        8.0400000000         2.1107688492      -299.5808121802
        8.0450000000         2.1127484699      -297.6825674514
        8.0500000000         2.1147433786      -288.1913438071
        8.0550000000         2.1167534966      -301.4790569091
        8.0600000000         2.1187787445      -301.4790569091
        8.0650000000         2.1208190424      -297.6825674514
        8.0700000000         2.1228743096      -291.9878332648
        8.0750000000         2.1249444652      -297.6825674514
        8.0800000000         2.1270294273      -305.2755463668
        8.0850000000         2.1291291136      -286.2930990783
        8.0900000000         2.1312434413      -295.7843227225
        8.0950000000         2.1333723269      -299.5808121802
        8.1000000000         2.1355156863      -280.5983648917
        8.1050000000         2.1376734349      -293.8860779937
        8.1100000000         2.1398454876      -284.3948543494
        8.1150000000         2.1420317585      -293.8860779937
        8.1200000000         2.1442321614      -293.8860779937
        8.1250000000         2.1464466094      -284.3948543494
        8.1300000000         2.1486750151      -293.8860779937
        8.1350000000         2.1509172905      -293.8860779937
        8.1400000000         2.1531733471      -273.0053859763
        8.1450000000         2.1554430958      -288.1913438071
        8.1500000000         2.1577264470      -273.0053859763
        8.1550000000         2.1600233106      -293.8860779937
        8.1600000000         2.1623335959      -265.4124070609
        8.1650000000         2.1646572117      -282.4966096206
        8.1700000000         2.1669940663      -265.4124070609
        8.1750000000         2.1693440673      -280.5983648917
        8.1800000000         2.1717071221      -278.7001201629
        8.1850000000         2.1740831373      -273.0053859763
        8.1900000000         2.1764720192      -284.3948543494
        8.1950000000         2.1788736734      -278.7001201629
        8.2000000000         2.1812880051      -276.8018754340
        8.2050000000         2.1837149190      -273.0053859763
        8.2100000000         2.1861543194      -280.5983648917
        8.2150000000         2.1886061098      -261.6159176032
        8.2200000000         2.1910701935      -280.5983648917
        8.2250000000         2.1935464732      -273.0053859763
        8.2300000000         2.1960348512      -278.7001201629
        8.2350000000         2.1985352292      -271.1071412474
        8.2400000000         2.2010475085      -263.5141623320
        8.2450000000         2.2035715899      -274.9036307051
        8.2500000000         2.2061073739      -259.7176728743
        8.2550000000         2.2086547602      -274.9036307051
        8.2600000000         2.2112136483      -261.6159176032
        8.2650000000         2.2137839372      -267.3106517897
        8.2700000000         2.2163655254      -261.6159176032
        8.2750000000         2.2189583111      -254.0229386877
        8.2800000000         2.2215621918      -255.9211834166
        8.2850000000         2.2241770647      -246.4299597723
        8.2900000000         2.2268028266      -263.5141623320
        8.2950000000         2.2294393739      -257.8194281455
        8.3000000000         2.2320866025      -244.5317150435
        8.3050000000         2.2347444078      -255.9211834166
        8.3100000000         2.2374126850      -242.6334703146
        8.3150000000         2.2400913287      -265.4124070609
        8.3200000000         2.2427802331      -236.9387361281
        8.3250000000         2.2454792921      -240.7352255858
        8.3300000000         2.2481883992      -236.9387361281
        8.3350000000         2.2509074473      -248.3282045012
        8.3400000000         2.2536363292      -246.4299597723
        8.3450000000         2.2563749371      -225.5492677549
        8.3500000000         2.2591231629      -229.3457572126
        8.3550000000         2.2618808982      -217.9562888395
        8.3600000000         2.2646480339      -236.9387361281
        8.3650000000         2.2674244610      -236.9387361281
        8.3700000000         2.2702100697      -225.5492677549
        8.3750000000         2.2730047501      -223.6510230261
        8.3800000000         2.2758083920      -221.7527782972
        8.3850000000         2.2786208845      -212.2615546530
        8.3900000000         2.2814421167      -227.4475124838
        8.3950000000         2.2842719772      -210.3633099241
        8.4000000000         2.2871103542      -231.2440019415
        8.4050000000         2.2899571358      -217.9562888395
        8.4100000000         2.2928122095      -225.5492677549
        8.4150000000         2.2956754626      -219.8545335684
        8.4200000000         2.2985467821      -212.2615546530
        8.4250000000         2.3014260547      -212.2615546530
        8.4300000000         2.3043131666      -214.1597993818
        8.4350000000         2.3072080039      -197.0755968221
        8.4400000000         2.3101104522      -231.2440019415
        8.4450000000         2.3130203971      -200.8720862798
        8.4500000000         2.3159377237      -214.1597993818
        8.4550000000         2.3188623166      -208.4650651953
        8.4600000000         2.3217940606      -202.7703310087
        8.4650000000         2.3247328399      -208.4650651953
        8.4700000000         2.3276785384      -195.1773520933
        8.4750000000         2.3306310399      -206.5668204664
        8.4800000000         2.3335902277      -181.8896389913
        8.4850000000         2.3365559852      -216.0580441107
        8.4900000000         2.3395281951      -195.1773520933
        8.4950000000         2.3425067402      -204.6685757375
        8.5000000000         2.3454915028      -197.0755968221
        8.5050000000         2.3484823652      -200.8720862798
        8.5100000000         2.3514792092      -185.6861284490
        8.5150000000         2.3544819166      -198.9738415510
        8.5200000000         2.3574903688      -195.1773520933
        8.5250000000         2.3605044470      -189.4826179067
        8.5300000000         2.3635240322      -187.5843731779
        8.5350000000         2.3665490053      -185.6861284490
        8.5400000000         2.3695792469      -181.8896389913
        8.5450000000         2.3726146372      -195.1773520933
        8.5500000000         2.3756550564      -183.7878837202
        8.5550000000         2.3787003846      -181.8896389913
        8.5600000000         2.3817505015      -172.3984153470
        8.5650000000         2.3848052867      -191.3808626356
        8.5700000000         2.3878646195      -181.8896389913
        8.5750000000         2.3909283793      -172.3984153470
        8.5800000000         2.3939964450      -172.3984153470
        8.5850000000         2.3970686956      -170.5001706182
        8.5900000000         2.4001450097      -170.5001706182
        8.5950000000         2.4032252660      -164.8054364316
        8.6000000000         2.4063093427      -157.2124575162
        8.6050000000         2.4093971182      -172.3984153470
        8.6100000000         2.4124884705      -161.0089469739
        8.6150000000         2.4155832776      -170.5001706182
        8.6200000000         2.4186814174      -159.1107022450
        8.6250000000         2.4217827675      -134.4335207699
        8.6300000000         2.4248872054      -142.0264996854
        8.6350000000         2.4279946087      -140.1282549565
        8.6400000000         2.4311048547      -145.8229891431
        8.6450000000         2.4342178205      -134.4335207699
        8.6500000000         2.4373333832      -138.2300102277
        8.6550000000         2.4404514200      -126.8405418545
        8.6600000000         2.4435718076      -134.4335207699
        8.6650000000         2.4466944229      -128.7387865834
        8.6700000000         2.4498191426      -126.8405418545
        8.6750000000         2.4529458433      -121.1458076680
        8.6800000000         2.4560744017      -111.6545840237
        8.6850000000         2.4592046942      -132.5352760411
        8.6900000000         2.4623365972      -123.0440523968
        8.6950000000         2.4654699871      -130.6370313122
        8.7000000000         2.4686047402      -111.6545840237
        8.7050000000         2.4717407328      -124.9422971257
        8.7100000000         2.4748778409      -107.8580945660
        8.7150000000         2.4780159408      -121.1458076680
        8.7200000000         2.4811549087      -111.6545840237
        8.7250000000         2.4842946205      -111.6545840237
        8.7300000000         2.4874349523      -107.8580945660
        8.7350000000         2.4905757801      -102.1633603794
        8.7400000000         2.4937169801      -109.7563392948
        8.7450000000         2.4968584280       -85.0791578197
        8.7500000000         2.5000000000       -71.7914447178
        8.7550000000         2.5031415720       -66.0967105312
        8.7600000000         2.5062830199       -50.9107527004
        8.7650000000         2.5094242199       -43.3177737850
        8.7700000000         2.5125650477       -35.7247948695
        8.7750000000         2.5157053795       -20.5388370387
        8.7800000000         2.5188450913        21.2225469961
        8.7850000000         2.5219840592        -5.3528792079
        8.7900000000         2.5251221591         2.2400997075
        8.7950000000         2.5282592672        -1.5563897502
        8.8000000000         2.5313952598        -5.3528792079
        8.8050000000         2.5345300129         2.2400997075
        8.8100000000         2.5376634028         0.3418549787
        8.8150000000         2.5407953058         0.3418549787
        8.8200000000         2.5439255983        17.4260575384
        8.8250000000         2.5470541567        68.6786652174
        8.8300000000         2.5501808574        51.5944626577
        8.8350000000         2.5533055771        51.5944626577
        8.8400000000         2.5564281924        42.1032390135
        8.8450000000         2.5595485800        51.5944626577
        8.8500000000         2.5626666168        49.6962179289
        8.8550000000         2.5657821795        40.2049942846
        8.8600000000         2.5688951453        55.3909521154
        8.8650000000         2.5720053913        32.6120153692
        8.8700000000         2.5751127946        42.1032390135
        8.8750000000         2.5782172325        42.1032390135
        8.8800000000         2.5813185826        66.7804204886
        8.8850000000         2.5844167224        57.2891968443
        8.8900000000         2.5875115295        47.7979732000
        8.8950000000         2.5906028818        62.9839310309
        8.9000000000         2.5936906573        47.7979732000
        8.9050000000         2.5967747340        59.1874415732
        8.9100000000         2.5998549903        47.7979732000
        8.9150000000         2.6029313044        47.7979732000
        8.9200000000         2.6060035550        55.3909521154
        8.9250000000         2.6090716207        53.4927073866
        8.9300000000         2.6121353805        59.1874415732
        8.9350000000         2.6151947133        53.4927073866
        8.9400000000         2.6182494985        53.4927073866
        8.9450000000         2.6212996154        51.5944626577
        8.9500000000         2.6243449436        62.9839310309
        8.9550000000         2.6273853628        30.7137706403
        8.9600000000         2.6304207531        68.6786652174
        8.9650000000         2.6334509947        55.3909521154
        8.9700000000         2.6364759678        55.3909521154
        8.9750000000         2.6394955530        57.2891968443
        8.9800000000         2.6425096312        61.0856863020
        8.9850000000         2.6455180834        55.3909521154
        8.9900000000         2.6485207908        51.5944626577
        8.9950000000         2.6515176348        64.8821757597
        9.0000000000         2.6545084972        61.0856863020
        9.0050000000         2.6574932598        62.9839310309
        9.0100000000         2.6604718049        70.5769099463
        9.0150000000         2.6634440148        55.3909521154
        9.0200000000         2.6664097723        68.6786652174
        9.0250000000         2.6693689601        40.2049942846
        9.0300000000         2.6723214616        72.4751546751
        9.0350000000         2.6752671601        64.8821757597
        9.0400000000         2.6782059394        74.3733994040
        9.0450000000         2.6811376834        70.5769099463
        9.0500000000         2.6840622763        72.4751546751
        9.0550000000         2.6869796029        74.3733994040
        9.0600000000         2.6898895478        76.2716441328
        9.0650000000         2.6927919961        76.2716441328
        9.0700000000         2.6956868334        81.9663783194
        9.0750000000         2.6985739453        74.3733994040
        9.0800000000         2.7014532179        78.1698888617
        9.0850000000         2.7043245374        81.9663783194
        9.0900000000         2.7071877905        80.0681335906
        9.0950000000         2.7100428642        83.8646230483
        9.1000000000         2.7128896458        85.7628677771
        9.1050000000         2.7157280228        78.1698888617
        9.1100000000         2.7185578833        89.5593572348
        9.1150000000         2.7213791155        85.7628677771
        9.1200000000         2.7241916080        99.0505808791
        9.1250000000         2.7269952499        85.7628677771
        9.1300000000         2.7297899303        93.3558466925
        9.1350000000         2.7325755390        93.3558466925
        9.1400000000         2.7353519661        85.7628677771
        9.1450000000         2.7381191018       112.3382939811
        9.1500000000         2.7408768371        99.0505808791
        9.1550000000         2.7436250629        95.2540914214
        9.1600000000         2.7463636708       100.9488256079
        9.1650000000         2.7490925527        97.1523361502
        9.1700000000         2.7518116008       108.5418045234
        9.1750000000         2.7545207079       110.4400492522
        9.1800000000         2.7572197669       106.6435597945
        9.1850000000         2.7599086713       106.6435597945
        9.1900000000         2.7625873150       116.1347834388
        9.1950000000         2.7652555922       110.4400492522
        9.2000000000         2.7679133975       114.2365387099
        9.2050000000         2.7705606261       121.8295176253
        9.2100000000         2.7731971734       123.7277623542
        9.2150000000         2.7758229353       114.2365387099
        9.2200000000         2.7784378082       121.8295176253
        9.2250000000         2.7810416889       114.2365387099
        9.2300000000         2.7836344746       133.2189859985
        9.2350000000         2.7862160628       121.8295176253
        9.2400000000         2.7887863517       133.2189859985
        9.2450000000         2.7913452398       127.5242518119
        9.2500000000         2.7938926261       142.7102096427
        9.2550000000         2.7964284101       129.4224965408
        9.2600000000         2.7989524915       138.9137201850
        9.2650000000         2.8014647708       140.8119649139
        9.2700000000         2.8039651488       135.1172307273
        9.2750000000         2.8064535268       144.6084543716
        9.2800000000         2.8089298065       142.7102096427
        9.2850000000         2.8113938902       138.9137201850
        9.2900000000         2.8138456806       144.6084543716
        9.2950000000         2.8162850810       152.2014332870
        9.3000000000         2.8187119949       138.9137201850
        9.3050000000         2.8211263266       150.3031885581
        9.3100000000         2.8235279808       144.6084543716
        9.3150000000         2.8259168627       140.8119649139
        9.3200000000         2.8282928779       154.0996780159
        9.3250000000         2.8306559327       155.9979227447
        9.3300000000         2.8330059337       165.4891463890
        9.3350000000         2.8353427883       159.7944122024
        9.3400000000         2.8376664041       161.6926569313
        9.3450000000         2.8399766894       152.2014332870
        9.3500000000         2.8422735530       165.4891463890
        9.3550000000         2.8445569042       167.3873911178
        9.3600000000         2.8468266529       174.9803700332
        9.3650000000         2.8490827095       178.7768594910
        9.3700000000         2.8513249849       176.8786147621
        9.3750000000         2.8535533906       173.0821253044
        9.3800000000         2.8557678386       174.9803700332
        9.3850000000         2.8579682415       169.2856358467
        9.3900000000         2.8601545124       188.2680831352
        9.3950000000         2.8623265651       173.0821253044
        9.4000000000         2.8644843137       180.6751042198
        9.4050000000         2.8666276731       190.1663278641
        9.4100000000         2.8687565587       169.2856358467
        9.4150000000         2.8708708864       188.2680831352
        9.4200000000         2.8729705727       184.4715936775
        9.4250000000         2.8750555348       193.9628173218
        9.4300000000         2.8771256904       188.2680831352
        9.4350000000         2.8791809576       182.5733489487
        9.4400000000         2.8812212555       192.0645725929
        9.4450000000         2.8832465034       180.6751042198
        9.4500000000         2.8852566214       176.8786147621
        9.4550000000         2.8872515301       197.7593067795
        9.4600000000         2.8892311508       192.0645725929
        9.4650000000         2.8911954053       195.8610620506
        9.4700000000         2.8931442161       192.0645725929
        9.4750000000         2.8950775062       218.6399987969
        9.4800000000         2.8969951993       195.8610620506
        9.4850000000         2.8988972198       214.8435093392
        9.4900000000         2.9007834924       203.4540409661
        9.4950000000         2.9026539429       193.9628173218
        9.5000000000         2.9045084972       207.2505304238
        9.5050000000         2.9063470822       207.2505304238
        9.5100000000         2.9081696254       212.9452646103
        9.5150000000         2.9099760547       214.8435093392
        9.5200000000         2.9117662988       197.7593067795
        9.5250000000         2.9135402871       199.6575515084
        9.5300000000         2.9152979496       212.9452646103
        9.5350000000         2.9170392168       209.1487751526
        9.5400000000         2.9187640200       226.2329777123
        9.5450000000         2.9204722911       222.4364882546
        9.5500000000         2.9221639628       218.6399987969
        9.5550000000         2.9238389680       230.0294671700
        9.5600000000         2.9254972409       216.7417540680
        9.5650000000         2.9271387158       231.9277118989
        9.5700000000         2.9287633281       224.3347329835
        9.5750000000         2.9303710135       216.7417540680
        9.5800000000         2.9319617086       233.8259566277
        9.5850000000         2.9335353506       226.2329777123
        9.5900000000         2.9350918773       228.1312224412
        9.5950000000         2.9366312274       231.9277118989
        9.6000000000         2.9381533400       224.3347329835
        9.6050000000         2.9396581551       237.6224460854
        9.6100000000         2.9411456132       241.4189355431
        9.6150000000         2.9426156557       237.6224460854
        9.6200000000         2.9440682244       235.7242013566
        9.6250000000         2.9455032621       243.3171802720
        9.6300000000         2.9469207121       239.5206908143
        9.6350000000         2.9483205184       249.0119144586
        9.6400000000         2.9497026258       235.7242013566
        9.6450000000         2.9510669797       237.6224460854
        9.6500000000         2.9524135262       249.0119144586
        9.6550000000         2.9537422123       233.8259566277
        9.6600000000         2.9550529853       258.5031381028
        9.6650000000         2.9563457937       245.2154250008
        9.6700000000         2.9576205863       243.3171802720
        9.6750000000         2.9588773128       241.4189355431
        9.6800000000         2.9601159237       241.4189355431
        9.6850000000         2.9613363699       260.4013828317
        9.6900000000         2.9625386034       239.5206908143
        9.6950000000         2.9637225767       256.6048933740
        9.7000000000         2.9648882429       228.1312224412
        9.7050000000         2.9660355562       245.2154250008
        9.7100000000         2.9671644712       256.6048933740
        9.7150000000         2.9682749434       247.1136697297
        9.7200000000         2.9693669288       271.7908512048
        9.7250000000         2.9704403845       249.0119144586
        9.7300000000         2.9714952679       264.1978722894
        9.7350000000         2.9725315376       258.5031381028
        9.7400000000         2.9735491525       260.4013828317
        9.7450000000         2.9745480725       264.1978722894
        9.7500000000         2.9755282581       260.4013828317
        9.7550000000         2.9764896708       267.9943617471
        9.7600000000         2.9774322724       243.3171802720
        9.7650000000         2.9783560258       269.8926064759
        9.7700000000         2.9792608945       264.1978722894
        9.7750000000         2.9801468428       254.7066486451
        9.7800000000         2.9810138358       260.4013828317
        9.7850000000         2.9818618391       250.9101591874
        9.7900000000         2.9826908194       271.7908512048
        9.7950000000         2.9835007439       245.2154250008
        9.8000000000         2.9842915806       275.5873406625
        9.8050000000         2.9850632982       260.4013828317
        9.8100000000         2.9858158665       258.5031381028
        9.8150000000         2.9865492555       266.0961170182
        9.8200000000         2.9872634364       258.5031381028
        9.8250000000         2.9879583810       273.6890959337
        9.8300000000         2.9886340618       269.8926064759
        9.8350000000         2.9892904522       271.7908512048
        9.8400000000         2.9899275262       264.1978722894
        9.8450000000         2.9905452587       249.0119144586
        9.8500000000         2.9911436254       262.2996275605
        9.8550000000         2.9917226025       266.0961170182
        9.8600000000         2.9922821673       271.7908512048
        9.8650000000         2.9928222976       260.4013828317
        9.8700000000         2.9933429721       262.2996275605
        9.8750000000         2.9938441703       260.4013828317
        9.8800000000         2.9943258724       266.0961170182
        9.8850000000         2.9947880593       269.8926064759
        9.8900000000         2.9952307128       275.5873406625
        9.8950000000         2.9956538155       260.4013828317
        9.9000000000         2.9960573507       275.5873406625
        9.9050000000         2.9964413023       260.4013828317
        9.9100000000         2.9968056553       264.1978722894
        9.9150000000         2.9971503952       275.5873406625
        9.9200000000         2.9974755085       266.0961170182
        9.9250000000         2.9977809823       283.1803195779
        9.9300000000         2.9980668046       260.4013828317
        9.9350000000         2.9983329640       279.3838301202
        9.9400000000         2.9985794501       266.0961170182
        9.9450000000         2.9988062532       264.1978722894
        9.9500000000         2.9990133642       260.4013828317
        9.9550000000         2.9992007751       275.5873406625
        9.9600000000         2.9993684783       288.8750537645
        9.9650000000         2.9995164673       273.6890959337
        9.9700000000         2.9996447363       258.5031381028
        9.9750000000         2.9997532802       269.8926064759
        9.9800000000         2.9998420946       283.1803195779
        9.9850000000         2.9999111762       273.6890959337
        9.9900000000         2.9999605221       281.2820748491
        9.9950000000         2.9999901304       264.1978722894
       10.0000000000         3.0000000000       271.7908512048
       10.0050000000         2.9999901304       266.0961170182
       10.0100000000         2.9999605221       275.5873406625
       10.0150000000         2.9999111762       266.0961170182
       10.0200000000         2.9998420946       271.7908512048
       10.0250000000         2.9997532802       275.5873406625
       10.0300000000         2.9996447363       279.3838301202
       10.0350000000         2.9995164673       266.0961170182
       10.0400000000         2.9993684783       283.1803195779
       10.0450000000         2.9992007751       283.1803195779
       10.0500000000         2.9990133642       260.4013828317
       10.0550000000         2.9988062532       286.9768090356
       10.0600000000         2.9985794501       273.6890959337
       10.0650000000         2.9983329640       273.6890959337
       10.0700000000         2.9980668046       264.1978722894
       10.0750000000         2.9977809823       273.6890959337
       10.0800000000         2.9974755085       283.1803195779
       10.0850000000         2.9971503952       269.8926064759
       10.0900000000         2.9968056553       281.2820748491
       10.0950000000         2.9964413023       258.5031381028
       10.1000000000         2.9960573507       277.4855853914
       10.1050000000         2.9956538155       266.0961170182
       10.1100000000         2.9952307128       271.7908512048
       10.1150000000         2.9947880593       269.8926064759
       10.1200000000         2.9943258724       279.3838301202
       10.1250000000         2.9938441703       267.9943617471
       10.1300000000         2.9933429721       277.4855853914
       10.1350000000         2.9928222976       271.7908512048
       10.1400000000         2.9922821673       271.7908512048
       10.1450000000         2.9917226025       273.6890959337
       10.1500000000         2.9911436254       273.6890959337
       10.1550000000         2.9905452587       275.5873406625
       10.1600000000         2.9899275262       277.4855853914
       10.1650000000         2.9892904522       275.5873406625
       10.1700000000         2.9886340618       273.6890959337
       10.1750000000         2.9879583810       269.8926064759
       10.1800000000         2.9872634364       283.1803195779
       10.1850000000         2.9865492555       281.2820748491
       10.1900000000         2.9858158665       266.0961170182
       10.1950000000         2.9850632982       277.4855853914
       10.2000000000         2.9842915806       264.1978722894
       10.2050000000         2.9835007439       260.4013828317
       10.2100000000         2.9826908194       279.3838301202
       10.2150000000         2.9818618391       269.8926064759
       10.2200000000         2.9810138358       275.5873406625
       10.2250000000         2.9801468428       249.0119144586
       10.2300000000         2.9792608945       275.5873406625
       10.2350000000         2.9783560258       254.7066486451
       10.2400000000         2.9774322724       281.2820748491
       10.2450000000         2.9764896708       271.7908512048
       10.2500000000         2.9755282581       267.9943617471
       10.2550000000         2.9745480725       262.2996275605
       10.2600000000         2.9735491525       269.8926064759
       10.2650000000         2.9725315376       271.7908512048
       10.2700000000         2.9714952679       256.6048933740
       10.2750000000         2.9704403845       264.1978722894
       10.2800000000         2.9693669288       262.2996275605
       10.2850000000         2.9682749434       266.0961170182
       10.2900000000         2.9671644712       250.9101591874
       10.2950000000         2.9660355562       266.0961170182
       10.3000000000         2.9648882429       258.5031381028
       10.3050000000         2.9637225767       260.4013828317
       10.3100000000         2.9625386034       249.0119144586
       10.3150000000         2.9613363699       239.5206908143
       10.3200000000         2.9601159237       267.9943617471
       10.3250000000         2.9588773128       245.2154250008
       10.3300000000         2.9576205863       267.9943617471
       10.3350000000         2.9563457937       250.9101591874
       10.3400000000         2.9550529853       258.5031381028
       10.3450000000         2.9537422123       256.6048933740
       10.3500000000         2.9524135262       256.6048933740
       10.3550000000         2.9510669797       264.1978722894
       10.3600000000         2.9497026258       252.8084039163
       10.3650000000         2.9483205184       264.1978722894
       10.3700000000         2.9469207121       252.8084039163
       10.3750000000         2.9455032621       266.0961170182
       10.3800000000         2.9440682244       245.2154250008
       10.3850000000         2.9426156557       256.6048933740
       10.3900000000         2.9411456132       252.8084039163
       10.3950000000         2.9396581551       250.9101591874
       10.4000000000         2.9381533400       254.7066486451
       10.4050000000         2.9366312274       250.9101591874
       10.4100000000         2.9350918773       266.0961170182
       10.4150000000         2.9335353506       254.7066486451
       10.4200000000         2.9319617086       252.8084039163
       10.4250000000         2.9303710135       250.9101591874
       10.4300000000         2.9287633281       262.2996275605
       10.4350000000         2.9271387158       266.0961170182
       10.4400000000         2.9254972409       252.8084039163
       10.4450000000         2.9238389680       256.6048933740
       10.4500000000         2.9221639628       252.8084039163
       10.4550000000         2.9204722911       252.8084039163
       10.4600000000         2.9187640200       249.0119144586
       10.4650000000         2.9170392168       249.0119144586
       10.4700000000         2.9152979496       260.4013828317
       10.4750000000         2.9135402871       260.4013828317
       10.4800000000         2.9117662988       262.2996275605
       10.4850000000         2.9099760547       260.4013828317
       10.4900000000         2.9081696254       249.0119144586
       10.4950000000         2.9063470822       243.3171802720
       10.5000000000         2.9045084972       252.8084039163
       10.5050000000         2.9026539429       256.6048933740
       10.5100000000         2.9007834924       252.8084039163
       10.5150000000         2.8988972198       260.4013828317
       10.5200000000         2.8969951993       254.7066486451
       10.5250000000         2.8950775062       247.1136697297
       10.5300000000         2.8931442161       239.5206908143
       10.5350000000         2.8911954053       245.2154250008
       10.5400000000         2.8892311508       258.5031381028
       10.5450000000         2.8872515301       237.6224460854
       10.5500000000         2.8852566214       241.4189355431
       10.5550000000         2.8832465034       254.7066486451
       10.5600000000         2.8812212555       239.5206908143
       10.5650000000         2.8791809576       237.6224460854
       10.5700000000         2.8771256904       245.2154250008
       10.5750000000         2.8750555348       245.2154250008
       10.5800000000         2.8729705727       262.2996275605
       10.5850000000         2.8708708864       230.0294671700
       10.5900000000         2.8687565587       256.6048933740
       10.5950000000         2.8666276731       245.2154250008
       10.6000000000         2.8644843137       235.7242013566
       10.6050000000         2.8623265651       252.8084039163
       10.6100000000         2.8601545124       241.4189355431
       10.6150000000         2.8579682415       252.8084039163
       10.6200000000         2.8557678386       228.1312224412
       10.6250000000         2.8535533906       241.4189355431
       10.6300000000         2.8513249849       243.3171802720
       10.6350000000         2.8490827095       230.0294671700
       10.6400000000         2.8468266529       228.1312224412
       10.6450000000         2.8445569042       228.1312224412
       10.6500000000         2.8422735530       235.7242013566
       10.6550000000         2.8399766894       230.0294671700
       10.6600000000         2.8376664041       231.9277118989
       10.6650000000         2.8353427883       231.9277118989
       10.6700000000         2.8330059337       216.7417540680
       10.6750000000         2.8306559327       230.0294671700
       10.6800000000         2.8282928779       220.5382435257
       10.6850000000         2.8259168627       224.3347329835
       10.6900000000         2.8235279808       243.3171802720
       10.6950000000         2.8211263266       218.6399987969
       10.7000000000         2.8187119949       222.4364882546
       10.7050000000         2.8162850810       220.5382435257
       10.7100000000         2.8138456806       212.9452646103
       10.7150000000         2.8113938902       220.5382435257
       10.7200000000         2.8089298065       203.4540409661
       10.7250000000         2.8064535268       212.9452646103
       10.7300000000         2.8039651488       212.9452646103
       10.7350000000         2.8014647708       193.9628173218
       10.7400000000         2.7989524915       207.2505304238
       10.7450000000         2.7964284101       199.6575515084
       10.7500000000         2.7938926261       212.9452646103
       10.7550000000         2.7913452398       197.7593067795
       10.7600000000         2.7887863517       203.4540409661
       10.7650000000         2.7862160628       211.0470198815
       10.7700000000         2.7836344746       193.9628173218
       10.7750000000         2.7810416889       214.8435093392
       10.7800000000         2.7784378082       192.0645725929
       10.7850000000         2.7758229353       192.0645725929
       10.7900000000         2.7731971734       192.0645725929
       10.7950000000         2.7705606261       165.4891463890
       10.8000000000         2.7679133975       193.9628173218
       10.8050000000         2.7652555922       188.2680831352
       10.8100000000         2.7625873150       197.7593067795
       10.8150000000         2.7599086713       176.8786147621
       10.8200000000         2.7572197669       192.0645725929
       10.8250000000         2.7545207079       171.1838805755
       10.8300000000         2.7518116008       174.9803700332
       10.8350000000         2.7490925527       184.4715936775
       10.8400000000         2.7463636708       169.2856358467
       10.8450000000         2.7436250629       178.7768594910
       10.8500000000         2.7408768371       167.3873911178
       10.8550000000         2.7381191018       186.3698384064
       10.8600000000         2.7353519661       173.0821253044
       10.8650000000         2.7325755390       173.0821253044
       10.8700000000         2.7297899303       186.3698384064
       10.8750000000         2.7269952499       169.2856358467
       10.8800000000         2.7241916080       171.1838805755
       10.8850000000         2.7213791155       163.5909016601
       10.8900000000         2.7185578833       169.2856358467
       10.8950000000         2.7157280228       165.4891463890
       10.9000000000         2.7128896458       154.0996780159
       10.9050000000         2.7100428642       169.2856358467
       10.9100000000         2.7071877905       154.0996780159
       10.9150000000         2.7043245374       155.9979227447
       10.9200000000         2.7014532179       154.0996780159
       10.9250000000         2.6985739453       161.6926569313
       10.9300000000         2.6956868334       154.0996780159
       10.9350000000         2.6927919961       140.8119649139
       10.9400000000         2.6898895478       146.5066991004
       10.9450000000         2.6869796029       146.5066991004
       10.9500000000         2.6840622763       142.7102096427
       10.9550000000         2.6811376834       140.8119649139
       10.9600000000         2.6782059394       131.3207412696
       10.9650000000         2.6752671601       123.7277623542
       10.9700000000         2.6723214616       133.2189859985
       10.9750000000         2.6693689601       131.3207412696
       10.9800000000         2.6664097723       140.8119649139
       10.9850000000         2.6634440148       137.0154754562
       10.9900000000         2.6604718049       129.4224965408
       10.9950000000         2.6574932598       127.5242518119
       11.0000000000         2.6545084972       121.8295176253
       11.0050000000         2.6515176348       127.5242518119
       11.0100000000         2.6485207908       121.8295176253
       11.0150000000         2.6455180834       123.7277623542
       11.0200000000         2.6425096312       127.5242518119
       11.0250000000         2.6394955530       129.4224965408
       11.0300000000         2.6364759678       112.3382939811
       11.0350000000         2.6334509947       123.7277623542
       11.0400000000         2.6304207531       119.9312728965
       11.0450000000         2.6273853628       116.1347834388
       11.0500000000         2.6243449436       112.3382939811
       11.0550000000         2.6212996154       108.5418045234
       11.0600000000         2.6182494985       108.5418045234
       11.0650000000         2.6151947133       106.6435597945
       11.0700000000         2.6121353805       112.3382939811
       11.0750000000         2.6090716207       104.7453150657
       11.0800000000         2.6060035550       104.7453150657
       11.0850000000         2.6029313044        99.0505808791
       11.0900000000         2.5998549903       100.9488256079
       11.0950000000         2.5967747340        99.0505808791
       11.1000000000         2.5936906573        97.1523361502
       11.1050000000         2.5906028818        85.7628677771
       11.1100000000         2.5875115295        87.6611125060
       11.1150000000         2.5844167224        85.7628677771
       11.1200000000         2.5813185826        97.1523361502
       11.1250000000         2.5782172325        89.5593572348
       11.1300000000         2.5751127946        91.4576019637
       11.1350000000         2.5720053913        80.0681335906
       11.1400000000         2.5688951453        89.5593572348
       11.1450000000         2.5657821795        78.1698888617
       11.1500000000         2.5626666168        76.2716441328
       11.1550000000         2.5595485800        83.8646230483
       11.1600000000         2.5564281924        78.1698888617
       11.1650000000         2.5533055771        72.4751546751
       11.1700000000         2.5501808574        76.2716441328
       11.1750000000         2.5470541567        78.1698888617
       11.1800000000         2.5439255983        72.4751546751
       11.1850000000         2.5407953058        70.5769099463
       11.1900000000         2.5376634028        55.3909521154
       11.1950000000         2.5345300129        70.5769099463
       11.2000000000         2.5313952598        70.5769099463
       11.2050000000         2.5282592672        68.6786652174
       11.2100000000         2.5251221591        55.3909521154
       11.2150000000         2.5219840592        70.5769099463
       11.2200000000         2.5188450913        70.5769099463
       11.2250000000         2.5157053795        64.8821757597
       11.2300000000         2.5125650477        66.7804204886
       11.2350000000         2.5094242199        59.1874415732
       11.2400000000         2.5062830199        57.2891968443
       11.2450000000         2.5031415720        42.1032390135
       11.2500000000         2.5000000000        44.0014837423
       11.2550000000         2.4968584280        28.8155259115
       11.2600000000         2.4937169801        19.3243022672
       11.2650000000         2.4905757801        17.4260575384
       11.2700000000         2.4874349523        17.4260575384
       11.2750000000         2.4842946205        -5.3528792079
       11.2800000000         2.4811549087         0.3418549787
       11.2850000000         2.4780159408        -1.5563897502
       11.2900000000         2.4748778409       -12.9458581233
       11.2950000000         2.4717407328        -5.3528792079
       11.3000000000         2.4686047402        -5.3528792079
       11.3050000000         2.4654699871        -7.2511239367
       11.3100000000         2.4623365972       -43.3177737850
       11.3150000000         2.4592046942       -88.8756472775
       11.3200000000         2.4560744017       -52.8089974292
       11.3250000000         2.4529458433       -71.7914447178
       11.3300000000         2.4498191426       -64.1984658024
       11.3350000000         2.4466944229       -77.4861789043
       11.3400000000         2.4435718076       -56.6054868869
       11.3450000000         2.4404514200       -81.2826683620
       11.3500000000         2.4373333832       -73.6896894466
       11.3550000000         2.4342178205       -66.0967105312
       11.3600000000         2.4311048547       -67.9949552601
       11.3650000000         2.4279946087       -64.1984658024
       11.3700000000         2.4248872054       -73.6896894466
       11.3750000000         2.4217827675       -67.9949552601
       11.3800000000         2.4186814174       -79.3844236332
       11.3850000000         2.4155832776       -73.6896894466
       11.3900000000         2.4124884705       -69.8931999889
       11.3950000000         2.4093971182       -79.3844236332
       11.4000000000         2.4063093427       -81.2826683620
       11.4050000000         2.4032252660       -81.2826683620
       11.4100000000         2.4001450097       -75.5879341755
       11.4150000000         2.3970686956       -98.3668709217
       11.4200000000         2.3939964450       -98.3668709217
       11.4250000000         2.3909283793       -98.3668709217
       11.4300000000         2.3878646195       -94.5703814640
       11.4350000000         2.3848052867       -90.7738920063
       11.4400000000         2.3817505015       -85.0791578197
       11.4450000000         2.3787003846       -94.5703814640
       11.4500000000         2.3756550564       -94.5703814640
       11.4550000000         2.3726146372      -104.0616051083
       11.4600000000         2.3695792469      -100.2651156506
       11.4650000000         2.3665490053       -88.8756472775
       11.4700000000         2.3635240322      -107.8580945660
       11.4750000000         2.3605044470       -94.5703814640
       11.4800000000         2.3574903688      -113.5528287526
       11.4850000000         2.3544819166      -105.9598498371
       11.4900000000         2.3514792092      -121.1458076680
       11.4950000000         2.3484823652      -115.4510734814
       11.5000000000         2.3454915028      -115.4510734814
       11.5050000000         2.3425067402      -126.8405418545
       11.5100000000         2.3395281951      -111.6545840237
       11.5150000000         2.3365559852      -123.0440523968
       11.5200000000         2.3335902277      -105.9598498371
       11.5250000000         2.3306310399      -126.8405418545
       11.5300000000         2.3276785384      -134.4335207699
       11.5350000000         2.3247328399      -126.8405418545
       11.5400000000         2.3217940606      -126.8405418545
       11.5450000000         2.3188623166      -134.4335207699
       11.5500000000         2.3159377237      -143.9247444142
       11.5550000000         2.3130203971      -130.6370313122
       11.5600000000         2.3101104522      -143.9247444142
       11.5650000000         2.3072080039      -138.2300102277
       11.5700000000         2.3043131666      -134.4335207699
       11.5750000000         2.3014260547      -143.9247444142
       11.5800000000         2.2985467821      -140.1282549565
       11.5850000000         2.2956754626      -136.3317654988
       11.5900000000         2.2928122095      -140.1282549565
       11.5950000000         2.2899571358      -151.5177233296
       11.6000000000         2.2871103542      -151.5177233296
       11.6050000000         2.2842719772      -159.1107022450
       11.6100000000         2.2814421167      -155.3142127873
       11.6150000000         2.2786208845      -168.6019258893
       11.6200000000         2.2758083920      -155.3142127873
       11.6250000000         2.2730047501      -162.9071917028
       11.6300000000         2.2702100697      -153.4159680585
       11.6350000000         2.2674244610      -159.1107022450
       11.6400000000         2.2646480339      -164.8054364316
       11.6450000000         2.2618808982      -157.2124575162
       11.6500000000         2.2591231629      -166.7036811605
       11.6550000000         2.2563749371      -168.6019258893
       11.6600000000         2.2536363292      -164.8054364316
       11.6650000000         2.2509074473      -164.8054364316
       11.6700000000         2.2481883992      -170.5001706182
       11.6750000000         2.2454792921      -166.7036811605
       11.6800000000         2.2427802331      -176.1949048047
       11.6850000000         2.2400913287      -172.3984153470
       11.6900000000         2.2374126850      -179.9913942624
       11.6950000000         2.2347444078      -178.0931495336
       11.7000000000         2.2320866025      -172.3984153470
       11.7050000000         2.2294393739      -183.7878837202
       11.7100000000         2.2268028266      -166.7036811605
       11.7150000000         2.2241770647      -170.5001706182
       11.7200000000         2.2215621918      -181.8896389913
       11.7250000000         2.2189583111      -176.1949048047
       11.7300000000         2.2163655254      -185.6861284490
       11.7350000000         2.2137839372      -174.2966600759
       11.7400000000         2.2112136483      -183.7878837202
       11.7450000000         2.2086547602      -168.6019258893
       11.7500000000         2.2061073739      -181.8896389913
       11.7550000000         2.2035715899      -179.9913942624
       11.7600000000         2.2010475085      -189.4826179067
       11.7650000000         2.1985352292      -170.5001706182
       11.7700000000         2.1960348512      -204.6685757375
       11.7750000000         2.1935464732      -181.8896389913
       11.7800000000         2.1910701935      -191.3808626356
       11.7850000000         2.1886061098      -183.7878837202
       11.7900000000         2.1861543194      -200.8720862798
       11.7950000000         2.1837149190      -193.2791073644
       11.8000000000         2.1812880051      -189.4826179067
       11.8050000000         2.1788736734      -204.6685757375
       11.8100000000         2.1764720192      -183.7878837202
       11.8150000000         2.1740831373      -185.6861284490
       11.8200000000         2.1717071221      -212.2615546530
       11.8250000000         2.1693440673      -183.7878837202
       11.8300000000         2.1669940663      -195.1773520933
       11.8350000000         2.1646572117      -204.6685757375
       11.8400000000         2.1623335959      -195.1773520933
       11.8450000000         2.1600233106      -197.0755968221
       11.8500000000         2.1577264470      -195.1773520933
       11.8550000000         2.1554430958      -216.0580441107
       11.8600000000         2.1531733471      -178.0931495336
       11.8650000000         2.1509172905      -216.0580441107
       11.8700000000         2.1486750151      -195.1773520933
       11.8750000000         2.1464466094      -204.6685757375
       11.8800000000         2.1442321614      -189.4826179067
       11.8850000000         2.1420317585      -208.4650651953
       11.8900000000         2.1398454876      -202.7703310087
       11.8950000000         2.1376734349      -206.5668204664
       11.9000000000         2.1355156863      -217.9562888395
       11.9050000000         2.1333723269      -210.3633099241
       11.9100000000         2.1312434413      -225.5492677549
       11.9150000000         2.1291291136      -200.8720862798
       11.9200000000         2.1270294273      -216.0580441107
       11.9250000000         2.1249444652      -185.6861284490
       11.9300000000         2.1228743096      -217.9562888395
       11.9350000000         2.1208190424      -210.3633099241
       11.9400000000         2.1187787445      -233.1422466704
       11.9450000000         2.1167534966      -212.2615546530
       11.9500000000         2.1147433786      -225.5492677549
       11.9550000000         2.1127484699      -221.7527782972
       11.9600000000         2.1107688492      -219.8545335684
       11.9650000000         2.1088045947      -236.9387361281
       11.9700000000         2.1068557839      -216.0580441107
       11.9750000000         2.1049224938      -236.9387361281
       11.9800000000         2.1030048007      -236.9387361281
       11.9850000000         2.1011027802      -217.9562888395
       11.9900000000         2.0992165076      -235.0404913992
       11.9950000000         2.0973460571      -229.3457572126
       12.0000000000         2.0954915028      -235.0404913992
       12.0050000000         2.0936529178      -240.7352255858
       12.0100000000         2.0918303746      -231.2440019415
       12.0150000000         2.0900239453      -242.6334703146
       12.0200000000         2.0882337012      -248.3282045012
       12.0250000000         2.0864597129      -240.7352255858
       12.0300000000         2.0847020504      -255.9211834166
       12.0350000000         2.0829607832      -238.8369808569
       12.0400000000         2.0812359800      -238.8369808569
       12.0450000000         2.0795277089      -250.2264492300
       12.0500000000         2.0778360372      -248.3282045012
       12.0550000000         2.0761610320      -267.3106517897
       12.0600000000         2.0745027591      -252.1246939589
       12.0650000000         2.0728612842      -257.8194281455
       12.0700000000         2.0712366719      -263.5141623320
       12.0750000000         2.0696289865      -246.4299597723
       12.0800000000         2.0680382914      -278.7001201629
       12.0850000000         2.0664646494      -250.2264492300
       12.0900000000         2.0649081227      -280.5983648917
       12.0950000000         2.0633687726      -240.7352255858
       12.1000000000         2.0618466600      -255.9211834166
       12.1050000000         2.0603418449      -257.8194281455
       12.1100000000         2.0588543868      -267.3106517897
       12.1150000000         2.0573843443      -274.9036307051
       12.1200000000         2.0559317756      -280.5983648917
       12.1250000000         2.0544967379      -282.4966096206
       12.1300000000         2.0530792879      -255.9211834166
       12.1350000000         2.0516794816      -276.8018754340
       12.1400000000         2.0502973742      -267.3106517897
       12.1450000000         2.0489330203      -291.9878332648
       12.1500000000         2.0475864738      -291.9878332648
       12.1550000000         2.0462577877      -280.5983648917
       12.1600000000         2.0449470147      -286.2930990783
       12.1650000000         2.0436542063      -276.8018754340
       12.1700000000         2.0423794137      -290.0895885360
       12.1750000000         2.0411226872      -290.0895885360
       12.1800000000         2.0398840763      -282.4966096206
       12.1850000000         2.0386636301      -290.0895885360
       12.1900000000         2.0374613966      -295.7843227225
       12.1950000000         2.0362774233      -276.8018754340
       12.2000000000         2.0351117571      -299.5808121802
       12.2050000000         2.0339644438      -280.5983648917
       12.2100000000         2.0328355288      -297.6825674514
       12.2150000000         2.0317250566      -293.8860779937
       12.2200000000         2.0306330712      -303.3773016380
       12.2250000000         2.0295596155      -297.6825674514
       12.2300000000         2.0285047321      -299.5808121802
       12.2350000000         2.0274684624      -290.0895885360
       12.2400000000         2.0264508475      -307.1737910957
       12.2450000000         2.0254519275      -303.3773016380
       12.2500000000         2.0244717419      -297.6825674514
       12.2550000000         2.0235103292      -309.0720358245
       12.2600000000         2.0225677276      -307.1737910957
       12.2650000000         2.0216439742      -310.9702805534
       12.2700000000         2.0207391055      -322.3597489265
       12.2750000000         2.0198531572      -299.5808121802
       12.2800000000         2.0189861642      -310.9702805534
       12.2850000000         2.0181381609      -309.0720358245
       12.2900000000         2.0173091806      -310.9702805534
       12.2950000000         2.0164992561      -310.9702805534
       12.3000000000         2.0157084194      -314.7667700111
       12.3050000000         2.0149367018      -303.3773016380
       12.3100000000         2.0141841335      -303.3773016380
       12.3150000000         2.0134507445      -328.0544831131
       12.3200000000         2.0127365636      -299.5808121802
       12.3250000000         2.0120416190      -320.4615041976
       12.3300000000         2.0113659382      -301.4790569091
       12.3350000000         2.0107095478      -328.0544831131
       12.3400000000         2.0100724738      -335.6474620285
       12.3450000000         2.0094547413      -310.9702805534
       12.3500000000         2.0088563746      -290.0895885360
       12.3550000000         2.0082773975      -318.5632594688
       12.3600000000         2.0077178327      -297.6825674514
       12.3650000000         2.0071777024      -312.8685252822
       12.3700000000         2.0066570279      -316.6650147399
       12.3750000000         2.0061558297      -312.8685252822
       12.3800000000         2.0056741276      -312.8685252822
       12.3850000000         2.0052119407      -322.3597489265
       12.3900000000         2.0047692872      -309.0720358245
       12.3950000000         2.0043461845      -316.6650147399
       12.4000000000         2.0039426493      -303.3773016380
       12.4050000000         2.0035586977      -314.7667700111
       12.4100000000         2.0031943447      -286.2930990783
       12.4150000000         2.0028496048      -312.8685252822
       12.4200000000         2.0025244915      -309.0720358245
       12.4250000000         2.0022190177      -297.6825674514
       12.4300000000         2.0019331954      -314.7667700111
       12.4350000000         2.0016670360      -301.4790569091
       12.4400000000         2.0014205499      -310.9702805534
       12.4450000000         2.0011937468      -309.0720358245
       12.4500000000         2.0009866358      -309.0720358245
       12.4550000000         2.0007992249      -305.2755463668
       12.4600000000         2.0006315217      -310.9702805534
       12.4650000000         2.0004835327      -307.1737910957
       12.4700000000         2.0003552637      -314.7667700111
       12.4750000000         2.0002467198      -310.9702805534
       12.4800000000         2.0001579054      -310.9702805534
       12.4850000000         2.0000888238      -307.1737910957
       12.4900000000         2.0000394779      -278.7001201629
       12.4950000000         2.0000098696      -307.1737910957
       12.5000000000         2.0000000000      -307.1737910957
       12.5050000000         2.0000098696      -310.9702805534
       12.5100000000         2.0000394779      -316.6650147399
       12.5150000000         2.0000888238      -305.2755463668
       12.5200000000         2.0001579054      -305.2755463668
       12.5250000000         2.0002467198      -314.7667700111
       12.5300000000         2.0003552637      -326.1562383842
       12.5350000000         2.0004835327      -316.6650147399
       12.5400000000         2.0006315217      -320.4615041976
       12.5450000000         2.0007992249      -310.9702805534
       12.5500000000         2.0009866358      -316.6650147399
       12.5550000000         2.0011937468      -310.9702805534
       12.5600000000         2.0014205499      -312.8685252822
       12.5650000000         2.0016670360      -312.8685252822
       12.5700000000         2.0019331954      -301.4790569091
       12.5750000000         2.0022190177      -328.0544831131
       12.5800000000         2.0025244915      -314.7667700111
       12.5850000000         2.0028496048      -316.6650147399
       12.5900000000         2.0031943447      -305.2755463668
       12.5950000000         2.0035586977      -305.2755463668
       12.6000000000         2.0039426493      -307.1737910957
       12.6050000000         2.0043461845      -320.4615041976
       12.6100000000         2.0047692872      -316.6650147399
       12.6150000000         2.0052119407      -328.0544831131
       12.6200000000         2.0056741276      -310.9702805534
       12.6250000000         2.0061558297      -310.9702805534
       12.6300000000         2.0066570279      -310.9702805534
       12.6350000000         2.0071777024      -314.7667700111
       12.6400000000         2.0077178327      -329.9527278419
       12.6450000000         2.0082773975      -316.6650147399
       12.6500000000         2.0088563746      -307.1737910957
       12.6550000000         2.0094547413      -309.0720358245
       12.6600000000         2.0100724738      -316.6650147399
       12.6650000000         2.0107095478      -329.9527278419
       12.6700000000         2.0113659382      -318.5632594688
       12.6750000000         2.0120416190      -326.1562383842
       12.6800000000         2.0127365636      -310.9702805534
       12.6850000000         2.0134507445      -314.7667700111
       12.6900000000         2.0141841335      -320.4615041976
       12.6950000000         2.0149367018      -312.8685252822
       12.7000000000         2.0157084194      -322.3597489265
       12.7050000000         2.0164992561      -318.5632594688
       12.7100000000         2.0173091806      -318.5632594688
       12.7150000000         2.0181381609      -301.4790569091
       12.7200000000         2.0189861642      -328.0544831131
       12.7250000000         2.0198531572      -307.1737910957
       12.7300000000         2.0207391055      -324.2579936553
       12.7350000000         2.0216439742      -309.0720358245
       12.7400000000         2.0225677276      -320.4615041976
       12.7450000000         2.0235103292      -331.8509725708
       12.7500000000         2.0244717419      -303.3773016380
       12.7550000000         2.0254519275      -329.9527278419
       12.7600000000         2.0264508475      -303.3773016380
       12.7650000000         2.0274684624      -316.6650147399
       12.7700000000         2.0285047321      -307.1737910957
       12.7750000000         2.0295596155      -326.1562383842
       12.7800000000         2.0306330712      -310.9702805534
       12.7850000000         2.0317250566      -310.9702805534
       12.7900000000         2.0328355288      -312.8685252822
       12.7950000000         2.0339644438      -326.1562383842
       12.8000000000         2.0351117571      -316.6650147399
       12.8050000000         2.0362774233      -324.2579936553
       12.8100000000         2.0374613966      -318.5632594688
       12.8150000000         2.0386636301      -322.3597489265
       12.8200000000         2.0398840763      -318.5632594688
       12.8250000000         2.0411226872      -324.2579936553
       12.8300000000         2.0423794137      -309.0720358245
       12.8350000000         2.0436542063      -318.5632594688
       12.8400000000         2.0449470147      -322.3597489265
       12.8450000000         2.0462577877      -329.9527278419
       12.8500000000         2.0475864738      -310.9702805534
       12.8550000000         2.0489330203      -305.2755463668
       12.8600000000         2.0502973742      -324.2579936553
       12.8650000000         2.0516794816      -322.3597489265
       12.8700000000         2.0530792879      -309.0720358245
       12.8750000000         2.0544967379      -316.6650147399
       12.8800000000         2.0559317756      -326.1562383842
       12.8850000000         2.0573843443      -312.8685252822
       12.8900000000         2.0588543868      -301.4790569091
       12.8950000000         2.0603418449      -312.8685252822
       12.9000000000         2.0618466600      -309.0720358245
       12.9050000000         2.0633687726      -303.3773016380
       12.9100000000         2.0649081227      -301.4790569091
       12.9150000000         2.0664646494      -309.0720358245
       12.9200000000         2.0680382914      -293.8860779937
       12.9250000000         2.0696289865      -312.8685252822
       12.9300000000         2.0712366719      -310.9702805534
       12.9350000000         2.0728612842      -301.4790569091
       12.9400000000         2.0745027591      -295.7843227225
       12.9450000000         2.0761610320      -301.4790569091
       12.9500000000         2.0778360372      -310.9702805534
       12.9550000000         2.0795277089      -301.4790569091
       12.9600000000         2.0812359800      -288.1913438071
       12.9650000000         2.0829607832      -288.1913438071
       12.9700000000         2.0847020504      -290.0895885360
       12.9750000000         2.0864597129      -291.9878332648
       12.9800000000         2.0882337012      -307.1737910957
       12.9850000000         2.0900239453      -295.7843227225
       12.9900000000         2.0918303746      -293.8860779937
       12.9950000000         2.0936529178      -271.1071412474
       13.0000000000         2.0954915028      -295.7843227225
       13.0050000000         2.0973460571      -259.7176728743
       13.0100000000         2.0992165076      -297.6825674514
       13.0150000000         2.1011027802      -278.7001201629
       13.0200000000         2.1030048007      -286.2930990783
       13.0250000000         2.1049224938      -280.5983648917
       13.0300000000         2.1068557839      -286.2930990783
       13.0350000000         2.1088045947      -286.2930990783
       13.0400000000         2.1107688492      -293.8860779937
       13.0450000000         2.1127484699      -299.5808121802
       13.0500000000         2.1147433786      -280.5983648917
       13.0550000000         2.1167534966      -278.7001201629
       13.0600000000         2.1187787445      -278.7001201629
       13.0650000000         2.1208190424      -273.0053859763
       13.0700000000         2.1228743096      -273.0053859763
       13.0750000000         2.1249444652      -286.2930990783
       13.0800000000         2.1270294273      -263.5141623320
       13.0850000000         2.1291291136      -286.2930990783
       13.0900000000         2.1312434413      -252.1246939589
       13.0950000000         2.1333723269      -280.5983648917
       13.1000000000         2.1355156863      -276.8018754340
       13.1050000000         2.1376734349      -265.4124070609
       13.1100000000         2.1398454876      -276.8018754340
       13.1150000000         2.1420317585      -242.6334703146
       13.1200000000         2.1442321614      -276.8018754340
       13.1250000000         2.1464466094      -265.4124070609
       13.1300000000         2.1486750151      -259.7176728743
       13.1350000000         2.1509172905      -254.0229386877
       13.1400000000         2.1531733471      -257.8194281455
       13.1450000000         2.1554430958      -250.2264492300
       13.1500000000         2.1577264470      -261.6159176032
       13.1550000000         2.1600233106      -248.3282045012
       13.1600000000         2.1623335959      -271.1071412474
       13.1650000000         2.1646572117      -254.0229386877
       13.1700000000         2.1669940663      -246.4299597723
       13.1750000000         2.1693440673      -263.5141623320
       13.1800000000         2.1717071221      -244.5317150435
       13.1850000000         2.1740831373      -233.1422466704
       13.1900000000         2.1764720192      -254.0229386877
       13.1950000000         2.1788736734      -225.5492677549
       13.2000000000         2.1812880051      -257.8194281455
       13.2050000000         2.1837149190      -229.3457572126
       13.2100000000         2.1861543194      -261.6159176032
       13.2150000000         2.1886061098      -233.1422466704
       13.2200000000         2.1910701935      -235.0404913992
       13.2250000000         2.1935464732      -238.8369808569
       13.2300000000         2.1960348512      -233.1422466704
       13.2350000000         2.1985352292      -248.3282045012
       13.2400000000         2.2010475085      -223.6510230261
       13.2450000000         2.2035715899      -225.5492677549
       13.2500000000         2.2061073739      -236.9387361281
       13.2550000000         2.2086547602      -223.6510230261
       13.2600000000         2.2112136483      -231.2440019415
       13.2650000000         2.2137839372      -231.2440019415
       13.2700000000         2.2163655254      -216.0580441107
       13.2750000000         2.2189583111      -233.1422466704
       13.2800000000         2.2215621918      -210.3633099241
       13.2850000000         2.2241770647      -219.8545335684
       13.2900000000         2.2268028266      -208.4650651953
       13.2950000000         2.2294393739      -212.2615546530
       13.3000000000         2.2320866025      -236.9387361281
       13.3050000000         2.2347444078      -225.5492677549
       13.3100000000         2.2374126850      -204.6685757375
       13.3150000000         2.2400913287      -233.1422466704
       13.3200000000         2.2427802331      -206.5668204664
       13.3250000000         2.2454792921      -229.3457572126
       13.3300000000         2.2481883992      -219.8545335684
       13.3350000000         2.2509074473      -197.0755968221
       13.3400000000         2.2536363292      -212.2615546530
       13.3450000000         2.2563749371      -210.3633099241
       13.3500000000         2.2591231629      -208.4650651953
       13.3550000000         2.2618808982      -223.6510230261
       13.3600000000         2.2646480339      -214.1597993818
       13.3650000000         2.2674244610      -217.9562888395
       13.3700000000         2.2702100697      -217.9562888395
       13.3750000000         2.2730047501      -204.6685757375
       13.3800000000         2.2758083920      -217.9562888395
       13.3850000000         2.2786208845      -202.7703310087
       13.3900000000         2.2814421167      -212.2615546530
       13.3950000000         2.2842719772      -204.6685757375
       13.4000000000         2.2871103542      -210.3633099241
       13.4050000000         2.2899571358      -187.5843731779
       13.4100000000         2.2928122095      -204.6685757375
       13.4150000000         2.2956754626      -200.8720862798
       13.4200000000         2.2985467821      -202.7703310087
       13.4250000000         2.3014260547      -197.0755968221
       13.4300000000         2.3043131666      -189.4826179067
       13.4350000000         2.3072080039      -195.1773520933
       13.4400000000         2.3101104522      -197.0755968221
       13.4450000000         2.3130203971      -206.5668204664
       13.4500000000         2.3159377237      -185.6861284490
       13.4550000000         2.3188623166      -200.8720862798
       13.4600000000         2.3217940606      -179.9913942624
       13.4650000000         2.3247328399      -187.5843731779
       13.4700000000         2.3276785384      -189.4826179067
       13.4750000000         2.3306310399      -191.3808626356
       13.4800000000         2.3335902277      -179.9913942624
       13.4850000000         2.3365559852      -164.8054364316
       13.4900000000         2.3395281951      -195.1773520933
       13.4950000000         2.3425067402      -202.7703310087
       13.5000000000         2.3454915028      -183.7878837202
       13.5050000000         2.3484823652      -187.5843731779
       13.5100000000         2.3514792092      -166.7036811605
       13.5150000000         2.3544819166      -172.3984153470
       13.5200000000         2.3574903688      -174.2966600759
       13.5250000000         2.3605044470      -187.5843731779
       13.5300000000         2.3635240322      -172.3984153470
       13.5350000000         2.3665490053      -168.6019258893
       13.5400000000         2.3695792469      -183.7878837202
       13.5450000000         2.3726146372      -164.8054364316
       13.5500000000         2.3756550564      -176.1949048047
       13.5550000000         2.3787003846      -164.8054364316
       13.5600000000         2.3817505015      -170.5001706182
       13.5650000000         2.3848052867      -166.7036811605
       13.5700000000         2.3878646195      -157.2124575162
       13.5750000000         2.3909283793      -189.4826179067
       13.5800000000         2.3939964450      -172.3984153470
       13.5850000000         2.3970686956      -149.6194786008
       13.5900000000         2.4001450097      -151.5177233296
       13.5950000000         2.4032252660      -164.8054364316
       13.6000000000         2.4063093427      -145.8229891431
       13.6050000000         2.4093971182      -161.0089469739
       13.6100000000         2.4124884705      -149.6194786008
       13.6150000000         2.4155832776      -155.3142127873
       13.6200000000         2.4186814174      -157.2124575162
       13.6250000000         2.4217827675      -149.6194786008
       13.6300000000         2.4248872054      -157.2124575162
       13.6350000000         2.4279946087      -149.6194786008
       13.6400000000         2.4311048547      -140.1282549565
       13.6450000000         2.4342178205      -149.6194786008
       13.6500000000         2.4373333832      -143.9247444142
       13.6550000000         2.4404514200      -151.5177233296
       13.6600000000         2.4435718076      -136.3317654988
       13.6650000000         2.4466944229      -138.2300102277
       13.6700000000         2.4498191426      -130.6370313122
       13.6750000000         2.4529458433      -138.2300102277
       13.6800000000         2.4560744017      -138.2300102277
       13.6850000000         2.4592046942      -134.4335207699
       13.6900000000         2.4623365972      -128.7387865834
       13.6950000000         2.4654699871      -140.1282549565
       13.7000000000         2.4686047402      -126.8405418545
       13.7050000000         2.4717407328      -134.4335207699
       13.7100000000         2.4748778409      -121.1458076680
       13.7150000000         2.4780159408      -126.8405418545
       13.7200000000         2.4811549087      -134.4335207699
       13.7250000000         2.4842946205      -113.5528287526
       13.7300000000         2.4874349523      -134.4335207699
       13.7350000000         2.4905757801      -121.1458076680
       13.7400000000         2.4937169801      -121.1458076680
       13.7450000000         2.4968584280       -96.4686261929
       13.7500000000         2.5000000000       -90.7738920063
       13.7550000000         2.5031415720       -71.7914447178
       13.7600000000         2.5062830199       -67.9949552601
       13.7650000000         2.5094242199       -60.4019763446
       13.7700000000         2.5125650477       -58.5037316158
       13.7750000000         2.5157053795       -35.7247948695
       13.7800000000         2.5188450913        13.6295680807
       13.7850000000         2.5219840592         2.2400997075
       13.7900000000         2.5251221591         6.0365891652
       13.7950000000         2.5282592672        -1.5563897502
       13.8000000000         2.5313952598        -7.2511239367
       13.8050000000         2.5345300129        -1.5563897502
       13.8100000000         2.5376634028        -3.4546344790
       13.8150000000         2.5407953058        -3.4546344790
       13.8200000000         2.5439255983         2.2400997075
       13.8250000000         2.5470541567        15.5278128095
       13.8300000000         2.5501808574        81.9663783194
       13.8350000000         2.5533055771        53.4927073866
       13.8400000000         2.5564281924        66.7804204886
       13.8450000000         2.5595485800        49.6962179289
       13.8500000000         2.5626666168        62.9839310309
       13.8550000000         2.5657821795        55.3909521154
       13.8600000000         2.5688951453        53.4927073866
       13.8650000000         2.5720053913        68.6786652174
       13.8700000000         2.5751127946        45.8997284712
       13.8750000000         2.5782172325        64.8821757597
       13.8800000000         2.5813185826        49.6962179289
       13.8850000000         2.5844167224        59.1874415732
       13.8900000000         2.5875115295        57.2891968443
       13.8950000000         2.5906028818        62.9839310309
       13.9000000000         2.5936906573        66.7804204886
       13.9050000000         2.5967747340        55.3909521154
       13.9100000000         2.5998549903        61.0856863020
       13.9150000000         2.6029313044        57.2891968443
       13.9200000000         2.6060035550        51.5944626577
       13.9250000000         2.6090716207        51.5944626577
       13.9300000000         2.6121353805        51.5944626577
       13.9350000000         2.6151947133        49.6962179289
       13.9400000000         2.6182494985        53.4927073866
       13.9450000000         2.6212996154        32.6120153692
       13.9500000000         2.6243449436        38.3067495558
       13.9550000000         2.6273853628        44.0014837423
       13.9600000000         2.6304207531        42.1032390135
       13.9650000000         2.6334509947        53.4927073866
       13.9700000000         2.6364759678        44.0014837423
       13.9750000000         2.6394955530        53.4927073866
       13.9800000000         2.6425096312        40.2049942846
       13.9850000000         2.6455180834        59.1874415732
       13.9900000000         2.6485207908        53.4927073866
       13.9950000000         2.6515176348        59.1874415732
       14.0000000000         2.6545084972        55.3909521154
       14.0050000000         2.6574932598        64.8821757597
       14.0100000000         2.6604718049        57.2891968443
       14.0150000000         2.6634440148        59.1874415732
       14.0200000000         2.6664097723        76.2716441328
       14.0250000000         2.6693689601        61.0856863020
       14.0300000000         2.6723214616        70.5769099463
       14.0350000000         2.6752671601        68.6786652174
       14.0400000000         2.6782059394        68.6786652174
       14.0450000000         2.6811376834        61.0856863020
       14.0500000000         2.6840622763        70.5769099463
       14.0550000000         2.6869796029        70.5769099463
       14.0600000000         2.6898895478        68.6786652174
       14.0650000000         2.6927919961        78.1698888617
       14.0700000000         2.6956868334        68.6786652174
       14.0750000000         2.6985739453        78.1698888617
       14.0800000000         2.7014532179        76.2716441328
       14.0850000000         2.7043245374        81.9663783194
       14.0900000000         2.7071877905        78.1698888617
       14.0950000000         2.7100428642        91.4576019637
       14.1000000000         2.7128896458        78.1698888617
       14.1050000000         2.7157280228        91.4576019637
       14.1100000000         2.7185578833        80.0681335906
       14.1150000000         2.7213791155        85.7628677771
       14.1200000000         2.7241916080        87.6611125060
       14.1250000000         2.7269952499        78.1698888617
       14.1300000000         2.7297899303        95.2540914214
       14.1350000000         2.7325755390        81.9663783194
       14.1400000000         2.7353519661       102.8470703368
       14.1450000000         2.7381191018        89.5593572348
       14.1500000000         2.7408768371        93.3558466925
       14.1550000000         2.7436250629        93.3558466925
       14.1600000000         2.7463636708        99.0505808791
       14.1650000000         2.7490925527       100.9488256079
       14.1700000000         2.7518116008       100.9488256079
       14.1750000000         2.7545207079       106.6435597945
       14.1800000000         2.7572197669       102.8470703368
       14.1850000000         2.7599086713       121.8295176253
       14.1900000000         2.7625873150       114.2365387099
       14.1950000000         2.7652555922       119.9312728965
       14.2000000000         2.7679133975       121.8295176253
       14.2050000000         2.7705606261       116.1347834388
       14.2100000000         2.7731971734       119.9312728965
       14.2150000000         2.7758229353       108.5418045234
       14.2200000000         2.7784378082       118.0330281676
       14.2250000000         2.7810416889       114.2365387099
       14.2300000000         2.7836344746       119.9312728965
       14.2350000000         2.7862160628       125.6260070830
       14.2400000000         2.7887863517       119.9312728965
       14.2450000000         2.7913452398       118.0330281676
       14.2500000000         2.7938926261       118.0330281676
       14.2550000000         2.7964284101       125.6260070830
       14.2600000000         2.7989524915       116.1347834388
       14.2650000000         2.8014647708       125.6260070830
       14.2700000000         2.8039651488       131.3207412696
       14.2750000000         2.8064535268       133.2189859985
       14.2800000000         2.8089298065       131.3207412696
       14.2850000000         2.8113938902       131.3207412696
       14.2900000000         2.8138456806       135.1172307273
       14.2950000000         2.8162850810       135.1172307273
       14.3000000000         2.8187119949       116.1347834388
       14.3050000000         2.8211263266       121.8295176253
       14.3100000000         2.8235279808       137.0154754562
       14.3150000000         2.8259168627       131.3207412696
       14.3200000000         2.8282928779       140.8119649139
       14.3250000000         2.8306559327       148.4049438293
       14.3300000000         2.8330059337       137.0154754562
       14.3350000000         2.8353427883       137.0154754562
       14.3400000000         2.8376664041       148.4049438293
       14.3450000000         2.8399766894       155.9979227447
       14.3500000000         2.8422735530       152.2014332870
       14.3550000000         2.8445569042       154.0996780159
       14.3600000000         2.8468266529       155.9979227447
       14.3650000000         2.8490827095       157.8961674736
       14.3700000000         2.8513249849       157.8961674736
       14.3750000000         2.8535533906       159.7944122024
       14.3800000000         2.8557678386       150.3031885581
       14.3850000000         2.8579682415       159.7944122024
       14.3900000000         2.8601545124       146.5066991004
       14.3950000000         2.8623265651       174.9803700332
       14.4000000000         2.8644843137       157.8961674736
       14.4050000000         2.8666276731       171.1838805755
       14.4100000000         2.8687565587       157.8961674736
       14.4150000000         2.8708708864       159.7944122024
       14.4200000000         2.8729705727       163.5909016601
       14.4250000000         2.8750555348       173.0821253044
       14.4300000000         2.8771256904       169.2856358467
       14.4350000000         2.8791809576       171.1838805755
       14.4400000000         2.8812212555       165.4891463890
       14.4450000000         2.8832465034       165.4891463890
       14.4500000000         2.8852566214       176.8786147621
       14.4550000000         2.8872515301       176.8786147621
       14.4600000000         2.8892311508       178.7768594910
       14.4650000000         2.8911954053       192.0645725929
       14.4700000000         2.8931442161       178.7768594910
       14.4750000000         2.8950775062       195.8610620506
       14.4800000000         2.8969951993       182.5733489487
       14.4850000000         2.8988972198       195.8610620506
       14.4900000000         2.9007834924       203.4540409661
       14.4950000000         2.9026539429       197.7593067795
       14.5000000000         2.9045084972       201.5557962372
       14.5050000000         2.9063470822       182.5733489487
       14.5100000000         2.9081696254       192.0645725929
       14.5150000000         2.9099760547       184.4715936775
       14.5200000000         2.9117662988       197.7593067795
       14.5250000000         2.9135402871       199.6575515084
       14.5300000000         2.9152979496       199.6575515084
       14.5350000000         2.9170392168       195.8610620506
       14.5400000000         2.9187640200       192.0645725929
       14.5450000000         2.9204722911       207.2505304238
       14.5500000000         2.9221639628       188.2680831352
       14.5550000000         2.9238389680       205.3522856949
       14.5600000000         2.9254972409       195.8610620506
       14.5650000000         2.9271387158       199.6575515084
       14.5700000000         2.9287633281       209.1487751526
       14.5750000000         2.9303710135       207.2505304238
       14.5800000000         2.9319617086       201.5557962372
       14.5850000000         2.9335353506       201.5557962372
       14.5900000000         2.9350918773       212.9452646103
       14.5950000000         2.9366312274       211.0470198815
       14.6000000000         2.9381533400       222.4364882546
       14.6050000000         2.9396581551       209.1487751526
       14.6100000000         2.9411456132       214.8435093392
       14.6150000000         2.9426156557       193.9628173218
       14.6200000000         2.9440682244       214.8435093392
       14.6250000000         2.9455032621       186.3698384064
       14.6300000000         2.9469207121       216.7417540680
       14.6350000000         2.9483205184       220.5382435257
       14.6400000000         2.9497026258       212.9452646103
       14.6450000000         2.9510669797       212.9452646103
       14.6500000000         2.9524135262       212.9452646103
       14.6550000000         2.9537422123       211.0470198815
       14.6600000000         2.9550529853       211.0470198815
       14.6650000000         2.9563457937       218.6399987969
       14.6700000000         2.9576205863       214.8435093392
       14.6750000000         2.9588773128       228.1312224412
       14.6800000000         2.9601159237       205.3522856949
       14.6850000000         2.9613363699       226.2329777123
       14.6900000000         2.9625386034       224.3347329835
       14.6950000000         2.9637225767       220.5382435257
       14.7000000000         2.9648882429       228.1312224412
       14.7050000000         2.9660355562       220.5382435257
       14.7100000000         2.9671644712       237.6224460854
       14.7150000000         2.9682749434       224.3347329835
       14.7200000000         2.9693669288       212.9452646103
       14.7250000000         2.9704403845       237.6224460854
       14.7300000000         2.9714952679       224.3347329835
       14.7350000000         2.9725315376       226.2329777123
       14.7400000000         2.9735491525       226.2329777123
       14.7450000000         2.9745480725       212.9452646103
       14.7500000000         2.9755282581       237.6224460854
       14.7550000000         2.9764896708       230.0294671700
       14.7600000000         2.9774322724       230.0294671700
       14.7650000000         2.9783560258       237.6224460854
       14.7700000000         2.9792608945       226.2329777123
       14.7750000000         2.9801468428       239.5206908143
       14.7800000000         2.9810138358       247.1136697297
       14.7850000000         2.9818618391       237.6224460854
       14.7900000000         2.9826908194       254.7066486451
       14.7950000000         2.9835007439       235.7242013566
       14.8000000000         2.9842915806       243.3171802720
       14.8050000000         2.9850632982       245.2154250008
       14.8100000000         2.9858158665       241.4189355431
       14.8150000000         2.9865492555       245.2154250008
       14.8200000000         2.9872634364       241.4189355431
       14.8250000000         2.9879583810       247.1136697297
       14.8300000000         2.9886340618       258.5031381028
       14.8350000000         2.9892904522       243.3171802720
       14.8400000000         2.9899275262       250.9101591874
       14.8450000000         2.9905452587       266.0961170182
       14.8500000000         2.9911436254       252.8084039163
       14.8550000000         2.9917226025       260.4013828317
       14.8600000000         2.9922821673       252.8084039163
       14.8650000000         2.9928222976       271.7908512048
       14.8700000000         2.9933429721       252.8084039163
       14.8750000000         2.9938441703       266.0961170182
       14.8800000000         2.9943258724       254.7066486451
       14.8850000000         2.9947880593       262.2996275605
       14.8900000000         2.9952307128       260.4013828317
       14.8950000000         2.9956538155       258.5031381028
       14.9000000000         2.9960573507       267.9943617471
       14.9050000000         2.9964413023       254.7066486451
       14.9100000000         2.9968056553       266.0961170182
       14.9150000000         2.9971503952       252.8084039163
       14.9200000000         2.9974755085       264.1978722894
       14.9250000000         2.9977809823       264.1978722894
       14.9300000000         2.9980668046       269.8926064759
       14.9350000000         2.9983329640       267.9943617471
       14.9400000000         2.9985794501       252.8084039163
       14.9450000000         2.9988062532       267.9943617471
       14.9500000000         2.9990133642       275.5873406625
       14.9550000000         2.9992007751       267.9943617471
       14.9600000000         2.9993684783       269.8926064759
       14.9650000000         2.9995164673       260.4013828317
       14.9700000000         2.9996447363       279.3838301202
       14.9750000000         2.9997532802       260.4013828317
       14.9800000000         2.9998420946       283.1803195779
       14.9850000000         2.9999111762       266.0961170182
       14.9900000000         2.9999605221       283.1803195779
       14.9950000000         2.9999901304       258.5031381028
       15.0000000000         3.0000000000       285.0785643068
       15.0050000000         2.9999901304       285.0785643068
       15.0100000000         2.9999605221       266.0961170182
       15.0150000000         2.9999111762       271.7908512048
       15.0200000000         2.9998420946       277.4855853914
       15.0250000000         2.9997532802       277.4855853914
       15.0300000000         2.9996447363       281.2820748491
       15.0350000000         2.9995164673       256.6048933740
       15.0400000000         2.9993684783       279.3838301202
       15.0450000000         2.9992007751       271.7908512048
       15.0500000000         2.9990133642       283.1803195779
       15.0550000000         2.9988062532       290.7732984933
       15.0600000000         2.9985794501       281.2820748491
       15.0650000000         2.9983329640       275.5873406625
       15.0700000000         2.9980668046       286.9768090356
       15.0750000000         2.9977809823       283.1803195779
       15.0800000000         2.9974755085       288.8750537645
       15.0850000000         2.9971503952       290.7732984933
       15.0900000000         2.9968056553       279.3838301202
       15.0950000000         2.9964413023       277.4855853914
       15.1000000000         2.9960573507       300.2645221376
       15.1050000000         2.9956538155       281.2820748491
       15.1100000000         2.9952307128       281.2820748491
       15.1150000000         2.9947880593       279.3838301202
       15.1200000000         2.9943258724       286.9768090356
       15.1250000000         2.9938441703       290.7732984933
       15.1300000000         2.9933429721       294.5697879510
       15.1350000000         2.9928222976       281.2820748491
       15.1400000000         2.9922821673       283.1803195779
       15.1450000000         2.9917226025       285.0785643068
       15.1500000000         2.9911436254       298.3662774088
       15.1550000000         2.9905452587       286.9768090356
       15.1600000000         2.9899275262       300.2645221376
       15.1650000000         2.9892904522       290.7732984933
       15.1700000000         2.9886340618       286.9768090356
       15.1750000000         2.9879583810       266.0961170182
       15.1800000000         2.9872634364       300.2645221376
       15.1850000000         2.9865492555       292.6715432222
       15.1900000000         2.9858158665       298.3662774088
       15.1950000000         2.9850632982       294.5697879510
       15.2000000000         2.9842915806       290.7732984933
       15.2050000000         2.9835007439       281.2820748491
       15.2100000000         2.9826908194       273.6890959337
       15.2150000000         2.9818618391       283.1803195779
       15.2200000000         2.9810138358       296.4680326799
       15.2250000000         2.9801468428       290.7732984933
       15.2300000000         2.9792608945       281.2820748491
       15.2350000000         2.9783560258       296.4680326799
       15.2400000000         2.9774322724       281.2820748491
       15.2450000000         2.9764896708       290.7732984933
       15.2500000000         2.9755282581       286.9768090356
       15.2550000000         2.9745480725       286.9768090356
       15.2600000000         2.9735491525       273.6890959337
       15.2650000000         2.9725315376       285.0785643068
       15.2700000000         2.9714952679       283.1803195779
       15.2750000000         2.9704403845       283.1803195779
       15.2800000000         2.9693669288       285.0785643068
       15.2850000000         2.9682749434       275.5873406625
       15.2900000000         2.9671644712       269.8926064759
       15.2950000000         2.9660355562       277.4855853914
       15.3000000000         2.9648882429       290.7732984933
       15.3050000000         2.9637225767       283.1803195779
       15.3100000000         2.9625386034       285.0785643068
       15.3150000000         2.9613363699       296.4680326799
       15.3200000000         2.9601159237       273.6890959337
       15.3250000000         2.9588773128       283.1803195779
       15.3300000000         2.9576205863       271.7908512048
       15.3350000000         2.9563457937       296.4680326799
       15.3400000000         2.9550529853       281.2820748491
       15.3450000000         2.9537422123       285.0785643068
       15.3500000000         2.9524135262       285.0785643068
       15.3550000000         2.9510669797       266.0961170182
       15.3600000000         2.9497026258       277.4855853914
       15.3650000000         2.9483205184       273.6890959337
       15.3700000000         2.9469207121       292.6715432222
       15.3750000000         2.9455032621       283.1803195779
       15.3800000000         2.9440682244       273.6890959337
       15.3850000000         2.9426156557       273.6890959337
       15.3900000000         2.9411456132       286.9768090356
       15.3950000000         2.9396581551       271.7908512048
       15.4000000000         2.9381533400       286.9768090356
       15.4050000000         2.9366312274       267.9943617471
       15.4100000000         2.9350918773       279.3838301202
       15.4150000000         2.9335353506       275.5873406625
       15.4200000000         2.9319617086       275.5873406625
       15.4250000000         2.9303710135       260.4013828317
       15.4300000000         2.9287633281       269.8926064759
       15.4350000000         2.9271387158       266.0961170182
       15.4400000000         2.9254972409       281.2820748491
       15.4450000000         2.9238389680       266.0961170182
       15.4500000000         2.9221639628       273.6890959337
       15.4550000000         2.9204722911       273.6890959337
       15.4600000000         2.9187640200       254.7066486451
       15.4650000000         2.9170392168       281.2820748491
       15.4700000000         2.9152979496       269.8926064759
       15.4750000000         2.9135402871       250.9101591874
       15.4800000000         2.9117662988       252.8084039163
       15.4850000000         2.9099760547       254.7066486451
       15.4900000000         2.9081696254       283.1803195779
       15.4950000000         2.9063470822       252.8084039163
       15.5000000000         2.9045084972       262.2996275605
       15.5050000000         2.9026539429       247.1136697297
       15.5100000000         2.9007834924       260.4013828317
       15.5150000000         2.8988972198       252.8084039163
       15.5200000000         2.8969951993       266.0961170182
       15.5250000000         2.8950775062       247.1136697297
       15.5300000000         2.8931442161       252.8084039163
       15.5350000000         2.8911954053       256.6048933740
       15.5400000000         2.8892311508       252.8084039163
       15.5450000000         2.8872515301       260.4013828317
       15.5500000000         2.8852566214       247.1136697297
       15.5550000000         2.8832465034       258.5031381028
       15.5600000000         2.8812212555       252.8084039163
       15.5650000000         2.8791809576       250.9101591874
       15.5700000000         2.8771256904       250.9101591874
       15.5750000000         2.8750555348       230.0294671700
       15.5800000000         2.8729705727       250.9101591874
       15.5850000000         2.8708708864       241.4189355431
       15.5900000000         2.8687565587       247.1136697297
       15.5950000000         2.8666276731       249.0119144586
       15.6000000000         2.8644843137       266.0961170182
       15.6050000000         2.8623265651       239.5206908143
       15.6100000000         2.8601545124       233.8259566277
       15.6150000000         2.8579682415       249.0119144586
       15.6200000000         2.8557678386       233.8259566277
       15.6250000000         2.8535533906       231.9277118989
       15.6300000000         2.8513249849       237.6224460854
       15.6350000000         2.8490827095       220.5382435257
       15.6400000000         2.8468266529       235.7242013566
       15.6450000000         2.8445569042       226.2329777123
       15.6500000000         2.8422735530       216.7417540680
       15.6550000000         2.8399766894       241.4189355431
       15.6600000000         2.8376664041       201.5557962372
       15.6650000000         2.8353427883       233.8259566277
       15.6700000000         2.8330059337       230.0294671700
       15.6750000000         2.8306559327       220.5382435257
       15.6800000000         2.8282928779       233.8259566277
       15.6850000000         2.8259168627       209.1487751526
       15.6900000000         2.8235279808       224.3347329835
       15.6950000000         2.8211263266       230.0294671700
       15.7000000000         2.8187119949       212.9452646103
       15.7050000000         2.8162850810       224.3347329835
       15.7100000000         2.8138456806       195.8610620506
       15.7150000000         2.8113938902       205.3522856949
       15.7200000000         2.8089298065       193.9628173218
       15.7250000000         2.8064535268       207.2505304238
       15.7300000000         2.8039651488       199.6575515084
       15.7350000000         2.8014647708       203.4540409661
       15.7400000000         2.7989524915       193.9628173218
       15.7450000000         2.7964284101       193.9628173218
       15.7500000000         2.7938926261       195.8610620506
       15.7550000000         2.7913452398       192.0645725929
       15.7600000000         2.7887863517       184.4715936775
       15.7650000000         2.7862160628       184.4715936775
       15.7700000000         2.7836344746       192.0645725929
       15.7750000000         2.7810416889       190.1663278641
       15.7800000000         2.7784378082       195.8610620506
       15.7850000000         2.7758229353       192.0645725929
       15.7900000000         2.7731971734       184.4715936775
       15.7950000000         2.7705606261       184.4715936775
       15.8000000000         2.7679133975       192.0645725929
       15.8050000000         2.7652555922       182.5733489487
       15.8100000000         2.7625873150       182.5733489487
       15.8150000000         2.7599086713       176.8786147621
       15.8200000000         2.7572197669       180.6751042198
       15.8250000000         2.7545207079       174.9803700332
       15.8300000000         2.7518116008       193.9628173218
       15.8350000000         2.7490925527       167.3873911178
       15.8400000000         2.7463636708       173.0821253044
       15.8450000000         2.7436250629       176.8786147621
       15.8500000000         2.7408768371       161.6926569313
       15.8550000000         2.7381191018       173.0821253044
       15.8600000000         2.7353519661       163.5909016601
       15.8650000000         2.7325755390       165.4891463890
       15.8700000000         2.7297899303       182.5733489487
       15.8750000000         2.7269952499       159.7944122024
       15.8800000000         2.7241916080       174.9803700332
       15.8850000000         2.7213791155       165.4891463890
       15.8900000000         2.7185578833       163.5909016601
       15.8950000000         2.7157280228       169.2856358467
       15.9000000000         2.7128896458       165.4891463890
       15.9050000000         2.7100428642       163.5909016601
       15.9100000000         2.7071877905       161.6926569313
       15.9150000000         2.7043245374       161.6926569313
       15.9200000000         2.7014532179       173.0821253044
       15.9250000000         2.6985739453       157.8961674736
       15.9300000000         2.6956868334       155.9979227447
       15.9350000000         2.6927919961       157.8961674736
       15.9400000000         2.6898895478       148.4049438293
       15.9450000000         2.6869796029       142.7102096427
       15.9500000000         2.6840622763       157.8961674736
       15.9550000000         2.6811376834       140.8119649139
       15.9600000000         2.6782059394       140.8119649139
       15.9650000000         2.6752671601       146.5066991004
       15.9700000000         2.6723214616       142.7102096427
       15.9750000000         2.6693689601       142.7102096427
       15.9800000000         2.6664097723       137.0154754562
       15.9850000000         2.6634440148       138.9137201850
       15.9900000000         2.6604718049       135.1172307273
       15.9950000000         2.6574932598       142.7102096427
       16.0000000000         2.6545084972       138.9137201850
       16.0050000000         2.6515176348       123.7277623542
       16.0100000000         2.6485207908       131.3207412696
       16.0150000000         2.6455180834       129.4224965408
       16.0200000000         2.6425096312       127.5242518119
       16.0250000000         2.6394955530       129.4224965408
       16.0300000000         2.6364759678       127.5242518119
       16.0350000000         2.6334509947       121.8295176253
       16.0400000000         2.6304207531       127.5242518119
       16.0450000000         2.6273853628       119.9312728965
       16.0500000000         2.6243449436       118.0330281676
       16.0550000000         2.6212996154       121.8295176253
       16.0600000000         2.6182494985       118.0330281676
       16.0650000000         2.6151947133       116.1347834388
       16.0700000000         2.6121353805       123.7277623542
       16.0750000000         2.6090716207       104.7453150657
       16.0800000000         2.6060035550       106.6435597945
       16.0850000000         2.6029313044       106.6435597945
       16.0900000000         2.5998549903       102.8470703368
       16.0950000000         2.5967747340       100.9488256079
       16.1000000000         2.5936906573        95.2540914214
       16.1050000000         2.5906028818       108.5418045234
       16.1100000000         2.5875115295        95.2540914214
       16.1150000000         2.5844167224        97.1523361502
       16.1200000000         2.5813185826        83.8646230483
       16.1250000000         2.5782172325        95.2540914214
       16.1300000000         2.5751127946        72.4751546751
       16.1350000000         2.5720053913        87.6611125060
       16.1400000000         2.5688951453        72.4751546751
       16.1450000000         2.5657821795        80.0681335906
       16.1500000000         2.5626666168        81.9663783194
       16.1550000000         2.5595485800        78.1698888617
       16.1600000000         2.5564281924        80.0681335906
       16.1650000000         2.5533055771        70.5769099463
       16.1700000000         2.5501808574        72.4751546751
       16.1750000000         2.5470541567        72.4751546751
       16.1800000000         2.5439255983        74.3733994040
       16.1850000000         2.5407953058        80.0681335906
       16.1900000000         2.5376634028        70.5769099463
       16.1950000000         2.5345300129        64.8821757597
       16.2000000000         2.5313952598        76.2716441328
       16.2050000000         2.5282592672        66.7804204886
       16.2100000000         2.5251221591        72.4751546751
       16.2150000000         2.5219840592        62.9839310309
       16.2200000000         2.5188450913        70.5769099463
       16.2250000000         2.5157053795        68.6786652174
       16.2300000000         2.5125650477        66.7804204886
       16.2350000000         2.5094242199        76.2716441328
       16.2400000000         2.5062830199        64.8821757597
       16.2450000000         2.5031415720        49.6962179289
       16.2500000000         2.5000000000        40.2049942846
       16.2550000000         2.4968584280        45.8997284712
       16.2600000000         2.4937169801        25.0190364538
       16.2650000000         2.4905757801        15.5278128095
       16.2700000000         2.4874349523         9.8330786230
       16.2750000000         2.4842946205        -9.1493686656
       16.2800000000         2.4811549087         0.3418549787
       16.2850000000         2.4780159408         2.2400997075
       16.2900000000         2.4748778409        -1.5563897502
       16.2950000000         2.4717407328         7.9348338941
       16.3000000000         2.4686047402        -5.3528792079
       16.3050000000         2.4654699871        -5.3528792079
       16.3100000000         2.4623365972       -22.4370817676
       16.3150000000         2.4592046942       -98.3668709217
       16.3200000000         2.4560744017       -60.4019763446
       16.3250000000         2.4529458433       -85.0791578197
       16.3300000000         2.4498191426       -73.6896894466
       16.3350000000         2.4466944229       -75.5879341755
       16.3400000000         2.4435718076       -66.0967105312
       16.3450000000         2.4404514200       -94.5703814640
       16.3500000000         2.4373333832       -98.3668709217
       16.3550000000         2.4342178205       -94.5703814640
       16.3600000000         2.4311048547       -85.0791578197
       16.3650000000         2.4279946087       -88.8756472775
       16.3700000000         2.4248872054      -100.2651156506
       16.3750000000         2.4217827675       -96.4686261929
       16.3800000000         2.4186814174      -104.0616051083
       16.3850000000         2.4155832776       -88.8756472775
       16.3900000000         2.4124884705       -94.5703814640
       16.3950000000         2.4093971182      -100.2651156506
       16.4000000000         2.4063093427      -107.8580945660
       16.4050000000         2.4032252660      -109.7563392948
       16.4100000000         2.4001450097      -104.0616051083
       16.4150000000         2.3970686956      -104.0616051083
       16.4200000000         2.3939964450      -109.7563392948
       16.4250000000         2.3909283793       -98.3668709217
       16.4300000000         2.3878646195      -115.4510734814
       16.4350000000         2.3848052867      -121.1458076680
       16.4400000000         2.3817505015      -109.7563392948
       16.4450000000         2.3787003846      -113.5528287526
       16.4500000000         2.3756550564      -124.9422971257
       16.4550000000         2.3726146372      -124.9422971257
       16.4600000000         2.3695792469      -119.2475629391
       16.4650000000         2.3665490053      -115.4510734814
       16.4700000000         2.3635240322       -98.3668709217
       16.4750000000         2.3605044470      -126.8405418545
       16.4800000000         2.3574903688      -134.4335207699
       16.4850000000         2.3544819166      -126.8405418545
       16.4900000000         2.3514792092      -124.9422971257
       16.4950000000         2.3484823652      -138.2300102277
       16.5000000000         2.3454915028      -132.5352760411
       16.5050000000         2.3425067402      -145.8229891431
       16.5100000000         2.3395281951      -143.9247444142
       16.5150000000         2.3365559852      -143.9247444142
       16.5200000000         2.3335902277      -140.1282549565
       16.5250000000         2.3306310399      -143.9247444142
       16.5300000000         2.3276785384      -149.6194786008
       16.5350000000         2.3247328399      -142.0264996854
       16.5400000000         2.3217940606      -151.5177233296
       16.5450000000         2.3188623166      -147.7212338719
       16.5500000000         2.3159377237      -153.4159680585
       16.5550000000         2.3130203971      -151.5177233296
       16.5600000000         2.3101104522      -168.6019258893
       16.5650000000         2.3072080039      -147.7212338719
       16.5700000000         2.3043131666      -166.7036811605
       16.5750000000         2.3014260547      -164.8054364316
       16.5800000000         2.2985467821      -151.5177233296
       16.5850000000         2.2956754626      -166.7036811605
       16.5900000000         2.2928122095      -149.6194786008
       16.5950000000         2.2899571358      -178.0931495336
       16.6000000000         2.2871103542      -170.5001706182
       16.6050000000         2.2842719772      -174.2966600759
       16.6100000000         2.2814421167      -170.5001706182
       16.6150000000         2.2786208845      -187.5843731779
       16.6200000000         2.2758083920      -176.1949048047
       16.6250000000         2.2730047501      -185.6861284490
       16.6300000000         2.2702100697      -178.0931495336
       16.6350000000         2.2674244610      -176.1949048047
       16.6400000000         2.2646480339      -174.2966600759
       16.6450000000         2.2618808982      -172.3984153470
       16.6500000000         2.2591231629      -193.2791073644
       16.6550000000         2.2563749371      -174.2966600759
       16.6600000000         2.2536363292      -189.4826179067
       16.6650000000         2.2509074473      -191.3808626356
       16.6700000000         2.2481883992      -191.3808626356
       16.6750000000         2.2454792921      -187.5843731779
       16.6800000000         2.2427802331      -183.7878837202
       16.6850000000         2.2400913287      -187.5843731779
       16.6900000000         2.2374126850      -178.0931495336
       16.6950000000         2.2347444078      -210.3633099241
       16.7000000000         2.2320866025      -221.7527782972
       16.7050000000         2.2294393739      -191.3808626356
       16.7100000000         2.2268028266      -200.8720862798
       16.7150000000         2.2241770647      -181.8896389913
       16.7200000000         2.2215621918      -210.3633099241
       16.7250000000         2.2189583111      -195.1773520933
       16.7300000000         2.2163655254      -210.3633099241
       16.7350000000         2.2137839372      -198.9738415510
       16.7400000000         2.2112136483      -202.7703310087
       16.7450000000         2.2086547602      -197.0755968221
       16.7500000000         2.2061073739      -206.5668204664
       16.7550000000         2.2035715899      -210.3633099241
       16.7600000000         2.2010475085      -206.5668204664
       16.7650000000         2.1985352292      -212.2615546530
       16.7700000000         2.1960348512      -214.1597993818
       16.7750000000         2.1935464732      -229.3457572126
       16.7800000000         2.1910701935      -195.1773520933
       16.7850000000         2.1886061098      -221.7527782972
       16.7900000000         2.1861543194      -210.3633099241
       16.7950000000         2.1837149190      -219.8545335684
       16.8000000000         2.1812880051      -221.7527782972
       16.8050000000         2.1788736734      -221.7527782972
       16.8100000000         2.1764720192      -221.7527782972
       16.8150000000         2.1740831373      -217.9562888395
       16.8200000000         2.1717071221      -217.9562888395
       16.8250000000         2.1693440673      -240.7352255858
       16.8300000000         2.1669940663      -219.8545335684
       16.8350000000         2.1646572117      -225.5492677549
       16.8400000000         2.1623335959      -225.5492677549
       16.8450000000         2.1600233106      -225.5492677549
       16.8500000000         2.1577264470      -242.6334703146
       16.8550000000         2.1554430958      -225.5492677549
       16.8600000000         2.1531733471      -238.8369808569
       16.8650000000         2.1509172905      -233.1422466704
       16.8700000000         2.1486750151      -214.1597993818
       16.8750000000         2.1464466094      -242.6334703146
       16.8800000000         2.1442321614      -235.0404913992
       16.8850000000         2.1420317585      -235.0404913992
       16.8900000000         2.1398454876      -240.7352255858
       16.8950000000         2.1376734349      -227.4475124838
       16.9000000000         2.1355156863      -244.5317150435
       16.9050000000         2.1333723269      -233.1422466704
       16.9100000000         2.1312434413      -238.8369808569
       16.9150000000         2.1291291136      -244.5317150435
       16.9200000000         2.1270294273      -240.7352255858
       16.9250000000         2.1249444652      -246.4299597723
       16.9300000000         2.1228743096      -233.1422466704
       16.9350000000         2.1208190424      -242.6334703146
       16.9400000000         2.1187787445      -242.6334703146
       16.9450000000         2.1167534966      -248.3282045012
       16.9500000000         2.1147433786      -240.7352255858
       16.9550000000         2.1127484699      -252.1246939589
       16.9600000000         2.1107688492      -214.1597993818
       16.9650000000         2.1088045947      -259.7176728743
       16.9700000000         2.1068557839      -231.2440019415
       16.9750000000         2.1049224938      -246.4299597723
       16.9800000000         2.1030048007      -236.9387361281
       16.9850000000         2.1011027802      -233.1422466704
       16.9900000000         2.0992165076      -248.3282045012
       16.9950000000         2.0973460571      -225.5492677549
       17.0000000000         2.0954915028      -257.8194281455
       17.0050000000         2.0936529178      -231.2440019415
       17.0100000000         2.0918303746      -242.6334703146
       17.0150000000         2.0900239453      -244.5317150435
       17.0200000000         2.0882337012      -236.9387361281
       17.0250000000         2.0864597129      -261.6159176032
       17.0300000000         2.0847020504      -229.3457572126
       17.0350000000         2.0829607832      -263.5141623320
       17.0400000000         2.0812359800      -252.1246939589
       17.0450000000         2.0795277089      -250.2264492300
       17.0500000000         2.0778360372      -250.2264492300
       17.0550000000         2.0761610320      -267.3106517897
       17.0600000000         2.0745027591      -263.5141623320
       17.0650000000         2.0728612842      -227.4475124838
       17.0700000000         2.0712366719      -255.9211834166
       17.0750000000         2.0696289865      -240.7352255858
       17.0800000000         2.0680382914      -255.9211834166
       17.0850000000         2.0664646494      -265.4124070609
       17.0900000000         2.0649081227      -246.4299597723
       17.0950000000         2.0633687726      -265.4124070609
       17.1000000000         2.0618466600      -255.9211834166
       17.1050000000         2.0603418449      -257.8194281455
       17.1100000000         2.0588543868      -263.5141623320
       17.1150000000         2.0573843443      -248.3282045012
       17.1200000000         2.0559317756      -278.7001201629
       17.1250000000         2.0544967379      -282.4966096206
       17.1300000000         2.0530792879      -267.3106517897
       17.1350000000         2.0516794816      -271.1071412474
       17.1400000000         2.0502973742      -257.8194281455
       17.1450000000         2.0489330203      -280.5983648917
       17.1500000000         2.0475864738      -254.0229386877
       17.1550000000         2.0462577877      -280.5983648917
       17.1600000000         2.0449470147      -267.3106517897
       17.1650000000         2.0436542063      -265.4124070609
       17.1700000000         2.0423794137      -267.3106517897
       17.1750000000         2.0411226872      -282.4966096206
       17.1800000000         2.0398840763      -309.0720358245
       17.1850000000         2.0386636301      -273.0053859763
       17.1900000000         2.0374613966      -280.5983648917
       17.1950000000         2.0362774233      -269.2088965186
       17.2000000000         2.0351117571      -276.8018754340
       17.2050000000         2.0339644438      -273.0053859763
       17.2100000000         2.0328355288      -291.9878332648
       17.2150000000         2.0317250566      -271.1071412474
       17.2200000000         2.0306330712      -291.9878332648
       17.2250000000         2.0295596155      -278.7001201629
       17.2300000000         2.0285047321      -286.2930990783
       17.2350000000         2.0274684624      -280.5983648917
       17.2400000000         2.0264508475      -286.2930990783
       17.2450000000         2.0254519275      -293.8860779937
       17.2500000000         2.0244717419      -274.9036307051
       17.2550000000         2.0235103292      -288.1913438071
       17.2600000000         2.0225677276      -293.8860779937
       17.2650000000         2.0216439742      -286.2930990783
       17.2700000000         2.0207391055      -280.5983648917
       17.2750000000         2.0198531572      -299.5808121802
       17.2800000000         2.0189861642      -291.9878332648
       17.2850000000         2.0181381609      -310.9702805534
       17.2900000000         2.0173091806      -295.7843227225
       17.2950000000         2.0164992561      -314.7667700111
       17.3000000000         2.0157084194      -293.8860779937
       17.3050000000         2.0149367018      -282.4966096206
       17.3100000000         2.0141841335      -293.8860779937
       17.3150000000         2.0134507445      -293.8860779937
       17.3200000000         2.0127365636      -297.6825674514
       17.3250000000         2.0120416190      -303.3773016380
       17.3300000000         2.0113659382      -291.9878332648
       17.3350000000         2.0107095478      -318.5632594688
       17.3400000000         2.0100724738      -291.9878332648
       17.3450000000         2.0094547413      -303.3773016380
       17.3500000000         2.0088563746      -299.5808121802
       17.3550000000         2.0082773975      -307.1737910957
       17.3600000000         2.0077178327      -309.0720358245
       17.3650000000         2.0071777024      -307.1737910957
       17.3700000000         2.0066570279      -303.3773016380
       17.3750000000         2.0061558297      -310.9702805534
       17.3800000000         2.0056741276      -295.7843227225
       17.3850000000         2.0052119407      -309.0720358245
       17.3900000000         2.0047692872      -301.4790569091
       17.3950000000         2.0043461845      -316.6650147399
       17.4000000000         2.0039426493      -293.8860779937
       17.4050000000         2.0035586977      -301.4790569091
       17.4100000000         2.0031943447      -307.1737910957
       17.4150000000         2.0028496048      -318.5632594688
       17.4200000000         2.0025244915      -310.9702805534
       17.4250000000         2.0022190177      -316.6650147399
       17.4300000000         2.0019331954      -326.1562383842
       17.4350000000         2.0016670360      -312.8685252822
       17.4400000000         2.0014205499      -309.0720358245
       17.4450000000         2.0011937468      -314.7667700111
       17.4500000000         2.0009866358      -316.6650147399
       17.4550000000         2.0007992249      -312.8685252822
       17.4600000000         2.0006315217      -324.2579936553
       17.4650000000         2.0004835327      -333.7492172996
       17.4700000000         2.0003552637      -310.9702805534
       17.4750000000         2.0002467198      -316.6650147399
       17.4800000000         2.0001579054      -316.6650147399
       17.4850000000         2.0000888238      -328.0544831131
       17.4900000000         2.0000394779      -310.9702805534
       17.4950000000         2.0000098696      -312.8685252822
       17.5000000000         2.0000000000      -333.7492172996
       17.5050000000         2.0000098696      -310.9702805534
       17.5100000000         2.0000394779      -309.0720358245
       17.5150000000         2.0000888238      -322.3597489265
       17.5200000000         2.0001579054      -320.4615041976
       17.5250000000         2.0002467198      -316.6650147399
       17.5300000000         2.0003552637      -312.8685252822
       17.5350000000         2.0004835327      -322.3597489265
       17.5400000000         2.0006315217      -309.0720358245
       17.5450000000         2.0007992249      -310.9702805534
       17.5500000000         2.0009866358      -324.2579936553
       17.5550000000         2.0011937468      -303.3773016380
       17.5600000000         2.0014205499      -303.3773016380
       17.5650000000         2.0016670360      -316.6650147399
       17.5700000000         2.0019331954      -312.8685252822
       17.5750000000         2.0022190177      -303.3773016380
       17.5800000000         2.0025244915      -299.5808121802
       17.5850000000         2.0028496048      -307.1737910957
       17.5900000000         2.0031943447      -310.9702805534
       17.5950000000         2.0035586977      -309.0720358245
       17.6000000000         2.0039426493      -316.6650147399
       17.6050000000         2.0043461845      -309.0720358245
       17.6100000000         2.0047692872      -293.8860779937
       17.6150000000         2.0052119407      -312.8685252822
       17.6200000000         2.0056741276      -309.0720358245
       17.6250000000         2.0061558297      -310.9702805534
       17.6300000000         2.0066570279      -303.3773016380
       17.6350000000         2.0071777024      -307.1737910957
       17.6400000000         2.0077178327      -301.4790569091
       17.6450000000         2.0082773975      -301.4790569091
       17.6500000000         2.0088563746      -303.3773016380
       17.6550000000         2.0094547413      -318.5632594688
       17.6600000000         2.0100724738      -312.8685252822
       17.6650000000         2.0107095478      -299.5808121802
       17.6700000000         2.0113659382      -309.0720358245
       17.6750000000         2.0120416190      -309.0720358245
       17.6800000000         2.0127365636      -293.8860779937
       17.6850000000         2.0134507445      -318.5632594688
       17.6900000000         2.0141841335      -303.3773016380
       17.6950000000         2.0149367018      -320.4615041976
       17.7000000000         2.0157084194      -297.6825674514
       17.7050000000         2.0164992561      -299.5808121802
       17.7100000000         2.0173091806      -310.9702805534
       17.7150000000         2.0181381609      -297.6825674514
       17.7200000000         2.0189861642      -301.4790569091
       17.7250000000         2.0198531572      -293.8860779937
       17.7300000000         2.0207391055      -301.4790569091
       17.7350000000         2.0216439742      -301.4790569091
       17.7400000000         2.0225677276      -278.7001201629
       17.7450000000         2.0235103292      -286.2930990783
       17.7500000000         2.0244717419      -276.8018754340
       17.7550000000         2.0254519275      -299.5808121802
       17.7600000000         2.0264508475      -278.7001201629
       17.7650000000         2.0274684624      -305.2755463668
       17.7700000000         2.0285047321      -280.5983648917
       17.7750000000         2.0295596155      -297.6825674514
       17.7800000000         2.0306330712      -297.6825674514
       17.7850000000         2.0317250566      -286.2930990783
       17.7900000000         2.0328355288      -290.0895885360
       17.7950000000         2.0339644438      -282.4966096206
       17.8000000000         2.0351117571      -286.2930990783
       17.8050000000         2.0362774233      -290.0895885360
       17.8100000000         2.0374613966      -290.0895885360
       17.8150000000         2.0386636301      -280.5983648917
       17.8200000000         2.0398840763      -273.0053859763
       17.8250000000         2.0411226872      -288.1913438071
       17.8300000000         2.0423794137      -293.8860779937
       17.8350000000         2.0436542063      -280.5983648917
       17.8400000000         2.0449470147      -288.1913438071
       17.8450000000         2.0462577877      -255.9211834166
       17.8500000000         2.0475864738      -295.7843227225
       17.8550000000         2.0489330203      -282.4966096206
       17.8600000000         2.0502973742      -291.9878332648
       17.8650000000         2.0516794816      -291.9878332648
       17.8700000000         2.0530792879      -278.7001201629
       17.8750000000         2.0544967379      -278.7001201629
       17.8800000000         2.0559317756      -299.5808121802
       17.8850000000         2.0573843443      -282.4966096206
       17.8900000000         2.0588543868      -291.9878332648
       17.8950000000         2.0603418449      -288.1913438071
       17.9000000000         2.0618466600      -295.7843227225
       17.9050000000         2.0633687726      -293.8860779937
       17.9100000000         2.0649081227      -282.4966096206
       17.9150000000         2.0664646494      -295.7843227225
       17.9200000000         2.0680382914      -303.3773016380
       17.9250000000         2.0696289865      -295.7843227225
       17.9300000000         2.0712366719      -291.9878332648
       17.9350000000         2.0728612842      -280.5983648917
       17.9400000000         2.0745027591      -293.8860779937
       17.9450000000         2.0761610320      -271.1071412474
       17.9500000000         2.0778360372      -301.4790569091
       17.9550000000         2.0795277089      -293.8860779937
       17.9600000000         2.0812359800      -288.1913438071
       17.9650000000         2.0829607832      -280.5983648917
       17.9700000000         2.0847020504      -276.8018754340
       17.9750000000         2.0864597129      -282.4966096206
       17.9800000000         2.0882337012      -307.1737910957
       17.9850000000         2.0900239453      -291.9878332648
       17.9900000000         2.0918303746      -288.1913438071
       17.9950000000         2.0936529178      -282.4966096206
       18.0000000000         2.0954915028      -278.7001201629
       18.0050000000         2.0973460571      -320.4615041976
       18.0100000000         2.0992165076      -255.9211834166
       18.0150000000         2.1011027802      -301.4790569091
       18.0200000000         2.1030048007      -273.0053859763
       18.0250000000         2.1049224938      -282.4966096206
       18.0300000000         2.1068557839      -265.4124070609
       18.0350000000         2.1088045947      -288.1913438071
       18.0400000000         2.1107688492      -263.5141623320
       18.0450000000         2.1127484699      -291.9878332648
       18.0500000000         2.1147433786      -265.4124070609
       18.0550000000         2.1167534966      -269.2088965186
       18.0600000000         2.1187787445      -269.2088965186
       18.0650000000         2.1208190424      -269.2088965186
       18.0700000000         2.1228743096      -278.7001201629
       18.0750000000         2.1249444652      -259.7176728743
       18.0800000000         2.1270294273      -286.2930990783
       18.0850000000         2.1291291136      -257.8194281455
       18.0900000000         2.1312434413      -276.8018754340
       18.0950000000         2.1333723269      -269.2088965186
       18.1000000000         2.1355156863      -280.5983648917
       18.1050000000         2.1376734349      -261.6159176032
       18.1100000000         2.1398454876      -269.2088965186
       18.1150000000         2.1420317585      -271.1071412474
       18.1200000000         2.1442321614      -263.5141623320
       18.1250000000         2.1464466094      -265.4124070609
       18.1300000000         2.1486750151      -248.3282045012
       18.1350000000         2.1509172905      -278.7001201629
       18.1400000000         2.1531733471      -254.0229386877
       18.1450000000         2.1554430958      -273.0053859763
       18.1500000000         2.1577264470      -265.4124070609
       18.1550000000         2.1600233106      -276.8018754340
       18.1600000000         2.1623335959      -257.8194281455
       18.1650000000         2.1646572117      -271.1071412474
       18.1700000000         2.1669940663      -267.3106517897
       18.1750000000         2.1693440673      -267.3106517897
       18.1800000000         2.1717071221      -267.3106517897
       18.1850000000         2.1740831373      -265.4124070609
       18.1900000000         2.1764720192      -267.3106517897
       18.1950000000         2.1788736734      -255.9211834166
       18.2000000000         2.1812880051      -265.4124070609
       18.2050000000         2.1837149190      -255.9211834166
       18.2100000000         2.1861543194      -252.1246939589
       18.2150000000         2.1886061098      -284.3948543494
       18.2200000000         2.1910701935      -255.9211834166
       18.2250000000         2.1935464732      -265.4124070609
       18.2300000000         2.1960348512      -242.6334703146
       18.2350000000         2.1985352292      -265.4124070609
       18.2400000000         2.2010475085      -263.5141623320
       18.2450000000         2.2035715899      -250.2264492300
       18.2500000000         2.2061073739      -267.3106517897
       18.2550000000         2.2086547602      -246.4299597723
       18.2600000000         2.2112136483      -265.4124070609
       18.2650000000         2.2137839372      -240.7352255858
       18.2700000000         2.2163655254      -252.1246939589
       18.2750000000         2.2189583111      -252.1246939589
       18.2800000000         2.2215621918      -254.0229386877
       18.2850000000         2.2241770647      -242.6334703146
       18.2900000000         2.2268028266      -240.7352255858
       18.2950000000         2.2294393739      -240.7352255858
       18.3000000000         2.2320866025      -235.0404913992
       18.3050000000         2.2347444078      -257.8194281455
       18.3100000000         2.2374126850      -236.9387361281
       18.3150000000         2.2400913287      -250.2264492300
       18.3200000000         2.2427802331      -235.0404913992
       18.3250000000         2.2454792921      -246.4299597723
       18.3300000000         2.2481883992      -252.1246939589
       18.3350000000         2.2509074473      -236.9387361281
       18.3400000000         2.2536363292      -236.9387361281
       18.3450000000         2.2563749371      -252.1246939589
       18.3500000000         2.2591231629      -225.5492677549
       18.3550000000         2.2618808982      -244.5317150435
       18.3600000000         2.2646480339      -233.1422466704
       18.3650000000         2.2674244610      -233.1422466704
       18.3700000000         2.2702100697      -242.6334703146
       18.3750000000         2.2730047501      -216.0580441107
       18.3800000000         2.2758083920      -244.5317150435
       18.3850000000         2.2786208845      -221.7527782972
       18.3900000000         2.2814421167      -225.5492677549
       18.3950000000         2.2842719772      -227.4475124838
       18.4000000000         2.2871103542      -217.9562888395
       18.4050000000         2.2899571358      -233.1422466704
       18.4100000000         2.2928122095      -212.2615546530
       18.4150000000         2.2956754626      -225.5492677549
       18.4200000000         2.2985467821      -225.5492677549
       18.4250000000         2.3014260547      -212.2615546530
       18.4300000000         2.3043131666      -225.5492677549
       18.4350000000         2.3072080039      -208.4650651953
       18.4400000000         2.3101104522      -216.0580441107
       18.4450000000         2.3130203971      -217.9562888395
       18.4500000000         2.3159377237      -217.9562888395
       18.4550000000         2.3188623166      -212.2615546530
       18.4600000000         2.3217940606      -204.6685757375
       18.4650000000         2.3247328399      -202.7703310087
       18.4700000000         2.3276785384      -214.1597993818
       18.4750000000         2.3306310399      -214.1597993818
       18.4800000000         2.3335902277      -208.4650651953
       18.4850000000         2.3365559852      -193.2791073644
       18.4900000000         2.3395281951      -195.1773520933
       18.4950000000         2.3425067402      -191.3808626356
       18.5000000000         2.3454915028      -200.8720862798
       18.5050000000         2.3484823652      -202.7703310087
       18.5100000000         2.3514792092      -193.2791073644
       18.5150000000         2.3544819166      -189.4826179067
       18.5200000000         2.3574903688      -195.1773520933
       18.5250000000         2.3605044470      -187.5843731779
       18.5300000000         2.3635240322      -187.5843731779
       18.5350000000         2.3665490053      -187.5843731779
       18.5400000000         2.3695792469      -183.7878837202
       18.5450000000         2.3726146372      -189.4826179067
       18.5500000000         2.3756550564      -189.4826179067
       18.5550000000         2.3787003846      -189.4826179067
       18.5600000000         2.3817505015      -187.5843731779
       18.5650000000         2.3848052867      -183.7878837202
       18.5700000000         2.3878646195      -191.3808626356
       18.5750000000         2.3909283793      -174.2966600759
       18.5800000000         2.3939964450      -187.5843731779
       18.5850000000         2.3970686956      -174.2966600759
       18.5900000000         2.4001450097      -179.9913942624
       18.5950000000         2.4032252660      -172.3984153470
       18.6000000000         2.4063093427      -174.2966600759
       18.6050000000         2.4093971182      -176.1949048047
       18.6100000000         2.4124884705      -172.3984153470
       18.6150000000         2.4155832776      -189.4826179067
       18.6200000000         2.4186814174      -170.5001706182
       18.6250000000         2.4217827675      -176.1949048047
       18.6300000000         2.4248872054      -166.7036811605
       18.6350000000         2.4279946087      -176.1949048047
       18.6400000000         2.4311048547      -162.9071917028
       18.6450000000         2.4342178205      -159.1107022450
       18.6500000000         2.4373333832      -176.1949048047
       18.6550000000         2.4404514200      -164.8054364316
       18.6600000000         2.4435718076      -178.0931495336
       18.6650000000         2.4466944229      -155.3142127873
       18.6700000000         2.4498191426      -166.7036811605
       18.6750000000         2.4529458433      -155.3142127873
       18.6800000000         2.4560744017      -151.5177233296
       18.6850000000         2.4592046942      -157.2124575162
       18.6900000000         2.4623365972      -157.2124575162
       18.6950000000         2.4654699871      -147.7212338719
       18.7000000000         2.4686047402      -142.0264996854
       18.7050000000         2.4717407328      -143.9247444142
       18.7100000000         2.4748778409      -123.0440523968
       18.7150000000         2.4780159408      -128.7387865834
       18.7200000000         2.4811549087      -132.5352760411
       18.7250000000         2.4842946205      -126.8405418545
       18.7300000000         2.4874349523      -123.0440523968
       18.7350000000         2.4905757801      -126.8405418545
       18.7400000000         2.4937169801      -124.9422971257
       18.7450000000         2.4968584280      -111.6545840237
       18.7500000000         2.5000000000       -92.6721367352
       18.7550000000         2.5031415720       -86.9774025486
       18.7600000000         2.5062830199       -73.6896894466
       18.7650000000         2.5094242199       -64.1984658024
       18.7700000000         2.5125650477       -64.1984658024
       18.7750000000         2.5157053795       -30.0300606830
       18.7800000000         2.5188450913        11.7313233518
       18.7850000000         2.5219840592         2.2400997075
       18.7900000000         2.5251221591        -5.3528792079
       18.7950000000         2.5282592672        -5.3528792079
       18.8000000000         2.5313952598        -5.3528792079
       18.8050000000         2.5345300129        -1.5563897502
       18.8100000000         2.5376634028        11.7313233518
       18.8150000000         2.5407953058        -5.3528792079
       18.8200000000         2.5439255983        -5.3528792079
       18.8250000000         2.5470541567        36.4085048269
       18.8300000000         2.5501808574        66.7804204886
       18.8350000000         2.5533055771        40.2049942846
       18.8400000000         2.5564281924        59.1874415732
       18.8450000000         2.5595485800        45.8997284712
       18.8500000000         2.5626666168        61.0856863020
       18.8550000000         2.5657821795        53.4927073866
       18.8600000000         2.5688951453        70.5769099463
       18.8650000000         2.5720053913        53.4927073866
       18.8700000000         2.5751127946        59.1874415732
       18.8750000000         2.5782172325        57.2891968443
       18.8800000000         2.5813185826        66.7804204886
       18.8850000000         2.5844167224        70.5769099463
       18.8900000000         2.5875115295        55.3909521154
       18.8950000000         2.5906028818        62.9839310309
       18.9000000000         2.5936906573        59.1874415732
       18.9050000000         2.5967747340        70.5769099463
       18.9100000000         2.5998549903        62.9839310309
       18.9150000000         2.6029313044        64.8821757597
       18.9200000000         2.6060035550        61.0856863020
       18.9250000000         2.6090716207        70.5769099463
       18.9300000000         2.6121353805        78.1698888617
       18.9350000000         2.6151947133        76.2716441328
       18.9400000000         2.6182494985        57.2891968443
       18.9450000000         2.6212996154        68.6786652174
       18.9500000000         2.6243449436        70.5769099463
       18.9550000000         2.6273853628        74.3733994040
       18.9600000000         2.6304207531        78.1698888617
       18.9650000000         2.6334509947        68.6786652174
       18.9700000000         2.6364759678        68.6786652174
       18.9750000000         2.6394955530        81.9663783194
       18.9800000000         2.6425096312        78.1698888617
       18.9850000000         2.6455180834        74.3733994040
       18.9900000000         2.6485207908        70.5769099463
       18.9950000000         2.6515176348        78.1698888617
       19.0000000000         2.6545084972        74.3733994040
       19.0050000000         2.6574932598        72.4751546751
       19.0100000000         2.6604718049        85.7628677771
       19.0150000000         2.6634440148        78.1698888617
       19.0200000000         2.6664097723        72.4751546751
       19.0250000000         2.6693689601        81.9663783194
       19.0300000000         2.6723214616        76.2716441328
       19.0350000000         2.6752671601        83.8646230483
       19.0400000000         2.6782059394        78.1698888617
       19.0450000000         2.6811376834        81.9663783194
       19.0500000000         2.6840622763        76.2716441328
       19.0550000000         2.6869796029        78.1698888617
       19.0600000000         2.6898895478        83.8646230483
       19.0650000000         2.6927919961        85.7628677771
       19.0700000000         2.6956868334        89.5593572348
       19.0750000000         2.6985739453        89.5593572348
       19.0800000000         2.7014532179        95.2540914214
       19.0850000000         2.7043245374       100.9488256079
       19.0900000000         2.7071877905        97.1523361502
       19.0950000000         2.7100428642        93.3558466925
       19.1000000000         2.7128896458        97.1523361502
       19.1050000000         2.7157280228       102.8470703368
       19.1100000000         2.7185578833       100.9488256079
       19.1150000000         2.7213791155        97.1523361502
       19.1200000000         2.7241916080       106.6435597945
       19.1250000000         2.7269952499       100.9488256079
       19.1300000000         2.7297899303       106.6435597945
       19.1350000000         2.7325755390       104.7453150657
       19.1400000000         2.7353519661       116.1347834388
       19.1450000000         2.7381191018       116.1347834388
       19.1500000000         2.7408768371       116.1347834388
       19.1550000000         2.7436250629       110.4400492522
       19.1600000000         2.7463636708       118.0330281676
       19.1650000000         2.7490925527       106.6435597945
       19.1700000000         2.7518116008       123.7277623542
       19.1750000000         2.7545207079       118.0330281676
       19.1800000000         2.7572197669       125.6260070830
       19.1850000000         2.7599086713       123.7277623542
       19.1900000000         2.7625873150       131.3207412696
       19.1950000000         2.7652555922       127.5242518119
       19.2000000000         2.7679133975       123.7277623542
       19.2050000000         2.7705606261       131.3207412696
       19.2100000000         2.7731971734       131.3207412696
       19.2150000000         2.7758229353       142.7102096427
       19.2200000000         2.7784378082       129.4224965408
       19.2250000000         2.7810416889       137.0154754562
       19.2300000000         2.7836344746       131.3207412696
       19.2350000000         2.7862160628       140.8119649139
       19.2400000000         2.7887863517       142.7102096427
       19.2450000000         2.7913452398       144.6084543716
       19.2500000000         2.7938926261       152.2014332870
       19.2550000000         2.7964284101       140.8119649139
       19.2600000000         2.7989524915       144.6084543716
       19.2650000000         2.8014647708       148.4049438293
       19.2700000000         2.8039651488       152.2014332870
       19.2750000000         2.8064535268       148.4049438293
       19.2800000000         2.8089298065       146.5066991004
       19.2850000000         2.8113938902       146.5066991004
       19.2900000000         2.8138456806       150.3031885581
       19.2950000000         2.8162850810       152.2014332870
       19.3000000000         2.8187119949       167.3873911178
       19.3050000000         2.8211263266       150.3031885581
       19.3100000000         2.8235279808       161.6926569313
       19.3150000000         2.8259168627       163.5909016601
       19.3200000000         2.8282928779       163.5909016601
       19.3250000000         2.8306559327       173.0821253044
       19.3300000000         2.8330059337       165.4891463890
       19.3350000000         2.8353427883       182.5733489487
       19.3400000000         2.8376664041       169.2856358467
       19.3450000000         2.8399766894       169.2856358467
       19.3500000000         2.8422735530       173.0821253044
       19.3550000000         2.8445569042       178.7768594910
       19.3600000000         2.8468266529       167.3873911178
       19.3650000000         2.8490827095       176.8786147621
       19.3700000000         2.8513249849       182.5733489487
       19.3750000000         2.8535533906       176.8786147621
       19.3800000000         2.8557678386       182.5733489487
       19.3850000000         2.8579682415       184.4715936775
       19.3900000000         2.8601545124       190.1663278641
       19.3950000000         2.8623265651       180.6751042198
       19.4000000000         2.8644843137       192.0645725929
       19.4050000000         2.8666276731       190.1663278641
       19.4100000000         2.8687565587       174.9803700332
       19.4150000000         2.8708708864       201.5557962372
       19.4200000000         2.8729705727       188.2680831352
       19.4250000000         2.8750555348       188.2680831352
       19.4300000000         2.8771256904       188.2680831352
       19.4350000000         2.8791809576       197.7593067795
       19.4400000000         2.8812212555       192.0645725929
       19.4450000000         2.8832465034       201.5557962372
       19.4500000000         2.8852566214       205.3522856949
       19.4550000000         2.8872515301       193.9628173218
       19.4600000000         2.8892311508       188.2680831352
       19.4650000000         2.8911954053       197.7593067795
       19.4700000000         2.8931442161       205.3522856949
       19.4750000000         2.8950775062       203.4540409661
       19.4800000000         2.8969951993       199.6575515084
       19.4850000000         2.8988972198       199.6575515084
       19.4900000000         2.9007834924       199.6575515084
       19.4950000000         2.9026539429       209.1487751526
       19.5000000000         2.9045084972       203.4540409661
       19.5050000000         2.9063470822       216.7417540680
       19.5100000000         2.9081696254       203.4540409661
       19.5150000000         2.9099760547       203.4540409661
       19.5200000000         2.9117662988       212.9452646103
       19.5250000000         2.9135402871       209.1487751526
       19.5300000000         2.9152979496       207.2505304238
       19.5350000000         2.9170392168       226.2329777123
       19.5400000000         2.9187640200       205.3522856949
       19.5450000000         2.9204722911       222.4364882546
       19.5500000000         2.9221639628       222.4364882546
       19.5550000000         2.9238389680       207.2505304238
       19.5600000000         2.9254972409       216.7417540680
       19.5650000000         2.9271387158       209.1487751526
       19.5700000000         2.9287633281       199.6575515084
       19.5750000000         2.9303710135       230.0294671700
       19.5800000000         2.9319617086       212.9452646103
       19.5850000000         2.9335353506       214.8435093392
       19.5900000000         2.9350918773       218.6399987969
       19.5950000000         2.9366312274       212.9452646103
       19.6000000000         2.9381533400       222.4364882546
       19.6050000000         2.9396581551       231.9277118989
       19.6100000000         2.9411456132       228.1312224412
       19.6150000000         2.9426156557       220.5382435257
       19.6200000000         2.9440682244       211.0470198815
       19.6250000000         2.9455032621       228.1312224412
       19.6300000000         2.9469207121       230.0294671700
       19.6350000000         2.9483205184       226.2329777123
       19.6400000000         2.9497026258       224.3347329835
       19.6450000000         2.9510669797       224.3347329835
       19.6500000000         2.9524135262       226.2329777123
       19.6550000000         2.9537422123       226.2329777123
       19.6600000000         2.9550529853       233.8259566277
       19.6650000000         2.9563457937       212.9452646103
       19.6700000000         2.9576205863       233.8259566277
       19.6750000000         2.9588773128       228.1312224412
       19.6800000000         2.9601159237       233.8259566277
       19.6850000000         2.9613363699       237.6224460854
       19.6900000000         2.9625386034       220.5382435257
       19.6950000000         2.9637225767       247.1136697297
       19.7000000000         2.9648882429       231.9277118989
       19.7050000000         2.9660355562       247.1136697297
       19.7100000000         2.9671644712       243.3171802720
       19.7150000000         2.9682749434       218.6399987969
       19.7200000000         2.9693669288       252.8084039163
       19.7250000000         2.9704403845       231.9277118989
       19.7300000000         2.9714952679       237.6224460854
       19.7350000000         2.9725315376       249.0119144586
       19.7400000000         2.9735491525       228.1312224412
       19.7450000000         2.9745480725       252.8084039163
       19.7500000000         2.9755282581       224.3347329835
       19.7550000000         2.9764896708       205.3522856949
       19.7600000000         2.9774322724       245.2154250008
       19.7650000000         2.9783560258       226.2329777123
       19.7700000000         2.9792608945       252.8084039163
       19.7750000000         2.9801468428       233.8259566277
       19.7800000000         2.9810138358       245.2154250008
       19.7850000000         2.9818618391       243.3171802720
       19.7900000000         2.9826908194       233.8259566277
       19.7950000000         2.9835007439       250.9101591874
       19.8000000000         2.9842915806       205.3522856949
       19.8050000000         2.9850632982       245.2154250008
       19.8100000000         2.9858158665       245.2154250008
       19.8150000000         2.9865492555       243.3171802720
       19.8200000000         2.9872634364       241.4189355431
       19.8250000000         2.9879583810       247.1136697297
       19.8300000000         2.9886340618       249.0119144586
       19.8350000000         2.9892904522       241.4189355431
       19.8400000000         2.9899275262       230.0294671700
       19.8450000000         2.9905452587       256.6048933740
       19.8500000000         2.9911436254       230.0294671700
       19.8550000000         2.9917226025       249.0119144586
       19.8600000000         2.9922821673       239.5206908143
       19.8650000000         2.9928222976       239.5206908143
       19.8700000000         2.9933429721       256.6048933740
       19.8750000000         2.9938441703       235.7242013566
       19.8800000000         2.9943258724       266.0961170182
       19.8850000000         2.9947880593       239.5206908143
       19.8900000000         2.9952307128       241.4189355431
       19.8950000000         2.9956538155       252.8084039163
       19.9000000000         2.9960573507       230.0294671700
       19.9050000000         2.9964413023       254.7066486451
       19.9100000000         2.9968056553       243.3171802720
       19.9150000000         2.9971503952       250.9101591874
       19.9200000000         2.9974755085       243.3171802720
       19.9250000000         2.9977809823       250.9101591874
       19.9300000000         2.9980668046       247.1136697297
       19.9350000000         2.9983329640       239.5206908143
       19.9400000000         2.9985794501       252.8084039163
       19.9450000000         2.9988062532       262.2996275605
       19.9500000000         2.9990133642       250.9101591874
       19.9550000000         2.9992007751       264.1978722894
       19.9600000000         2.9993684783       252.8084039163
       19.9650000000         2.9995164673       254.7066486451
       19.9700000000         2.9996447363       252.8084039163
       19.9750000000         2.9997532802       260.4013828317
       19.9800000000         2.9998420946       254.7066486451
       19.9850000000         2.9999111762       249.0119144586
       19.9900000000         2.9999605221       254.7066486451
       19.9950000000         2.9999901304       262.2996275605
